patient,model,threshold,TP,FP,TN,FN,bTP,bFP,bTN,bFN,auroc,n_seizures,n_detected,n_false_alarms,test_hours,latencies,best_epoch,fold,n_train_seconds,n_train_seq,test_recordings
chb01,none,0.9,63,6,32261,70,0,1,7,8,0.9947095556786408,2,2,5,9.0,0;4,9.0,0,1794,762,chb01_01.edf;chb01_08.edf;chb01_13.edf;chb01_15.edf;chb01_21.edf;chb01_22.edf;chb01_29.edf;chb01_34.edf;chb01_40.edf
chb01,13s causal avg,0.75,114,7,32260,19,4,4,4,4,0.9984143114161889,2,2,0,9.0,8;10,,0,1794,762,chb01_01.edf;chb01_08.edf;chb01_13.edf;chb01_15.edf;chb01_21.edf;chb01_22.edf;chb01_29.edf;chb01_34.edf;chb01_40.edf
chb01,13s non-causal avg,0.7,127,14,32253,6,4,2,6,4,0.999946871859352,2,2,1,9.0,0;3,,0,1794,762,chb01_01.edf;chb01_08.edf;chb01_13.edf;chb01_15.edf;chb01_21.edf;chb01_22.edf;chb01_29.edf;chb01_34.edf;chb01_40.edf
chb01,29s causal avg,0.8,78,6,32261,55,4,4,4,4,0.9947932091983452,2,2,0,9.0,29;26,,0,1794,762,chb01_01.edf;chb01_08.edf;chb01_13.edf;chb01_15.edf;chb01_21.edf;chb01_22.edf;chb01_29.edf;chb01_34.edf;chb01_40.edf
chb01,29s non-causal avg,0.7,118,4,32263,15,2,1,7,6,0.9998429457596637,2,2,1,9.0,6;7,,0,1794,762,chb01_01.edf;chb01_08.edf;chb01_13.edf;chb01_15.edf;chb01_21.edf;chb01_22.edf;chb01_29.edf;chb01_34.edf;chb01_40.edf
chb01,61s causal avg,0.85,37,4,32263,96,2,2,6,6,0.9906904584422597,2,1,0,9.0,56,,0,1794,762,chb01_01.edf;chb01_08.edf;chb01_13.edf;chb01_15.edf;chb01_21.edf;chb01_22.edf;chb01_29.edf;chb01_34.edf;chb01_40.edf
chb01,61s non-causal avg,0.7,100,20,32247,33,4,4,4,4,0.9996243747248929,2,2,0,9.0,20;13,,0,1794,762,chb01_01.edf;chb01_08.edf;chb01_13.edf;chb01_15.edf;chb01_21.edf;chb01_22.edf;chb01_29.edf;chb01_34.edf;chb01_40.edf
chb01,125s causal avg,0.6,27,137,32130,106,2,2,6,6,0.9841426481255668,2,1,1,9.0,66,,0,1794,762,chb01_01.edf;chb01_08.edf;chb01_13.edf;chb01_15.edf;chb01_21.edf;chb01_22.edf;chb01_29.edf;chb01_34.edf;chb01_40.edf
chb01,125s non-causal avg,0.7,68,3,32264,65,2,2,6,6,0.9991737176020287,2,1,0,9.0,25,,0,1794,762,chb01_01.edf;chb01_08.edf;chb01_13.edf;chb01_15.edf;chb01_21.edf;chb01_22.edf;chb01_29.edf;chb01_34.edf;chb01_40.edf
chb01,13s causal,0.65,108,9,32258,25,4,2,6,4,0.9996821632287556,2,2,3,9.0,3;6,5.0,0,1794,762,chb01_01.edf;chb01_08.edf;chb01_13.edf;chb01_15.edf;chb01_21.edf;chb01_22.edf;chb01_29.edf;chb01_34.edf;chb01_40.edf
chb01,13s non-causal,0.55,124,19,32248,9,3,1,7,5,0.999905394626741,2,2,4,9.0,0;2,3.0,0,1794,762,chb01_01.edf;chb01_08.edf;chb01_13.edf;chb01_15.edf;chb01_21.edf;chb01_22.edf;chb01_29.edf;chb01_34.edf;chb01_40.edf
chb01,29s causal,0.65,114,5,32262,19,3,2,6,5,0.9994875930645406,2,2,2,9.0,3;4,17.0,0,1794,762,chb01_01.edf;chb01_08.edf;chb01_13.edf;chb01_15.edf;chb01_21.edf;chb01_22.edf;chb01_29.edf;chb01_34.edf;chb01_40.edf
chb01,29s non-causal,0.55,127,16,32251,6,3,1,7,5,0.999948736004638,2,2,4,9.0,0;2,3.0,0,1794,762,chb01_01.edf;chb01_08.edf;chb01_13.edf;chb01_15.edf;chb01_21.edf;chb01_22.edf;chb01_29.edf;chb01_34.edf;chb01_40.edf
chb01,61s causal,0.7,117,3,32264,16,3,1,7,5,0.9996840273740415,2,2,2,9.0,2;4,30.0,0,1794,762,chb01_01.edf;chb01_08.edf;chb01_13.edf;chb01_15.edf;chb01_21.edf;chb01_22.edf;chb01_29.edf;chb01_34.edf;chb01_40.edf
chb01,61s non-causal,0.55,126,15,32252,7,3,1,7,5,0.9999144823350098,2,2,2,9.0,0;2,2.0,0,1794,762,chb01_01.edf;chb01_08.edf;chb01_13.edf;chb01_15.edf;chb01_21.edf;chb01_22.edf;chb01_29.edf;chb01_34.edf;chb01_40.edf
chb01,125s causal,0.55,120,9,32258,13,4,3,5,4,0.9997317960969925,2,2,3,9.0,3;4,8.0,0,1794,762,chb01_01.edf;chb01_08.edf;chb01_13.edf;chb01_15.edf;chb01_21.edf;chb01_22.edf;chb01_29.edf;chb01_34.edf;chb01_40.edf
chb01,125s non-causal,0.6,128,20,32247,5,4,3,5,4,0.9999499010954416,2,2,3,9.0,0;1,2.0,0,1794,762,chb01_01.edf;chb01_08.edf;chb01_13.edf;chb01_15.edf;chb01_21.edf;chb01_22.edf;chb01_29.edf;chb01_34.edf;chb01_40.edf
chb01,none,0.85,36,18,32252,94,1,0,8,7,0.9836084956258493,2,2,12,9.0,7;7,3.0,1,1566,708,chb01_02.edf;chb01_03.edf;chb01_09.edf;chb01_14.edf;chb01_18.edf;chb01_23.edf;chb01_30.edf;chb01_36.edf;chb01_41.edf
chb01,13s causal avg,0.6,114,134,32136,16,4,4,4,4,0.9869397630568996,2,2,6,9.0,8;8,,1,1566,708,chb01_02.edf;chb01_03.edf;chb01_09.edf;chb01_14.edf;chb01_18.edf;chb01_23.edf;chb01_30.edf;chb01_36.edf;chb01_41.edf
chb01,13s non-causal avg,0.6,126,122,32148,4,4,4,4,4,0.9994329098233655,2,2,6,9.0,2;2,,1,1566,708,chb01_02.edf;chb01_03.edf;chb01_09.edf;chb01_14.edf;chb01_18.edf;chb01_23.edf;chb01_30.edf;chb01_36.edf;chb01_41.edf
chb01,29s causal avg,0.6,93,138,32132,37,4,4,4,4,0.9748427927820552,2,2,1,9.0,19;18,,1,1566,708,chb01_02.edf;chb01_03.edf;chb01_09.edf;chb01_14.edf;chb01_18.edf;chb01_23.edf;chb01_30.edf;chb01_36.edf;chb01_41.edf
chb01,29s non-causal avg,0.6,121,110,32160,9,4,4,4,4,0.9993873805153631,2,2,1,9.0,5;4,,1,1566,708,chb01_02.edf;chb01_03.edf;chb01_09.edf;chb01_14.edf;chb01_18.edf;chb01_23.edf;chb01_30.edf;chb01_36.edf;chb01_41.edf
chb01,61s causal avg,0.6,56,146,32124,74,2,2,6,6,0.9550029796667541,2,1,2,9.0,34,,1,1566,708,chb01_02.edf;chb01_03.edf;chb01_09.edf;chb01_14.edf;chb01_18.edf;chb01_23.edf;chb01_30.edf;chb01_36.edf;chb01_41.edf
chb01,61s non-causal avg,0.6,114,88,32182,16,4,4,4,4,0.9992012109365688,2,2,1,9.0,12;4,,1,1566,708,chb01_02.edf;chb01_03.edf;chb01_09.edf;chb01_14.edf;chb01_18.edf;chb01_23.edf;chb01_30.edf;chb01_36.edf;chb01_41.edf
chb01,125s causal avg,0.5,51,356,31914,79,2,2,6,6,0.921133941979929,2,1,3,9.0,39,,1,1566,708,chb01_02.edf;chb01_03.edf;chb01_09.edf;chb01_14.edf;chb01_18.edf;chb01_23.edf;chb01_30.edf;chb01_36.edf;chb01_41.edf
chb01,125s non-causal avg,0.55,90,103,32167,40,4,4,4,4,0.9979683440204048,2,1,0,9.0,0,,1,1566,708,chb01_02.edf;chb01_03.edf;chb01_09.edf;chb01_14.edf;chb01_18.edf;chb01_23.edf;chb01_30.edf;chb01_36.edf;chb01_41.edf
chb01,13s causal,0.55,114,81,32189,16,4,4,4,4,0.9951784224452337,2,2,6,9.0,6;6,3.0,1,1566,708,chb01_02.edf;chb01_03.edf;chb01_09.edf;chb01_14.edf;chb01_18.edf;chb01_23.edf;chb01_30.edf;chb01_36.edf;chb01_41.edf
chb01,13s non-causal,0.5,114,74,32196,16,4,2,6,4,0.9991451932015922,2,2,6,9.0,3;4,3.0,1,1566,708,chb01_02.edf;chb01_03.edf;chb01_09.edf;chb01_14.edf;chb01_18.edf;chb01_23.edf;chb01_30.edf;chb01_36.edf;chb01_41.edf
chb01,29s causal,0.5,112,76,32194,18,4,4,4,4,0.9932347262282186,2,2,4,9.0,7;8,3.0,1,1566,708,chb01_02.edf;chb01_03.edf;chb01_09.edf;chb01_14.edf;chb01_18.edf;chb01_23.edf;chb01_30.edf;chb01_36.edf;chb01_41.edf
chb01,29s non-causal,0.2,130,84,32186,0,8,5,3,0,0.9997203880717981,2,2,4,9.0,0;0,21.0,1,1566,708,chb01_02.edf;chb01_03.edf;chb01_09.edf;chb01_14.edf;chb01_18.edf;chb01_23.edf;chb01_30.edf;chb01_36.edf;chb01_41.edf
chb01,61s causal,0.6,113,71,32199,17,4,4,4,4,0.9960904388453196,2,2,4,9.0,7;7,5.0,1,1566,708,chb01_02.edf;chb01_03.edf;chb01_09.edf;chb01_14.edf;chb01_18.edf;chb01_23.edf;chb01_30.edf;chb01_36.edf;chb01_41.edf
chb01,61s non-causal,0.2,130,77,32193,0,8,6,2,0,0.999805248980954,2,2,4,9.0,0;0,32.0,1,1566,708,chb01_02.edf;chb01_03.edf;chb01_09.edf;chb01_14.edf;chb01_18.edf;chb01_23.edf;chb01_30.edf;chb01_36.edf;chb01_41.edf
chb01,125s causal,0.45,116,87,32183,14,4,4,4,4,0.9952833067149769,2,2,6,9.0,7;7,3.0,1,1566,708,chb01_02.edf;chb01_03.edf;chb01_09.edf;chb01_14.edf;chb01_18.edf;chb01_23.edf;chb01_30.edf;chb01_36.edf;chb01_41.edf
chb01,125s non-causal,0.25,130,64,32206,0,8,5,3,0,0.9997949989273199,2,2,2,9.0,0;0,14.0,1,1566,708,chb01_02.edf;chb01_03.edf;chb01_09.edf;chb01_14.edf;chb01_18.edf;chb01_23.edf;chb01_30.edf;chb01_36.edf;chb01_41.edf
chb01,none,0.95,7,4,28745,44,0,0,4,4,0.9840881080944673,1,1,4,8.0,6,26.0,2,2124,948,chb01_05.edf;chb01_10.edf;chb01_16.edf;chb01_17.edf;chb01_24.edf;chb01_31.edf;chb01_37.edf;chb01_42.edf
chb01,13s causal avg,0.8,24,0,28749,27,2,0,4,2,0.9998472240125658,1,1,0,8.0,12,,2,2124,948,chb01_05.edf;chb01_10.edf;chb01_16.edf;chb01_17.edf;chb01_24.edf;chb01_31.edf;chb01_37.edf;chb01_42.edf
chb01,13s non-causal avg,0.8,24,0,28749,27,0,0,4,4,0.9999986359286837,1,1,0,8.0,6,,2,2124,948,chb01_05.edf;chb01_10.edf;chb01_16.edf;chb01_17.edf;chb01_24.edf;chb01_31.edf;chb01_37.edf;chb01_42.edf
chb01,29s causal avg,0.7,28,13,28736,23,2,2,2,2,0.9992879547728514,1,1,0,8.0,23,,2,2124,948,chb01_05.edf;chb01_10.edf;chb01_16.edf;chb01_17.edf;chb01_24.edf;chb01_31.edf;chb01_37.edf;chb01_42.edf
chb01,29s non-causal avg,0.75,32,0,28749,19,0,0,4,4,0.9999815850372289,1,1,0,8.0,12,,2,2124,948,chb01_05.edf;chb01_10.edf;chb01_16.edf;chb01_17.edf;chb01_24.edf;chb01_31.edf;chb01_37.edf;chb01_42.edf
chb01,61s causal avg,0.9,0,0,28749,51,0,0,4,4,0.995845038770317,1,0,0,8.0,,,2,2124,948,chb01_05.edf;chb01_10.edf;chb01_16.edf;chb01_17.edf;chb01_24.edf;chb01_31.edf;chb01_37.edf;chb01_42.edf
chb01,61s non-causal avg,0.7,37,0,28749,14,0,0,4,4,0.9999590778605087,1,1,0,8.0,11,,2,2124,948,chb01_05.edf;chb01_10.edf;chb01_16.edf;chb01_17.edf;chb01_24.edf;chb01_31.edf;chb01_37.edf;chb01_42.edf
chb01,125s causal avg,0.6,0,17,28732,51,0,0,4,4,0.9900115877858326,1,0,1,8.0,,,2,2124,948,chb01_05.edf;chb01_10.edf;chb01_16.edf;chb01_17.edf;chb01_24.edf;chb01_31.edf;chb01_37.edf;chb01_42.edf
chb01,125s non-causal avg,0.45,51,66,28683,0,4,4,0,0,0.9996201061383891,1,1,0,8.0,0,,2,2124,948,chb01_05.edf;chb01_10.edf;chb01_16.edf;chb01_17.edf;chb01_24.edf;chb01_31.edf;chb01_37.edf;chb01_42.edf
chb01,13s causal,0.65,22,4,28745,29,1,0,4,3,0.9877479114363057,1,1,2,8.0,1,22.0,2,2124,948,chb01_05.edf;chb01_10.edf;chb01_16.edf;chb01_17.edf;chb01_24.edf;chb01_31.edf;chb01_37.edf;chb01_42.edf
chb01,13s non-causal,0.6,20,0,28749,31,0,0,4,4,0.9993343331976083,1,1,0,8.0,20,45.0,2,2124,948,chb01_05.edf;chb01_10.edf;chb01_16.edf;chb01_17.edf;chb01_24.edf;chb01_31.edf;chb01_37.edf;chb01_42.edf
chb01,29s causal,0.6,19,3,28746,32,0,0,4,4,0.990175958379456,1,1,1,8.0,6,16.0,2,2124,948,chb01_05.edf;chb01_10.edf;chb01_16.edf;chb01_17.edf;chb01_24.edf;chb01_31.edf;chb01_37.edf;chb01_42.edf
chb01,29s non-causal,0.65,22,0,28749,29,0,0,4,4,0.9999017868652209,1,1,0,8.0,19,29.0,2,2124,948,chb01_05.edf;chb01_10.edf;chb01_16.edf;chb01_17.edf;chb01_24.edf;chb01_31.edf;chb01_37.edf;chb01_42.edf
chb01,61s causal,0.6,17,3,28746,34,0,0,4,4,0.9902823559421334,1,1,1,8.0,6,12.0,2,2124,948,chb01_05.edf;chb01_10.edf;chb01_16.edf;chb01_17.edf;chb01_24.edf;chb01_31.edf;chb01_37.edf;chb01_42.edf
chb01,61s non-causal,0.7,22,0,28749,29,0,0,4,4,0.9999590778605087,1,1,0,8.0,18,14.0,2,2124,948,chb01_05.edf;chb01_10.edf;chb01_16.edf;chb01_17.edf;chb01_24.edf;chb01_31.edf;chb01_37.edf;chb01_42.edf
chb01,125s causal,0.65,18,1,28748,33,0,0,4,4,0.9918571762768901,1,1,1,8.0,21,42.0,2,2124,948,chb01_05.edf;chb01_10.edf;chb01_16.edf;chb01_17.edf;chb01_24.edf;chb01_31.edf;chb01_37.edf;chb01_42.edf
chb01,125s non-causal,0.65,20,0,28749,31,0,0,4,4,0.9999815850372289,1,1,0,8.0,19,7.0,2,2124,948,chb01_05.edf;chb01_10.edf;chb01_16.edf;chb01_17.edf;chb01_24.edf;chb01_31.edf;chb01_37.edf;chb01_42.edf
chb01,none,0.9,10,4,28769,17,0,0,4,4,0.9985197027563134,1,1,4,8.0,2,10.0,3,2406,768,chb01_04.edf;chb01_06.edf;chb01_11.edf;chb01_19.edf;chb01_25.edf;chb01_32.edf;chb01_38.edf;chb01_43.edf
chb01,13s causal avg,0.8,17,6,28767,10,2,2,2,2,0.9996936428313066,1,1,0,8.0,10,,3,2406,768,chb01_04.edf;chb01_06.edf;chb01_11.edf;chb01_19.edf;chb01_25.edf;chb01_32.edf;chb01_38.edf;chb01_43.edf
chb01,13s non-causal avg,0.8,23,0,28773,4,2,0,4,2,0.9999562346901866,1,1,0,8.0,4,,3,2406,768,chb01_04.edf;chb01_06.edf;chb01_11.edf;chb01_19.edf;chb01_25.edf;chb01_32.edf;chb01_38.edf;chb01_43.edf
chb01,29s causal avg,0.85,0,4,28769,27,0,1,3,4,0.9979121372789048,1,0,1,8.0,,,3,2406,768,chb01_04.edf;chb01_06.edf;chb01_11.edf;chb01_19.edf;chb01_25.edf;chb01_32.edf;chb01_38.edf;chb01_43.edf
chb01,29s non-causal avg,0.75,22,5,28768,5,2,2,2,2,0.9999176182403514,1,1,0,8.0,5,,3,2406,768,chb01_04.edf;chb01_06.edf;chb01_11.edf;chb01_19.edf;chb01_25.edf;chb01_32.edf;chb01_38.edf;chb01_43.edf
chb01,61s causal avg,0.85,0,0,28773,27,0,0,4,4,0.9930490390296458,1,0,0,8.0,,,3,2406,768,chb01_04.edf;chb01_06.edf;chb01_11.edf;chb01_19.edf;chb01_25.edf;chb01_32.edf;chb01_38.edf;chb01_43.edf
chb01,61s non-causal avg,0.75,0,0,28773,27,0,0,4,4,0.9997837478809223,1,0,0,8.0,,,3,2406,768,chb01_04.edf;chb01_06.edf;chb01_11.edf;chb01_19.edf;chb01_25.edf;chb01_32.edf;chb01_38.edf;chb01_43.edf
chb01,125s causal avg,0.6,0,0,28773,27,0,0,4,4,0.9757656032983597,1,0,0,8.0,,,3,2406,768,chb01_04.edf;chb01_06.edf;chb01_11.edf;chb01_19.edf;chb01_25.edf;chb01_32.edf;chb01_38.edf;chb01_43.edf
chb01,125s non-causal avg,0.75,0,0,28773,27,0,0,4,4,0.9986947639955669,1,0,0,8.0,,,3,2406,768,chb01_04.edf;chb01_06.edf;chb01_11.edf;chb01_19.edf;chb01_25.edf;chb01_32.edf;chb01_38.edf;chb01_43.edf
chb01,13s causal,0.6,25,14,28759,2,2,2,2,2,0.9998995972304282,1,1,3,8.0,2,48.0,3,2406,768,chb01_04.edf;chb01_06.edf;chb01_11.edf;chb01_19.edf;chb01_25.edf;chb01_32.edf;chb01_38.edf;chb01_43.edf
chb01,13s non-causal,0.6,27,13,28760,0,4,2,2,0,0.9999703940551263,1,1,0,8.0,0,72.0,3,2406,768,chb01_04.edf;chb01_06.edf;chb01_11.edf;chb01_19.edf;chb01_25.edf;chb01_32.edf;chb01_38.edf;chb01_43.edf
chb01,29s causal,0.65,26,12,28761,1,3,2,2,1,0.9999124693803733,1,1,2,8.0,1,65.0,3,2406,768,chb01_04.edf;chb01_06.edf;chb01_11.edf;chb01_19.edf;chb01_25.edf;chb01_32.edf;chb01_38.edf;chb01_43.edf
chb01,29s non-causal,0.6,27,5,28768,0,4,2,2,0,0.9999897022800439,1,1,0,8.0,0,54.0,3,2406,768,chb01_04.edf;chb01_06.edf;chb01_11.edf;chb01_19.edf;chb01_25.edf;chb01_32.edf;chb01_38.edf;chb01_43.edf
chb01,61s causal,0.7,26,6,28767,1,3,2,2,1,0.9999485114002197,1,1,1,8.0,1,50.0,3,2406,768,chb01_04.edf;chb01_06.edf;chb01_11.edf;chb01_19.edf;chb01_25.edf;chb01_32.edf;chb01_38.edf;chb01_43.edf
chb01,61s non-causal,0.5,27,7,28766,0,4,4,0,0,0.999987127850055,1,1,0,8.0,0,39.0,3,2406,768,chb01_04.edf;chb01_06.edf;chb01_11.edf;chb01_19.edf;chb01_25.edf;chb01_32.edf;chb01_38.edf;chb01_43.edf
chb01,125s causal,0.7,25,6,28767,2,2,2,2,2,0.9999304903902965,1,1,1,8.0,2,33.0,3,2406,768,chb01_04.edf;chb01_06.edf;chb01_11.edf;chb01_19.edf;chb01_25.edf;chb01_32.edf;chb01_38.edf;chb01_43.edf
chb01,125s non-causal,0.45,27,7,28766,0,4,4,0,0,0.9999871278500548,1,1,0,8.0,0,48.0,3,2406,768,chb01_04.edf;chb01_06.edf;chb01_11.edf;chb01_19.edf;chb01_25.edf;chb01_32.edf;chb01_38.edf;chb01_43.edf
chb01,none,0.8,55,23,23464,46,1,0,4,3,0.9973606633878358,1,1,18,6.552222222222222,6,16.0,4,1008,690,chb01_07.edf;chb01_12.edf;chb01_20.edf;chb01_26.edf;chb01_27.edf;chb01_33.edf;chb01_39.edf;chb01_46.edf
chb01,13s causal avg,0.65,90,3,23484,11,2,2,2,2,0.9974504539481922,1,1,0,6.552222222222222,11,,4,1008,690,chb01_07.edf;chb01_12.edf;chb01_20.edf;chb01_26.edf;chb01_27.edf;chb01_33.edf;chb01_39.edf;chb01_46.edf
chb01,13s non-causal avg,0.65,93,0,23487,8,0,0,4,4,0.9999296008282652,1,1,0,6.552222222222222,5,,4,1008,690,chb01_07.edf;chb01_12.edf;chb01_20.edf;chb01_26.edf;chb01_27.edf;chb01_33.edf;chb01_39.edf;chb01_46.edf
chb01,29s causal avg,0.65,75,10,23477,26,2,2,2,2,0.9940430497258437,1,1,0,6.552222222222222,26,,4,1008,690,chb01_07.edf;chb01_12.edf;chb01_20.edf;chb01_26.edf;chb01_27.edf;chb01_33.edf;chb01_39.edf;chb01_46.edf
chb01,29s non-causal avg,0.6,90,0,23487,11,0,0,4,4,0.9999696482612881,1,1,0,6.552222222222222,9,,4,1008,690,chb01_07.edf;chb01_12.edf;chb01_20.edf;chb01_26.edf;chb01_27.edf;chb01_33.edf;chb01_39.edf;chb01_46.edf
chb01,61s causal avg,0.35,76,119,23368,25,2,2,2,2,0.9877893268953923,1,1,1,6.552222222222222,25,,4,1008,690,chb01_07.edf;chb01_12.edf;chb01_20.edf;chb01_26.edf;chb01_27.edf;chb01_33.edf;chb01_39.edf;chb01_46.edf
chb01,61s non-causal avg,0.6,82,0,23487,19,0,0,4,4,0.9999085232319375,1,1,0,6.552222222222222,16,,4,1008,690,chb01_07.edf;chb01_12.edf;chb01_20.edf;chb01_26.edf;chb01_27.edf;chb01_33.edf;chb01_39.edf;chb01_46.edf
chb01,125s causal avg,0.3,66,221,23266,35,2,2,2,2,0.984982212616459,1,1,0,6.552222222222222,35,,4,1008,690,chb01_07.edf;chb01_12.edf;chb01_20.edf;chb01_26.edf;chb01_27.edf;chb01_33.edf;chb01_39.edf;chb01_46.edf
chb01,125s non-causal avg,0.5,88,24,23463,13,2,2,2,2,0.999742010220948,1,1,0,6.552222222222222,13,,4,1008,690,chb01_07.edf;chb01_12.edf;chb01_20.edf;chb01_26.edf;chb01_27.edf;chb01_33.edf;chb01_39.edf;chb01_46.edf
chb01,13s causal,0.55,83,2,23485,18,2,2,2,2,0.998880779634995,1,1,0,6.552222222222222,6,15.0,4,1008,690,chb01_07.edf;chb01_12.edf;chb01_20.edf;chb01_26.edf;chb01_27.edf;chb01_33.edf;chb01_39.edf;chb01_46.edf
chb01,13s non-causal,0.5,93,0,23487,8,1,0,4,3,0.9997158740015015,1,1,0,6.552222222222222,5,4.0,4,1008,690,chb01_07.edf;chb01_12.edf;chb01_20.edf;chb01_26.edf;chb01_27.edf;chb01_33.edf;chb01_39.edf;chb01_46.edf
chb01,29s causal,0.55,81,2,23485,20,2,2,2,2,0.9990548805806625,1,1,0,6.552222222222222,6,19.0,4,1008,690,chb01_07.edf;chb01_12.edf;chb01_20.edf;chb01_26.edf;chb01_27.edf;chb01_33.edf;chb01_39.edf;chb01_46.edf
chb01,29s non-causal,0.4,97,0,23487,4,0,0,4,4,0.9999949413768814,1,1,0,6.552222222222222,2,19.0,4,1008,690,chb01_07.edf;chb01_12.edf;chb01_20.edf;chb01_26.edf;chb01_27.edf;chb01_33.edf;chb01_39.edf;chb01_46.edf
chb01,61s causal,0.45,87,3,23484,14,2,1,3,2,0.9985376363667787,1,1,1,6.552222222222222,5,7.0,4,1008,690,chb01_07.edf;chb01_12.edf;chb01_20.edf;chb01_26.edf;chb01_27.edf;chb01_33.edf;chb01_39.edf;chb01_46.edf
chb01,61s non-causal,0.3,97,1,23486,4,0,0,4,4,0.999992412065322,1,1,1,6.552222222222222,2,35.0,4,1008,690,chb01_07.edf;chb01_12.edf;chb01_20.edf;chb01_26.edf;chb01_27.edf;chb01_33.edf;chb01_39.edf;chb01_46.edf
chb01,125s causal,0.5,92,1,23486,9,2,1,3,2,0.9988204977094975,1,1,0,6.552222222222222,6,4.0,4,1008,690,chb01_07.edf;chb01_12.edf;chb01_20.edf;chb01_26.edf;chb01_27.edf;chb01_33.edf;chb01_39.edf;chb01_46.edf
chb01,125s non-causal,0.3,97,0,23487,4,0,0,4,4,0.9999962060326609,1,1,0,6.552222222222222,2,17.0,4,1008,690,chb01_07.edf;chb01_12.edf;chb01_20.edf;chb01_26.edf;chb01_27.edf;chb01_33.edf;chb01_39.edf;chb01_46.edf
chb02,none,0.45,19,3864,39255,62,0,0,4,4,0.8021941288521374,1,1,660,12.0,5,5.0,0,492,162,chb02_01.edf;chb02_04.edf;chb02_07.edf;chb02_10.edf;chb02_13.edf;chb02_16+.edf;chb02_17.edf;chb02_21.edf;chb02_24.edf;chb02_27.edf;chb02_30.edf;chb02_33.edf
chb02,13s causal avg,0.35,74,19351,23768,7,2,2,2,2,0.8378693016942202,1,1,225,12.0,7,,0,492,162,chb02_01.edf;chb02_04.edf;chb02_07.edf;chb02_10.edf;chb02_13.edf;chb02_16+.edf;chb02_17.edf;chb02_21.edf;chb02_24.edf;chb02_27.edf;chb02_30.edf;chb02_33.edf
chb02,13s non-causal avg,0.4,61,6650,36469,20,2,2,2,2,0.8791558474838082,1,1,253,12.0,7,,0,492,162,chb02_01.edf;chb02_04.edf;chb02_07.edf;chb02_10.edf;chb02_13.edf;chb02_16+.edf;chb02_17.edf;chb02_21.edf;chb02_24.edf;chb02_27.edf;chb02_30.edf;chb02_33.edf
chb02,29s causal avg,0.35,64,19202,23917,17,2,2,2,2,0.7735411532654821,1,1,121,12.0,17,,0,492,162,chb02_01.edf;chb02_04.edf;chb02_07.edf;chb02_10.edf;chb02_13.edf;chb02_16+.edf;chb02_17.edf;chb02_21.edf;chb02_24.edf;chb02_27.edf;chb02_30.edf;chb02_33.edf
chb02,29s non-causal avg,0.4,62,6551,36568,19,2,2,2,2,0.8728136517973946,1,1,122,12.0,16,,0,492,162,chb02_01.edf;chb02_04.edf;chb02_07.edf;chb02_10.edf;chb02_13.edf;chb02_16+.edf;chb02_17.edf;chb02_21.edf;chb02_24.edf;chb02_27.edf;chb02_30.edf;chb02_33.edf
chb02,61s causal avg,0.35,47,18955,24164,34,2,2,2,2,0.631077245601392,1,1,62,12.0,34,,0,492,162,chb02_01.edf;chb02_04.edf;chb02_07.edf;chb02_10.edf;chb02_13.edf;chb02_16+.edf;chb02_17.edf;chb02_21.edf;chb02_24.edf;chb02_27.edf;chb02_30.edf;chb02_33.edf
chb02,61s non-causal avg,0.35,77,19001,24118,4,2,2,2,2,0.8530477956639664,1,1,60,12.0,4,,0,492,162,chb02_01.edf;chb02_04.edf;chb02_07.edf;chb02_10.edf;chb02_13.edf;chb02_16+.edf;chb02_17.edf;chb02_21.edf;chb02_24.edf;chb02_27.edf;chb02_30.edf;chb02_33.edf
chb02,125s causal avg,0.35,17,18827,24292,64,2,2,2,2,0.4216439202562876,1,1,39,12.0,64,,0,492,162,chb02_01.edf;chb02_04.edf;chb02_07.edf;chb02_10.edf;chb02_13.edf;chb02_16+.edf;chb02_17.edf;chb02_21.edf;chb02_24.edf;chb02_27.edf;chb02_30.edf;chb02_33.edf
chb02,125s non-causal avg,0.4,34,6082,37037,47,2,2,2,2,0.7794512974286778,1,1,36,12.0,47,,0,492,162,chb02_01.edf;chb02_04.edf;chb02_07.edf;chb02_10.edf;chb02_13.edf;chb02_16+.edf;chb02_17.edf;chb02_21.edf;chb02_24.edf;chb02_27.edf;chb02_30.edf;chb02_33.edf
chb02,13s causal,0.2,52,6881,36238,29,1,0,4,3,0.833337914396535,1,1,392,12.0,7,8.0,0,492,162,chb02_01.edf;chb02_04.edf;chb02_07.edf;chb02_10.edf;chb02_13.edf;chb02_16+.edf;chb02_17.edf;chb02_21.edf;chb02_24.edf;chb02_27.edf;chb02_30.edf;chb02_33.edf
chb02,13s non-causal,0.25,4,1520,41599,77,0,0,4,4,0.836637997800517,1,1,251,12.0,40,8.0,0,492,162,chb02_01.edf;chb02_04.edf;chb02_07.edf;chb02_10.edf;chb02_13.edf;chb02_16+.edf;chb02_17.edf;chb02_21.edf;chb02_24.edf;chb02_27.edf;chb02_30.edf;chb02_33.edf
chb02,29s causal,0.3,0,993,42126,81,0,0,4,4,0.8109355132322578,1,0,126,12.0,,6.0,0,492,162,chb02_01.edf;chb02_04.edf;chb02_07.edf;chb02_10.edf;chb02_13.edf;chb02_16+.edf;chb02_17.edf;chb02_21.edf;chb02_24.edf;chb02_27.edf;chb02_30.edf;chb02_33.edf
chb02,29s non-causal,0.25,13,2966,40153,68,0,0,4,4,0.8280509379870065,1,1,384,12.0,5,6.0,0,492,162,chb02_01.edf;chb02_04.edf;chb02_07.edf;chb02_10.edf;chb02_13.edf;chb02_16+.edf;chb02_17.edf;chb02_21.edf;chb02_24.edf;chb02_27.edf;chb02_30.edf;chb02_33.edf
chb02,61s causal,0.2,62,11720,31399,19,2,2,2,2,0.8065322525459975,1,1,234,12.0,9,7.0,0,492,162,chb02_01.edf;chb02_04.edf;chb02_07.edf;chb02_10.edf;chb02_13.edf;chb02_16+.edf;chb02_17.edf;chb02_21.edf;chb02_24.edf;chb02_27.edf;chb02_30.edf;chb02_33.edf
chb02,61s non-causal,0.2,40,5489,37630,41,1,0,4,3,0.8490008557998693,1,1,317,12.0,5,7.0,0,492,162,chb02_01.edf;chb02_04.edf;chb02_07.edf;chb02_10.edf;chb02_13.edf;chb02_16+.edf;chb02_17.edf;chb02_21.edf;chb02_24.edf;chb02_27.edf;chb02_30.edf;chb02_33.edf
chb02,125s causal,0.2,62,12301,30818,19,2,2,2,2,0.7912379435721812,1,1,253,12.0,9,6.0,0,492,162,chb02_01.edf;chb02_04.edf;chb02_07.edf;chb02_10.edf;chb02_13.edf;chb02_16+.edf;chb02_17.edf;chb02_21.edf;chb02_24.edf;chb02_27.edf;chb02_30.edf;chb02_33.edf
chb02,125s non-causal,0.2,12,3058,40061,69,0,0,4,4,0.8388744155923357,1,1,322,12.0,40,6.0,0,492,162,chb02_01.edf;chb02_04.edf;chb02_07.edf;chb02_10.edf;chb02_13.edf;chb02_16+.edf;chb02_17.edf;chb02_21.edf;chb02_24.edf;chb02_27.edf;chb02_30.edf;chb02_33.edf
chb02,none,0.6,9,249,40228,73,0,0,4,4,0.8308545593794007,1,1,189,11.266388888888889,4,14.0,1,222,72,chb02_02.edf;chb02_05.edf;chb02_08.edf;chb02_11.edf;chb02_14.edf;chb02_16.edf;chb02_18.edf;chb02_22.edf;chb02_25.edf;chb02_28.edf;chb02_31.edf;chb02_34.edf
chb02,13s causal avg,0.55,13,0,40477,69,0,0,4,4,0.9369328682292926,1,1,0,11.266388888888889,11,,1,222,72,chb02_02.edf;chb02_05.edf;chb02_08.edf;chb02_11.edf;chb02_14.edf;chb02_16.edf;chb02_18.edf;chb02_22.edf;chb02_25.edf;chb02_28.edf;chb02_31.edf;chb02_34.edf
chb02,13s non-causal avg,0.5,21,55,40422,61,0,0,4,4,0.9631657725525546,1,1,11,11.266388888888889,3,,1,222,72,chb02_02.edf;chb02_05.edf;chb02_08.edf;chb02_11.edf;chb02_14.edf;chb02_16.edf;chb02_18.edf;chb02_22.edf;chb02_25.edf;chb02_28.edf;chb02_31.edf;chb02_34.edf
chb02,29s causal avg,0.55,4,0,40477,78,0,0,4,4,0.8955718303137524,1,1,0,11.266388888888889,28,,1,222,72,chb02_02.edf;chb02_05.edf;chb02_08.edf;chb02_11.edf;chb02_14.edf;chb02_16.edf;chb02_18.edf;chb02_22.edf;chb02_25.edf;chb02_28.edf;chb02_31.edf;chb02_34.edf
chb02,29s non-causal avg,0.5,19,14,40463,63,0,0,4,4,0.9744546285544877,1,1,1,11.266388888888889,6,,1,222,72,chb02_02.edf;chb02_05.edf;chb02_08.edf;chb02_11.edf;chb02_14.edf;chb02_16.edf;chb02_18.edf;chb02_22.edf;chb02_25.edf;chb02_28.edf;chb02_31.edf;chb02_34.edf
chb02,61s causal avg,0.5,0,0,40477,82,0,0,4,4,0.819270142574193,1,0,0,11.266388888888889,,,1,222,72,chb02_02.edf;chb02_05.edf;chb02_08.edf;chb02_11.edf;chb02_14.edf;chb02_16.edf;chb02_18.edf;chb02_22.edf;chb02_25.edf;chb02_28.edf;chb02_31.edf;chb02_34.edf
chb02,61s non-causal avg,0.5,0,0,40477,82,0,0,4,4,0.9744073267745549,1,0,0,11.266388888888889,,,1,222,72,chb02_02.edf;chb02_05.edf;chb02_08.edf;chb02_11.edf;chb02_14.edf;chb02_16.edf;chb02_18.edf;chb02_22.edf;chb02_25.edf;chb02_28.edf;chb02_31.edf;chb02_34.edf
chb02,125s causal avg,0.4,21,4528,35949,61,2,2,2,2,0.6078302824187419,1,1,45,11.266388888888889,61,,1,222,72,chb02_02.edf;chb02_05.edf;chb02_08.edf;chb02_11.edf;chb02_14.edf;chb02_16.edf;chb02_18.edf;chb02_22.edf;chb02_25.edf;chb02_28.edf;chb02_31.edf;chb02_34.edf
chb02,125s non-causal avg,0.45,0,154,40323,82,0,0,4,4,0.9610685261187172,1,0,1,11.266388888888889,,,1,222,72,chb02_02.edf;chb02_05.edf;chb02_08.edf;chb02_11.edf;chb02_14.edf;chb02_16.edf;chb02_18.edf;chb02_22.edf;chb02_25.edf;chb02_28.edf;chb02_31.edf;chb02_34.edf
chb02,13s causal,0.25,38,3982,36495,44,0,0,4,4,0.829091438257318,1,1,775,11.266388888888889,3,18.0,1,222,72,chb02_02.edf;chb02_05.edf;chb02_08.edf;chb02_11.edf;chb02_14.edf;chb02_16.edf;chb02_18.edf;chb02_22.edf;chb02_25.edf;chb02_28.edf;chb02_31.edf;chb02_34.edf
chb02,13s non-causal,0.25,39,3318,37159,43,0,0,4,4,0.8207301707624384,1,1,759,11.266388888888889,2,17.0,1,222,72,chb02_02.edf;chb02_05.edf;chb02_08.edf;chb02_11.edf;chb02_14.edf;chb02_16.edf;chb02_18.edf;chb02_22.edf;chb02_25.edf;chb02_28.edf;chb02_31.edf;chb02_34.edf
chb02,29s causal,0.25,34,1642,38835,48,0,0,4,4,0.8810596743588801,1,1,419,11.266388888888889,4,17.0,1,222,72,chb02_02.edf;chb02_05.edf;chb02_08.edf;chb02_11.edf;chb02_14.edf;chb02_16.edf;chb02_18.edf;chb02_22.edf;chb02_25.edf;chb02_28.edf;chb02_31.edf;chb02_34.edf
chb02,29s non-causal,0.25,52,4972,35505,30,1,0,4,3,0.8820284569918357,1,1,719,11.266388888888889,1,16.0,1,222,72,chb02_02.edf;chb02_05.edf;chb02_08.edf;chb02_11.edf;chb02_14.edf;chb02_16.edf;chb02_18.edf;chb02_22.edf;chb02_25.edf;chb02_28.edf;chb02_31.edf;chb02_34.edf
chb02,61s causal,0.25,41,1437,39040,41,0,0,4,4,0.9107442528337382,1,1,406,11.266388888888889,3,18.0,1,222,72,chb02_02.edf;chb02_05.edf;chb02_08.edf;chb02_11.edf;chb02_14.edf;chb02_16.edf;chb02_18.edf;chb02_22.edf;chb02_25.edf;chb02_28.edf;chb02_31.edf;chb02_34.edf
chb02,61s non-causal,0.25,62,5021,35456,20,2,0,4,2,0.913109944400825,1,1,689,11.266388888888889,0,17.0,1,222,72,chb02_02.edf;chb02_05.edf;chb02_08.edf;chb02_11.edf;chb02_14.edf;chb02_16.edf;chb02_18.edf;chb02_22.edf;chb02_25.edf;chb02_28.edf;chb02_31.edf;chb02_34.edf
chb02,125s causal,0.2,57,24415,16062,25,3,4,0,1,0.5152102338154098,1,1,15,11.266388888888889,0,2.0,1,222,72,chb02_02.edf;chb02_05.edf;chb02_08.edf;chb02_11.edf;chb02_14.edf;chb02_16.edf;chb02_18.edf;chb02_22.edf;chb02_25.edf;chb02_28.edf;chb02_31.edf;chb02_34.edf
chb02,125s non-causal,0.25,6,109,40368,76,0,0,4,4,0.8872196013755479,1,1,31,11.266388888888889,4,11.0,1,222,72,chb02_02.edf;chb02_05.edf;chb02_08.edf;chb02_11.edf;chb02_14.edf;chb02_16.edf;chb02_18.edf;chb02_22.edf;chb02_25.edf;chb02_28.edf;chb02_31.edf;chb02_34.edf
chb02,none,0.6,6,265,42926,3,3,0,4,1,0.9791520352748386,1,1,169,12.0,0,10.0,2,486,240,chb02_03.edf;chb02_06.edf;chb02_09.edf;chb02_12.edf;chb02_15.edf;chb02_19.edf;chb02_20.edf;chb02_23.edf;chb02_26.edf;chb02_29.edf;chb02_32.edf;chb02_35.edf
chb02,13s causal avg,0.55,0,0,43191,9,0,0,4,4,0.9910269371962781,1,0,0,12.0,,,2,486,240,chb02_03.edf;chb02_06.edf;chb02_09.edf;chb02_12.edf;chb02_15.edf;chb02_19.edf;chb02_20.edf;chb02_23.edf;chb02_26.edf;chb02_29.edf;chb02_32.edf;chb02_35.edf
chb02,13s non-causal avg,0.5,6,23,43168,3,2,1,3,2,0.9985336451266854,1,1,6,12.0,0,,2,486,240,chb02_03.edf;chb02_06.edf;chb02_09.edf;chb02_12.edf;chb02_15.edf;chb02_19.edf;chb02_20.edf;chb02_23.edf;chb02_26.edf;chb02_29.edf;chb02_32.edf;chb02_35.edf
chb02,29s causal avg,0.5,0,0,43191,9,0,0,4,4,0.9018082470885138,1,0,0,12.0,,,2,486,240,chb02_03.edf;chb02_06.edf;chb02_09.edf;chb02_12.edf;chb02_15.edf;chb02_19.edf;chb02_20.edf;chb02_23.edf;chb02_26.edf;chb02_29.edf;chb02_32.edf;chb02_35.edf
chb02,29s non-causal avg,0.5,0,0,43191,9,0,0,4,4,0.9781513123876117,1,0,0,12.0,,,2,486,240,chb02_03.edf;chb02_06.edf;chb02_09.edf;chb02_12.edf;chb02_15.edf;chb02_19.edf;chb02_20.edf;chb02_23.edf;chb02_26.edf;chb02_29.edf;chb02_32.edf;chb02_35.edf
chb02,61s causal avg,0.45,0,44,43147,9,0,0,4,4,0.8424260198240889,1,0,5,12.0,,,2,486,240,chb02_03.edf;chb02_06.edf;chb02_09.edf;chb02_12.edf;chb02_15.edf;chb02_19.edf;chb02_20.edf;chb02_23.edf;chb02_26.edf;chb02_29.edf;chb02_32.edf;chb02_35.edf
chb02,61s non-causal avg,0.45,0,44,43147,9,0,0,4,4,0.8525927469457372,1,0,5,12.0,,,2,486,240,chb02_03.edf;chb02_06.edf;chb02_09.edf;chb02_12.edf;chb02_15.edf;chb02_19.edf;chb02_20.edf;chb02_23.edf;chb02_26.edf;chb02_29.edf;chb02_32.edf;chb02_35.edf
chb02,125s causal avg,0.25,9,14610,28581,0,4,4,0,0,0.8340600793889674,1,1,38,12.0,0,,2,486,240,chb02_03.edf;chb02_06.edf;chb02_09.edf;chb02_12.edf;chb02_15.edf;chb02_19.edf;chb02_20.edf;chb02_23.edf;chb02_26.edf;chb02_29.edf;chb02_32.edf;chb02_35.edf
chb02,125s non-causal avg,0.45,0,0,43191,9,0,0,4,4,0.8195122955142403,1,0,0,12.0,,,2,486,240,chb02_03.edf;chb02_06.edf;chb02_09.edf;chb02_12.edf;chb02_15.edf;chb02_19.edf;chb02_20.edf;chb02_23.edf;chb02_26.edf;chb02_29.edf;chb02_32.edf;chb02_35.edf
chb02,13s causal,0.5,6,30,43161,3,1,0,4,3,0.9989221005404932,1,1,17,12.0,2,9.0,2,486,240,chb02_03.edf;chb02_06.edf;chb02_09.edf;chb02_12.edf;chb02_15.edf;chb02_19.edf;chb02_20.edf;chb02_23.edf;chb02_26.edf;chb02_29.edf;chb02_32.edf;chb02_35.edf
chb02,13s non-causal,0.45,7,90,43101,2,2,0,4,2,0.9922051661997484,1,1,38,12.0,0,9.0,2,486,240,chb02_03.edf;chb02_06.edf;chb02_09.edf;chb02_12.edf;chb02_15.edf;chb02_19.edf;chb02_20.edf;chb02_23.edf;chb02_26.edf;chb02_29.edf;chb02_32.edf;chb02_35.edf
chb02,29s causal,0.5,7,34,43157,2,2,0,4,2,0.9993259912687571,1,1,18,12.0,2,14.0,2,486,240,chb02_03.edf;chb02_06.edf;chb02_09.edf;chb02_12.edf;chb02_15.edf;chb02_19.edf;chb02_20.edf;chb02_23.edf;chb02_26.edf;chb02_29.edf;chb02_32.edf;chb02_35.edf
chb02,29s non-causal,0.4,3,42,43149,6,1,0,4,3,0.9902371636066156,1,1,25,12.0,0,7.0,2,486,240,chb02_03.edf;chb02_06.edf;chb02_09.edf;chb02_12.edf;chb02_15.edf;chb02_19.edf;chb02_20.edf;chb02_23.edf;chb02_26.edf;chb02_29.edf;chb02_32.edf;chb02_35.edf
chb02,61s causal,0.55,7,13,43178,2,2,0,4,2,0.999349144240441,1,1,10,12.0,2,9.0,2,486,240,chb02_03.edf;chb02_06.edf;chb02_09.edf;chb02_12.edf;chb02_15.edf;chb02_19.edf;chb02_20.edf;chb02_23.edf;chb02_26.edf;chb02_29.edf;chb02_32.edf;chb02_35.edf
chb02,61s non-causal,0.4,5,78,43113,4,2,0,4,2,0.9911015412161485,1,1,42,12.0,0,3.0,2,486,240,chb02_03.edf;chb02_06.edf;chb02_09.edf;chb02_12.edf;chb02_15.edf;chb02_19.edf;chb02_20.edf;chb02_23.edf;chb02_26.edf;chb02_29.edf;chb02_32.edf;chb02_35.edf
chb02,125s causal,0.55,5,11,43180,4,2,0,4,2,0.9985207823646388,1,1,8,12.0,4,9.0,2,486,240,chb02_03.edf;chb02_06.edf;chb02_09.edf;chb02_12.edf;chb02_15.edf;chb02_19.edf;chb02_20.edf;chb02_23.edf;chb02_26.edf;chb02_29.edf;chb02_32.edf;chb02_35.edf
chb02,125s non-causal,0.5,1,16,43175,8,1,0,4,3,0.9941062824302388,1,1,11,12.0,0,6.0,2,486,240,chb02_03.edf;chb02_06.edf;chb02_09.edf;chb02_12.edf;chb02_15.edf;chb02_19.edf;chb02_20.edf;chb02_23.edf;chb02_26.edf;chb02_29.edf;chb02_32.edf;chb02_35.edf
chb03,none,0.8,54,47,32237,68,3,0,8,5,0.9806862659470965,2,2,38,9.001666666666667,1;2,7.0,0,1296,582,chb03_03.edf;chb03_05.edf;chb03_10.edf;chb03_15.edf;chb03_20.edf;chb03_25.edf;chb03_30.edf;chb03_36.edf;chb03_38.edf
chb03,13s causal avg,0.55,95,15,32269,27,3,2,6,5,0.99456310896531,2,2,1,9.001666666666667,8;10,,0,1296,582,chb03_03.edf;chb03_05.edf;chb03_10.edf;chb03_15.edf;chb03_20.edf;chb03_25.edf;chb03_30.edf;chb03_36.edf;chb03_38.edf
chb03,13s non-causal avg,0.55,101,9,32275,21,2,2,6,6,0.9997356961068875,2,2,1,9.001666666666667,2;4,,0,1296,582,chb03_03.edf;chb03_05.edf;chb03_10.edf;chb03_15.edf;chb03_20.edf;chb03_25.edf;chb03_30.edf;chb03_36.edf;chb03_38.edf
chb03,29s causal avg,0.55,78,26,32258,44,4,4,4,4,0.9864087879901936,2,2,0,9.001666666666667,20;24,,0,1296,582,chb03_03.edf;chb03_05.edf;chb03_10.edf;chb03_15.edf;chb03_20.edf;chb03_25.edf;chb03_30.edf;chb03_36.edf;chb03_38.edf
chb03,29s non-causal avg,0.6,90,4,32280,32,2,2,6,6,0.9997240169723215,2,2,0,9.001666666666667,8;12,,0,1296,582,chb03_03.edf;chb03_05.edf;chb03_10.edf;chb03_15.edf;chb03_20.edf;chb03_25.edf;chb03_30.edf;chb03_36.edf;chb03_38.edf
chb03,61s causal avg,0.45,54,94,32190,68,4,4,4,4,0.9652647304354185,2,2,0,9.001666666666667,31;37,,0,1296,582,chb03_03.edf;chb03_05.edf;chb03_10.edf;chb03_15.edf;chb03_20.edf;chb03_25.edf;chb03_30.edf;chb03_36.edf;chb03_38.edf
chb03,61s non-causal avg,0.55,89,5,32279,33,2,2,6,6,0.9997674328855993,2,2,0,9.001666666666667,10;19,,0,1296,582,chb03_03.edf;chb03_05.edf;chb03_10.edf;chb03_15.edf;chb03_20.edf;chb03_25.edf;chb03_30.edf;chb03_36.edf;chb03_38.edf
chb03,125s causal avg,0.3,44,331,31953,78,4,4,4,4,0.9513353313116583,2,2,3,9.001666666666667,35;43,,0,1296,582,chb03_03.edf;chb03_05.edf;chb03_10.edf;chb03_15.edf;chb03_20.edf;chb03_25.edf;chb03_30.edf;chb03_36.edf;chb03_38.edf
chb03,125s non-causal avg,0.5,58,11,32273,64,2,2,6,6,0.9990971521192045,2,1,0,9.001666666666667,11,,0,1296,582,chb03_03.edf;chb03_05.edf;chb03_10.edf;chb03_15.edf;chb03_20.edf;chb03_25.edf;chb03_30.edf;chb03_36.edf;chb03_38.edf
chb03,13s causal,0.6,81,6,32278,41,2,1,7,6,0.9976497011157127,2,2,3,9.001666666666667,4;8,2.0,0,1296,582,chb03_03.edf;chb03_05.edf;chb03_10.edf;chb03_15.edf;chb03_20.edf;chb03_25.edf;chb03_30.edf;chb03_36.edf;chb03_38.edf
chb03,13s non-causal,0.55,90,17,32267,32,3,0,8,5,0.9985058324582445,2,2,9,9.001666666666667,1;2,2.0,0,1296,582,chb03_03.edf;chb03_05.edf;chb03_10.edf;chb03_15.edf;chb03_20.edf;chb03_25.edf;chb03_30.edf;chb03_36.edf;chb03_38.edf
chb03,29s causal,0.6,89,18,32266,33,2,2,6,6,0.9973361417420394,2,2,6,9.001666666666667,4;6,3.0,0,1296,582,chb03_03.edf;chb03_05.edf;chb03_10.edf;chb03_15.edf;chb03_20.edf;chb03_25.edf;chb03_30.edf;chb03_36.edf;chb03_38.edf
chb03,29s non-causal,0.6,96,8,32276,26,3,2,6,5,0.99935053856044,2,2,4,9.001666666666667,1;2,3.0,0,1296,582,chb03_03.edf;chb03_05.edf;chb03_10.edf;chb03_15.edf;chb03_20.edf;chb03_25.edf;chb03_30.edf;chb03_36.edf;chb03_38.edf
chb03,61s causal,0.65,84,12,32272,38,2,1,7,6,0.9975425577507815,2,2,6,9.001666666666667,2;4,5.0,0,1296,582,chb03_03.edf;chb03_05.edf;chb03_10.edf;chb03_15.edf;chb03_20.edf;chb03_25.edf;chb03_30.edf;chb03_36.edf;chb03_38.edf
chb03,61s non-causal,0.55,96,2,32282,26,4,1,7,4,0.9995269950500782,2,2,1,9.001666666666667,0;2,3.0,0,1296,582,chb03_03.edf;chb03_05.edf;chb03_10.edf;chb03_15.edf;chb03_20.edf;chb03_25.edf;chb03_30.edf;chb03_36.edf;chb03_38.edf
chb03,125s causal,0.65,93,19,32265,29,2,0,8,6,0.9940997519961164,2,2,8,9.001666666666667,2;3,8.0,0,1296,582,chb03_03.edf;chb03_05.edf;chb03_10.edf;chb03_15.edf;chb03_20.edf;chb03_25.edf;chb03_30.edf;chb03_36.edf;chb03_38.edf
chb03,125s non-causal,0.5,107,10,32274,15,6,3,5,2,0.998855952600994,2,2,4,9.001666666666667,0;0,21.0,0,1296,582,chb03_03.edf;chb03_05.edf;chb03_10.edf;chb03_15.edf;chb03_20.edf;chb03_25.edf;chb03_30.edf;chb03_36.edf;chb03_38.edf
chb03,none,0.85,57,11,28672,60,2,1,7,6,0.9904917025511106,2,2,7,8.0,10;4,8.0,1,1428,570,chb03_02.edf;chb03_04.edf;chb03_06.edf;chb03_11.edf;chb03_16.edf;chb03_21.edf;chb03_26.edf;chb03_31.edf
chb03,13s causal avg,0.55,99,44,28639,18,4,4,4,4,0.9758765950586891,2,2,2,8.0,11;7,,1,1428,570,chb03_02.edf;chb03_04.edf;chb03_06.edf;chb03_11.edf;chb03_16.edf;chb03_21.edf;chb03_26.edf;chb03_31.edf
chb03,13s non-causal avg,0.55,111,30,28653,6,5,4,4,3,0.9993590414048524,2,2,1,8.0,5;1,,1,1428,570,chb03_02.edf;chb03_04.edf;chb03_06.edf;chb03_11.edf;chb03_16.edf;chb03_21.edf;chb03_26.edf;chb03_31.edf
chb03,29s causal avg,0.65,69,38,28645,48,4,4,4,4,0.9583260700298667,2,2,0,8.0,25;23,,1,1428,570,chb03_02.edf;chb03_04.edf;chb03_06.edf;chb03_11.edf;chb03_16.edf;chb03_21.edf;chb03_26.edf;chb03_31.edf
chb03,29s non-causal avg,0.7,90,5,28678,27,3,4,4,5,0.9997121496964609,2,2,0,8.0,14;12,,1,1428,570,chb03_02.edf;chb03_04.edf;chb03_06.edf;chb03_11.edf;chb03_16.edf;chb03_21.edf;chb03_26.edf;chb03_31.edf
chb03,61s causal avg,0.45,53,116,28567,64,4,4,4,4,0.9250570113450566,2,2,1,8.0,33;31,,1,1428,570,chb03_02.edf;chb03_04.edf;chb03_06.edf;chb03_11.edf;chb03_16.edf;chb03_21.edf;chb03_26.edf;chb03_31.edf
chb03,61s non-causal avg,0.55,97,28,28655,20,4,4,4,4,0.9996489775801564,2,2,0,8.0,11;9,,1,1428,570,chb03_02.edf;chb03_04.edf;chb03_06.edf;chb03_11.edf;chb03_16.edf;chb03_21.edf;chb03_26.edf;chb03_31.edf
chb03,125s causal avg,0.4,14,222,28461,103,2,2,6,6,0.9024956263738818,2,1,2,8.0,51,,1,1428,570,chb03_02.edf;chb03_04.edf;chb03_06.edf;chb03_11.edf;chb03_16.edf;chb03_21.edf;chb03_26.edf;chb03_31.edf
chb03,125s non-causal avg,0.55,32,24,28659,85,2,2,6,6,0.9984802934285206,2,1,0,8.0,33,,1,1428,570,chb03_02.edf;chb03_04.edf;chb03_06.edf;chb03_11.edf;chb03_16.edf;chb03_21.edf;chb03_26.edf;chb03_31.edf
chb03,13s causal,0.6,93,8,28675,24,4,3,5,4,0.9856810862981766,2,2,1,8.0,10;6,3.0,1,1428,570,chb03_02.edf;chb03_04.edf;chb03_06.edf;chb03_11.edf;chb03_16.edf;chb03_21.edf;chb03_26.edf;chb03_31.edf
chb03,13s non-causal,0.65,88,2,28681,29,4,1,7,4,0.9978896937374085,2,2,0,8.0,10;4,3.0,1,1428,570,chb03_02.edf;chb03_04.edf;chb03_06.edf;chb03_11.edf;chb03_16.edf;chb03_21.edf;chb03_26.edf;chb03_31.edf
chb03,29s causal,0.6,98,8,28675,19,4,3,5,4,0.9857913395200291,2,2,1,8.0,10;4,4.0,1,1428,570,chb03_02.edf;chb03_04.edf;chb03_06.edf;chb03_11.edf;chb03_16.edf;chb03_21.edf;chb03_26.edf;chb03_31.edf
chb03,29s non-causal,0.65,95,1,28682,22,2,0,8,6,0.9994094003088878,2,2,0,8.0,8;2,4.0,1,1428,570,chb03_02.edf;chb03_04.edf;chb03_06.edf;chb03_11.edf;chb03_16.edf;chb03_21.edf;chb03_26.edf;chb03_31.edf
chb03,61s causal,0.6,99,11,28672,18,4,4,4,4,0.9851325020240407,2,2,0,8.0,10;6,4.0,1,1428,570,chb03_02.edf;chb03_04.edf;chb03_06.edf;chb03_11.edf;chb03_16.edf;chb03_21.edf;chb03_26.edf;chb03_31.edf
chb03,61s non-causal,0.55,102,3,28680,15,4,1,7,4,0.999227333501991,2,2,0,8.0,6;3,3.0,1,1428,570,chb03_02.edf;chb03_04.edf;chb03_06.edf;chb03_11.edf;chb03_16.edf;chb03_21.edf;chb03_26.edf;chb03_31.edf
chb03,125s causal,0.5,101,24,28659,16,4,4,4,4,0.9845678267391478,2,2,0,8.0,10;6,3.0,1,1428,570,chb03_02.edf;chb03_04.edf;chb03_06.edf;chb03_11.edf;chb03_16.edf;chb03_21.edf;chb03_26.edf;chb03_31.edf
chb03,125s non-causal,0.55,95,3,28680,22,4,1,7,4,0.9995610729843551,2,2,0,8.0,9;4,2.0,1,1428,570,chb03_02.edf;chb03_04.edf;chb03_06.edf;chb03_11.edf;chb03_16.edf;chb03_21.edf;chb03_26.edf;chb03_31.edf
chb03,none,0.75,30,122,25031,17,4,1,3,0,0.9651985169909092,1,1,65,7.0,0,3.0,2,1812,1008,chb03_07.edf;chb03_12.edf;chb03_17.edf;chb03_22.edf;chb03_27.edf;chb03_32.edf;chb03_34.edf
chb03,13s causal avg,0.7,26,49,25104,21,2,2,2,2,0.9941193935666909,1,1,1,7.0,21,,2,1812,1008,chb03_07.edf;chb03_12.edf;chb03_17.edf;chb03_22.edf;chb03_27.edf;chb03_32.edf;chb03_34.edf
chb03,13s non-causal avg,0.6,43,126,25027,4,2,2,2,2,0.9981508910150728,1,1,6,7.0,4,,2,1812,1008,chb03_07.edf;chb03_12.edf;chb03_17.edf;chb03_22.edf;chb03_27.edf;chb03_32.edf;chb03_34.edf
chb03,29s causal avg,0.7,18,49,25104,29,2,2,2,2,0.9845862470616,1,1,0,7.0,26,,2,1812,1008,chb03_07.edf;chb03_12.edf;chb03_17.edf;chb03_22.edf;chb03_27.edf;chb03_32.edf;chb03_34.edf
chb03,29s non-causal avg,0.65,38,41,25112,9,2,2,2,2,0.9982456303592229,1,1,0,7.0,9,,2,1812,1008,chb03_07.edf;chb03_12.edf;chb03_17.edf;chb03_22.edf;chb03_27.edf;chb03_32.edf;chb03_34.edf
chb03,61s causal avg,0.5,32,423,24730,15,2,2,2,2,0.9823125028020007,1,1,11,7.0,15,,2,1812,1008,chb03_07.edf;chb03_12.edf;chb03_17.edf;chb03_22.edf;chb03_27.edf;chb03_32.edf;chb03_34.edf
chb03,61s non-causal avg,0.5,47,408,24745,0,4,4,0,0,0.9980882953769739,1,1,11,7.0,0,,2,1812,1008,chb03_07.edf;chb03_12.edf;chb03_17.edf;chb03_22.edf;chb03_27.edf;chb03_32.edf;chb03_34.edf
chb03,125s causal avg,0.4,30,2055,23098,17,2,2,2,2,0.9411254188198015,1,1,4,7.0,17,,2,1812,1008,chb03_07.edf;chb03_12.edf;chb03_17.edf;chb03_22.edf;chb03_27.edf;chb03_32.edf;chb03_34.edf
chb03,125s non-causal avg,0.5,47,180,24973,0,4,4,0,0,0.9970444708173214,1,1,1,7.0,0,,2,1812,1008,chb03_07.edf;chb03_12.edf;chb03_17.edf;chb03_22.edf;chb03_27.edf;chb03_32.edf;chb03_34.edf
chb03,13s causal,0.45,41,123,25030,6,2,2,2,2,0.9951691393353527,1,1,13,7.0,2,2.0,2,1812,1008,chb03_07.edf;chb03_12.edf;chb03_17.edf;chb03_22.edf;chb03_27.edf;chb03_32.edf;chb03_34.edf
chb03,13s non-causal,0.45,39,82,25071,8,3,2,2,1,0.9893342108001161,1,1,12,7.0,1,1.0,2,1812,1008,chb03_07.edf;chb03_12.edf;chb03_17.edf;chb03_22.edf;chb03_27.edf;chb03_32.edf;chb03_34.edf
chb03,29s causal,0.5,39,119,25034,8,2,2,2,2,0.9957917121683384,1,1,12,7.0,2,2.0,2,1812,1008,chb03_07.edf;chb03_12.edf;chb03_17.edf;chb03_22.edf;chb03_27.edf;chb03_32.edf;chb03_34.edf
chb03,29s non-causal,0.45,43,108,25045,4,4,2,2,0,0.9970131729982719,1,1,7,7.0,0,2.0,2,1812,1008,chb03_07.edf;chb03_12.edf;chb03_17.edf;chb03_22.edf;chb03_27.edf;chb03_32.edf;chb03_34.edf
chb03,61s causal,0.5,37,72,25081,10,2,2,2,2,0.9951666016743488,1,1,8,7.0,2,2.0,2,1812,1008,chb03_07.edf;chb03_12.edf;chb03_17.edf;chb03_22.edf;chb03_27.edf;chb03_32.edf;chb03_34.edf
chb03,61s non-causal,0.5,43,81,25072,4,3,2,2,1,0.9981568122240821,1,1,2,7.0,1,1.0,2,1812,1008,chb03_07.edf;chb03_12.edf;chb03_17.edf;chb03_22.edf;chb03_27.edf;chb03_32.edf;chb03_34.edf
chb03,125s causal,0.6,34,57,25096,13,2,2,2,2,0.9955607850169728,1,1,5,7.0,2,3.0,2,1812,1008,chb03_07.edf;chb03_12.edf;chb03_17.edf;chb03_22.edf;chb03_27.edf;chb03_32.edf;chb03_34.edf
chb03,125s non-causal,0.45,45,105,25048,2,4,3,1,0,0.9982075654441626,1,1,7,7.0,0,1.0,2,1812,1008,chb03_07.edf;chb03_12.edf;chb03_17.edf;chb03_22.edf;chb03_27.edf;chb03_32.edf;chb03_34.edf
chb03,none,0.85,43,35,25113,9,3,0,4,1,0.9972103608178047,1,1,17,7.0,0,9.0,3,1716,888,chb03_01.edf;chb03_08.edf;chb03_13.edf;chb03_18.edf;chb03_23.edf;chb03_28.edf;chb03_33.edf
chb03,13s causal avg,0.65,43,83,25065,9,2,2,2,2,0.98993496959538,1,1,4,7.0,9,,3,1716,888,chb03_01.edf;chb03_08.edf;chb03_13.edf;chb03_18.edf;chb03_23.edf;chb03_28.edf;chb03_33.edf
chb03,13s non-causal avg,0.65,49,77,25071,3,2,2,2,2,0.9995297072102385,1,1,4,7.0,3,,3,1716,888,chb03_01.edf;chb03_08.edf;chb03_13.edf;chb03_18.edf;chb03_23.edf;chb03_28.edf;chb03_33.edf
chb03,29s causal avg,0.75,28,21,25127,24,2,2,2,2,0.9692979102176653,1,1,0,7.0,24,,3,1716,888,chb03_01.edf;chb03_08.edf;chb03_13.edf;chb03_18.edf;chb03_23.edf;chb03_28.edf;chb03_33.edf
chb03,29s non-causal avg,0.75,42,7,25141,10,2,2,2,2,0.9989959440114522,1,1,0,7.0,10,,3,1716,888,chb03_01.edf;chb03_08.edf;chb03_13.edf;chb03_18.edf;chb03_23.edf;chb03_28.edf;chb03_33.edf
chb03,61s causal avg,0.4,26,374,24774,26,2,2,2,2,0.929323787791658,1,1,2,7.0,26,,3,1716,888,chb03_01.edf;chb03_08.edf;chb03_13.edf;chb03_18.edf;chb03_23.edf;chb03_28.edf;chb03_33.edf
chb03,61s non-causal avg,0.45,52,298,24850,0,4,3,1,0,0.998297004808457,1,1,2,7.0,0,,3,1716,888,chb03_01.edf;chb03_08.edf;chb03_13.edf;chb03_18.edf;chb03_23.edf;chb03_28.edf;chb03_33.edf
chb03,125s causal avg,0.35,11,482,24666,41,2,2,2,2,0.889792811173239,1,1,2,7.0,41,,3,1716,888,chb03_01.edf;chb03_08.edf;chb03_13.edf;chb03_18.edf;chb03_23.edf;chb03_28.edf;chb03_33.edf
chb03,125s non-causal avg,0.45,52,278,24870,0,4,4,0,0,0.9955914830358127,1,1,1,7.0,0,,3,1716,888,chb03_01.edf;chb03_08.edf;chb03_13.edf;chb03_18.edf;chb03_23.edf;chb03_28.edf;chb03_33.edf
chb03,13s causal,0.5,48,31,25117,4,2,2,2,2,0.9994432956895181,1,1,7,7.0,4,4.0,3,1716,888,chb03_01.edf;chb03_08.edf;chb03_13.edf;chb03_18.edf;chb03_23.edf;chb03_28.edf;chb03_33.edf
chb03,13s non-causal,0.55,52,57,25091,0,4,2,2,0,0.9998608239223795,1,1,7,7.0,0,18.0,3,1716,888,chb03_01.edf;chb03_08.edf;chb03_13.edf;chb03_18.edf;chb03_23.edf;chb03_28.edf;chb03_33.edf
chb03,29s causal,0.65,49,20,25128,3,2,0,4,2,0.9998355886995143,1,1,4,7.0,1,8.0,3,1716,888,chb03_01.edf;chb03_08.edf;chb03_13.edf;chb03_18.edf;chb03_23.edf;chb03_28.edf;chb03_33.edf
chb03,29s non-causal,0.45,52,55,25093,0,4,2,2,0,0.9999212355165116,1,1,5,7.0,0,21.0,3,1716,888,chb03_01.edf;chb03_08.edf;chb03_13.edf;chb03_18.edf;chb03_23.edf;chb03_28.edf;chb03_33.edf
chb03,61s causal,0.65,51,34,25114,1,3,0,4,1,0.9998677062558882,1,1,7,7.0,0,17.0,3,1716,888,chb03_01.edf;chb03_08.edf;chb03_13.edf;chb03_18.edf;chb03_23.edf;chb03_28.edf;chb03_33.edf
chb03,61s non-causal,0.65,52,22,25126,0,4,2,2,0,0.9999426472207608,1,1,2,7.0,0,21.0,3,1716,888,chb03_01.edf;chb03_08.edf;chb03_13.edf;chb03_18.edf;chb03_23.edf;chb03_28.edf;chb03_33.edf
chb03,125s causal,0.65,52,24,25124,0,4,0,4,0,0.9999694118510724,1,1,6,7.0,0,16.0,3,1716,888,chb03_01.edf;chb03_08.edf;chb03_13.edf;chb03_18.edf;chb03_23.edf;chb03_28.edf;chb03_33.edf
chb03,125s non-causal,0.6,52,27,25121,0,4,3,1,0,0.9999694118510724,1,1,4,7.0,0,20.0,3,1716,888,chb03_01.edf;chb03_08.edf;chb03_13.edf;chb03_18.edf;chb03_23.edf;chb03_28.edf;chb03_33.edf
chb03,none,0.85,21,5,25131,43,2,0,4,2,0.9961434794716741,1,1,1,7.0,1,6.0,4,1746,1110,chb03_09.edf;chb03_14.edf;chb03_19.edf;chb03_24.edf;chb03_29.edf;chb03_35.edf;chb03_37.edf
chb03,13s causal avg,0.6,54,37,25099,10,2,2,2,2,0.992718362110121,1,1,0,7.0,10,,4,1746,1110,chb03_09.edf;chb03_14.edf;chb03_19.edf;chb03_24.edf;chb03_29.edf;chb03_35.edf;chb03_37.edf
chb03,13s non-causal avg,0.6,60,31,25105,4,2,2,2,2,0.9997420283656906,1,1,0,7.0,4,,4,1746,1110,chb03_09.edf;chb03_14.edf;chb03_19.edf;chb03_24.edf;chb03_29.edf;chb03_35.edf;chb03_37.edf
chb03,29s causal avg,0.6,40,43,25093,24,2,2,2,2,0.9771915778166773,1,1,0,7.0,24,,4,1746,1110,chb03_09.edf;chb03_14.edf;chb03_19.edf;chb03_24.edf;chb03_29.edf;chb03_35.edf;chb03_37.edf
chb03,29s non-causal avg,0.65,52,15,25121,12,2,2,2,2,0.9995947048058562,1,1,0,7.0,12,,4,1746,1110,chb03_09.edf;chb03_14.edf;chb03_19.edf;chb03_24.edf;chb03_29.edf;chb03_35.edf;chb03_37.edf
chb03,61s causal avg,0.35,38,99,25037,26,2,2,2,2,0.9814471773551878,1,1,0,7.0,26,,4,1746,1110,chb03_09.edf;chb03_14.edf;chb03_19.edf;chb03_24.edf;chb03_29.edf;chb03_35.edf;chb03_37.edf
chb03,61s non-causal avg,0.6,46,30,25106,18,2,2,2,2,0.9993814896960536,1,1,0,7.0,18,,4,1746,1110,chb03_09.edf;chb03_14.edf;chb03_19.edf;chb03_24.edf;chb03_29.edf;chb03_35.edf;chb03_37.edf
chb03,125s causal avg,0.3,36,155,24981,28,2,2,2,2,0.985545507439529,1,1,0,7.0,28,,4,1746,1110,chb03_09.edf;chb03_14.edf;chb03_19.edf;chb03_24.edf;chb03_29.edf;chb03_35.edf;chb03_37.edf
chb03,125s non-causal avg,0.5,50,44,25092,14,2,2,2,2,0.9988649248090388,1,1,0,7.0,14,,4,1746,1110,chb03_09.edf;chb03_14.edf;chb03_19.edf;chb03_24.edf;chb03_29.edf;chb03_35.edf;chb03_37.edf
chb03,13s causal,0.4,51,19,25117,13,2,2,2,2,0.9976167150700191,1,1,1,7.0,4,0.0,4,1746,1110,chb03_09.edf;chb03_14.edf;chb03_19.edf;chb03_24.edf;chb03_29.edf;chb03_35.edf;chb03_37.edf
chb03,13s non-causal,0.65,52,11,25125,12,3,2,2,1,0.9996630828294081,1,1,0,7.0,1,1.0,4,1746,1110,chb03_09.edf;chb03_14.edf;chb03_19.edf;chb03_24.edf;chb03_29.edf;chb03_35.edf;chb03_37.edf
chb03,29s causal,0.6,39,15,25121,25,1,2,2,3,0.9974532294318905,1,1,0,7.0,10,1.0,4,1746,1110,chb03_09.edf;chb03_14.edf;chb03_19.edf;chb03_24.edf;chb03_29.edf;chb03_35.edf;chb03_37.edf
chb03,29s non-causal,0.55,60,27,25109,4,2,2,2,2,0.999468516271483,1,1,3,7.0,2,1.0,4,1746,1110,chb03_09.edf;chb03_14.edf;chb03_19.edf;chb03_24.edf;chb03_29.edf;chb03_35.edf;chb03_37.edf
chb03,61s causal,0.55,54,22,25114,10,2,2,2,2,0.996657557885105,1,1,0,7.0,6,1.0,4,1746,1110,chb03_09.edf;chb03_14.edf;chb03_19.edf;chb03_24.edf;chb03_29.edf;chb03_35.edf;chb03_37.edf
chb03,61s non-causal,0.65,61,17,25119,3,3,2,2,1,0.9997525958784214,1,1,0,7.0,1,1.0,4,1746,1110,chb03_09.edf;chb03_14.edf;chb03_19.edf;chb03_24.edf;chb03_29.edf;chb03_35.edf;chb03_37.edf
chb03,125s causal,0.55,60,9,25127,4,2,2,2,2,0.9992857604630809,1,1,2,7.0,3,3.0,4,1746,1110,chb03_09.edf;chb03_14.edf;chb03_19.edf;chb03_24.edf;chb03_29.edf;chb03_35.edf;chb03_37.edf
chb03,125s non-causal,0.65,59,21,25115,5,2,2,2,2,0.9996537585534693,1,1,0,7.0,2,1.0,4,1746,1110,chb03_09.edf;chb03_14.edf;chb03_19.edf;chb03_24.edf;chb03_29.edf;chb03_35.edf;chb03_37.edf
chb04,none,0.75,28,285,196448,21,0,0,4,4,0.9960544266096897,1,1,252,54.66166666666667,2,6.0,0,1278,474,chb04_01.edf;chb04_04.edf;chb04_05.edf;chb04_09.edf;chb04_12.edf;chb04_15.edf;chb04_18.edf;chb04_22.edf;chb04_25.edf;chb04_29.edf;chb04_32.edf;chb04_35.edf;chb04_38.edf;chb04_41.edf
chb04,13s causal avg,0.6,39,42,196691,10,2,2,2,2,0.994964375730621,1,1,6,54.66166666666667,10,,0,1278,474,chb04_01.edf;chb04_04.edf;chb04_05.edf;chb04_09.edf;chb04_12.edf;chb04_15.edf;chb04_18.edf;chb04_22.edf;chb04_25.edf;chb04_29.edf;chb04_32.edf;chb04_35.edf;chb04_38.edf;chb04_41.edf
chb04,13s non-causal avg,0.6,44,34,196699,5,1,0,4,3,0.9998565340344735,1,1,5,54.66166666666667,4,,0,1278,474,chb04_01.edf;chb04_04.edf;chb04_05.edf;chb04_09.edf;chb04_12.edf;chb04_15.edf;chb04_18.edf;chb04_22.edf;chb04_25.edf;chb04_29.edf;chb04_32.edf;chb04_35.edf;chb04_38.edf;chb04_41.edf
chb04,29s causal avg,0.5,36,313,196420,13,2,2,2,2,0.9846762166105787,1,1,12,54.66166666666667,13,,0,1278,474,chb04_01.edf;chb04_04.edf;chb04_05.edf;chb04_09.edf;chb04_12.edf;chb04_15.edf;chb04_18.edf;chb04_22.edf;chb04_25.edf;chb04_29.edf;chb04_32.edf;chb04_35.edf;chb04_38.edf;chb04_41.edf
chb04,29s non-causal avg,0.5,49,294,196439,0,4,3,1,0,0.9999391073595343,1,1,11,54.66166666666667,0,,0,1278,474,chb04_01.edf;chb04_04.edf;chb04_05.edf;chb04_09.edf;chb04_12.edf;chb04_15.edf;chb04_18.edf;chb04_22.edf;chb04_25.edf;chb04_29.edf;chb04_32.edf;chb04_35.edf;chb04_38.edf;chb04_41.edf
chb04,61s causal avg,0.55,12,59,196674,37,2,2,2,2,0.9585621950894391,1,1,3,54.66166666666667,37,,0,1278,474,chb04_01.edf;chb04_04.edf;chb04_05.edf;chb04_09.edf;chb04_12.edf;chb04_15.edf;chb04_18.edf;chb04_22.edf;chb04_25.edf;chb04_29.edf;chb04_32.edf;chb04_35.edf;chb04_38.edf;chb04_41.edf
chb04,61s non-causal avg,0.55,40,27,196706,9,0,0,4,4,0.9998862023397089,1,1,2,54.66166666666667,7,,0,1278,474,chb04_01.edf;chb04_04.edf;chb04_05.edf;chb04_09.edf;chb04_12.edf;chb04_15.edf;chb04_18.edf;chb04_22.edf;chb04_25.edf;chb04_29.edf;chb04_32.edf;chb04_35.edf;chb04_38.edf;chb04_41.edf
chb04,125s causal avg,0.45,0,667,196066,49,0,1,3,4,0.9495840057544064,1,0,9,54.66166666666667,,,0,1278,474,chb04_01.edf;chb04_04.edf;chb04_05.edf;chb04_09.edf;chb04_12.edf;chb04_15.edf;chb04_18.edf;chb04_22.edf;chb04_25.edf;chb04_29.edf;chb04_32.edf;chb04_35.edf;chb04_38.edf;chb04_41.edf
chb04,125s non-causal avg,0.45,36,611,196122,13,1,1,3,3,0.996989185695271,1,1,7,54.66166666666667,0,,0,1278,474,chb04_01.edf;chb04_04.edf;chb04_05.edf;chb04_09.edf;chb04_12.edf;chb04_15.edf;chb04_18.edf;chb04_22.edf;chb04_25.edf;chb04_29.edf;chb04_32.edf;chb04_35.edf;chb04_38.edf;chb04_41.edf
chb04,13s causal,0.5,43,59,196674,6,2,1,3,2,0.9968761141823109,1,1,16,54.66166666666667,6,2.0,0,1278,474,chb04_01.edf;chb04_04.edf;chb04_05.edf;chb04_09.edf;chb04_12.edf;chb04_15.edf;chb04_18.edf;chb04_22.edf;chb04_25.edf;chb04_29.edf;chb04_32.edf;chb04_35.edf;chb04_38.edf;chb04_41.edf
chb04,13s non-causal,0.5,44,95,196638,5,1,0,4,3,0.9996065318819654,1,1,43,54.66166666666667,2,2.0,0,1278,474,chb04_01.edf;chb04_04.edf;chb04_05.edf;chb04_09.edf;chb04_12.edf;chb04_15.edf;chb04_18.edf;chb04_22.edf;chb04_25.edf;chb04_29.edf;chb04_32.edf;chb04_35.edf;chb04_38.edf;chb04_41.edf
chb04,29s causal,0.55,41,124,196609,8,2,1,3,2,0.9965222729614789,1,1,21,54.66166666666667,8,3.0,0,1278,474,chb04_01.edf;chb04_04.edf;chb04_05.edf;chb04_09.edf;chb04_12.edf;chb04_15.edf;chb04_18.edf;chb04_22.edf;chb04_25.edf;chb04_29.edf;chb04_32.edf;chb04_35.edf;chb04_38.edf;chb04_41.edf
chb04,29s non-causal,0.5,47,246,196487,2,2,0,4,2,0.9997091261262935,1,1,49,54.66166666666667,2,3.0,0,1278,474,chb04_01.edf;chb04_04.edf;chb04_05.edf;chb04_09.edf;chb04_12.edf;chb04_15.edf;chb04_18.edf;chb04_22.edf;chb04_25.edf;chb04_29.edf;chb04_32.edf;chb04_35.edf;chb04_38.edf;chb04_41.edf
chb04,61s causal,0.45,40,76,196657,9,2,2,2,2,0.9969124215488577,1,1,17,54.66166666666667,8,2.0,0,1278,474,chb04_01.edf;chb04_04.edf;chb04_05.edf;chb04_09.edf;chb04_12.edf;chb04_15.edf;chb04_18.edf;chb04_22.edf;chb04_25.edf;chb04_29.edf;chb04_32.edf;chb04_35.edf;chb04_38.edf;chb04_41.edf
chb04,61s non-causal,0.4,46,175,196558,3,1,0,4,3,0.9998045626326452,1,1,45,54.66166666666667,2,2.0,0,1278,474,chb04_01.edf;chb04_04.edf;chb04_05.edf;chb04_09.edf;chb04_12.edf;chb04_15.edf;chb04_18.edf;chb04_22.edf;chb04_25.edf;chb04_29.edf;chb04_32.edf;chb04_35.edf;chb04_38.edf;chb04_41.edf
chb04,125s causal,0.6,41,153,196580,8,2,2,2,2,0.9958253789944457,1,1,17,54.66166666666667,8,3.0,0,1278,474,chb04_01.edf;chb04_04.edf;chb04_05.edf;chb04_09.edf;chb04_12.edf;chb04_15.edf;chb04_18.edf;chb04_22.edf;chb04_25.edf;chb04_29.edf;chb04_32.edf;chb04_35.edf;chb04_38.edf;chb04_41.edf
chb04,125s non-causal,0.6,46,217,196516,3,1,0,4,3,0.9997837118307139,1,1,36,54.66166666666667,2,3.0,0,1278,474,chb04_01.edf;chb04_04.edf;chb04_05.edf;chb04_09.edf;chb04_12.edf;chb04_15.edf;chb04_18.edf;chb04_22.edf;chb04_25.edf;chb04_29.edf;chb04_32.edf;chb04_35.edf;chb04_38.edf;chb04_41.edf
chb04,none,0.75,50,1399,187795,61,0,0,4,4,0.9845503452436019,1,1,874,52.584722222222226,3,6.0,1,990,312,chb04_02.edf;chb04_06.edf;chb04_08.edf;chb04_10.edf;chb04_13.edf;chb04_16.edf;chb04_19.edf;chb04_23.edf;chb04_26.edf;chb04_30.edf;chb04_33.edf;chb04_36.edf;chb04_39.edf;chb04_42.edf
chb04,13s causal avg,0.65,101,191,189003,10,2,0,4,2,0.9975003016589958,1,1,17,52.584722222222226,10,,1,990,312,chb04_02.edf;chb04_06.edf;chb04_08.edf;chb04_10.edf;chb04_13.edf;chb04_16.edf;chb04_19.edf;chb04_23.edf;chb04_26.edf;chb04_30.edf;chb04_33.edf;chb04_36.edf;chb04_39.edf;chb04_42.edf
chb04,13s non-causal avg,0.65,101,191,189003,10,0,0,4,4,0.9996127241335864,1,1,17,52.584722222222226,4,,1,990,312,chb04_02.edf;chb04_06.edf;chb04_08.edf;chb04_10.edf;chb04_13.edf;chb04_16.edf;chb04_19.edf;chb04_23.edf;chb04_26.edf;chb04_30.edf;chb04_33.edf;chb04_36.edf;chb04_39.edf;chb04_42.edf
chb04,29s causal avg,0.65,89,91,189103,22,2,0,4,2,0.9907806630059979,1,1,7,52.584722222222226,22,,1,990,312,chb04_02.edf;chb04_06.edf;chb04_08.edf;chb04_10.edf;chb04_13.edf;chb04_16.edf;chb04_19.edf;chb04_23.edf;chb04_26.edf;chb04_30.edf;chb04_33.edf;chb04_36.edf;chb04_39.edf;chb04_42.edf
chb04,29s non-causal avg,0.65,89,91,189103,22,0,0,4,4,0.9997459588408562,1,1,7,52.584722222222226,8,,1,990,312,chb04_02.edf;chb04_06.edf;chb04_08.edf;chb04_10.edf;chb04_13.edf;chb04_16.edf;chb04_19.edf;chb04_23.edf;chb04_26.edf;chb04_30.edf;chb04_33.edf;chb04_36.edf;chb04_39.edf;chb04_42.edf
chb04,61s causal avg,0.6,70,123,189071,41,2,2,2,2,0.97335386804926,1,1,3,52.584722222222226,41,,1,990,312,chb04_02.edf;chb04_06.edf;chb04_08.edf;chb04_10.edf;chb04_13.edf;chb04_16.edf;chb04_19.edf;chb04_23.edf;chb04_26.edf;chb04_30.edf;chb04_33.edf;chb04_36.edf;chb04_39.edf;chb04_42.edf
chb04,61s non-causal avg,0.6,88,105,189089,23,0,0,4,4,0.9997401018469341,1,1,3,52.584722222222226,11,,1,990,312,chb04_02.edf;chb04_06.edf;chb04_08.edf;chb04_10.edf;chb04_13.edf;chb04_16.edf;chb04_19.edf;chb04_23.edf;chb04_26.edf;chb04_30.edf;chb04_33.edf;chb04_36.edf;chb04_39.edf;chb04_42.edf
chb04,125s causal avg,0.5,49,276,188918,62,2,2,2,2,0.926376205481251,1,1,2,52.584722222222226,62,,1,990,312,chb04_02.edf;chb04_06.edf;chb04_08.edf;chb04_10.edf;chb04_13.edf;chb04_16.edf;chb04_19.edf;chb04_23.edf;chb04_26.edf;chb04_30.edf;chb04_33.edf;chb04_36.edf;chb04_39.edf;chb04_42.edf
chb04,125s non-causal avg,0.5,111,214,188980,0,4,2,2,0,0.9998032907163218,1,1,2,52.584722222222226,0,,1,990,312,chb04_02.edf;chb04_06.edf;chb04_08.edf;chb04_10.edf;chb04_13.edf;chb04_16.edf;chb04_19.edf;chb04_23.edf;chb04_26.edf;chb04_30.edf;chb04_33.edf;chb04_36.edf;chb04_39.edf;chb04_42.edf
chb04,13s causal,0.65,43,59,189135,68,0,0,4,4,0.9979346239481339,1,1,19,52.584722222222226,10,5.0,1,990,312,chb04_02.edf;chb04_06.edf;chb04_08.edf;chb04_10.edf;chb04_13.edf;chb04_16.edf;chb04_19.edf;chb04_23.edf;chb04_26.edf;chb04_30.edf;chb04_33.edf;chb04_36.edf;chb04_39.edf;chb04_42.edf
chb04,13s non-causal,0.65,50,143,189051,61,0,0,4,4,0.998169332265551,1,1,49,52.584722222222226,8,5.0,1,990,312,chb04_02.edf;chb04_06.edf;chb04_08.edf;chb04_10.edf;chb04_13.edf;chb04_16.edf;chb04_19.edf;chb04_23.edf;chb04_26.edf;chb04_30.edf;chb04_33.edf;chb04_36.edf;chb04_39.edf;chb04_42.edf
chb04,29s causal,0.55,98,240,188954,13,2,0,4,2,0.9978701017793166,1,1,46,52.584722222222226,10,6.0,1,990,312,chb04_02.edf;chb04_06.edf;chb04_08.edf;chb04_10.edf;chb04_13.edf;chb04_16.edf;chb04_19.edf;chb04_23.edf;chb04_26.edf;chb04_30.edf;chb04_33.edf;chb04_36.edf;chb04_39.edf;chb04_42.edf
chb04,29s non-causal,0.6,72,173,189021,39,0,0,4,4,0.9988013638129392,1,1,51,52.584722222222226,6,6.0,1,990,312,chb04_02.edf;chb04_06.edf;chb04_08.edf;chb04_10.edf;chb04_13.edf;chb04_16.edf;chb04_19.edf;chb04_23.edf;chb04_26.edf;chb04_30.edf;chb04_33.edf;chb04_36.edf;chb04_39.edf;chb04_42.edf
chb04,61s causal,0.6,89,120,189074,22,2,0,4,2,0.9978141508211172,1,1,16,52.584722222222226,12,6.0,1,990,312,chb04_02.edf;chb04_06.edf;chb04_08.edf;chb04_10.edf;chb04_13.edf;chb04_16.edf;chb04_19.edf;chb04_23.edf;chb04_26.edf;chb04_30.edf;chb04_33.edf;chb04_36.edf;chb04_39.edf;chb04_42.edf
chb04,61s non-causal,0.5,104,317,188877,7,0,0,4,4,0.9994522520236867,1,1,37,52.584722222222226,3,6.0,1,990,312,chb04_02.edf;chb04_06.edf;chb04_08.edf;chb04_10.edf;chb04_13.edf;chb04_16.edf;chb04_19.edf;chb04_23.edf;chb04_26.edf;chb04_30.edf;chb04_33.edf;chb04_36.edf;chb04_39.edf;chb04_42.edf
chb04,125s causal,0.6,85,127,189067,26,1,0,4,3,0.9966992744089269,1,1,15,52.584722222222226,19,5.0,1,990,312,chb04_02.edf;chb04_06.edf;chb04_08.edf;chb04_10.edf;chb04_13.edf;chb04_16.edf;chb04_19.edf;chb04_23.edf;chb04_26.edf;chb04_30.edf;chb04_33.edf;chb04_36.edf;chb04_39.edf;chb04_42.edf
chb04,125s non-causal,0.55,103,273,188921,8,0,0,4,4,0.9994952509302859,1,1,22,52.584722222222226,3,5.0,1,990,312,chb04_02.edf;chb04_06.edf;chb04_08.edf;chb04_10.edf;chb04_13.edf;chb04_16.edf;chb04_19.edf;chb04_23.edf;chb04_26.edf;chb04_30.edf;chb04_33.edf;chb04_36.edf;chb04_39.edf;chb04_42.edf
chb04,none,0.8,0,110,175419,218,0,0,8,8,0.7011121584185285,2,0,108,48.81861111111111,,20.0,2,294,216,chb04_03.edf;chb04_07.edf;chb04_11.edf;chb04_14.edf;chb04_17.edf;chb04_21.edf;chb04_24.edf;chb04_27.edf;chb04_28.edf;chb04_31.edf;chb04_34.edf;chb04_37.edf;chb04_40.edf;chb04_43.edf
chb04,13s causal avg,0.65,0,0,175529,218,0,0,8,8,0.779365034482135,2,0,0,48.81861111111111,,,2,294,216,chb04_03.edf;chb04_07.edf;chb04_11.edf;chb04_14.edf;chb04_17.edf;chb04_21.edf;chb04_24.edf;chb04_27.edf;chb04_28.edf;chb04_31.edf;chb04_34.edf;chb04_37.edf;chb04_40.edf;chb04_43.edf
chb04,13s non-causal avg,0.65,0,0,175529,218,0,0,8,8,0.7803914729895648,2,0,0,48.81861111111111,,,2,294,216,chb04_03.edf;chb04_07.edf;chb04_11.edf;chb04_14.edf;chb04_17.edf;chb04_21.edf;chb04_24.edf;chb04_27.edf;chb04_28.edf;chb04_31.edf;chb04_34.edf;chb04_37.edf;chb04_40.edf;chb04_43.edf
chb04,29s causal avg,0.6,0,0,175529,218,0,0,8,8,0.8342849434273674,2,0,0,48.81861111111111,,,2,294,216,chb04_03.edf;chb04_07.edf;chb04_11.edf;chb04_14.edf;chb04_17.edf;chb04_21.edf;chb04_24.edf;chb04_27.edf;chb04_28.edf;chb04_31.edf;chb04_34.edf;chb04_37.edf;chb04_40.edf;chb04_43.edf
chb04,29s non-causal avg,0.6,0,0,175529,218,0,0,8,8,0.8218706221784832,2,0,0,48.81861111111111,,,2,294,216,chb04_03.edf;chb04_07.edf;chb04_11.edf;chb04_14.edf;chb04_17.edf;chb04_21.edf;chb04_24.edf;chb04_27.edf;chb04_28.edf;chb04_31.edf;chb04_34.edf;chb04_37.edf;chb04_40.edf;chb04_43.edf
chb04,61s causal avg,0.6,0,0,175529,218,0,0,8,8,0.8505571833421395,2,0,0,48.81861111111111,,,2,294,216,chb04_03.edf;chb04_07.edf;chb04_11.edf;chb04_14.edf;chb04_17.edf;chb04_21.edf;chb04_24.edf;chb04_27.edf;chb04_28.edf;chb04_31.edf;chb04_34.edf;chb04_37.edf;chb04_40.edf;chb04_43.edf
chb04,61s non-causal avg,0.6,0,0,175529,218,0,0,8,8,0.8472960713619502,2,0,0,48.81861111111111,,,2,294,216,chb04_03.edf;chb04_07.edf;chb04_11.edf;chb04_14.edf;chb04_17.edf;chb04_21.edf;chb04_24.edf;chb04_27.edf;chb04_28.edf;chb04_31.edf;chb04_34.edf;chb04_37.edf;chb04_40.edf;chb04_43.edf
chb04,125s causal avg,0.55,0,0,175529,218,0,0,8,8,0.7915672576856925,2,0,0,48.81861111111111,,,2,294,216,chb04_03.edf;chb04_07.edf;chb04_11.edf;chb04_14.edf;chb04_17.edf;chb04_21.edf;chb04_24.edf;chb04_27.edf;chb04_28.edf;chb04_31.edf;chb04_34.edf;chb04_37.edf;chb04_40.edf;chb04_43.edf
chb04,125s non-causal avg,0.55,0,0,175529,218,0,0,8,8,0.8433703497908629,2,0,0,48.81861111111111,,,2,294,216,chb04_03.edf;chb04_07.edf;chb04_11.edf;chb04_14.edf;chb04_17.edf;chb04_21.edf;chb04_24.edf;chb04_27.edf;chb04_28.edf;chb04_31.edf;chb04_34.edf;chb04_37.edf;chb04_40.edf;chb04_43.edf
chb04,13s causal,0.7,0,1,175528,218,0,0,8,8,0.7566054324591859,2,0,1,48.81861111111111,,13.0,2,294,216,chb04_03.edf;chb04_07.edf;chb04_11.edf;chb04_14.edf;chb04_17.edf;chb04_21.edf;chb04_24.edf;chb04_27.edf;chb04_28.edf;chb04_31.edf;chb04_34.edf;chb04_37.edf;chb04_40.edf;chb04_43.edf
chb04,13s non-causal,0.65,0,2,175527,218,0,0,8,8,0.7532203047971215,2,0,2,48.81861111111111,,10.0,2,294,216,chb04_03.edf;chb04_07.edf;chb04_11.edf;chb04_14.edf;chb04_17.edf;chb04_21.edf;chb04_24.edf;chb04_27.edf;chb04_28.edf;chb04_31.edf;chb04_34.edf;chb04_37.edf;chb04_40.edf;chb04_43.edf
chb04,29s causal,0.75,0,0,175529,218,0,0,8,8,0.7552789703429126,2,0,0,48.81861111111111,,15.0,2,294,216,chb04_03.edf;chb04_07.edf;chb04_11.edf;chb04_14.edf;chb04_17.edf;chb04_21.edf;chb04_24.edf;chb04_27.edf;chb04_28.edf;chb04_31.edf;chb04_34.edf;chb04_37.edf;chb04_40.edf;chb04_43.edf
chb04,29s non-causal,0.7,0,0,175529,218,0,0,8,8,0.773086216287426,2,0,0,48.81861111111111,,13.0,2,294,216,chb04_03.edf;chb04_07.edf;chb04_11.edf;chb04_14.edf;chb04_17.edf;chb04_21.edf;chb04_24.edf;chb04_27.edf;chb04_28.edf;chb04_31.edf;chb04_34.edf;chb04_37.edf;chb04_40.edf;chb04_43.edf
chb04,61s causal,0.7,0,0,175529,218,0,0,8,8,0.7401645803477102,2,0,0,48.81861111111111,,10.0,2,294,216,chb04_03.edf;chb04_07.edf;chb04_11.edf;chb04_14.edf;chb04_17.edf;chb04_21.edf;chb04_24.edf;chb04_27.edf;chb04_28.edf;chb04_31.edf;chb04_34.edf;chb04_37.edf;chb04_40.edf;chb04_43.edf
chb04,61s non-causal,0.7,0,0,175529,218,0,0,8,8,0.7729053736957969,2,0,0,48.81861111111111,,8.0,2,294,216,chb04_03.edf;chb04_07.edf;chb04_11.edf;chb04_14.edf;chb04_17.edf;chb04_21.edf;chb04_24.edf;chb04_27.edf;chb04_28.edf;chb04_31.edf;chb04_34.edf;chb04_37.edf;chb04_40.edf;chb04_43.edf
chb04,125s causal,0.7,0,0,175529,218,0,0,8,8,0.7474138202730921,2,0,0,48.81861111111111,,8.0,2,294,216,chb04_03.edf;chb04_07.edf;chb04_11.edf;chb04_14.edf;chb04_17.edf;chb04_21.edf;chb04_24.edf;chb04_27.edf;chb04_28.edf;chb04_31.edf;chb04_34.edf;chb04_37.edf;chb04_40.edf;chb04_43.edf
chb04,125s non-causal,0.75,0,0,175529,218,0,0,8,8,0.7701793806935691,2,0,0,48.81861111111111,,8.0,2,294,216,chb04_03.edf;chb04_07.edf;chb04_11.edf;chb04_14.edf;chb04_17.edf;chb04_21.edf;chb04_24.edf;chb04_27.edf;chb04_28.edf;chb04_31.edf;chb04_34.edf;chb04_37.edf;chb04_40.edf;chb04_43.edf
chb05,none,0.85,36,23,28672,79,1,0,4,3,0.9816265521186087,1,1,17,8.002777777777778,0,19.0,0,2268,786,chb05_01.edf;chb05_06.edf;chb05_07.edf;chb05_12.edf;chb05_20.edf;chb05_26.edf;chb05_31.edf;chb05_36.edf
chb05,13s causal avg,0.6,82,0,28695,33,0,0,4,4,0.9990833124995265,1,1,0,8.002777777777778,8,,0,2268,786,chb05_01.edf;chb05_06.edf;chb05_07.edf;chb05_12.edf;chb05_20.edf;chb05_26.edf;chb05_31.edf;chb05_36.edf
chb05,13s non-causal avg,0.6,82,6,28689,33,0,0,4,4,0.9997642370659938,1,1,1,8.002777777777778,2,,0,2268,786,chb05_01.edf;chb05_06.edf;chb05_07.edf;chb05_12.edf;chb05_20.edf;chb05_26.edf;chb05_31.edf;chb05_36.edf
chb05,29s causal avg,0.65,59,0,28695,56,0,0,4,4,0.9984305703917513,1,1,0,8.002777777777778,27,,0,2268,786,chb05_01.edf;chb05_06.edf;chb05_07.edf;chb05_12.edf;chb05_20.edf;chb05_26.edf;chb05_31.edf;chb05_36.edf
chb05,29s non-causal avg,0.5,102,4,28691,13,0,0,4,4,0.9999106040288794,1,1,1,8.002777777777778,4,,0,2268,786,chb05_01.edf;chb05_06.edf;chb05_07.edf;chb05_12.edf;chb05_20.edf;chb05_26.edf;chb05_31.edf;chb05_36.edf
chb05,61s causal avg,0.7,41,0,28695,74,0,0,4,4,0.9969384152670137,1,1,0,8.002777777777778,56,,0,2268,786,chb05_01.edf;chb05_06.edf;chb05_07.edf;chb05_12.edf;chb05_20.edf;chb05_26.edf;chb05_31.edf;chb05_36.edf
chb05,61s non-causal avg,0.45,98,0,28695,17,0,0,4,4,0.9999793934710637,1,1,0,8.002777777777778,5,,0,2268,786,chb05_01.edf;chb05_06.edf;chb05_07.edf;chb05_12.edf;chb05_20.edf;chb05_26.edf;chb05_31.edf;chb05_36.edf
chb05,125s causal avg,0.5,36,36,28659,79,2,2,2,2,0.9918419358015713,1,1,0,8.002777777777778,79,,0,2268,786,chb05_01.edf;chb05_06.edf;chb05_07.edf;chb05_12.edf;chb05_20.edf;chb05_26.edf;chb05_31.edf;chb05_36.edf
chb05,125s non-causal avg,0.45,93,0,28695,22,0,0,4,4,0.9999809086570149,1,1,0,8.002777777777778,6,,0,2268,786,chb05_01.edf;chb05_06.edf;chb05_07.edf;chb05_12.edf;chb05_20.edf;chb05_26.edf;chb05_31.edf;chb05_36.edf
chb05,13s causal,0.7,92,8,28687,23,0,0,4,4,0.9997796919626961,1,1,5,8.002777777777778,2,17.0,0,2268,786,chb05_01.edf;chb05_06.edf;chb05_07.edf;chb05_12.edf;chb05_20.edf;chb05_26.edf;chb05_31.edf;chb05_36.edf
chb05,13s non-causal,0.8,98,2,28693,17,2,0,4,2,0.9999584839049372,1,1,1,8.002777777777778,0,24.0,0,2268,786,chb05_01.edf;chb05_06.edf;chb05_07.edf;chb05_12.edf;chb05_20.edf;chb05_26.edf;chb05_31.edf;chb05_36.edf
chb05,29s causal,0.55,97,0,28695,18,0,0,4,4,0.9995963544626014,1,1,0,8.002777777777778,7,2.0,0,2268,786,chb05_01.edf;chb05_06.edf;chb05_07.edf;chb05_12.edf;chb05_20.edf;chb05_26.edf;chb05_31.edf;chb05_36.edf
chb05,29s non-causal,0.45,112,6,28689,3,2,1,3,2,0.9999799995454443,1,1,1,8.002777777777778,0,17.0,0,2268,786,chb05_01.edf;chb05_06.edf;chb05_07.edf;chb05_12.edf;chb05_20.edf;chb05_26.edf;chb05_31.edf;chb05_36.edf
chb05,61s causal,0.7,87,4,28691,28,0,0,4,4,0.9995981726857428,1,1,3,8.002777777777778,3,36.0,0,2268,786,chb05_01.edf;chb05_06.edf;chb05_07.edf;chb05_12.edf;chb05_20.edf;chb05_26.edf;chb05_31.edf;chb05_36.edf
chb05,61s non-causal,0.3,113,8,28687,2,2,1,3,2,0.9999781813223028,1,1,1,8.002777777777778,0,13.0,0,2268,786,chb05_01.edf;chb05_06.edf;chb05_07.edf;chb05_12.edf;chb05_20.edf;chb05_26.edf;chb05_31.edf;chb05_36.edf
chb05,125s causal,0.65,91,3,28692,24,0,0,4,4,0.999735145495731,1,1,2,8.002777777777778,3,52.0,0,2268,786,chb05_01.edf;chb05_06.edf;chb05_07.edf;chb05_12.edf;chb05_20.edf;chb05_26.edf;chb05_31.edf;chb05_36.edf
chb05,125s non-causal,0.45,113,7,28688,2,2,0,4,2,0.999982120805776,1,1,1,8.002777777777778,0,45.0,0,2268,786,chb05_01.edf;chb05_06.edf;chb05_07.edf;chb05_12.edf;chb05_20.edf;chb05_26.edf;chb05_31.edf;chb05_36.edf
chb05,none,0.65,30,30,28660,80,1,0,4,3,0.9620466427960327,1,1,20,8.0,5,1.0,1,2610,648,chb05_02.edf;chb05_08.edf;chb05_13.edf;chb05_14.edf;chb05_21.edf;chb05_27.edf;chb05_32.edf;chb05_37.edf
chb05,13s causal avg,0.5,102,114,28576,8,2,2,2,2,0.9871662600209132,1,1,11,8.0,8,,1,2610,648,chb05_02.edf;chb05_08.edf;chb05_13.edf;chb05_14.edf;chb05_21.edf;chb05_27.edf;chb05_32.edf;chb05_37.edf
chb05,13s non-causal avg,0.5,108,106,28584,2,2,2,2,2,0.9990433790677777,1,1,10,8.0,2,,1,2610,648,chb05_02.edf;chb05_08.edf;chb05_13.edf;chb05_14.edf;chb05_21.edf;chb05_27.edf;chb05_32.edf;chb05_37.edf
chb05,29s causal avg,0.55,84,39,28651,26,0,0,4,4,0.9847659938527836,1,1,3,8.0,20,,1,2610,648,chb05_02.edf;chb05_08.edf;chb05_13.edf;chb05_14.edf;chb05_21.edf;chb05_27.edf;chb05_32.edf;chb05_37.edf
chb05,29s non-causal avg,0.5,109,60,28630,1,3,2,2,1,0.999494914287525,1,1,3,8.0,1,,1,2610,648,chb05_02.edf;chb05_08.edf;chb05_13.edf;chb05_14.edf;chb05_21.edf;chb05_27.edf;chb05_32.edf;chb05_37.edf
chb05,61s causal avg,0.55,71,52,28638,39,2,2,2,2,0.9675908615608859,1,1,2,8.0,39,,1,2610,648,chb05_02.edf;chb05_08.edf;chb05_13.edf;chb05_14.edf;chb05_21.edf;chb05_27.edf;chb05_32.edf;chb05_37.edf
chb05,61s non-causal avg,0.55,101,20,28670,9,2,2,2,2,0.9998824424094553,1,1,0,8.0,9,,1,2610,648,chb05_02.edf;chb05_08.edf;chb05_13.edf;chb05_14.edf;chb05_21.edf;chb05_27.edf;chb05_32.edf;chb05_37.edf
chb05,125s causal avg,0.5,46,135,28555,64,2,2,2,2,0.9335470071928769,1,1,2,8.0,64,,1,2610,648,chb05_02.edf;chb05_08.edf;chb05_13.edf;chb05_14.edf;chb05_21.edf;chb05_27.edf;chb05_32.edf;chb05_37.edf
chb05,125s non-causal avg,0.55,76,0,28690,34,0,0,4,4,0.999723058398555,1,1,0,8.0,32,,1,2610,648,chb05_02.edf;chb05_08.edf;chb05_13.edf;chb05_14.edf;chb05_21.edf;chb05_27.edf;chb05_32.edf;chb05_37.edf
chb05,13s causal,0.55,89,32,28658,21,2,2,2,2,0.981944611679711,1,1,14,8.0,7,28.0,1,2610,648,chb05_02.edf;chb05_08.edf;chb05_13.edf;chb05_14.edf;chb05_21.edf;chb05_27.edf;chb05_32.edf;chb05_37.edf
chb05,13s non-causal,0.65,93,7,28683,17,1,0,4,3,0.9951123292880004,1,1,2,8.0,5,21.0,1,2610,648,chb05_02.edf;chb05_08.edf;chb05_13.edf;chb05_14.edf;chb05_21.edf;chb05_27.edf;chb05_32.edf;chb05_37.edf
chb05,29s causal,0.4,102,118,28572,8,2,2,2,2,0.9866152286194112,1,1,18,8.0,7,3.0,1,2610,648,chb05_02.edf;chb05_08.edf;chb05_13.edf;chb05_14.edf;chb05_21.edf;chb05_27.edf;chb05_32.edf;chb05_37.edf
chb05,29s non-causal,0.5,92,38,28652,18,2,2,2,2,0.9952498494882602,1,1,3,8.0,5,3.0,1,2610,648,chb05_02.edf;chb05_08.edf;chb05_13.edf;chb05_14.edf;chb05_21.edf;chb05_27.edf;chb05_32.edf;chb05_37.edf
chb05,61s causal,0.65,78,10,28680,32,0,0,4,4,0.9757197629836181,1,1,4,8.0,8,32.0,1,2610,648,chb05_02.edf;chb05_08.edf;chb05_13.edf;chb05_14.edf;chb05_21.edf;chb05_27.edf;chb05_32.edf;chb05_37.edf
chb05,61s non-causal,0.55,107,14,28676,3,2,2,2,2,0.9999534205773314,1,1,0,8.0,3,40.0,1,2610,648,chb05_02.edf;chb05_08.edf;chb05_13.edf;chb05_14.edf;chb05_21.edf;chb05_27.edf;chb05_32.edf;chb05_37.edf
chb05,125s causal,0.7,76,2,28688,34,0,0,4,4,0.9678988561107766,1,1,1,8.0,10,39.0,1,2610,648,chb05_02.edf;chb05_08.edf;chb05_13.edf;chb05_14.edf;chb05_21.edf;chb05_27.edf;chb05_32.edf;chb05_37.edf
chb05,125s non-causal,0.6,107,8,28682,3,2,2,2,2,0.9999651446497038,1,1,0,8.0,3,28.0,1,2610,648,chb05_02.edf;chb05_08.edf;chb05_13.edf;chb05_14.edf;chb05_21.edf;chb05_27.edf;chb05_32.edf;chb05_37.edf
chb05,none,0.9,64,7,28697,32,1,0,4,3,0.9856346240942029,1,1,6,8.0,6,16.0,2,2382,666,chb05_03.edf;chb05_09.edf;chb05_15.edf;chb05_16.edf;chb05_23.edf;chb05_28.edf;chb05_33.edf;chb05_38.edf
chb05,13s causal avg,0.75,68,0,28704,28,0,0,4,4,0.9975420818236714,1,1,0,8.0,17,,2,2382,666,chb05_03.edf;chb05_09.edf;chb05_15.edf;chb05_16.edf;chb05_23.edf;chb05_28.edf;chb05_33.edf;chb05_38.edf
chb05,13s non-causal avg,0.55,86,0,28704,10,0,0,4,4,0.9996534309968413,1,1,0,8.0,8,,2,2382,666,chb05_03.edf;chb05_09.edf;chb05_15.edf;chb05_16.edf;chb05_23.edf;chb05_28.edf;chb05_33.edf;chb05_38.edf
chb05,29s causal avg,0.8,62,0,28704,34,0,0,4,4,0.9929847901570048,1,1,0,8.0,31,,2,2382,666,chb05_03.edf;chb05_09.edf;chb05_15.edf;chb05_16.edf;chb05_23.edf;chb05_28.edf;chb05_33.edf;chb05_38.edf
chb05,29s non-causal avg,0.5,86,0,28704,10,0,0,4,4,0.9999749599358975,1,1,0,8.0,6,,2,2382,666,chb05_03.edf;chb05_09.edf;chb05_15.edf;chb05_16.edf;chb05_23.edf;chb05_28.edf;chb05_33.edf;chb05_38.edf
chb05,61s causal avg,0.8,40,4,28700,56,2,2,2,2,0.9897459123002601,1,1,0,8.0,56,,2,2382,666,chb05_03.edf;chb05_09.edf;chb05_15.edf;chb05_16.edf;chb05_23.edf;chb05_28.edf;chb05_33.edf;chb05_38.edf
chb05,61s non-causal avg,0.5,88,0,28704,8,0,0,4,4,0.9999970968041622,1,1,0,8.0,6,,2,2382,666,chb05_03.edf;chb05_09.edf;chb05_15.edf;chb05_16.edf;chb05_23.edf;chb05_28.edf;chb05_33.edf;chb05_38.edf
chb05,125s causal avg,0.5,29,62,28642,67,2,2,2,2,0.979196424424006,1,1,0,8.0,67,,2,2382,666,chb05_03.edf;chb05_09.edf;chb05_15.edf;chb05_16.edf;chb05_23.edf;chb05_28.edf;chb05_33.edf;chb05_38.edf
chb05,125s non-causal avg,0.5,91,0,28704,5,2,0,4,2,0.9999960081057229,1,1,0,8.0,5,,2,2382,666,chb05_03.edf;chb05_09.edf;chb05_15.edf;chb05_16.edf;chb05_23.edf;chb05_28.edf;chb05_33.edf;chb05_38.edf
chb05,13s causal,0.6,83,0,28704,13,2,0,4,2,0.9989232772435898,1,1,0,8.0,6,22.0,2,2382,666,chb05_03.edf;chb05_09.edf;chb05_15.edf;chb05_16.edf;chb05_23.edf;chb05_28.edf;chb05_33.edf;chb05_38.edf
chb05,13s non-causal,0.55,81,0,28704,15,1,0,4,3,0.9994139173402081,1,1,0,8.0,9,20.0,2,2382,666,chb05_03.edf;chb05_09.edf;chb05_15.edf;chb05_16.edf;chb05_23.edf;chb05_28.edf;chb05_33.edf;chb05_38.edf
chb05,29s causal,0.65,84,0,28704,12,2,0,4,2,0.9990528323578595,1,1,0,8.0,6,48.0,2,2382,666,chb05_03.edf;chb05_09.edf;chb05_15.edf;chb05_16.edf;chb05_23.edf;chb05_28.edf;chb05_33.edf;chb05_38.edf
chb05,29s non-causal,0.4,88,0,28704,8,1,0,4,3,0.9997884296033074,1,1,0,8.0,6,35.0,2,2382,666,chb05_03.edf;chb05_09.edf;chb05_15.edf;chb05_16.edf;chb05_23.edf;chb05_28.edf;chb05_33.edf;chb05_38.edf
chb05,61s causal,0.7,82,0,28704,14,2,0,4,2,0.9982831225613156,1,1,0,8.0,10,27.0,2,2382,666,chb05_03.edf;chb05_09.edf;chb05_15.edf;chb05_16.edf;chb05_23.edf;chb05_28.edf;chb05_33.edf;chb05_38.edf
chb05,61s non-causal,0.3,90,0,28704,6,2,0,4,2,0.9998704448857302,1,1,0,8.0,5,27.0,2,2382,666,chb05_03.edf;chb05_09.edf;chb05_15.edf;chb05_16.edf;chb05_23.edf;chb05_28.edf;chb05_33.edf;chb05_38.edf
chb05,125s causal,0.65,82,0,28704,14,2,0,4,2,0.9988369071674099,1,1,0,8.0,10,14.0,2,2382,666,chb05_03.edf;chb05_09.edf;chb05_15.edf;chb05_16.edf;chb05_23.edf;chb05_28.edf;chb05_33.edf;chb05_38.edf
chb05,125s non-causal,0.45,88,0,28704,8,1,0,4,3,0.9999473795754367,1,1,0,8.0,5,51.0,2,2382,666,chb05_03.edf;chb05_09.edf;chb05_15.edf;chb05_16.edf;chb05_23.edf;chb05_28.edf;chb05_33.edf;chb05_38.edf
chb05,none,0.95,60,14,28666,60,0,0,4,4,0.9858992910274291,1,1,14,8.0,12,61.0,3,2316,570,chb05_04.edf;chb05_10.edf;chb05_17.edf;chb05_18.edf;chb05_24.edf;chb05_29.edf;chb05_34.edf;chb05_39.edf
chb05,13s causal avg,0.7,89,2,28678,31,1,2,2,3,0.9994528707577871,1,1,0,8.0,16,,3,2316,570,chb05_04.edf;chb05_10.edf;chb05_17.edf;chb05_18.edf;chb05_24.edf;chb05_29.edf;chb05_34.edf;chb05_39.edf
chb05,13s non-causal avg,0.65,105,0,28680,15,0,0,4,4,0.9999962226871223,1,1,0,8.0,6,,3,2316,570,chb05_04.edf;chb05_10.edf;chb05_17.edf;chb05_18.edf;chb05_24.edf;chb05_29.edf;chb05_34.edf;chb05_39.edf
chb05,29s causal avg,0.45,104,24,28656,16,2,2,2,2,0.9980448047419805,1,1,0,8.0,16,,3,2316,570,chb05_04.edf;chb05_10.edf;chb05_17.edf;chb05_18.edf;chb05_24.edf;chb05_29.edf;chb05_34.edf;chb05_39.edf
chb05,29s non-causal avg,0.55,114,3,28677,6,2,1,3,2,0.9999802417480242,1,1,0,8.0,6,,3,2316,570,chb05_04.edf;chb05_10.edf;chb05_17.edf;chb05_18.edf;chb05_24.edf;chb05_29.edf;chb05_34.edf;chb05_39.edf
chb05,61s causal avg,0.35,97,53,28627,23,2,2,2,2,0.9973059042305905,1,1,0,8.0,23,,3,2316,570,chb05_04.edf;chb05_10.edf;chb05_17.edf;chb05_18.edf;chb05_24.edf;chb05_29.edf;chb05_34.edf;chb05_39.edf
chb05,61s non-causal avg,0.55,107,6,28674,13,2,2,2,2,0.9999456648070665,1,1,0,8.0,13,,3,2316,570,chb05_04.edf;chb05_10.edf;chb05_17.edf;chb05_18.edf;chb05_24.edf;chb05_29.edf;chb05_34.edf;chb05_39.edf
chb05,125s causal avg,0.3,80,122,28558,40,2,2,2,2,0.9911606520223152,1,1,1,8.0,40,,3,2316,570,chb05_04.edf;chb05_10.edf;chb05_17.edf;chb05_18.edf;chb05_24.edf;chb05_29.edf;chb05_34.edf;chb05_39.edf
chb05,125s non-causal avg,0.55,106,9,28671,14,2,2,2,2,0.9999116689911669,1,1,0,8.0,14,,3,2316,570,chb05_04.edf;chb05_10.edf;chb05_17.edf;chb05_18.edf;chb05_24.edf;chb05_29.edf;chb05_34.edf;chb05_39.edf
chb05,13s causal,0.75,88,1,28679,32,1,0,4,3,0.999875639237564,1,1,1,8.0,12,13.0,3,2316,570,chb05_04.edf;chb05_10.edf;chb05_17.edf;chb05_18.edf;chb05_24.edf;chb05_29.edf;chb05_34.edf;chb05_39.edf
chb05,13s non-causal,0.55,105,0,28680,15,0,0,4,4,0.9998872617387262,1,1,0,8.0,4,22.0,3,2316,570,chb05_04.edf;chb05_10.edf;chb05_17.edf;chb05_18.edf;chb05_24.edf;chb05_29.edf;chb05_34.edf;chb05_39.edf
chb05,29s causal,0.75,85,0,28680,35,1,0,4,3,0.9998724430497443,1,1,0,8.0,6,13.0,3,2316,570,chb05_04.edf;chb05_10.edf;chb05_17.edf;chb05_18.edf;chb05_24.edf;chb05_29.edf;chb05_34.edf;chb05_39.edf
chb05,29s non-causal,0.4,116,0,28680,4,2,0,4,2,0.9999773361227335,1,1,0,8.0,1,31.0,3,2316,570,chb05_04.edf;chb05_10.edf;chb05_17.edf;chb05_18.edf;chb05_24.edf;chb05_29.edf;chb05_34.edf;chb05_39.edf
chb05,61s causal,0.75,88,0,28680,32,1,0,4,3,0.9999168991166899,1,1,0,8.0,6,9.0,3,2316,570,chb05_04.edf;chb05_10.edf;chb05_17.edf;chb05_18.edf;chb05_24.edf;chb05_29.edf;chb05_34.edf;chb05_39.edf
chb05,61s non-causal,0.45,116,0,28680,4,1,0,4,3,0.999994479311948,1,1,0,8.0,2,28.0,3,2316,570,chb05_04.edf;chb05_10.edf;chb05_17.edf;chb05_18.edf;chb05_24.edf;chb05_29.edf;chb05_34.edf;chb05_39.edf
chb05,125s causal,0.75,88,0,28680,32,1,0,4,3,0.999907019990702,1,1,0,8.0,6,8.0,3,2316,570,chb05_04.edf;chb05_10.edf;chb05_17.edf;chb05_18.edf;chb05_24.edf;chb05_29.edf;chb05_34.edf;chb05_39.edf
chb05,125s non-causal,0.45,116,0,28680,4,1,0,4,3,0.999994769874477,1,1,0,8.0,2,20.0,3,2316,570,chb05_04.edf;chb05_10.edf;chb05_17.edf;chb05_18.edf;chb05_24.edf;chb05_29.edf;chb05_34.edf;chb05_39.edf
chb05,none,0.8,57,101,24982,60,1,1,3,3,0.9861338987041655,1,1,74,7.0,2,3.0,4,2568,690,chb05_05.edf;chb05_11.edf;chb05_19.edf;chb05_22.edf;chb05_25.edf;chb05_30.edf;chb05_35.edf
chb05,13s causal avg,0.6,114,490,24593,3,2,2,2,2,0.9988370234752247,1,1,38,7.0,3,,4,2568,690,chb05_05.edf;chb05_11.edf;chb05_19.edf;chb05_22.edf;chb05_25.edf;chb05_30.edf;chb05_35.edf
chb05,13s non-causal avg,0.65,117,199,24884,0,4,3,1,0,0.9998786933364138,1,1,13,7.0,0,,4,2568,690,chb05_05.edf;chb05_11.edf;chb05_19.edf;chb05_22.edf;chb05_25.edf;chb05_30.edf;chb05_35.edf
chb05,29s causal avg,0.7,100,18,25065,17,2,2,2,2,0.9963819265338223,1,1,1,7.0,17,,4,2568,690,chb05_05.edf;chb05_11.edf;chb05_19.edf;chb05_22.edf;chb05_25.edf;chb05_30.edf;chb05_35.edf
chb05,29s non-causal avg,0.65,117,129,24954,0,4,4,0,0,0.9999792143076439,1,1,6,7.0,0,,4,2568,690,chb05_05.edf;chb05_11.edf;chb05_19.edf;chb05_22.edf;chb05_25.edf;chb05_30.edf;chb05_35.edf
chb05,61s causal avg,0.75,69,4,25079,48,2,2,2,2,0.9860076511792812,1,1,0,7.0,48,,4,2568,690,chb05_05.edf;chb05_11.edf;chb05_19.edf;chb05_22.edf;chb05_25.edf;chb05_30.edf;chb05_35.edf
chb05,61s non-causal avg,0.7,97,0,25083,20,0,0,4,4,0.9999246944588411,1,1,0,7.0,9,,4,2568,690,chb05_05.edf;chb05_11.edf;chb05_19.edf;chb05_22.edf;chb05_25.edf;chb05_30.edf;chb05_35.edf
chb05,125s causal avg,0.6,61,271,24812,56,2,2,2,2,0.9600618255085424,1,1,4,7.0,56,,4,2568,690,chb05_05.edf;chb05_11.edf;chb05_19.edf;chb05_22.edf;chb05_25.edf;chb05_30.edf;chb05_35.edf
chb05,125s non-causal avg,0.7,65,0,25083,52,0,0,4,4,0.9999679695888284,1,1,0,7.0,26,,4,2568,690,chb05_05.edf;chb05_11.edf;chb05_19.edf;chb05_22.edf;chb05_25.edf;chb05_30.edf;chb05_35.edf
chb05,13s causal,0.65,107,37,25046,10,2,2,2,2,0.9994520755195316,1,1,10,7.0,2,14.0,4,2568,690,chb05_05.edf;chb05_11.edf;chb05_19.edf;chb05_22.edf;chb05_25.edf;chb05_30.edf;chb05_35.edf
chb05,13s non-causal,0.75,112,41,25042,5,4,2,2,0,0.9997355787333063,1,1,9,7.0,0,34.0,4,2568,690,chb05_05.edf;chb05_11.edf;chb05_19.edf;chb05_22.edf;chb05_25.edf;chb05_30.edf;chb05_35.edf
chb05,29s causal,0.5,113,50,25033,4,2,2,2,2,0.9995284033078556,1,1,15,7.0,3,14.0,4,2568,690,chb05_05.edf;chb05_11.edf;chb05_19.edf;chb05_22.edf;chb05_25.edf;chb05_30.edf;chb05_35.edf
chb05,29s non-causal,0.5,117,133,24950,0,4,4,0,0,0.9999815995510292,1,1,13,7.0,0,19.0,4,2568,690,chb05_05.edf;chb05_11.edf;chb05_19.edf;chb05_22.edf;chb05_25.edf;chb05_30.edf;chb05_35.edf
chb05,61s causal,0.35,116,191,24892,1,3,2,2,1,0.9994950099004638,1,1,38,7.0,1,11.0,4,2568,690,chb05_05.edf;chb05_11.edf;chb05_19.edf;chb05_22.edf;chb05_25.edf;chb05_30.edf;chb05_35.edf
chb05,61s non-causal,0.5,117,139,24944,0,4,4,0,0,0.9999631991020581,1,1,9,7.0,0,25.0,4,2568,690,chb05_05.edf;chb05_11.edf;chb05_19.edf;chb05_22.edf;chb05_25.edf;chb05_30.edf;chb05_35.edf
chb05,125s causal,0.4,116,213,24870,1,3,3,1,1,0.9996336947658561,1,1,43,7.0,0,9.0,4,2568,690,chb05_05.edf;chb05_11.edf;chb05_19.edf;chb05_22.edf;chb05_25.edf;chb05_30.edf;chb05_35.edf
chb05,125s non-causal,0.65,117,64,25019,0,4,3,1,0,0.9999867107868542,1,1,6,7.0,0,26.0,4,2568,690,chb05_05.edf;chb05_11.edf;chb05_19.edf;chb05_22.edf;chb05_25.edf;chb05_30.edf;chb05_35.edf
chb06,none,0.8,14,298,71674,14,4,0,8,4,0.952035414565982,2,2,218,20.0,0;4,16.0,0,666,954,chb06_02.edf;chb06_08.edf;chb06_09.edf;chb06_10.edf;chb06_17.edf
chb06,13s causal avg,0.6,8,38,71934,20,4,4,4,4,0.972681340362522,2,2,6,20.0,10;10,,0,666,954,chb06_02.edf;chb06_08.edf;chb06_09.edf;chb06_10.edf;chb06_17.edf
chb06,13s non-causal avg,0.6,20,26,71946,8,4,0,8,4,0.9986840120364269,2,2,6,20.0,4;4,,0,666,954,chb06_02.edf;chb06_08.edf;chb06_09.edf;chb06_10.edf;chb06_17.edf
chb06,29s causal avg,0.4,10,496,71476,18,4,4,4,4,0.9072015109050345,2,2,32,20.0,9;9,,0,666,954,chb06_02.edf;chb06_08.edf;chb06_09.edf;chb06_10.edf;chb06_17.edf
chb06,29s non-causal avg,0.5,18,46,71926,10,6,5,3,2,0.9994372811648975,2,2,2,20.0,0;10,,0,666,954,chb06_02.edf;chb06_08.edf;chb06_09.edf;chb06_10.edf;chb06_17.edf
chb06,61s causal avg,0.3,11,5769,66203,17,3,4,4,5,0.8053717318639788,2,2,191,20.0,6;11,,0,666,954,chb06_02.edf;chb06_08.edf;chb06_09.edf;chb06_10.edf;chb06_17.edf
chb06,61s non-causal avg,0.35,28,844,71128,0,8,8,0,0,0.998330203809418,2,2,31,20.0,0;0,,0,666,954,chb06_02.edf;chb06_08.edf;chb06_09.edf;chb06_10.edf;chb06_17.edf
chb06,125s causal avg,0.25,23,32258,39714,5,6,6,2,2,0.7926698676469421,2,2,240,20.0,0;5,,0,666,954,chb06_02.edf;chb06_08.edf;chb06_09.edf;chb06_10.edf;chb06_17.edf
chb06,125s non-causal avg,0.3,28,4047,67925,0,8,8,0,0,0.9949236210907416,2,2,66,20.0,0;0,,0,666,954,chb06_02.edf;chb06_08.edf;chb06_09.edf;chb06_10.edf;chb06_17.edf
chb06,13s causal,0.75,10,20,71952,18,3,0,8,5,0.9775344181467396,2,2,14,20.0,8;8,41.0,0,666,954,chb06_02.edf;chb06_08.edf;chb06_09.edf;chb06_10.edf;chb06_17.edf
chb06,13s non-causal,0.7,19,37,71935,9,4,0,8,4,0.9965368476629801,2,2,10,20.0,5;4,41.0,0,666,954,chb06_02.edf;chb06_08.edf;chb06_09.edf;chb06_10.edf;chb06_17.edf
chb06,29s causal,0.7,11,33,71939,17,3,1,7,5,0.9759569197545077,2,2,19,20.0,7;8,21.0,0,666,954,chb06_02.edf;chb06_08.edf;chb06_09.edf;chb06_10.edf;chb06_17.edf
chb06,29s non-causal,0.6,21,42,71930,7,4,0,8,4,0.9995583599971417,2,2,12,20.0,2;4,12.0,0,666,954,chb06_02.edf;chb06_08.edf;chb06_09.edf;chb06_10.edf;chb06_17.edf
chb06,61s causal,0.7,11,34,71938,17,3,1,7,5,0.9737720423021652,2,2,19,20.0,7;8,19.0,0,666,954,chb06_02.edf;chb06_08.edf;chb06_09.edf;chb06_10.edf;chb06_17.edf
chb06,61s non-causal,0.5,23,38,71934,5,5,1,7,3,0.9995509166263071,2,2,11,20.0,0;4,19.0,0,666,954,chb06_02.edf;chb06_08.edf;chb06_09.edf;chb06_10.edf;chb06_17.edf
chb06,125s causal,0.75,9,22,71950,19,3,0,8,5,0.9702806051559734,2,2,15,20.0,8;8,17.0,0,666,954,chb06_02.edf;chb06_08.edf;chb06_09.edf;chb06_10.edf;chb06_17.edf
chb06,125s non-causal,0.75,17,15,71957,11,3,0,8,5,0.999482437614628,2,2,3,20.0,5;4,7.0,0,666,954,chb06_02.edf;chb06_08.edf;chb06_09.edf;chb06_10.edf;chb06_17.edf
chb06,none,0.7,7,596,50504,21,2,0,8,6,0.9252376292982947,2,2,365,14.202222222222222,1;1,13.0,1,510,1128,chb06_03.edf;chb06_12.edf;chb06_18.edf;chb06_24.edf
chb06,13s causal avg,0.6,3,45,51055,25,0,1,7,8,0.8835749231199329,2,1,15,14.202222222222222,11,,1,510,1128,chb06_03.edf;chb06_12.edf;chb06_18.edf;chb06_24.edf
chb06,13s non-causal avg,0.6,4,44,51056,24,0,0,8,8,0.9806464914733016,2,2,14,14.202222222222222,6;5,,1,510,1128,chb06_03.edf;chb06_12.edf;chb06_18.edf;chb06_24.edf
chb06,29s causal avg,0.5,16,906,50194,12,4,4,4,4,0.9702872518870561,2,1,68,14.202222222222222,0,,1,510,1128,chb06_03.edf;chb06_12.edf;chb06_18.edf;chb06_24.edf
chb06,29s non-causal avg,0.5,16,897,50203,12,4,5,3,4,0.9680199888174448,2,1,68,14.202222222222222,0,,1,510,1128,chb06_03.edf;chb06_12.edf;chb06_18.edf;chb06_24.edf
chb06,61s causal avg,0.45,22,2497,48603,6,6,6,2,2,0.9797910259994409,2,2,59,14.202222222222222,6;0,,1,510,1128,chb06_03.edf;chb06_12.edf;chb06_18.edf;chb06_24.edf
chb06,61s non-causal avg,0.4,28,8281,42819,0,8,8,0,0,0.9821959742801231,2,2,114,14.202222222222222,0;0,,1,510,1128,chb06_03.edf;chb06_12.edf;chb06_18.edf;chb06_24.edf
chb06,125s causal avg,0.4,28,8469,42631,0,8,8,0,0,0.9717906066536204,2,2,69,14.202222222222222,0;0,,1,510,1128,chb06_03.edf;chb06_12.edf;chb06_18.edf;chb06_24.edf
chb06,125s non-causal avg,0.4,28,8404,42696,0,8,8,0,0,0.9706262230919765,2,2,67,14.202222222222222,0;0,,1,510,1128,chb06_03.edf;chb06_12.edf;chb06_18.edf;chb06_24.edf
chb06,13s causal,0.6,6,190,50910,22,1,0,8,7,0.9766913614760973,2,2,99,14.202222222222222,9;4,7.0,1,510,1128,chb06_03.edf;chb06_12.edf;chb06_18.edf;chb06_24.edf
chb06,13s non-causal,0.45,9,181,50919,19,1,0,8,7,0.9806758456807381,2,2,80,14.202222222222222,6;1,3.0,1,510,1128,chb06_03.edf;chb06_12.edf;chb06_18.edf;chb06_24.edf
chb06,29s causal,0.5,8,314,50786,20,2,0,8,6,0.9695925356443947,2,2,143,14.202222222222222,7;4,6.0,1,510,1128,chb06_03.edf;chb06_12.edf;chb06_18.edf;chb06_24.edf
chb06,29s non-causal,0.4,12,224,50876,16,1,0,8,7,0.9821204920324293,2,2,76,14.202222222222222,2;1,3.0,1,510,1128,chb06_03.edf;chb06_12.edf;chb06_18.edf;chb06_24.edf
chb06,61s causal,0.5,7,187,50913,21,2,0,8,6,0.9605297735532569,2,2,97,14.202222222222222,8;4,4.0,1,510,1128,chb06_03.edf;chb06_12.edf;chb06_18.edf;chb06_24.edf
chb06,61s non-causal,0.45,7,116,50984,21,1,0,8,7,0.9839928711210512,2,2,62,14.202222222222222,4;1,3.0,1,510,1128,chb06_03.edf;chb06_12.edf;chb06_18.edf;chb06_24.edf
chb06,125s causal,0.6,4,188,50912,24,1,0,8,7,0.9687300810735253,2,2,112,14.202222222222222,9;4,6.0,1,510,1128,chb06_03.edf;chb06_12.edf;chb06_18.edf;chb06_24.edf
chb06,125s non-causal,0.35,15,389,50711,13,3,0,8,5,0.979869303885938,2,2,130,14.202222222222222,5;0,2.0,1,510,1128,chb06_03.edf;chb06_12.edf;chb06_18.edf;chb06_24.edf
chb06,none,0.8,12,64,43119,32,2,1,11,10,0.949686113853726,3,3,49,12.0075,3;1;6,21.0,2,552,690,chb06_01.edf;chb06_05.edf;chb06_14.edf
chb06,13s causal avg,0.65,8,18,43165,36,6,6,6,6,0.852555614267399,3,3,2,12.0075,11;12;13,,2,552,690,chb06_01.edf;chb06_05.edf;chb06_14.edf
chb06,13s non-causal avg,0.65,18,8,43175,26,0,0,12,12,0.9918733803074864,3,3,2,12.0075,5;6;7,,2,552,690,chb06_01.edf;chb06_05.edf;chb06_14.edf
chb06,29s causal avg,0.45,2,954,42229,42,2,2,10,10,0.7290689939012196,3,1,38,12.0075,13,,2,552,690,chb06_01.edf;chb06_05.edf;chb06_14.edf
chb06,29s non-causal avg,0.5,9,104,43079,35,4,6,6,8,0.9881713763623311,3,2,9,12.0075,9;2,,2,552,690,chb06_01.edf;chb06_05.edf;chb06_14.edf
chb06,61s causal avg,0.3,7,7011,36172,37,4,4,8,8,0.6446018319498624,3,2,47,12.0075,10;12,,2,552,690,chb06_01.edf;chb06_05.edf;chb06_14.edf
chb06,61s non-causal avg,0.45,0,816,42367,44,0,0,12,12,0.9225473829137307,3,0,12,12.0075,,,2,552,690,chb06_01.edf;chb06_05.edf;chb06_14.edf
chb06,125s causal avg,0.25,12,12588,30595,32,5,6,6,7,0.5593562702494458,3,3,68,12.0075,10;8;14,,2,552,690,chb06_01.edf;chb06_05.edf;chb06_14.edf
chb06,125s non-causal avg,0.35,14,4785,38398,30,4,2,10,8,0.8758491872854006,3,1,8,12.0075,0,,2,552,690,chb06_01.edf;chb06_05.edf;chb06_14.edf
chb06,13s causal,0.7,8,1,43182,36,1,0,12,11,0.9571132790049957,3,2,1,12.0075,3;7,10.0,2,552,690,chb06_01.edf;chb06_05.edf;chb06_14.edf
chb06,13s non-causal,0.7,28,9,43174,16,3,0,12,9,0.9969858719656094,3,3,6,12.0075,2;1;6,12.0,2,552,690,chb06_01.edf;chb06_05.edf;chb06_14.edf
chb06,29s causal,0.65,17,9,43174,27,3,1,11,9,0.9600668823800611,3,3,6,12.0075,3;7;8,13.0,2,552,690,chb06_01.edf;chb06_05.edf;chb06_14.edf
chb06,29s non-causal,0.75,29,3,43180,15,4,0,12,8,0.9995100134101593,3,3,2,12.0075,3;1;6,14.0,2,552,690,chb06_01.edf;chb06_05.edf;chb06_14.edf
chb06,61s causal,0.65,11,5,43178,33,1,0,12,11,0.9584821889085141,3,3,4,12.0075,3;7;12,7.0,2,552,690,chb06_01.edf;chb06_05.edf;chb06_14.edf
chb06,61s non-causal,0.35,41,13,43170,3,9,2,10,3,0.9998594775300886,3,3,6,12.0075,0;1;2,20.0,2,552,690,chb06_01.edf;chb06_05.edf;chb06_14.edf
chb06,125s causal,0.65,19,9,43174,25,3,1,11,9,0.9573285362716388,3,3,6,12.0075,3;7;8,7.0,2,552,690,chb06_01.edf;chb06_05.edf;chb06_14.edf
chb06,125s non-causal,0.45,38,13,43170,6,7,2,10,5,0.9998310572552751,3,3,6,12.0075,1;1;2,13.0,2,552,690,chb06_01.edf;chb06_05.edf;chb06_14.edf
chb06,none,0.9,3,38,41983,37,0,0,8,8,0.9127894386140263,2,1,31,11.68361111111111,13,45.0,3,588,1026,chb06_04.edf;chb06_06.edf;chb06_15.edf
chb06,13s causal avg,0.6,10,23,41998,30,2,2,6,6,0.898183646272102,2,1,4,11.68361111111111,10,,3,588,1026,chb06_04.edf;chb06_06.edf;chb06_15.edf
chb06,13s non-causal avg,0.6,13,20,42001,27,0,0,8,8,0.9773648889840794,2,1,4,11.68361111111111,4,,3,588,1026,chb06_04.edf;chb06_06.edf;chb06_15.edf
chb06,29s causal avg,0.35,8,969,41052,32,2,2,6,6,0.8261101592061112,2,1,43,11.68361111111111,12,,3,588,1026,chb06_04.edf;chb06_06.edf;chb06_15.edf
chb06,29s non-causal avg,0.4,20,391,41630,20,4,1,7,4,0.9756032697936745,2,1,28,11.68361111111111,0,,3,588,1026,chb06_04.edf;chb06_06.edf;chb06_15.edf
chb06,61s causal avg,0.2,13,5822,36199,27,2,2,6,6,0.7298725637181409,2,1,11,11.68361111111111,7,,3,588,1026,chb06_04.edf;chb06_06.edf;chb06_15.edf
chb06,61s non-causal avg,0.3,12,2060,39961,28,2,2,6,6,0.9066847528616644,2,1,34,11.68361111111111,0,,3,588,1026,chb06_04.edf;chb06_06.edf;chb06_15.edf
chb06,125s causal avg,0.15,11,6676,35345,29,2,2,6,6,0.6525094595559364,2,1,9,11.68361111111111,9,,3,588,1026,chb06_04.edf;chb06_06.edf;chb06_15.edf
chb06,125s non-causal avg,0.25,0,4539,37482,40,0,0,8,8,0.8527462459246568,2,0,19,11.68361111111111,,,3,588,1026,chb06_04.edf;chb06_06.edf;chb06_15.edf
chb06,13s causal,0.75,10,12,42009,30,0,0,8,8,0.9456914399942886,2,2,9,11.68361111111111,15;5,16.0,3,588,1026,chb06_04.edf;chb06_06.edf;chb06_15.edf
chb06,13s non-causal,0.75,17,4,42017,23,0,0,8,8,0.9816335879679208,2,2,4,11.68361111111111,13;3,24.0,3,588,1026,chb06_04.edf;chb06_06.edf;chb06_15.edf
chb06,29s causal,0.8,3,8,42013,37,0,0,8,8,0.9426863948977893,2,1,6,11.68361111111111,5,33.0,3,588,1026,chb06_04.edf;chb06_06.edf;chb06_15.edf
chb06,29s non-causal,0.65,17,13,42008,23,0,0,8,8,0.988592013517051,2,2,5,11.68361111111111,13;3,27.0,3,588,1026,chb06_04.edf;chb06_06.edf;chb06_15.edf
chb06,61s causal,0.8,3,11,42010,37,0,0,8,8,0.9436829204445396,2,1,8,11.68361111111111,5,23.0,3,588,1026,chb06_04.edf;chb06_06.edf;chb06_15.edf
chb06,61s non-causal,0.7,14,12,42009,26,0,0,8,8,0.9880547821327431,2,1,6,11.68361111111111,3,23.0,3,588,1026,chb06_04.edf;chb06_06.edf;chb06_15.edf
chb06,125s causal,0.85,2,0,42021,38,0,0,8,8,0.9482532543252183,2,1,0,11.68361111111111,5,14.0,3,588,1026,chb06_04.edf;chb06_06.edf;chb06_15.edf
chb06,125s non-causal,0.7,16,11,42010,24,0,0,8,8,0.9898306798981462,2,2,5,11.68361111111111,15;2,7.0,3,588,1026,chb06_04.edf;chb06_06.edf;chb06_15.edf
chb06,none,0.9,2,9,31808,11,0,0,4,4,0.9564045345860099,1,1,7,8.841666666666667,7,23.0,4,672,1260,chb06_07.edf;chb06_13.edf;chb06_16.edf
chb06,13s causal avg,0.55,5,24,31793,8,2,2,2,2,0.8885162987372499,1,1,3,8.841666666666667,8,,4,672,1260,chb06_07.edf;chb06_13.edf;chb06_16.edf
chb06,13s non-causal avg,0.65,8,10,31807,5,1,0,4,3,0.9996542728729925,1,1,1,8.841666666666667,4,,4,672,1260,chb06_07.edf;chb06_13.edf;chb06_16.edf
chb06,29s causal avg,0.4,2,65,31752,11,2,2,2,2,0.9158529184930165,1,1,4,8.841666666666667,11,,4,672,1260,chb06_07.edf;chb06_13.edf;chb06_16.edf
chb06,29s non-causal avg,0.45,11,34,31783,2,2,2,2,2,0.9991876621351431,1,1,1,8.841666666666667,2,,4,672,1260,chb06_07.edf;chb06_13.edf;chb06_16.edf
chb06,61s causal avg,0.35,0,99,31718,13,0,0,4,4,0.9318482378796047,1,0,3,8.841666666666667,,,4,672,1260,chb06_07.edf;chb06_13.edf;chb06_16.edf
chb06,61s non-causal avg,0.35,10,81,31736,3,3,3,1,1,0.9975436450276944,1,1,1,8.841666666666667,0,,4,672,1260,chb06_07.edf;chb06_13.edf;chb06_16.edf
chb06,125s causal avg,0.3,0,160,31657,13,0,0,4,4,0.9124536713561449,1,0,4,8.841666666666667,,,4,672,1260,chb06_07.edf;chb06_13.edf;chb06_16.edf
chb06,125s non-causal avg,0.3,13,130,31687,0,4,3,1,0,0.9971858295396027,1,1,1,8.841666666666667,0,,4,672,1260,chb06_07.edf;chb06_13.edf;chb06_16.edf
chb06,13s causal,0.65,6,14,31803,7,1,0,4,3,0.9627799362218069,1,1,5,8.841666666666667,6,7.0,4,672,1260,chb06_07.edf;chb06_13.edf;chb06_16.edf
chb06,13s non-causal,0.75,11,13,31804,2,2,0,4,2,0.9996228431341735,1,1,2,8.841666666666667,1,13.0,4,672,1260,chb06_07.edf;chb06_13.edf;chb06_16.edf
chb06,29s causal,0.65,6,16,31801,7,1,0,4,3,0.9708936441815091,1,1,6,8.841666666666667,6,7.0,4,672,1260,chb06_07.edf;chb06_13.edf;chb06_16.edf
chb06,29s non-causal,0.65,11,11,31806,2,2,0,4,2,0.9996953733006787,1,1,1,8.841666666666667,1,18.0,4,672,1260,chb06_07.edf;chb06_13.edf;chb06_16.edf
chb06,61s causal,0.7,6,10,31807,7,1,0,4,3,0.9606330432932565,1,1,2,8.841666666666667,6,4.0,4,672,1260,chb06_07.edf;chb06_13.edf;chb06_16.edf
chb06,61s non-causal,0.6,11,15,31802,2,2,0,4,2,0.9997219676950638,1,1,2,8.841666666666667,1,5.0,4,672,1260,chb06_07.edf;chb06_13.edf;chb06_16.edf
chb06,125s causal,0.7,9,13,31804,4,2,0,4,2,0.9758933903259264,1,1,4,8.841666666666667,4,5.0,4,672,1260,chb06_07.edf;chb06_13.edf;chb06_16.edf
chb06,125s non-causal,0.6,11,13,31804,2,2,0,4,2,0.9997002086451123,1,1,1,8.841666666666667,1,10.0,4,672,1260,chb06_07.edf;chb06_13.edf;chb06_16.edf
chb07,none,0.9,36,135,88510,50,1,0,4,3,0.9935470330440075,1,1,87,24.6475,7,19.0,0,1248,336,chb07_01.edf;chb07_04.edf;chb07_07.edf;chb07_10.edf;chb07_12.edf;chb07_15.edf;chb07_18.edf
chb07,13s causal avg,0.75,73,5,88640,13,2,1,3,2,0.9978533397521077,1,1,2,24.6475,13,,0,1248,336,chb07_01.edf;chb07_04.edf;chb07_07.edf;chb07_10.edf;chb07_12.edf;chb07_15.edf;chb07_18.edf
chb07,13s non-causal avg,0.7,76,15,88630,10,0,0,4,4,0.9996698353899208,1,1,3,24.6475,6,,0,1248,336,chb07_01.edf;chb07_04.edf;chb07_07.edf;chb07_10.edf;chb07_12.edf;chb07_15.edf;chb07_18.edf
chb07,29s causal avg,0.7,61,5,88640,25,2,2,2,2,0.9931895842706799,1,1,0,24.6475,25,,0,1248,336,chb07_01.edf;chb07_04.edf;chb07_07.edf;chb07_10.edf;chb07_12.edf;chb07_15.edf;chb07_18.edf
chb07,29s non-causal avg,0.65,71,1,88644,15,0,0,4,4,0.9998864034357058,1,1,1,24.6475,8,,0,1248,336,chb07_01.edf;chb07_04.edf;chb07_07.edf;chb07_10.edf;chb07_12.edf;chb07_15.edf;chb07_18.edf
chb07,61s causal avg,0.8,29,3,88642,57,2,2,2,2,0.9840138414658941,1,1,0,24.6475,57,,0,1248,336,chb07_01.edf;chb07_04.edf;chb07_07.edf;chb07_10.edf;chb07_12.edf;chb07_15.edf;chb07_18.edf
chb07,61s non-causal avg,0.65,59,0,88645,27,0,0,4,4,0.9999037183854596,1,1,0,24.6475,14,,0,1248,336,chb07_01.edf;chb07_04.edf;chb07_07.edf;chb07_10.edf;chb07_12.edf;chb07_15.edf;chb07_18.edf
chb07,125s causal avg,0.85,0,0,88645,86,0,0,4,4,0.978027066414638,1,0,0,24.6475,,,0,1248,336,chb07_01.edf;chb07_04.edf;chb07_07.edf;chb07_10.edf;chb07_12.edf;chb07_15.edf;chb07_18.edf
chb07,125s non-causal avg,0.65,0,0,88645,86,0,0,4,4,0.9999332325043583,1,0,0,24.6475,,,0,1248,336,chb07_01.edf;chb07_04.edf;chb07_07.edf;chb07_10.edf;chb07_12.edf;chb07_15.edf;chb07_18.edf
chb07,13s causal,0.5,76,40,88605,10,2,1,3,2,0.9986659618257827,1,1,12,24.6475,10,12.0,0,1248,336,chb07_01.edf;chb07_04.edf;chb07_07.edf;chb07_10.edf;chb07_12.edf;chb07_15.edf;chb07_18.edf
chb07,13s non-causal,0.5,74,48,88597,12,0,0,4,4,0.9994266390501962,1,1,14,24.6475,7,3.0,0,1248,336,chb07_01.edf;chb07_04.edf;chb07_07.edf;chb07_10.edf;chb07_12.edf;chb07_15.edf;chb07_18.edf
chb07,29s causal,0.55,75,25,88620,11,2,1,3,2,0.9978344507160125,1,1,9,24.6475,11,6.0,0,1248,336,chb07_01.edf;chb07_04.edf;chb07_07.edf;chb07_10.edf;chb07_12.edf;chb07_15.edf;chb07_18.edf
chb07,29s non-causal,0.45,77,41,88604,9,0,0,4,4,0.999713385112029,1,1,12,24.6475,6,5.0,0,1248,336,chb07_01.edf;chb07_04.edf;chb07_07.edf;chb07_10.edf;chb07_12.edf;chb07_15.edf;chb07_18.edf
chb07,61s causal,0.55,75,30,88615,11,2,1,3,2,0.9988193040701938,1,1,9,24.6475,10,8.0,0,1248,336,chb07_01.edf;chb07_04.edf;chb07_07.edf;chb07_10.edf;chb07_12.edf;chb07_15.edf;chb07_18.edf
chb07,61s non-causal,0.4,75,26,88619,11,0,0,4,4,0.9997730692191351,1,1,10,24.6475,7,3.0,0,1248,336,chb07_01.edf;chb07_04.edf;chb07_07.edf;chb07_10.edf;chb07_12.edf;chb07_15.edf;chb07_18.edf
chb07,125s causal,0.65,74,22,88623,12,2,1,3,2,0.9985559069557564,1,1,8,24.6475,11,9.0,0,1248,336,chb07_01.edf;chb07_04.edf;chb07_07.edf;chb07_10.edf;chb07_12.edf;chb07_15.edf;chb07_18.edf
chb07,125s non-causal,0.45,77,21,88624,9,0,0,4,4,0.99986449740079,1,1,7,24.6475,6,4.0,0,1248,336,chb07_01.edf;chb07_04.edf;chb07_07.edf;chb07_10.edf;chb07_12.edf;chb07_15.edf;chb07_18.edf
chb07,none,0.65,29,875,74755,67,2,1,3,2,0.8967283843492442,1,1,611,21.035,13,7.0,1,702,264,chb07_02.edf;chb07_05.edf;chb07_08.edf;chb07_11.edf;chb07_13.edf;chb07_16.edf
chb07,13s causal avg,0.55,54,160,75470,42,2,2,2,2,0.9447860196571025,1,1,10,21.035,17,,1,702,264,chb07_02.edf;chb07_05.edf;chb07_08.edf;chb07_11.edf;chb07_13.edf;chb07_16.edf
chb07,13s non-causal avg,0.55,60,154,75476,36,2,2,2,2,0.9571371314293269,1,1,10,21.035,11,,1,702,264,chb07_02.edf;chb07_05.edf;chb07_08.edf;chb07_11.edf;chb07_13.edf;chb07_16.edf
chb07,29s causal avg,0.5,60,1927,73703,36,2,2,2,2,0.9471793875886994,1,1,117,21.035,20,,1,702,264,chb07_02.edf;chb07_05.edf;chb07_08.edf;chb07_11.edf;chb07_13.edf;chb07_16.edf
chb07,29s non-causal avg,0.5,74,1913,73717,22,2,2,2,2,0.9741978491780158,1,1,117,21.035,6,,1,702,264,chb07_02.edf;chb07_05.edf;chb07_08.edf;chb07_11.edf;chb07_13.edf;chb07_16.edf
chb07,61s causal avg,0.5,62,1301,74329,34,2,2,2,2,0.9349285446692229,1,1,60,21.035,34,,1,702,264,chb07_02.edf;chb07_05.edf;chb07_08.edf;chb07_11.edf;chb07_13.edf;chb07_16.edf
chb07,61s non-causal avg,0.5,92,1271,74359,4,2,2,2,2,0.9954768830710917,1,1,60,21.035,4,,1,702,264,chb07_02.edf;chb07_05.edf;chb07_08.edf;chb07_11.edf;chb07_13.edf;chb07_16.edf
chb07,125s causal avg,0.45,28,9568,66062,68,2,2,2,2,0.8450941260081979,1,1,3,21.035,68,,1,702,264,chb07_02.edf;chb07_05.edf;chb07_08.edf;chb07_11.edf;chb07_13.edf;chb07_16.edf
chb07,125s non-causal avg,0.5,66,503,75127,30,2,2,2,2,0.9670864736215787,1,1,15,21.035,30,,1,702,264,chb07_02.edf;chb07_05.edf;chb07_08.edf;chb07_11.edf;chb07_13.edf;chb07_16.edf
chb07,13s causal,0.4,55,255,75375,41,2,2,2,2,0.943985659350346,1,1,64,21.035,15,6.0,1,702,264,chb07_02.edf;chb07_05.edf;chb07_08.edf;chb07_11.edf;chb07_13.edf;chb07_16.edf
chb07,13s non-causal,0.35,44,335,75295,52,2,1,3,2,0.9283175492529419,1,1,192,21.035,13,3.0,1,702,264,chb07_02.edf;chb07_05.edf;chb07_08.edf;chb07_11.edf;chb07_13.edf;chb07_16.edf
chb07,29s causal,0.35,59,946,74684,37,2,2,2,2,0.9432638062497245,1,1,240,21.035,14,9.0,1,702,264,chb07_02.edf;chb07_05.edf;chb07_08.edf;chb07_11.edf;chb07_13.edf;chb07_16.edf
chb07,29s non-causal,0.3,52,594,75036,44,2,2,2,2,0.9377584539865133,1,1,295,21.035,13,3.0,1,702,264,chb07_02.edf;chb07_05.edf;chb07_08.edf;chb07_11.edf;chb07_13.edf;chb07_16.edf
chb07,61s causal,0.4,58,581,75049,38,2,2,2,2,0.9493946681211161,1,1,137,21.035,15,9.0,1,702,264,chb07_02.edf;chb07_05.edf;chb07_08.edf;chb07_11.edf;chb07_13.edf;chb07_16.edf
chb07,61s non-causal,0.3,64,712,74918,32,2,2,2,2,0.9661157389043149,1,1,187,21.035,6,7.0,1,702,264,chb07_02.edf;chb07_05.edf;chb07_08.edf;chb07_11.edf;chb07_13.edf;chb07_16.edf
chb07,125s causal,0.4,56,202,75428,40,2,2,2,2,0.9653790107541099,1,1,40,21.035,15,5.0,1,702,264,chb07_02.edf;chb07_05.edf;chb07_08.edf;chb07_11.edf;chb07_13.edf;chb07_16.edf
chb07,125s non-causal,0.35,61,355,75275,35,2,2,2,2,0.9750059224734453,1,1,136,21.035,10,4.0,1,702,264,chb07_02.edf;chb07_05.edf;chb07_08.edf;chb07_11.edf;chb07_13.edf;chb07_16.edf
chb07,none,0.8,9,311,76477,134,1,0,4,3,0.8484194154025377,1,1,240,21.369722222222222,2,15.0,2,606,252,chb07_03.edf;chb07_06.edf;chb07_09.edf;chb07_14.edf;chb07_17.edf;chb07_19.edf
chb07,13s causal avg,0.65,12,14,76774,131,0,0,4,4,0.9484357258618862,1,1,4,21.369722222222222,81,,2,606,252,chb07_03.edf;chb07_06.edf;chb07_09.edf;chb07_14.edf;chb07_17.edf;chb07_19.edf
chb07,13s non-causal avg,0.65,12,14,76774,131,0,0,4,4,0.9513899134152298,1,1,4,21.369722222222222,75,,2,606,252,chb07_03.edf;chb07_06.edf;chb07_09.edf;chb07_14.edf;chb07_17.edf;chb07_19.edf
chb07,29s causal avg,0.65,0,0,76788,143,0,0,4,4,0.969718097706846,1,0,0,21.369722222222222,,,2,606,252,chb07_03.edf;chb07_06.edf;chb07_09.edf;chb07_14.edf;chb07_17.edf;chb07_19.edf
chb07,29s non-causal avg,0.6,5,16,76772,138,0,0,4,4,0.9753525372372068,1,1,1,21.369722222222222,83,,2,606,252,chb07_03.edf;chb07_06.edf;chb07_09.edf;chb07_14.edf;chb07_17.edf;chb07_19.edf
chb07,61s causal avg,0.6,0,1,76787,143,0,0,4,4,0.9289469581312058,1,0,1,21.369722222222222,,,2,606,252,chb07_03.edf;chb07_06.edf;chb07_09.edf;chb07_14.edf;chb07_17.edf;chb07_19.edf
chb07,61s non-causal avg,0.6,0,0,76788,143,0,0,4,4,0.9904746370991098,1,0,0,21.369722222222222,,,2,606,252,chb07_03.edf;chb07_06.edf;chb07_09.edf;chb07_14.edf;chb07_17.edf;chb07_19.edf
chb07,125s causal avg,0.45,26,316,76472,117,1,2,2,3,0.8501065143118589,1,1,3,21.369722222222222,112,,2,606,252,chb07_03.edf;chb07_06.edf;chb07_09.edf;chb07_14.edf;chb07_17.edf;chb07_19.edf
chb07,125s non-causal avg,0.55,0,39,76749,143,0,0,4,4,0.9823638491008392,1,0,1,21.369722222222222,,,2,606,252,chb07_03.edf;chb07_06.edf;chb07_09.edf;chb07_14.edf;chb07_17.edf;chb07_19.edf
chb07,13s causal,0.5,10,21,76767,133,0,0,4,4,0.9348513262015372,1,1,7,21.369722222222222,79,7.0,2,606,252,chb07_03.edf;chb07_06.edf;chb07_09.edf;chb07_14.edf;chb07_17.edf;chb07_19.edf
chb07,13s non-causal,0.45,16,49,76739,127,0,0,4,4,0.9177725176318707,1,1,26,21.369722222222222,5,6.0,2,606,252,chb07_03.edf;chb07_06.edf;chb07_09.edf;chb07_14.edf;chb07_17.edf;chb07_19.edf
chb07,29s causal,0.55,10,19,76769,133,0,0,4,4,0.9525086051105742,1,1,8,21.369722222222222,81,7.0,2,606,252,chb07_03.edf;chb07_06.edf;chb07_09.edf;chb07_14.edf;chb07_17.edf;chb07_19.edf
chb07,29s non-causal,0.45,19,70,76718,124,0,0,4,4,0.9308380971531464,1,1,29,21.369722222222222,5,6.0,2,606,252,chb07_03.edf;chb07_06.edf;chb07_09.edf;chb07_14.edf;chb07_17.edf;chb07_19.edf
chb07,61s causal,0.5,14,42,76746,129,0,0,4,4,0.9478006105994854,1,1,14,21.369722222222222,79,5.0,2,606,252,chb07_03.edf;chb07_06.edf;chb07_09.edf;chb07_14.edf;chb07_17.edf;chb07_19.edf
chb07,61s non-causal,0.4,19,104,76684,124,0,0,4,4,0.9369834793533809,1,1,23,21.369722222222222,74,4.0,2,606,252,chb07_03.edf;chb07_06.edf;chb07_09.edf;chb07_14.edf;chb07_17.edf;chb07_19.edf
chb07,125s causal,0.45,10,58,76730,133,0,0,4,4,0.9314246726342367,1,1,14,21.369722222222222,81,4.0,2,606,252,chb07_03.edf;chb07_06.edf;chb07_09.edf;chb07_14.edf;chb07_17.edf;chb07_19.edf
chb07,125s non-causal,0.4,15,131,76657,128,0,0,4,4,0.9278607780717485,1,1,23,21.369722222222222,76,4.0,2,606,252,chb07_03.edf;chb07_06.edf;chb07_09.edf;chb07_14.edf;chb07_17.edf;chb07_19.edf
chb08,none,0.8,100,157,14072,71,0,0,4,4,0.965185998942116,1,1,89,4.0,5,17.0,0,4386,1086,chb08_02.edf;chb08_03.edf;chb08_15.edf;chb08_20.edf
chb08,13s causal avg,0.6,163,222,14007,8,2,2,2,2,0.9942917828222487,1,1,18,4.0,8,,0,4386,1086,chb08_02.edf;chb08_03.edf;chb08_15.edf;chb08_20.edf
chb08,13s non-causal avg,0.65,168,93,14136,3,2,2,2,2,0.9989166347123226,1,1,7,4.0,3,,0,4386,1086,chb08_02.edf;chb08_03.edf;chb08_15.edf;chb08_20.edf
chb08,29s causal avg,0.45,167,1607,12622,4,2,2,2,2,0.9937390034929899,1,1,43,4.0,4,,0,4386,1086,chb08_02.edf;chb08_03.edf;chb08_15.edf;chb08_20.edf
chb08,29s non-causal avg,0.55,171,307,13922,0,4,4,0,0,0.9993769416630808,1,1,8,4.0,0,,0,4386,1086,chb08_02.edf;chb08_03.edf;chb08_15.edf;chb08_20.edf
chb08,61s causal avg,0.3,171,9023,5206,0,4,4,0,0,0.9732767155783901,1,1,53,4.0,0,,0,4386,1086,chb08_02.edf;chb08_03.edf;chb08_15.edf;chb08_20.edf
chb08,61s non-causal avg,0.5,171,470,13759,0,4,4,0,0,0.9992339177176667,1,1,10,4.0,0,,0,4386,1086,chb08_02.edf;chb08_03.edf;chb08_15.edf;chb08_20.edf
chb08,125s causal avg,0.2,171,13774,455,0,4,4,0,0,0.9570106187059702,1,1,5,4.0,0,,0,4386,1086,chb08_02.edf;chb08_03.edf;chb08_15.edf;chb08_20.edf
chb08,125s non-causal avg,0.5,171,224,14005,0,4,4,0,0,0.998767445941675,1,1,2,4.0,0,,0,4386,1086,chb08_02.edf;chb08_03.edf;chb08_15.edf;chb08_20.edf
chb08,13s causal,0.55,162,155,14074,9,2,2,2,2,0.9981961721367161,1,1,17,4.0,4,13.0,0,4386,1086,chb08_02.edf;chb08_03.edf;chb08_15.edf;chb08_20.edf
chb08,13s non-causal,0.55,166,157,14072,5,3,2,2,1,0.9982993302122879,1,1,16,4.0,1,13.0,0,4386,1086,chb08_02.edf;chb08_03.edf;chb08_15.edf;chb08_20.edf
chb08,29s causal,0.55,166,130,14099,5,2,2,2,2,0.9979894449972238,1,1,8,4.0,5,8.0,0,4386,1086,chb08_02.edf;chb08_03.edf;chb08_15.edf;chb08_20.edf
chb08,29s non-causal,0.55,171,178,14051,0,4,4,0,0,0.9992026826031509,1,1,8,4.0,0,16.0,0,4386,1086,chb08_02.edf;chb08_03.edf;chb08_15.edf;chb08_20.edf
chb08,61s causal,0.55,166,141,14088,5,2,2,2,2,0.9981604161503624,1,1,15,4.0,5,11.0,0,4386,1086,chb08_02.edf;chb08_03.edf;chb08_15.edf;chb08_20.edf
chb08,61s non-causal,0.4,171,176,14053,0,4,3,1,0,0.9992532341700645,1,1,11,4.0,0,6.0,0,4386,1086,chb08_02.edf;chb08_03.edf;chb08_15.edf;chb08_20.edf
chb08,125s causal,0.7,162,54,14175,9,2,2,2,2,0.9982072688221362,1,1,6,4.0,5,23.0,0,4386,1086,chb08_02.edf;chb08_03.edf;chb08_15.edf;chb08_20.edf
chb08,125s non-causal,0.45,171,130,14099,0,4,4,0,0,0.9996005193248777,1,1,2,4.0,0,6.0,0,4386,1086,chb08_02.edf;chb08_03.edf;chb08_15.edf;chb08_20.edf
chb08,none,0.75,78,106,14104,112,0,0,4,4,0.9314889440349641,1,1,68,4.0,5,13.0,1,3642,1002,chb08_04.edf;chb08_05.edf;chb08_16.edf;chb08_22.edf
chb08,13s causal avg,0.65,108,7,14203,82,0,0,4,4,0.9824654616837661,1,1,1,4.0,13,,1,3642,1002,chb08_04.edf;chb08_05.edf;chb08_16.edf;chb08_22.edf
chb08,13s non-causal avg,0.65,108,7,14203,82,0,0,4,4,0.990975591688581,1,1,1,4.0,7,,1,3642,1002,chb08_04.edf;chb08_05.edf;chb08_16.edf;chb08_22.edf
chb08,29s causal avg,0.6,141,5,14205,49,0,0,4,4,0.9763039371828586,1,1,2,4.0,23,,1,3642,1002,chb08_04.edf;chb08_05.edf;chb08_16.edf;chb08_22.edf
chb08,29s non-causal avg,0.6,141,5,14205,49,0,0,4,4,0.9935579095522057,1,1,2,4.0,9,,1,3642,1002,chb08_04.edf;chb08_05.edf;chb08_16.edf;chb08_22.edf
chb08,61s causal avg,0.7,51,0,14210,139,0,0,4,4,0.9799959257750287,1,1,0,4.0,104,,1,3642,1002,chb08_04.edf;chb08_05.edf;chb08_16.edf;chb08_22.edf
chb08,61s non-causal avg,0.6,126,0,14210,64,0,0,4,4,0.9934090151487093,1,1,0,4.0,21,,1,3642,1002,chb08_04.edf;chb08_05.edf;chb08_16.edf;chb08_22.edf
chb08,125s causal avg,0.45,128,408,13802,62,2,2,2,2,0.9348961072632318,1,1,2,4.0,62,,1,3642,1002,chb08_04.edf;chb08_05.edf;chb08_16.edf;chb08_22.edf
chb08,125s non-causal avg,0.65,69,0,14210,121,0,0,4,4,0.9925900959294789,1,1,0,4.0,51,,1,3642,1002,chb08_04.edf;chb08_05.edf;chb08_16.edf;chb08_22.edf
chb08,13s causal,0.65,86,203,14007,104,0,0,4,4,0.9668313641245971,1,1,6,4.0,9,15.0,1,3642,1002,chb08_04.edf;chb08_05.edf;chb08_16.edf;chb08_22.edf
chb08,13s non-causal,0.6,109,270,13940,81,0,0,4,4,0.9772421200785214,1,1,4,4.0,5,28.0,1,3642,1002,chb08_04.edf;chb08_05.edf;chb08_16.edf;chb08_22.edf
chb08,29s causal,0.6,129,350,13860,61,0,0,4,4,0.9345242416385792,1,1,3,4.0,6,35.0,1,3642,1002,chb08_04.edf;chb08_05.edf;chb08_16.edf;chb08_22.edf
chb08,29s non-causal,0.6,118,300,13910,72,0,0,4,4,0.9832216008000296,1,1,2,4.0,4,21.0,1,3642,1002,chb08_04.edf;chb08_05.edf;chb08_16.edf;chb08_22.edf
chb08,61s causal,0.55,128,343,13867,62,0,0,4,4,0.9012781954887218,1,1,1,4.0,6,45.0,1,3642,1002,chb08_04.edf;chb08_05.edf;chb08_16.edf;chb08_22.edf
chb08,61s non-causal,0.6,126,354,13856,64,0,0,4,4,0.9730245564650544,1,1,1,4.0,4,53.0,1,3642,1002,chb08_04.edf;chb08_05.edf;chb08_16.edf;chb08_22.edf
chb08,125s causal,0.75,99,26,14184,91,0,0,4,4,0.9025167598799956,1,1,6,4.0,8,54.0,1,3642,1002,chb08_04.edf;chb08_05.edf;chb08_16.edf;chb08_22.edf
chb08,125s non-causal,0.6,129,193,14017,61,0,0,4,4,0.9867683988295863,1,1,5,4.0,4,66.0,1,3642,1002,chb08_04.edf;chb08_05.edf;chb08_16.edf;chb08_22.edf
chb08,none,0.9,42,7,14259,92,0,0,4,4,0.9765829830240359,1,1,3,4.0,10,21.0,2,4608,954,chb08_10.edf;chb08_11.edf;chb08_17.edf;chb08_23.edf
chb08,13s causal avg,0.55,120,100,14166,14,2,2,2,2,0.9648925218293783,1,1,3,4.0,14,,2,4608,954,chb08_10.edf;chb08_11.edf;chb08_17.edf;chb08_23.edf
chb08,13s non-causal avg,0.65,121,26,14240,13,0,0,4,4,0.9923793342275027,1,1,2,4.0,10,,2,4608,954,chb08_10.edf;chb08_11.edf;chb08_17.edf;chb08_23.edf
chb08,29s causal avg,0.45,115,168,14098,19,2,2,2,2,0.9615770509571866,1,1,2,4.0,19,,2,4608,954,chb08_10.edf;chb08_11.edf;chb08_17.edf;chb08_23.edf
chb08,29s non-causal avg,0.55,125,103,14163,9,2,2,2,2,0.9982800144796834,1,1,0,4.0,9,,2,4608,954,chb08_10.edf;chb08_11.edf;chb08_17.edf;chb08_23.edf
chb08,61s causal avg,0.25,119,2606,11660,15,2,2,2,2,0.9342053227483779,1,1,31,4.0,15,,2,4608,954,chb08_10.edf;chb08_11.edf;chb08_17.edf;chb08_23.edf
chb08,61s non-causal avg,0.5,126,117,14149,8,2,2,2,2,0.9989035615417934,1,1,0,4.0,8,,2,4608,954,chb08_10.edf;chb08_11.edf;chb08_17.edf;chb08_23.edf
chb08,125s causal avg,0.15,134,9917,4349,0,4,4,0,0,0.9020460922640409,1,1,20,4.0,0,,2,4608,954,chb08_10.edf;chb08_11.edf;chb08_17.edf;chb08_23.edf
chb08,125s non-causal avg,0.5,127,103,14163,7,2,2,2,2,0.998527445486712,1,1,0,4.0,7,,2,4608,954,chb08_10.edf;chb08_11.edf;chb08_17.edf;chb08_23.edf
chb08,13s causal,0.45,123,42,14224,11,2,1,3,2,0.979826787832881,1,1,4,4.0,11,9.0,2,4608,954,chb08_10.edf;chb08_11.edf;chb08_17.edf;chb08_23.edf
chb08,13s non-causal,0.65,121,16,14250,13,0,0,4,4,0.9885203521157704,1,1,4,4.0,9,4.0,2,4608,954,chb08_10.edf;chb08_11.edf;chb08_17.edf;chb08_23.edf
chb08,29s causal,0.45,125,28,14238,9,2,2,2,2,0.984190047937796,1,1,3,4.0,9,16.0,2,4608,954,chb08_10.edf;chb08_11.edf;chb08_17.edf;chb08_23.edf
chb08,29s non-causal,0.5,115,14,14252,19,0,0,4,4,0.9877890444036651,1,1,2,4.0,9,2.0,2,4608,954,chb08_10.edf;chb08_11.edf;chb08_17.edf;chb08_23.edf
chb08,61s causal,0.4,125,16,14250,9,2,2,2,2,0.99291447570782,1,1,3,4.0,9,20.0,2,4608,954,chb08_10.edf;chb08_11.edf;chb08_17.edf;chb08_23.edf
chb08,61s non-causal,0.4,124,73,14193,10,1,1,3,3,0.9936023652939564,1,1,1,4.0,9,1.0,2,4608,954,chb08_10.edf;chb08_11.edf;chb08_17.edf;chb08_23.edf
chb08,125s causal,0.4,125,25,14241,9,2,2,2,2,0.9901001441691026,1,1,5,4.0,9,15.0,2,4608,954,chb08_10.edf;chb08_11.edf;chb08_17.edf;chb08_23.edf
chb08,125s non-causal,0.3,125,47,14219,9,1,1,3,3,0.9977600431879576,1,1,2,4.0,8,3.0,2,4608,954,chb08_10.edf;chb08_11.edf;chb08_17.edf;chb08_23.edf
chb08,none,0.75,87,57,14183,73,0,1,3,4,0.9759050210674158,1,1,31,4.0,3,32.0,3,3642,756,chb08_12.edf;chb08_13.edf;chb08_18.edf;chb08_24.edf
chb08,13s causal avg,0.65,117,0,14240,43,0,0,4,4,0.999040554775281,1,1,0,4.0,15,,3,3642,756,chb08_12.edf;chb08_13.edf;chb08_18.edf;chb08_24.edf
chb08,13s non-causal avg,0.65,117,0,14240,43,0,0,4,4,0.9996774051966292,1,1,0,4.0,9,,3,3642,756,chb08_12.edf;chb08_13.edf;chb08_18.edf;chb08_24.edf
chb08,29s causal avg,0.65,110,0,14240,50,0,0,4,4,0.9974337254213483,1,1,0,4.0,30,,3,3642,756,chb08_12.edf;chb08_13.edf;chb08_18.edf;chb08_24.edf
chb08,29s non-causal avg,0.65,110,0,14240,50,0,0,4,4,0.9999179248595504,1,1,0,4.0,16,,3,3642,756,chb08_12.edf;chb08_13.edf;chb08_18.edf;chb08_24.edf
chb08,61s causal avg,0.65,104,0,14240,56,2,0,4,2,0.9942033883426966,1,1,0,4.0,56,,3,3642,756,chb08_12.edf;chb08_13.edf;chb08_18.edf;chb08_24.edf
chb08,61s non-causal avg,0.65,104,0,14240,56,0,0,4,4,0.9998073209269663,1,1,0,4.0,26,,3,3642,756,chb08_12.edf;chb08_13.edf;chb08_18.edf;chb08_24.edf
chb08,125s causal avg,0.3,133,329,13911,27,2,2,2,2,0.9799820049157303,1,1,2,4.0,27,,3,3642,756,chb08_12.edf;chb08_13.edf;chb08_18.edf;chb08_24.edf
chb08,125s non-causal avg,0.5,151,33,14207,9,2,2,2,2,0.999744996488764,1,1,0,4.0,9,,3,3642,756,chb08_12.edf;chb08_13.edf;chb08_18.edf;chb08_24.edf
chb08,13s causal,0.45,124,21,14219,36,0,0,4,4,0.9960564431179775,1,1,10,4.0,6,26.0,3,3642,756,chb08_12.edf;chb08_13.edf;chb08_18.edf;chb08_24.edf
chb08,13s non-causal,0.55,131,25,14215,29,0,0,4,4,0.9987341994382023,1,1,7,4.0,5,5.0,3,3642,756,chb08_12.edf;chb08_13.edf;chb08_18.edf;chb08_24.edf
chb08,29s causal,0.4,126,32,14208,34,0,0,4,4,0.9940923455056181,1,1,12,4.0,5,30.0,3,3642,756,chb08_12.edf;chb08_13.edf;chb08_18.edf;chb08_24.edf
chb08,29s non-causal,0.55,131,9,14231,29,0,0,4,4,0.9994597085674157,1,1,4,4.0,6,4.0,3,3642,756,chb08_12.edf;chb08_13.edf;chb08_18.edf;chb08_24.edf
chb08,61s causal,0.5,132,18,14222,28,0,0,4,4,0.9965423103932584,1,1,6,4.0,5,24.0,3,3642,756,chb08_12.edf;chb08_13.edf;chb08_18.edf;chb08_24.edf
chb08,61s non-causal,0.6,133,0,14240,27,0,0,4,4,0.9998841292134831,1,1,0,4.0,3,11.0,3,3642,756,chb08_12.edf;chb08_13.edf;chb08_18.edf;chb08_24.edf
chb08,125s causal,0.45,135,29,14211,25,0,0,4,4,0.9956539676966292,1,1,9,4.0,4,36.0,3,3642,756,chb08_12.edf;chb08_13.edf;chb08_18.edf;chb08_24.edf
chb08,125s non-causal,0.45,143,0,14240,17,1,0,4,3,0.9999139747191012,1,1,0,4.0,1,10.0,3,3642,756,chb08_12.edf;chb08_13.edf;chb08_18.edf;chb08_24.edf
chb08,none,0.8,105,116,14043,159,0,0,4,4,0.9342727187119446,1,1,63,4.006388888888889,7,29.0,4,3198,942,chb08_14.edf;chb08_19.edf;chb08_21.edf;chb08_29.edf
chb08,13s causal avg,0.75,82,2,14157,182,0,0,4,4,0.9904887029772262,1,1,1,4.006388888888889,18,,4,3198,942,chb08_14.edf;chb08_19.edf;chb08_21.edf;chb08_29.edf
chb08,13s non-causal avg,0.75,82,2,14157,182,0,0,4,4,0.9917027289634818,1,1,1,4.006388888888889,12,,4,3198,942,chb08_14.edf;chb08_19.edf;chb08_21.edf;chb08_29.edf
chb08,29s causal avg,0.75,70,0,14159,194,0,0,4,4,0.9937511637313884,1,1,0,4.006388888888889,31,,4,3198,942,chb08_14.edf;chb08_19.edf;chb08_21.edf;chb08_29.edf
chb08,29s non-causal avg,0.65,147,0,14159,117,0,0,4,4,0.9975096148289877,1,1,0,4.006388888888889,12,,4,3198,942,chb08_14.edf;chb08_19.edf;chb08_21.edf;chb08_29.edf
chb08,61s causal avg,0.75,53,0,14159,211,0,0,4,4,0.9919911203282205,1,1,0,4.006388888888889,120,,4,3198,942,chb08_14.edf;chb08_19.edf;chb08_21.edf;chb08_29.edf
chb08,61s non-causal avg,0.65,145,0,14159,119,0,0,4,4,0.9991305455144709,1,1,0,4.006388888888889,25,,4,3198,942,chb08_14.edf;chb08_19.edf;chb08_21.edf;chb08_29.edf
chb08,125s causal avg,0.25,236,494,13665,28,2,2,2,2,0.974399247079168,1,1,2,4.006388888888889,28,,4,3198,942,chb08_14.edf;chb08_19.edf;chb08_21.edf;chb08_29.edf
chb08,125s non-causal avg,0.65,109,0,14159,155,0,0,4,4,0.9998135354534112,1,1,0,4.006388888888889,48,,4,3198,942,chb08_14.edf;chb08_19.edf;chb08_21.edf;chb08_29.edf
chb08,13s causal,0.55,116,16,14143,148,0,0,4,4,0.9829073273878698,1,1,2,4.006388888888889,15,2.0,4,3198,942,chb08_14.edf;chb08_19.edf;chb08_21.edf;chb08_29.edf
chb08,13s non-causal,0.6,105,16,14143,159,0,0,4,4,0.9788026996428013,1,1,3,4.006388888888889,12,2.0,4,3198,942,chb08_14.edf;chb08_19.edf;chb08_21.edf;chb08_29.edf
chb08,29s causal,0.6,102,11,14148,162,0,0,4,4,0.984609050459393,1,1,2,4.006388888888889,17,4.0,4,3198,942,chb08_14.edf;chb08_19.edf;chb08_21.edf;chb08_29.edf
chb08,29s non-causal,0.55,126,17,14142,138,0,0,4,4,0.9897845786061763,1,1,2,4.006388888888889,12,2.0,4,3198,942,chb08_14.edf;chb08_19.edf;chb08_21.edf;chb08_29.edf
chb08,61s causal,0.6,107,11,14148,157,0,0,4,4,0.9478193546454018,1,1,2,4.006388888888889,14,8.0,4,3198,942,chb08_14.edf;chb08_19.edf;chb08_21.edf;chb08_29.edf
chb08,61s non-causal,0.5,145,8,14151,119,0,0,4,4,0.9948790468424623,1,1,2,4.006388888888889,12,1.0,4,3198,942,chb08_14.edf;chb08_19.edf;chb08_21.edf;chb08_29.edf
chb08,125s causal,0.55,111,16,14143,153,0,0,4,4,0.9363869644962942,1,1,4,4.006388888888889,13,8.0,4,3198,942,chb08_14.edf;chb08_19.edf;chb08_21.edf;chb08_29.edf
chb08,125s non-causal,0.5,143,4,14155,121,0,0,4,4,0.9960834419482629,1,1,1,4.006388888888889,11,4.0,4,3198,942,chb08_14.edf;chb08_19.edf;chb08_21.edf;chb08_29.edf
chb09,none,0.6,27,683,93711,37,1,0,4,3,0.9454303570671865,1,1,474,26.238333333333333,4,5.0,0,900,474,chb09_01.edf;chb09_04.edf;chb09_06.edf;chb09_09.edf;chb09_12.edf;chb09_15.edf;chb09_18.edf
chb09,13s causal avg,0.55,45,40,94354,19,2,2,2,2,0.967921524408331,1,1,8,26.238333333333333,19,,0,900,474,chb09_01.edf;chb09_04.edf;chb09_06.edf;chb09_09.edf;chb09_12.edf;chb09_15.edf;chb09_18.edf
chb09,13s non-causal avg,0.55,47,38,94356,17,0,0,4,4,0.9955780425662648,1,1,8,26.238333333333333,13,,0,900,474,chb09_01.edf;chb09_04.edf;chb09_06.edf;chb09_09.edf;chb09_12.edf;chb09_15.edf;chb09_18.edf
chb09,29s causal avg,0.5,43,355,94039,21,2,2,2,2,0.9163981224971927,1,1,9,26.238333333333333,21,,0,900,474,chb09_01.edf;chb09_04.edf;chb09_06.edf;chb09_09.edf;chb09_12.edf;chb09_15.edf;chb09_18.edf
chb09,29s non-causal avg,0.5,57,341,94053,7,2,0,4,2,0.998485238733394,1,1,9,26.238333333333333,7,,0,900,474,chb09_01.edf;chb09_04.edf;chb09_06.edf;chb09_09.edf;chb09_12.edf;chb09_15.edf;chb09_18.edf
chb09,61s causal avg,0.5,24,330,94064,40,2,2,2,2,0.8092177137847745,1,1,5,26.238333333333333,40,,0,900,474,chb09_01.edf;chb09_04.edf;chb09_06.edf;chb09_09.edf;chb09_12.edf;chb09_15.edf;chb09_18.edf
chb09,61s non-causal avg,0.5,50,304,94090,14,0,0,4,4,0.998358112009238,1,1,5,26.238333333333333,10,,0,900,474,chb09_01.edf;chb09_04.edf;chb09_06.edf;chb09_09.edf;chb09_12.edf;chb09_15.edf;chb09_18.edf
chb09,125s causal avg,0.45,17,2194,92200,47,2,2,2,2,0.7471987427696676,1,1,23,26.238333333333333,47,,0,900,474,chb09_01.edf;chb09_04.edf;chb09_06.edf;chb09_09.edf;chb09_12.edf;chb09_15.edf;chb09_18.edf
chb09,125s non-causal avg,0.45,64,2133,92261,0,4,4,0,0,0.9950142487869991,1,1,21,26.238333333333333,0,,0,900,474,chb09_01.edf;chb09_04.edf;chb09_06.edf;chb09_09.edf;chb09_12.edf;chb09_15.edf;chb09_18.edf
chb09,13s causal,0.55,43,40,94354,21,2,0,4,2,0.9899569887916605,1,1,17,26.238333333333333,17,12.0,0,900,474,chb09_01.edf;chb09_04.edf;chb09_06.edf;chb09_09.edf;chb09_12.edf;chb09_15.edf;chb09_18.edf
chb09,13s non-causal,0.5,52,90,94304,12,0,0,4,4,0.9968590760535627,1,1,29,26.238333333333333,9,12.0,0,900,474,chb09_01.edf;chb09_04.edf;chb09_06.edf;chb09_09.edf;chb09_12.edf;chb09_15.edf;chb09_18.edf
chb09,29s causal,0.45,46,104,94290,18,2,1,3,2,0.9740639136226878,1,1,18,26.238333333333333,17,5.0,0,900,474,chb09_01.edf;chb09_04.edf;chb09_06.edf;chb09_09.edf;chb09_12.edf;chb09_15.edf;chb09_18.edf
chb09,29s non-causal,0.5,49,90,94304,15,1,0,4,3,0.9963411339703795,1,1,17,26.238333333333333,9,5.0,0,900,474,chb09_01.edf;chb09_04.edf;chb09_06.edf;chb09_09.edf;chb09_12.edf;chb09_15.edf;chb09_18.edf
chb09,61s causal,0.55,48,132,94262,16,2,0,4,2,0.9859998384431213,1,1,32,26.238333333333333,13,8.0,0,900,474,chb09_01.edf;chb09_04.edf;chb09_06.edf;chb09_09.edf;chb09_12.edf;chb09_15.edf;chb09_18.edf
chb09,61s non-causal,0.45,53,159,94235,11,1,0,4,3,0.9969362128419179,1,1,29,26.238333333333333,9,5.0,0,900,474,chb09_01.edf;chb09_04.edf;chb09_06.edf;chb09_09.edf;chb09_12.edf;chb09_15.edf;chb09_18.edf
chb09,125s causal,0.5,52,142,94252,12,2,1,3,2,0.988824931934233,1,1,33,26.238333333333333,12,7.0,0,900,474,chb09_01.edf;chb09_04.edf;chb09_06.edf;chb09_09.edf;chb09_12.edf;chb09_15.edf;chb09_18.edf
chb09,125s non-causal,0.4,45,86,94308,19,0,0,4,4,0.9976145530965952,1,1,20,26.238333333333333,10,3.0,0,900,474,chb09_01.edf;chb09_04.edf;chb09_06.edf;chb09_09.edf;chb09_12.edf;chb09_15.edf;chb09_18.edf
chb09,none,0.8,31,368,85077,119,1,0,8,7,0.9536440985429224,2,2,274,23.77638888888889,3;2,23.0,1,372,228,chb09_02.edf;chb09_05.edf;chb09_08.edf;chb09_10.edf;chb09_13.edf;chb09_16.edf
chb09,13s causal avg,0.6,94,46,85399,56,2,0,8,6,0.9863490354419022,2,2,12,23.77638888888889,10;12,,1,372,228,chb09_02.edf;chb09_05.edf;chb09_08.edf;chb09_10.edf;chb09_13.edf;chb09_16.edf
chb09,13s non-causal avg,0.6,94,45,85400,56,0,0,8,8,0.9986844558878031,2,2,11,23.77638888888889,4;6,,1,372,228,chb09_02.edf;chb09_05.edf;chb09_08.edf;chb09_10.edf;chb09_13.edf;chb09_16.edf
chb09,29s causal avg,0.6,95,3,85442,55,2,1,7,6,0.9823193087171085,2,2,2,23.77638888888889,21;26,,1,372,228,chb09_02.edf;chb09_05.edf;chb09_08.edf;chb09_10.edf;chb09_13.edf;chb09_16.edf
chb09,29s non-causal avg,0.55,121,36,85409,29,0,0,8,8,0.9992878069713461,2,2,4,23.77638888888889,4;8,,1,372,228,chb09_02.edf;chb09_05.edf;chb09_08.edf;chb09_10.edf;chb09_13.edf;chb09_16.edf
chb09,61s causal avg,0.5,82,117,85328,68,4,4,4,4,0.9708494743207131,2,2,3,23.77638888888889,26;42,,1,372,228,chb09_02.edf;chb09_05.edf;chb09_08.edf;chb09_10.edf;chb09_13.edf;chb09_16.edf
chb09,61s non-causal avg,0.55,95,0,85445,55,0,0,8,8,0.9996239296233445,2,2,0,23.77638888888889,4;19,,1,372,228,chb09_02.edf;chb09_05.edf;chb09_08.edf;chb09_10.edf;chb09_13.edf;chb09_16.edf
chb09,125s causal avg,0.35,101,3830,81615,49,4,4,4,4,0.9414042951606296,2,2,38,23.77638888888889,15;34,,1,372,228,chb09_02.edf;chb09_05.edf;chb09_08.edf;chb09_10.edf;chb09_13.edf;chb09_16.edf
chb09,125s non-causal avg,0.45,144,183,85262,6,6,6,2,2,0.9995262449528937,2,2,4,23.77638888888889,0;6,,1,372,228,chb09_02.edf;chb09_05.edf;chb09_08.edf;chb09_10.edf;chb09_13.edf;chb09_16.edf
chb09,13s causal,0.35,53,133,85312,97,1,0,8,7,0.9893825657830573,2,2,52,23.77638888888889,7;2,6.0,1,372,228,chb09_02.edf;chb09_05.edf;chb09_08.edf;chb09_10.edf;chb09_13.edf;chb09_16.edf
chb09,13s non-causal,0.35,51,243,85202,99,0,0,8,8,0.9871634384691906,2,2,111,23.77638888888889,3;2,6.0,1,372,228,chb09_02.edf;chb09_05.edf;chb09_08.edf;chb09_10.edf;chb09_13.edf;chb09_16.edf
chb09,29s causal,0.35,65,117,85328,85,1,0,8,7,0.9894885989037783,2,2,46,23.77638888888889,9;13,5.0,1,372,228,chb09_02.edf;chb09_05.edf;chb09_08.edf;chb09_10.edf;chb09_13.edf;chb09_16.edf
chb09,29s non-causal,0.35,61,213,85232,89,0,0,8,8,0.9901758246045215,2,2,99,23.77638888888889,2;2,5.0,1,372,228,chb09_02.edf;chb09_05.edf;chb09_08.edf;chb09_10.edf;chb09_13.edf;chb09_16.edf
chb09,61s causal,0.35,55,48,85397,95,1,0,8,7,0.9909051046482142,2,2,27,23.77638888888889,10;13,5.0,1,372,228,chb09_02.edf;chb09_05.edf;chb09_08.edf;chb09_10.edf;chb09_13.edf;chb09_16.edf
chb09,61s non-causal,0.35,54,69,85376,96,0,0,8,8,0.9941056039947724,2,2,38,23.77638888888889,2;11,5.0,1,372,228,chb09_02.edf;chb09_05.edf;chb09_08.edf;chb09_10.edf;chb09_13.edf;chb09_16.edf
chb09,125s causal,0.35,49,47,85398,101,2,0,8,6,0.9891361694657382,2,2,21,23.77638888888889,10;13,4.0,1,372,228,chb09_02.edf;chb09_05.edf;chb09_08.edf;chb09_10.edf;chb09_13.edf;chb09_16.edf
chb09,125s non-causal,0.3,111,487,84958,39,1,0,8,7,0.994306825053153,2,2,154,23.77638888888889,2;1,4.0,1,372,228,chb09_02.edf;chb09_05.edf;chb09_08.edf;chb09_10.edf;chb09_13.edf;chb09_16.edf
chb09,none,0.85,29,196,64027,33,3,0,4,1,0.9242176830429053,1,1,143,17.856944444444444,0,15.0,2,858,468,chb09_03.edf;chb09_07.edf;chb09_11.edf;chb09_14.edf;chb09_17.edf;chb09_19.edf
chb09,13s causal avg,0.75,43,2,64221,19,0,0,4,4,0.9972535213743643,1,1,2,17.856944444444444,11,,2,858,468,chb09_03.edf;chb09_07.edf;chb09_11.edf;chb09_14.edf;chb09_17.edf;chb09_19.edf
chb09,13s non-causal avg,0.75,43,1,64222,19,0,0,4,4,0.9920501297645854,1,1,1,17.856944444444444,5,,2,858,468,chb09_03.edf;chb09_07.edf;chb09_11.edf;chb09_14.edf;chb09_17.edf;chb09_19.edf
chb09,29s causal avg,0.75,33,1,64222,29,0,0,4,4,0.997632995515123,1,1,1,17.856944444444444,24,,2,858,468,chb09_03.edf;chb09_07.edf;chb09_11.edf;chb09_14.edf;chb09_17.edf;chb09_19.edf
chb09,29s non-causal avg,0.7,38,0,64223,24,0,0,4,4,0.9978821274460511,1,1,0,17.856944444444444,7,,2,858,468,chb09_03.edf;chb09_07.edf;chb09_11.edf;chb09_14.edf;chb09_17.edf;chb09_19.edf
chb09,61s causal avg,0.7,20,6,64217,42,2,2,2,2,0.9964049157346403,1,1,1,17.856944444444444,42,,2,858,468,chb09_03.edf;chb09_07.edf;chb09_11.edf;chb09_14.edf;chb09_17.edf;chb09_19.edf
chb09,61s non-causal avg,0.65,34,0,64223,28,0,0,4,4,0.9987684042446857,1,1,0,17.856944444444444,7,,2,858,468,chb09_03.edf;chb09_07.edf;chb09_11.edf;chb09_14.edf;chb09_17.edf;chb09_19.edf
chb09,125s causal avg,0.4,62,690,63533,0,4,2,2,0,0.9945062893255506,1,1,6,17.856944444444444,0,,2,858,468,chb09_03.edf;chb09_07.edf;chb09_11.edf;chb09_14.edf;chb09_17.edf;chb09_19.edf
chb09,125s non-causal avg,0.55,11,208,64015,51,4,4,0,0,0.9960088662839612,1,1,1,17.856944444444444,0,,2,858,468,chb09_03.edf;chb09_07.edf;chb09_11.edf;chb09_14.edf;chb09_17.edf;chb09_19.edf
chb09,13s causal,0.6,48,23,64200,14,0,0,4,4,0.9290079476099657,1,1,10,17.856944444444444,4,8.0,2,858,468,chb09_03.edf;chb09_07.edf;chb09_11.edf;chb09_14.edf;chb09_17.edf;chb09_19.edf
chb09,13s non-causal,0.6,50,29,64194,12,1,0,4,3,0.9304839036160796,1,1,10,17.856944444444444,1,8.0,2,858,468,chb09_03.edf;chb09_07.edf;chb09_11.edf;chb09_14.edf;chb09_17.edf;chb09_19.edf
chb09,29s causal,0.6,50,17,64206,12,0,0,4,4,0.9317609559031459,1,1,6,17.856944444444444,4,10.0,2,858,468,chb09_03.edf;chb09_07.edf;chb09_11.edf;chb09_14.edf;chb09_17.edf;chb09_19.edf
chb09,29s non-causal,0.55,50,19,64204,12,2,0,4,2,0.9368817221043813,1,1,5,17.856944444444444,0,10.0,2,858,468,chb09_03.edf;chb09_07.edf;chb09_11.edf;chb09_14.edf;chb09_17.edf;chb09_19.edf
chb09,61s causal,0.5,51,44,64179,11,0,0,4,4,0.9258807391382746,1,1,19,17.856944444444444,4,6.0,2,858,468,chb09_03.edf;chb09_07.edf;chb09_11.edf;chb09_14.edf;chb09_17.edf;chb09_19.edf
chb09,61s non-causal,0.75,48,3,64220,14,2,0,4,2,0.9383903264482175,1,1,1,17.856944444444444,0,15.0,2,858,468,chb09_03.edf;chb09_07.edf;chb09_11.edf;chb09_14.edf;chb09_17.edf;chb09_19.edf
chb09,125s causal,0.6,48,30,64193,14,0,0,4,4,0.9256916299205439,1,1,16,17.856944444444444,4,9.0,2,858,468,chb09_03.edf;chb09_07.edf;chb09_11.edf;chb09_14.edf;chb09_17.edf;chb09_19.edf
chb09,125s non-causal,0.7,48,1,64222,14,2,0,4,2,0.9626651189680312,1,1,1,17.856944444444444,0,37.0,2,858,468,chb09_03.edf;chb09_07.edf;chb09_11.edf;chb09_14.edf;chb09_17.edf;chb09_19.edf
chb10,none,0.85,69,79,43032,61,1,0,8,7,0.9531547365209307,2,2,57,12.011388888888888,1;2,5.0,0,1554,906,chb10_01.edf;chb10_06.edf;chb10_15.edf;chb10_21.edf;chb10_31.edf;chb10_89.edf
chb10,13s causal avg,0.6,115,571,42540,15,2,2,6,6,0.9867299618337637,2,2,37,12.011388888888888,5;7,,0,1554,906,chb10_01.edf;chb10_06.edf;chb10_15.edf;chb10_21.edf;chb10_31.edf;chb10_89.edf
chb10,13s non-causal avg,0.6,120,559,42552,10,5,2,6,3,0.9921970655356566,2,2,36,12.011388888888888,0;1,,0,1554,906,chb10_01.edf;chb10_06.edf;chb10_15.edf;chb10_21.edf;chb10_31.edf;chb10_89.edf
chb10,29s causal avg,0.6,102,472,42639,28,4,3,5,4,0.9727367457529132,2,2,18,12.011388888888888,10;18,,0,1554,906,chb10_01.edf;chb10_06.edf;chb10_15.edf;chb10_21.edf;chb10_31.edf;chb10_89.edf
chb10,29s non-causal avg,0.55,121,942,42169,9,6,4,4,2,0.9943310916542807,2,2,21,12.011388888888888,0;0,,0,1554,906,chb10_01.edf;chb10_06.edf;chb10_15.edf;chb10_21.edf;chb10_31.edf;chb10_89.edf
chb10,61s causal avg,0.5,97,1632,41479,33,4,4,4,4,0.9425304625091222,2,2,27,12.011388888888888,8;25,,0,1554,906,chb10_01.edf;chb10_06.edf;chb10_15.edf;chb10_21.edf;chb10_31.edf;chb10_89.edf
chb10,61s non-causal avg,0.5,125,1590,41521,5,6,6,2,2,0.9942659646030014,2,2,25,12.011388888888888,0;0,,0,1554,906,chb10_01.edf;chb10_06.edf;chb10_15.edf;chb10_21.edf;chb10_31.edf;chb10_89.edf
chb10,125s causal avg,0.45,85,3603,39508,45,6,6,2,2,0.8837152038655136,2,2,26,12.011388888888888,0;44,,0,1554,906,chb10_01.edf;chb10_06.edf;chb10_15.edf;chb10_21.edf;chb10_31.edf;chb10_89.edf
chb10,125s non-causal avg,0.5,76,1324,41787,54,4,4,4,4,0.9724446553886836,2,1,10,12.011388888888888,0,,0,1554,906,chb10_01.edf;chb10_06.edf;chb10_15.edf;chb10_21.edf;chb10_31.edf;chb10_89.edf
chb10,13s causal,0.45,106,359,42752,24,1,1,7,7,0.9902746577261203,2,2,48,12.011388888888888,3;4,2.0,0,1554,906,chb10_01.edf;chb10_06.edf;chb10_15.edf;chb10_21.edf;chb10_31.edf;chb10_89.edf
chb10,13s non-causal,0.65,90,66,43045,40,1,0,8,7,0.9787877625378496,2,2,23,12.011388888888888,1;2,2.0,0,1554,906,chb10_01.edf;chb10_06.edf;chb10_15.edf;chb10_21.edf;chb10_31.edf;chb10_89.edf
chb10,29s causal,0.45,118,595,42516,12,2,2,6,6,0.9923806702911804,2,2,67,12.011388888888888,3;4,2.0,0,1554,906,chb10_01.edf;chb10_06.edf;chb10_15.edf;chb10_21.edf;chb10_31.edf;chb10_89.edf
chb10,29s non-causal,0.35,114,353,42758,16,5,0,8,3,0.9850181017516502,2,2,48,12.011388888888888,0;0,1.0,0,1554,906,chb10_01.edf;chb10_06.edf;chb10_15.edf;chb10_21.edf;chb10_31.edf;chb10_89.edf
chb10,61s causal,0.45,120,674,42437,10,3,2,6,5,0.9928219283673808,2,2,80,12.011388888888888,1;4,2.0,0,1554,906,chb10_01.edf;chb10_06.edf;chb10_15.edf;chb10_21.edf;chb10_31.edf;chb10_89.edf
chb10,61s non-causal,0.35,110,340,42771,20,5,0,8,3,0.9836372298342562,2,2,46,12.011388888888888,0;0,1.0,0,1554,906,chb10_01.edf;chb10_06.edf;chb10_15.edf;chb10_21.edf;chb10_31.edf;chb10_89.edf
chb10,125s causal,0.35,120,608,42503,10,2,2,6,6,0.9923904839564417,2,2,49,12.011388888888888,3;4,1.0,0,1554,906,chb10_01.edf;chb10_06.edf;chb10_15.edf;chb10_21.edf;chb10_31.edf;chb10_89.edf
chb10,125s non-causal,0.4,108,221,42890,22,2,0,8,6,0.9877377360409534,2,2,30,12.011388888888888,0;2,1.0,0,1554,906,chb10_01.edf;chb10_06.edf;chb10_15.edf;chb10_21.edf;chb10_31.edf;chb10_89.edf
chb10,none,0.9,30,14,35941,28,0,0,4,4,0.9790748972614235,1,1,14,10.00361111111111,2,14.0,1,1944,942,chb10_02.edf;chb10_07.edf;chb10_16.edf;chb10_22.edf;chb10_30.edf
chb10,13s causal avg,0.75,42,0,35955,16,0,0,4,4,0.9999899299411621,1,1,0,10.00361111111111,8,,1,1944,942,chb10_02.edf;chb10_07.edf;chb10_16.edf;chb10_22.edf;chb10_30.edf
chb10,13s non-causal avg,0.65,50,1,35954,8,2,1,3,2,0.9999333458010252,1,1,0,10.00361111111111,0,,1,1944,942,chb10_02.edf;chb10_07.edf;chb10_16.edf;chb10_22.edf;chb10_30.edf
chb10,29s causal avg,0.65,42,2,35953,16,2,2,2,2,0.9991752142285136,1,1,0,10.00361111111111,16,,1,1944,942,chb10_02.edf;chb10_07.edf;chb10_16.edf;chb10_22.edf;chb10_30.edf
chb10,29s non-causal avg,0.65,44,0,35955,14,0,0,4,4,0.9999808189355468,1,1,0,10.00361111111111,2,,1,1944,942,chb10_02.edf;chb10_07.edf;chb10_16.edf;chb10_22.edf;chb10_30.edf
chb10,61s causal avg,0.55,28,22,35933,30,2,2,2,2,0.9845592431151967,1,1,0,10.00361111111111,30,,1,1944,942,chb10_02.edf;chb10_07.edf;chb10_16.edf;chb10_22.edf;chb10_30.edf
chb10,61s non-causal avg,0.6,42,0,35955,16,0,0,4,4,0.9999846551484374,1,1,0,10.00361111111111,4,,1,1944,942,chb10_02.edf;chb10_07.edf;chb10_16.edf;chb10_22.edf;chb10_30.edf
chb10,125s causal avg,0.3,28,91,35864,30,2,2,2,2,0.9355214132608289,1,1,1,10.00361111111111,30,,1,1944,942,chb10_02.edf;chb10_07.edf;chb10_16.edf;chb10_22.edf;chb10_30.edf
chb10,125s non-causal avg,0.55,0,0,35955,58,0,0,4,4,0.9999400591735839,1,0,0,10.00361111111111,,,1,1944,942,chb10_02.edf;chb10_07.edf;chb10_16.edf;chb10_22.edf;chb10_30.edf
chb10,13s causal,0.65,56,0,35955,2,2,0,4,2,0.9943698780563828,1,1,0,10.00361111111111,0,58.0,1,1944,942,chb10_02.edf;chb10_07.edf;chb10_16.edf;chb10_22.edf;chb10_30.edf
chb10,13s non-causal,0.65,52,1,35954,6,2,1,3,2,0.9962045468713286,1,1,0,10.00361111111111,0,16.0,1,1944,942,chb10_02.edf;chb10_07.edf;chb10_16.edf;chb10_22.edf;chb10_30.edf
chb10,29s causal,0.75,53,0,35955,5,2,0,4,2,0.9973213643491146,1,1,0,10.00361111111111,0,24.0,1,1944,942,chb10_02.edf;chb10_07.edf;chb10_16.edf;chb10_22.edf;chb10_30.edf
chb10,29s non-causal,0.75,47,0,35955,11,2,0,4,2,0.9978776152182565,1,1,0,10.00361111111111,0,8.0,1,1944,942,chb10_02.edf;chb10_07.edf;chb10_16.edf;chb10_22.edf;chb10_30.edf
chb10,61s causal,0.7,54,0,35955,4,2,0,4,2,0.9950666302226442,1,1,0,10.00361111111111,0,61.0,1,1944,942,chb10_02.edf;chb10_07.edf;chb10_16.edf;chb10_22.edf;chb10_30.edf
chb10,61s non-causal,0.75,48,1,35954,10,2,1,3,2,0.9991545945842264,1,1,0,10.00361111111111,0,30.0,1,1944,942,chb10_02.edf;chb10_07.edf;chb10_16.edf;chb10_22.edf;chb10_30.edf
chb10,125s causal,0.75,53,0,35955,5,2,0,4,2,0.9987129505751922,1,1,0,10.00361111111111,0,22.0,1,1944,942,chb10_02.edf;chb10_07.edf;chb10_16.edf;chb10_22.edf;chb10_30.edf
chb10,125s non-causal,0.75,48,0,35955,10,2,0,4,2,0.9996878281760246,1,1,0,10.00361111111111,0,19.0,1,1944,942,chb10_02.edf;chb10_07.edf;chb10_16.edf;chb10_22.edf;chb10_30.edf
chb10,none,0.8,52,67,35875,18,1,0,4,3,0.9918205521594314,1,1,45,10.003333333333334,0,8.0,2,1728,774,chb10_03.edf;chb10_08.edf;chb10_17.edf;chb10_20.edf;chb10_28.edf
chb10,13s causal avg,0.6,62,25,35917,8,2,2,2,2,0.9932951501228169,1,1,2,10.003333333333334,8,,2,1728,774,chb10_03.edf;chb10_08.edf;chb10_17.edf;chb10_20.edf;chb10_28.edf
chb10,13s non-causal avg,0.6,65,22,35920,5,0,0,4,4,0.9999042107522437,1,1,2,10.003333333333334,2,,2,1728,774,chb10_03.edf;chb10_08.edf;chb10_17.edf;chb10_20.edf;chb10_28.edf
chb10,29s causal avg,0.6,51,10,35932,19,2,2,2,2,0.9809888153135607,1,1,0,10.003333333333334,19,,2,1728,774,chb10_03.edf;chb10_08.edf;chb10_17.edf;chb10_20.edf;chb10_28.edf
chb10,29s non-causal avg,0.6,61,0,35942,9,0,0,4,4,0.9999721773969172,1,1,0,10.003333333333334,5,,2,1728,774,chb10_03.edf;chb10_08.edf;chb10_17.edf;chb10_20.edf;chb10_28.edf
chb10,61s causal avg,0.6,31,28,35914,39,2,2,2,2,0.9872862627884608,1,1,0,10.003333333333334,39,,2,1728,774,chb10_03.edf;chb10_08.edf;chb10_17.edf;chb10_20.edf;chb10_28.edf
chb10,61s non-causal avg,0.55,65,3,35939,5,2,2,2,2,0.9999852937669419,1,1,0,10.003333333333334,5,,2,1728,774,chb10_03.edf;chb10_08.edf;chb10_17.edf;chb10_20.edf;chb10_28.edf
chb10,125s causal avg,0.35,46,683,35259,24,2,2,2,2,0.9774291119820028,1,1,2,10.003333333333334,24,,2,1728,774,chb10_03.edf;chb10_08.edf;chb10_17.edf;chb10_20.edf;chb10_28.edf
chb10,125s non-causal avg,0.5,70,23,35919,0,4,4,0,0,0.9999642280817508,1,1,0,10.003333333333334,0,,2,1728,774,chb10_03.edf;chb10_08.edf;chb10_17.edf;chb10_20.edf;chb10_28.edf
chb10,13s causal,0.7,65,34,35908,5,2,0,4,2,0.998755932176443,1,1,6,10.003333333333334,5,4.0,2,1728,774,chb10_03.edf;chb10_08.edf;chb10_17.edf;chb10_20.edf;chb10_28.edf
chb10,13s non-causal,0.75,67,41,35901,3,1,0,4,3,0.9995552358164345,1,1,10,10.003333333333334,2,5.0,2,1728,774,chb10_03.edf;chb10_08.edf;chb10_17.edf;chb10_20.edf;chb10_28.edf
chb10,29s causal,0.65,64,30,35912,6,2,1,3,2,0.9979303957964021,1,1,5,10.003333333333334,6,4.0,2,1728,774,chb10_03.edf;chb10_08.edf;chb10_17.edf;chb10_20.edf;chb10_28.edf
chb10,29s non-causal,0.75,67,29,35913,3,1,0,4,3,0.9998302821211953,1,1,6,10.003333333333334,2,17.0,2,1728,774,chb10_03.edf;chb10_08.edf;chb10_17.edf;chb10_20.edf;chb10_28.edf
chb10,61s causal,0.7,64,26,35916,6,2,1,3,2,0.9988771592327321,1,1,5,10.003333333333334,5,3.0,2,1728,774,chb10_03.edf;chb10_08.edf;chb10_17.edf;chb10_20.edf;chb10_28.edf
chb10,61s non-causal,0.8,67,30,35912,3,1,0,4,3,0.9998418086281866,1,1,5,10.003333333333334,2,3.0,2,1728,774,chb10_03.edf;chb10_08.edf;chb10_17.edf;chb10_20.edf;chb10_28.edf
chb10,125s causal,0.7,64,33,35909,6,2,0,4,2,0.9983151426504607,1,1,6,10.003333333333334,5,3.0,2,1728,774,chb10_03.edf;chb10_08.edf;chb10_17.edf;chb10_20.edf;chb10_28.edf
chb10,125s non-causal,0.75,67,25,35917,3,1,0,4,3,0.9998827476012941,1,1,4,10.003333333333334,2,9.0,2,1728,774,chb10_03.edf;chb10_08.edf;chb10_17.edf;chb10_20.edf;chb10_28.edf
chb10,none,0.7,43,26,28727,22,3,0,4,1,0.9312403521772978,1,1,24,8.005,0,4.0,3,1758,1086,chb10_04.edf;chb10_13.edf;chb10_18.edf;chb10_27.edf
chb10,13s causal avg,0.5,60,8,28745,5,2,2,2,2,0.9997956066122866,1,1,0,8.005,5,,3,1758,1086,chb10_04.edf;chb10_13.edf;chb10_18.edf;chb10_27.edf
chb10,13s non-causal avg,0.5,65,3,28750,0,4,3,1,0,0.999994114326532,1,1,0,8.005,0,,3,1758,1086,chb10_04.edf;chb10_13.edf;chb10_18.edf;chb10_27.edf
chb10,29s causal avg,0.5,52,18,28735,13,2,2,2,2,0.9983760891840049,1,1,0,8.005,13,,3,1758,1086,chb10_04.edf;chb10_13.edf;chb10_18.edf;chb10_27.edf
chb10,29s non-causal avg,0.5,65,5,28748,0,4,3,1,0,0.9999999999999999,1,1,0,8.005,0,,3,1758,1086,chb10_04.edf;chb10_13.edf;chb10_18.edf;chb10_27.edf
chb10,61s causal avg,0.5,29,34,28719,36,2,2,2,2,0.9958693273477819,1,1,0,8.005,36,,3,1758,1086,chb10_04.edf;chb10_13.edf;chb10_18.edf;chb10_27.edf
chb10,61s non-causal avg,0.45,65,15,28738,0,4,4,0,0,0.9999646859591909,1,1,0,8.005,0,,3,1758,1086,chb10_04.edf;chb10_13.edf;chb10_18.edf;chb10_27.edf
chb10,125s causal avg,0.4,25,99,28654,40,2,2,2,2,0.9875501954311123,1,1,0,8.005,40,,3,1758,1086,chb10_04.edf;chb10_13.edf;chb10_18.edf;chb10_27.edf
chb10,125s non-causal avg,0.45,65,29,28724,0,4,4,0,0,0.9999422133877669,1,1,0,8.005,0,,3,1758,1086,chb10_04.edf;chb10_13.edf;chb10_18.edf;chb10_27.edf
chb10,13s causal,0.7,60,7,28746,5,3,2,2,1,0.9991952679185316,1,1,3,8.005,1,32.0,3,1758,1086,chb10_04.edf;chb10_13.edf;chb10_18.edf;chb10_27.edf
chb10,13s non-causal,0.6,62,8,28745,3,4,3,1,0,0.9999652210204153,1,1,1,8.005,0,23.0,3,1758,1086,chb10_04.edf;chb10_13.edf;chb10_18.edf;chb10_27.edf
chb10,29s causal,0.8,56,4,28749,9,2,2,2,2,0.9996794983265961,1,1,0,8.005,2,12.0,3,1758,1086,chb10_04.edf;chb10_13.edf;chb10_18.edf;chb10_27.edf
chb10,29s non-causal,0.6,65,6,28747,0,4,3,1,0,0.99999143902041,1,1,0,8.005,0,14.0,3,1758,1086,chb10_04.edf;chb10_13.edf;chb10_18.edf;chb10_27.edf
chb10,61s causal,0.65,60,6,28747,5,3,2,2,1,0.9997956066122866,1,1,2,8.005,1,31.0,3,1758,1086,chb10_04.edf;chb10_13.edf;chb10_18.edf;chb10_27.edf
chb10,61s non-causal,0.65,65,6,28747,0,4,3,1,0,0.9999892987755125,1,1,0,8.005,0,18.0,3,1758,1086,chb10_04.edf;chb10_13.edf;chb10_18.edf;chb10_27.edf
chb10,125s causal,0.7,58,4,28749,7,3,2,2,1,0.9976772992249638,1,1,0,8.005,1,4.0,3,1758,1086,chb10_04.edf;chb10_13.edf;chb10_18.edf;chb10_27.edf
chb10,125s non-causal,0.45,65,10,28743,0,4,4,0,0,0.9999855533469417,1,1,0,8.005,0,20.0,3,1758,1086,chb10_04.edf;chb10_13.edf;chb10_18.edf;chb10_27.edf
chb10,none,0.85,29,9,35867,95,0,0,8,8,0.9556815770449468,2,2,7,10.0,11;5,6.0,4,1482,726,chb10_05.edf;chb10_12.edf;chb10_14.edf;chb10_19.edf;chb10_38.edf
chb10,13s causal avg,0.6,86,86,35790,38,2,2,6,6,0.9878115120540644,2,2,6,10.0,10;11,,4,1482,726,chb10_05.edf;chb10_12.edf;chb10_14.edf;chb10_19.edf;chb10_38.edf
chb10,13s non-causal avg,0.6,88,83,35793,36,0,0,8,8,0.9968374490629012,2,2,5,10.0,4;5,,4,1482,726,chb10_05.edf;chb10_12.edf;chb10_14.edf;chb10_19.edf;chb10_38.edf
chb10,29s causal avg,0.6,80,80,35796,44,2,2,6,6,0.9634156539190545,2,2,3,10.0,20;21,,4,1482,726,chb10_05.edf;chb10_12.edf;chb10_14.edf;chb10_19.edf;chb10_38.edf
chb10,29s non-causal avg,0.6,88,71,35805,36,0,0,8,8,0.9977874057236575,2,2,2,10.0,6;7,,4,1482,726,chb10_05.edf;chb10_12.edf;chb10_14.edf;chb10_19.edf;chb10_38.edf
chb10,61s causal avg,0.6,44,49,35827,80,2,2,6,6,0.9280325781634952,2,1,2,10.0,45,,4,1482,726,chb10_05.edf;chb10_12.edf;chb10_14.edf;chb10_19.edf;chb10_38.edf
chb10,61s non-causal avg,0.6,49,43,35833,75,0,0,8,8,0.996537805847381,2,1,1,10.0,15,,4,1482,726,chb10_05.edf;chb10_12.edf;chb10_14.edf;chb10_19.edf;chb10_38.edf
chb10,125s causal avg,0.5,16,268,35608,108,2,2,6,6,0.8799918806354505,2,1,2,10.0,73,,4,1482,726,chb10_05.edf;chb10_12.edf;chb10_14.edf;chb10_19.edf;chb10_38.edf
chb10,125s non-causal avg,0.55,34,145,35731,90,0,0,8,8,0.9837999345415571,2,1,1,10.0,39,,4,1482,726,chb10_05.edf;chb10_12.edf;chb10_14.edf;chb10_19.edf;chb10_38.edf
chb10,13s causal,0.75,86,2,35874,38,1,0,8,7,0.9944283895424743,2,2,2,10.0,5;4,20.0,4,1482,726,chb10_05.edf;chb10_12.edf;chb10_14.edf;chb10_19.edf;chb10_38.edf
chb10,13s non-causal,0.6,97,4,35872,27,2,0,8,6,0.9966922356216215,2,2,2,10.0,4;1,32.0,4,1482,726,chb10_05.edf;chb10_12.edf;chb10_14.edf;chb10_19.edf;chb10_38.edf
chb10,29s causal,0.75,84,1,35875,40,1,0,8,7,0.9927865335438554,2,2,1,10.0,5;4,14.0,4,1482,726,chb10_05.edf;chb10_12.edf;chb10_14.edf;chb10_19.edf;chb10_38.edf
chb10,29s non-causal,0.65,97,41,35835,27,1,0,8,7,0.9972227367383713,2,2,3,10.0,3;2,17.0,4,1482,726,chb10_05.edf;chb10_12.edf;chb10_14.edf;chb10_19.edf;chb10_38.edf
chb10,61s causal,0.8,86,3,35873,38,1,0,8,7,0.9940181503314283,2,2,3,10.0,4;4,19.0,4,1482,726,chb10_05.edf;chb10_12.edf;chb10_14.edf;chb10_19.edf;chb10_38.edf
chb10,61s non-causal,0.55,103,77,35799,21,2,0,8,6,0.9984442380385485,2,2,4,10.0,3;1,14.0,4,1482,726,chb10_05.edf;chb10_12.edf;chb10_14.edf;chb10_19.edf;chb10_38.edf
chb10,125s causal,0.75,83,4,35872,41,1,0,8,7,0.9920431576145794,2,2,4,10.0,5;4,14.0,4,1482,726,chb10_05.edf;chb10_12.edf;chb10_14.edf;chb10_19.edf;chb10_38.edf
chb10,125s non-causal,0.45,104,87,35789,20,2,0,8,6,0.9986476717295056,2,2,4,10.0,3;1,12.0,4,1482,726,chb10_05.edf;chb10_12.edf;chb10_14.edf;chb10_19.edf;chb10_38.edf
chb11,none,0.95,6,11,43165,16,2,0,4,2,0.9980113109976922,1,1,9,11.999444444444444,0,14.0,0,4068,690,chb11_01.edf;chb11_04.edf;chb11_07.edf;chb11_10.edf;chb11_13.edf;chb11_16.edf;chb11_19.edf;chb11_26.edf;chb11_54.edf;chb11_58.edf;chb11_62.edf;chb11_82.edf
chb11,13s causal avg,0.8,16,2,43174,6,2,2,2,2,0.9999726278909158,1,1,0,11.999444444444444,6,,0,4068,690,chb11_01.edf;chb11_04.edf;chb11_07.edf;chb11_10.edf;chb11_13.edf;chb11_16.edf;chb11_19.edf;chb11_26.edf;chb11_54.edf;chb11_58.edf;chb11_62.edf;chb11_82.edf
chb11,13s non-causal avg,0.8,18,0,43176,4,2,0,4,2,0.9999884194923107,1,1,0,11.999444444444444,0,,0,4068,690,chb11_01.edf;chb11_04.edf;chb11_07.edf;chb11_10.edf;chb11_13.edf;chb11_16.edf;chb11_19.edf;chb11_26.edf;chb11_54.edf;chb11_58.edf;chb11_62.edf;chb11_82.edf
chb11,29s causal avg,0.7,10,10,43166,12,2,2,2,2,0.9997557565650951,1,1,0,11.999444444444444,12,,0,4068,690,chb11_01.edf;chb11_04.edf;chb11_07.edf;chb11_10.edf;chb11_13.edf;chb11_16.edf;chb11_19.edf;chb11_26.edf;chb11_54.edf;chb11_58.edf;chb11_62.edf;chb11_82.edf
chb11,29s non-causal avg,0.7,18,2,43174,4,2,2,2,2,0.9999757862111948,1,1,0,11.999444444444444,0,,0,4068,690,chb11_01.edf;chb11_04.edf;chb11_07.edf;chb11_10.edf;chb11_13.edf;chb11_16.edf;chb11_19.edf;chb11_26.edf;chb11_54.edf;chb11_58.edf;chb11_62.edf;chb11_82.edf
chb11,61s causal avg,0.8,0,0,43176,22,0,0,4,4,0.9989735459093435,1,0,0,11.999444444444444,,,0,4068,690,chb11_01.edf;chb11_04.edf;chb11_07.edf;chb11_10.edf;chb11_13.edf;chb11_16.edf;chb11_19.edf;chb11_26.edf;chb11_54.edf;chb11_58.edf;chb11_62.edf;chb11_82.edf
chb11,61s non-causal avg,0.65,0,0,43176,22,0,0,4,4,0.999852611720316,1,0,0,11.999444444444444,,,0,4068,690,chb11_01.edf;chb11_04.edf;chb11_07.edf;chb11_10.edf;chb11_13.edf;chb11_16.edf;chb11_19.edf;chb11_26.edf;chb11_54.edf;chb11_58.edf;chb11_62.edf;chb11_82.edf
chb11,125s causal avg,0.85,0,0,43176,22,0,0,4,4,0.9931822392911887,1,0,0,11.999444444444444,,,0,4068,690,chb11_01.edf;chb11_04.edf;chb11_07.edf;chb11_10.edf;chb11_13.edf;chb11_16.edf;chb11_19.edf;chb11_26.edf;chb11_54.edf;chb11_58.edf;chb11_62.edf;chb11_82.edf
chb11,125s non-causal avg,0.65,0,0,43176,22,0,0,4,4,0.9996157376993953,1,0,0,11.999444444444444,,,0,4068,690,chb11_01.edf;chb11_04.edf;chb11_07.edf;chb11_10.edf;chb11_13.edf;chb11_16.edf;chb11_19.edf;chb11_26.edf;chb11_54.edf;chb11_58.edf;chb11_62.edf;chb11_82.edf
chb11,13s causal,0.65,15,0,43176,7,2,0,4,2,0.9999947361328684,1,1,0,11.999444444444444,0,1.0,0,4068,690,chb11_01.edf;chb11_04.edf;chb11_07.edf;chb11_10.edf;chb11_13.edf;chb11_16.edf;chb11_19.edf;chb11_26.edf;chb11_54.edf;chb11_58.edf;chb11_62.edf;chb11_82.edf
chb11,13s non-causal,0.6,21,4,43172,1,3,2,2,1,0.999963152930079,1,1,0,11.999444444444444,0,1.0,0,4068,690,chb11_01.edf;chb11_04.edf;chb11_07.edf;chb11_10.edf;chb11_13.edf;chb11_16.edf;chb11_19.edf;chb11_26.edf;chb11_54.edf;chb11_58.edf;chb11_62.edf;chb11_82.edf
chb11,29s causal,0.55,20,2,43174,2,3,2,2,1,0.9999778917580474,1,1,0,11.999444444444444,0,1.0,0,4068,690,chb11_01.edf;chb11_04.edf;chb11_07.edf;chb11_10.edf;chb11_13.edf;chb11_16.edf;chb11_19.edf;chb11_26.edf;chb11_54.edf;chb11_58.edf;chb11_62.edf;chb11_82.edf
chb11,29s non-causal,0.6,20,1,43175,2,3,1,3,1,0.9999884194923105,1,1,0,11.999444444444444,0,1.0,0,4068,690,chb11_01.edf;chb11_04.edf;chb11_07.edf;chb11_10.edf;chb11_13.edf;chb11_16.edf;chb11_19.edf;chb11_26.edf;chb11_54.edf;chb11_58.edf;chb11_62.edf;chb11_82.edf
chb11,61s causal,0.45,10,0,43176,12,1,0,4,3,0.9999168308993212,1,1,0,11.999444444444444,4,0.0,0,4068,690,chb11_01.edf;chb11_04.edf;chb11_07.edf;chb11_10.edf;chb11_13.edf;chb11_16.edf;chb11_19.edf;chb11_26.edf;chb11_54.edf;chb11_58.edf;chb11_62.edf;chb11_82.edf
chb11,61s non-causal,0.8,21,1,43175,1,3,1,3,1,0.9999926305860157,1,1,0,11.999444444444444,0,17.0,0,4068,690,chb11_01.edf;chb11_04.edf;chb11_07.edf;chb11_10.edf;chb11_13.edf;chb11_16.edf;chb11_19.edf;chb11_26.edf;chb11_54.edf;chb11_58.edf;chb11_62.edf;chb11_82.edf
chb11,125s causal,0.45,7,0,43176,15,1,0,4,3,0.9997420705105531,1,1,0,11.999444444444444,8,0.0,0,4068,690,chb11_01.edf;chb11_04.edf;chb11_07.edf;chb11_10.edf;chb11_13.edf;chb11_16.edf;chb11_19.edf;chb11_26.edf;chb11_54.edf;chb11_58.edf;chb11_62.edf;chb11_82.edf
chb11,125s non-causal,0.7,21,3,43173,1,3,2,2,1,0.9999799973049001,1,1,0,11.999444444444444,0,2.0,0,4068,690,chb11_01.edf;chb11_04.edf;chb11_07.edf;chb11_10.edf;chb11_13.edf;chb11_16.edf;chb11_19.edf;chb11_26.edf;chb11_54.edf;chb11_58.edf;chb11_62.edf;chb11_82.edf
chb11,none,0.9,15,18,43150,17,1,1,3,3,0.9949470672720533,1,1,17,12.0,2,18.0,1,4368,720,chb11_02.edf;chb11_05.edf;chb11_08.edf;chb11_11.edf;chb11_14.edf;chb11_17.edf;chb11_24.edf;chb11_27.edf;chb11_55.edf;chb11_60.edf;chb11_63.edf;chb11_92.edf
chb11,13s causal avg,0.55,27,8,43160,5,2,2,2,2,0.9993774323573017,1,1,0,12.0,5,,1,4368,720,chb11_02.edf;chb11_05.edf;chb11_08.edf;chb11_11.edf;chb11_14.edf;chb11_17.edf;chb11_24.edf;chb11_27.edf;chb11_55.edf;chb11_60.edf;chb11_63.edf;chb11_92.edf
chb11,13s non-causal avg,0.7,29,0,43168,3,1,0,4,3,1.0,1,1,0,12.0,2,,1,4368,720,chb11_02.edf;chb11_05.edf;chb11_08.edf;chb11_11.edf;chb11_14.edf;chb11_17.edf;chb11_24.edf;chb11_27.edf;chb11_55.edf;chb11_60.edf;chb11_63.edf;chb11_92.edf
chb11,29s causal avg,0.45,23,19,43149,9,2,2,2,2,0.9993629540400296,1,1,0,12.0,9,,1,4368,720,chb11_02.edf;chb11_05.edf;chb11_08.edf;chb11_11.edf;chb11_14.edf;chb11_17.edf;chb11_24.edf;chb11_27.edf;chb11_55.edf;chb11_60.edf;chb11_63.edf;chb11_92.edf
chb11,29s non-causal avg,0.6,28,0,43168,4,0,0,4,4,0.9999999999999999,1,1,0,12.0,2,,1,4368,720,chb11_02.edf;chb11_05.edf;chb11_08.edf;chb11_11.edf;chb11_14.edf;chb11_17.edf;chb11_24.edf;chb11_27.edf;chb11_55.edf;chb11_60.edf;chb11_63.edf;chb11_92.edf
chb11,61s causal avg,0.4,16,41,43127,16,2,2,2,2,0.9988793782431431,1,1,0,12.0,16,,1,4368,720,chb11_02.edf;chb11_05.edf;chb11_08.edf;chb11_11.edf;chb11_14.edf;chb11_17.edf;chb11_24.edf;chb11_27.edf;chb11_55.edf;chb11_60.edf;chb11_63.edf;chb11_92.edf
chb11,61s non-causal avg,0.55,27,0,43168,5,2,0,4,2,0.9999956565048184,1,1,0,12.0,0,,1,4368,720,chb11_02.edf;chb11_05.edf;chb11_08.edf;chb11_11.edf;chb11_14.edf;chb11_17.edf;chb11_24.edf;chb11_27.edf;chb11_55.edf;chb11_60.edf;chb11_63.edf;chb11_92.edf
chb11,125s causal avg,0.4,0,0,43168,32,0,0,4,4,0.994603207236842,1,0,0,12.0,,,1,4368,720,chb11_02.edf;chb11_05.edf;chb11_08.edf;chb11_11.edf;chb11_14.edf;chb11_17.edf;chb11_24.edf;chb11_27.edf;chb11_55.edf;chb11_60.edf;chb11_63.edf;chb11_92.edf
chb11,125s non-causal avg,0.55,0,0,43168,32,0,0,4,4,0.9992782558839881,1,0,0,12.0,,,1,4368,720,chb11_02.edf;chb11_05.edf;chb11_08.edf;chb11_11.edf;chb11_14.edf;chb11_17.edf;chb11_24.edf;chb11_27.edf;chb11_55.edf;chb11_60.edf;chb11_63.edf;chb11_92.edf
chb11,13s causal,0.25,27,4,43164,5,2,2,2,2,0.9997176728131949,1,1,1,12.0,4,21.0,1,4368,720,chb11_02.edf;chb11_05.edf;chb11_08.edf;chb11_11.edf;chb11_14.edf;chb11_17.edf;chb11_24.edf;chb11_27.edf;chb11_55.edf;chb11_60.edf;chb11_63.edf;chb11_92.edf
chb11,13s non-causal,0.25,29,1,43167,3,2,1,3,2,0.9999826260192735,1,1,0,12.0,2,7.0,1,4368,720,chb11_02.edf;chb11_05.edf;chb11_08.edf;chb11_11.edf;chb11_14.edf;chb11_17.edf;chb11_24.edf;chb11_27.edf;chb11_55.edf;chb11_60.edf;chb11_63.edf;chb11_92.edf
chb11,29s causal,0.4,27,13,43155,5,2,2,2,2,0.9993520953020756,1,1,5,12.0,5,2.0,1,4368,720,chb11_02.edf;chb11_05.edf;chb11_08.edf;chb11_11.edf;chb11_14.edf;chb11_17.edf;chb11_24.edf;chb11_27.edf;chb11_55.edf;chb11_60.edf;chb11_63.edf;chb11_92.edf
chb11,29s non-causal,0.3,30,1,43167,2,2,1,3,2,0.9999956565048184,1,1,0,12.0,2,3.0,1,4368,720,chb11_02.edf;chb11_05.edf;chb11_08.edf;chb11_11.edf;chb11_14.edf;chb11_17.edf;chb11_24.edf;chb11_27.edf;chb11_55.edf;chb11_60.edf;chb11_63.edf;chb11_92.edf
chb11,61s causal,0.35,25,3,43165,7,2,2,2,2,0.999710433654559,1,1,0,12.0,5,16.0,1,4368,720,chb11_02.edf;chb11_05.edf;chb11_08.edf;chb11_11.edf;chb11_14.edf;chb11_17.edf;chb11_24.edf;chb11_27.edf;chb11_55.edf;chb11_60.edf;chb11_63.edf;chb11_92.edf
chb11,61s non-causal,0.45,30,0,43168,2,2,0,4,2,0.9999956565048184,1,1,0,12.0,2,1.0,1,4368,720,chb11_02.edf;chb11_05.edf;chb11_08.edf;chb11_11.edf;chb11_14.edf;chb11_17.edf;chb11_24.edf;chb11_27.edf;chb11_55.edf;chb11_60.edf;chb11_63.edf;chb11_92.edf
chb11,125s causal,0.6,22,2,43166,10,2,2,2,2,0.9996322507412899,1,1,0,12.0,5,15.0,1,4368,720,chb11_02.edf;chb11_05.edf;chb11_08.edf;chb11_11.edf;chb11_14.edf;chb11_17.edf;chb11_24.edf;chb11_27.edf;chb11_55.edf;chb11_60.edf;chb11_63.edf;chb11_92.edf
chb11,125s non-causal,0.35,29,1,43167,3,2,1,3,2,0.9999949325889549,1,1,0,12.0,3,1.0,1,4368,720,chb11_02.edf;chb11_05.edf;chb11_08.edf;chb11_11.edf;chb11_14.edf;chb11_17.edf;chb11_24.edf;chb11_27.edf;chb11_55.edf;chb11_60.edf;chb11_63.edf;chb11_92.edf
chb11,none,0.75,322,60,38047,430,2,2,2,2,0.954326308367983,1,1,38,10.794166666666667,0,35.0,2,162,198,chb11_03.edf;chb11_06.edf;chb11_09.edf;chb11_12.edf;chb11_15.edf;chb11_18.edf;chb11_25.edf;chb11_53.edf;chb11_56.edf;chb11_61.edf;chb11_99.edf
chb11,13s causal avg,0.55,592,3,38104,160,0,0,4,4,0.9973119153849548,1,1,1,10.794166666666667,2,,2,162,198,chb11_03.edf;chb11_06.edf;chb11_09.edf;chb11_12.edf;chb11_15.edf;chb11_18.edf;chb11_25.edf;chb11_53.edf;chb11_56.edf;chb11_61.edf;chb11_99.edf
chb11,13s non-causal avg,0.45,649,38,38069,103,2,2,2,2,0.9972330850030905,1,1,5,10.794166666666667,0,,2,162,198,chb11_03.edf;chb11_06.edf;chb11_09.edf;chb11_12.edf;chb11_15.edf;chb11_18.edf;chb11_25.edf;chb11_53.edf;chb11_56.edf;chb11_61.edf;chb11_99.edf
chb11,29s causal avg,0.4,707,33,38074,45,2,2,2,2,0.9994035900591225,1,1,3,10.794166666666667,2,,2,162,198,chb11_03.edf;chb11_06.edf;chb11_09.edf;chb11_12.edf;chb11_15.edf;chb11_18.edf;chb11_25.edf;chb11_53.edf;chb11_56.edf;chb11_61.edf;chb11_99.edf
chb11,29s non-causal avg,0.45,669,11,38096,83,2,2,2,2,0.999336589468959,1,1,1,10.794166666666667,0,,2,162,198,chb11_03.edf;chb11_06.edf;chb11_09.edf;chb11_12.edf;chb11_15.edf;chb11_18.edf;chb11_25.edf;chb11_53.edf;chb11_56.edf;chb11_61.edf;chb11_99.edf
chb11,61s causal avg,0.3,744,627,37480,8,2,2,2,2,0.999337426976336,1,1,7,10.794166666666667,8,,2,162,198,chb11_03.edf;chb11_06.edf;chb11_09.edf;chb11_12.edf;chb11_15.edf;chb11_18.edf;chb11_25.edf;chb11_53.edf;chb11_56.edf;chb11_61.edf;chb11_99.edf
chb11,61s non-causal avg,0.5,675,1,38106,77,2,1,3,2,0.999909688787842,1,1,0,10.794166666666667,0,,2,162,198,chb11_03.edf;chb11_06.edf;chb11_09.edf;chb11_12.edf;chb11_15.edf;chb11_18.edf;chb11_25.edf;chb11_53.edf;chb11_56.edf;chb11_61.edf;chb11_99.edf
chb11,125s causal avg,0.3,722,556,37551,30,2,2,2,2,0.9958107183077437,1,1,3,10.794166666666667,30,,2,162,198,chb11_03.edf;chb11_06.edf;chb11_09.edf;chb11_12.edf;chb11_15.edf;chb11_18.edf;chb11_25.edf;chb11_53.edf;chb11_56.edf;chb11_61.edf;chb11_99.edf
chb11,125s non-causal avg,0.3,752,587,37520,0,4,4,0,0,0.9999999302077185,1,1,2,10.794166666666667,0,,2,162,198,chb11_03.edf;chb11_06.edf;chb11_09.edf;chb11_12.edf;chb11_15.edf;chb11_18.edf;chb11_25.edf;chb11_53.edf;chb11_56.edf;chb11_61.edf;chb11_99.edf
chb11,13s causal,0.45,353,0,38107,399,1,0,4,3,0.9923966892775047,1,1,0,10.794166666666667,1,18.0,2,162,198,chb11_03.edf;chb11_06.edf;chb11_09.edf;chb11_12.edf;chb11_15.edf;chb11_18.edf;chb11_25.edf;chb11_53.edf;chb11_56.edf;chb11_61.edf;chb11_99.edf
chb11,13s non-causal,0.2,584,38,38069,168,2,2,2,2,0.9865899889114023,1,1,13,10.794166666666667,0,14.0,2,162,198,chb11_03.edf;chb11_06.edf;chb11_09.edf;chb11_12.edf;chb11_15.edf;chb11_18.edf;chb11_25.edf;chb11_53.edf;chb11_56.edf;chb11_61.edf;chb11_99.edf
chb11,29s causal,0.3,574,5,38102,178,2,0,4,2,0.9965807365486545,1,1,5,10.794166666666667,0,17.0,2,162,198,chb11_03.edf;chb11_06.edf;chb11_09.edf;chb11_12.edf;chb11_15.edf;chb11_18.edf;chb11_25.edf;chb11_53.edf;chb11_56.edf;chb11_61.edf;chb11_99.edf
chb11,29s non-causal,0.15,622,28,38079,130,2,2,2,2,0.9939273561455454,1,1,5,10.794166666666667,0,14.0,2,162,198,chb11_03.edf;chb11_06.edf;chb11_09.edf;chb11_12.edf;chb11_15.edf;chb11_18.edf;chb11_25.edf;chb11_53.edf;chb11_56.edf;chb11_61.edf;chb11_99.edf
chb11,61s causal,0.45,418,0,38107,334,1,0,4,3,0.9914599721724215,1,1,0,10.794166666666667,1,12.0,2,162,198,chb11_03.edf;chb11_06.edf;chb11_09.edf;chb11_12.edf;chb11_15.edf;chb11_18.edf;chb11_25.edf;chb11_53.edf;chb11_56.edf;chb11_61.edf;chb11_99.edf
chb11,61s non-causal,0.1,647,80,38027,105,2,2,2,2,0.9911559220984139,1,1,28,10.794166666666667,0,10.0,2,162,198,chb11_03.edf;chb11_06.edf;chb11_09.edf;chb11_12.edf;chb11_15.edf;chb11_18.edf;chb11_25.edf;chb11_53.edf;chb11_56.edf;chb11_61.edf;chb11_99.edf
chb11,125s causal,0.45,408,0,38107,344,1,0,4,3,0.994829997169225,1,1,0,10.794166666666667,1,19.0,2,162,198,chb11_03.edf;chb11_06.edf;chb11_09.edf;chb11_12.edf;chb11_15.edf;chb11_18.edf;chb11_25.edf;chb11_53.edf;chb11_56.edf;chb11_61.edf;chb11_99.edf
chb11,125s non-causal,0.15,520,12,38095,232,2,2,2,2,0.990838157841107,1,1,8,10.794166666666667,0,13.0,2,162,198,chb11_03.edf;chb11_06.edf;chb11_09.edf;chb11_12.edf;chb11_15.edf;chb11_18.edf;chb11_25.edf;chb11_53.edf;chb11_56.edf;chb11_61.edf;chb11_99.edf
chb12,none,0.8,102,32,17685,192,2,0,20,18,0.9124671373318757,5,5,19,5.003055555555555,4;6;9;2;2,14.0,0,3342,2526,chb12_10.edf;chb12_19.edf;chb12_23.edf;chb12_34.edf;chb12_41.edf
chb12,13s causal avg,0.5,161,98,17619,133,6,6,14,14,0.9776768075859343,5,5,7,5.003055555555555,5;6;9;6;5,,0,3342,2526,chb12_10.edf;chb12_19.edf;chb12_23.edf;chb12_34.edf;chb12_41.edf
chb12,13s non-causal avg,0.55,163,52,17665,131,6,4,16,14,0.9766468194773535,5,5,2,5.003055555555555,2;3;4;1;1,,0,3342,2526,chb12_10.edf;chb12_19.edf;chb12_23.edf;chb12_34.edf;chb12_41.edf
chb12,29s causal avg,0.45,169,169,17548,125,6,6,14,14,0.9805379283281863,5,5,4,5.003055555555555,8;10;13;11;10,,0,3342,2526,chb12_10.edf;chb12_19.edf;chb12_23.edf;chb12_34.edf;chb12_41.edf
chb12,29s non-causal avg,0.5,180,69,17648,114,11,7,13,9,0.9816779226224552,5,5,2,5.003055555555555,0;1;2;0;0,,0,3342,2526,chb12_10.edf;chb12_19.edf;chb12_23.edf;chb12_34.edf;chb12_41.edf
chb12,61s causal avg,0.55,53,114,17603,241,6,6,14,14,0.9695843455630262,5,4,1,5.003055555555555,26;29;35;35,,0,3342,2526,chb12_10.edf;chb12_19.edf;chb12_23.edf;chb12_34.edf;chb12_41.edf
chb12,61s non-causal avg,0.5,173,63,17654,121,12,10,10,8,0.9802278759898158,5,5,0,5.003055555555555,0;0;0;21;0,,0,3342,2526,chb12_10.edf;chb12_19.edf;chb12_23.edf;chb12_34.edf;chb12_41.edf
chb12,125s causal avg,0.45,17,218,17499,277,4,4,16,16,0.9370864448957321,5,2,1,5.003055555555555,27;33,,0,3342,2526,chb12_10.edf;chb12_19.edf;chb12_23.edf;chb12_34.edf;chb12_41.edf
chb12,125s non-causal avg,0.4,186,270,17447,108,11,11,9,9,0.977884149087755,5,5,1,5.003055555555555,0;0;0;23;0,,0,3342,2526,chb12_10.edf;chb12_19.edf;chb12_23.edf;chb12_34.edf;chb12_41.edf
chb12,13s causal,0.6,141,30,17687,153,4,0,20,16,0.9596693901356896,5,5,7,5.003055555555555,7;6;7;4;3,4.0,0,3342,2526,chb12_10.edf;chb12_19.edf;chb12_23.edf;chb12_34.edf;chb12_41.edf
chb12,13s non-causal,0.55,162,50,17667,132,5,0,20,15,0.9646670882610537,5,5,6,5.003055555555555,3;1;5;2;1,19.0,0,3342,2526,chb12_10.edf;chb12_19.edf;chb12_23.edf;chb12_34.edf;chb12_41.edf
chb12,29s causal,0.55,152,35,17682,142,6,1,19,14,0.9715429548237423,5,5,4,5.003055555555555,6;6;7;4;3,1.0,0,3342,2526,chb12_10.edf;chb12_19.edf;chb12_23.edf;chb12_34.edf;chb12_41.edf
chb12,29s non-causal,0.5,169,66,17651,125,9,3,17,11,0.9692247616436652,5,5,6,5.003055555555555,0;0;3;1;0,12.0,0,3342,2526,chb12_10.edf;chb12_19.edf;chb12_23.edf;chb12_34.edf;chb12_41.edf
chb12,61s causal,0.6,149,33,17684,145,4,0,20,16,0.9631058835454938,5,5,5,5.003055555555555,6;6;7;4;3,2.0,0,3342,2526,chb12_10.edf;chb12_19.edf;chb12_23.edf;chb12_34.edf;chb12_41.edf
chb12,61s non-causal,0.35,173,87,17630,121,11,8,12,9,0.9699797342880258,5,5,7,5.003055555555555,0;0;2;0;0,17.0,0,3342,2526,chb12_10.edf;chb12_19.edf;chb12_23.edf;chb12_34.edf;chb12_41.edf
chb12,125s causal,0.6,150,30,17687,144,5,0,20,15,0.9644543712388155,5,5,4,5.003055555555555,6;6;7;4;4,2.0,0,3342,2526,chb12_10.edf;chb12_19.edf;chb12_23.edf;chb12_34.edf;chb12_41.edf
chb12,125s non-causal,0.4,175,84,17633,119,12,8,12,8,0.9726627909164456,5,5,6,5.003055555555555,0;0;2;0;0,12.0,0,3342,2526,chb12_10.edf;chb12_19.edf;chb12_23.edf;chb12_34.edf;chb12_41.edf
chb12,none,0.8,81,28,14203,94,6,1,23,18,0.9599329431723502,6,6,20,4.001666666666667,1;0;2;11;8;13,13.0,1,3996,2172,chb12_06.edf;chb12_08.edf;chb12_20.edf;chb12_35.edf
chb12,13s causal avg,0.65,96,23,14208,79,10,10,14,14,0.9848176516056497,6,6,0,4.001666666666667,8;4;8;16;11;17,,1,3996,2172,chb12_06.edf;chb12_08.edf;chb12_20.edf;chb12_35.edf
chb12,13s non-causal avg,0.6,146,9,14222,29,16,6,18,8,0.9974871758836343,6,6,1,4.001666666666667,0;0;0;9;4;9,,1,3996,2172,chb12_06.edf;chb12_08.edf;chb12_20.edf;chb12_35.edf
chb12,29s causal avg,0.6,74,46,14185,101,8,7,17,16,0.9641828202013712,6,4,1,4.001666666666667,15;11;16;23,,1,3996,2172,chb12_06.edf;chb12_08.edf;chb12_20.edf;chb12_35.edf
chb12,29s non-causal avg,0.55,154,27,14204,21,18,14,10,6,0.9992643825853018,6,6,0,4.001666666666667,0;0;0;7;0;6,,1,3996,2172,chb12_06.edf;chb12_08.edf;chb12_20.edf;chb12_35.edf
chb12,61s causal avg,0.55,38,60,14171,137,4,4,20,20,0.9436116325526768,6,2,0,4.001666666666667,33;22,,1,3996,2172,chb12_06.edf;chb12_08.edf;chb12_20.edf;chb12_35.edf
chb12,61s non-causal avg,0.55,80,18,14213,95,4,4,20,20,0.9964632542638304,6,2,0,4.001666666666667,3;0,,1,3996,2172,chb12_06.edf;chb12_08.edf;chb12_20.edf;chb12_35.edf
chb12,125s causal avg,0.4,65,282,13949,110,6,6,18,18,0.8935587299356536,6,3,2,4.001666666666667,18;12;24,,1,3996,2172,chb12_06.edf;chb12_08.edf;chb12_20.edf;chb12_35.edf
chb12,125s non-causal avg,0.55,0,0,14231,175,0,0,24,24,0.9803696156278547,6,0,0,4.001666666666667,,,1,3996,2172,chb12_06.edf;chb12_08.edf;chb12_20.edf;chb12_35.edf
chb12,13s causal,0.65,129,15,14216,46,12,5,19,12,0.9934858508085969,6,6,2,4.001666666666667,1;0;2;10;4;12,21.0,1,3996,2172,chb12_06.edf;chb12_08.edf;chb12_20.edf;chb12_35.edf
chb12,13s non-causal,0.6,151,15,14216,24,16,4,20,8,0.9964102512623348,6,6,1,4.001666666666667,0;0;0;6;2;9,9.0,1,3996,2172,chb12_06.edf;chb12_08.edf;chb12_20.edf;chb12_35.edf
chb12,29s causal,0.7,88,5,14226,87,11,5,19,13,0.988357408875995,6,6,0,4.001666666666667,3;1;4;12;8;17,4.0,1,3996,2172,chb12_06.edf;chb12_08.edf;chb12_20.edf;chb12_35.edf
chb12,29s non-causal,0.65,144,7,14224,31,14,2,22,10,0.998564502042824,6,6,1,4.001666666666667,0;0;0;8;3;10,6.0,1,3996,2172,chb12_06.edf;chb12_08.edf;chb12_20.edf;chb12_35.edf
chb12,61s causal,0.65,131,11,14220,44,11,8,16,13,0.9932947187729002,6,6,3,4.001666666666667,3;0;2;10;4;11,17.0,1,3996,2172,chb12_06.edf;chb12_08.edf;chb12_20.edf;chb12_35.edf
chb12,61s non-causal,0.65,137,4,14227,38,14,2,22,10,0.999498479175241,6,6,0,4.001666666666667,0;0;0;10;2;11,8.0,1,3996,2172,chb12_06.edf;chb12_08.edf;chb12_20.edf;chb12_35.edf
chb12,125s causal,0.6,135,21,14210,40,12,10,14,12,0.9904409889878233,6,6,4,4.001666666666667,2;0;2;10;4;12,6.0,1,3996,2172,chb12_06.edf;chb12_08.edf;chb12_20.edf;chb12_35.edf
chb12,125s non-causal,0.6,142,7,14224,33,13,3,21,11,0.9993483040043366,6,6,0,4.001666666666667,0;0;0;10;2;11,3.0,1,3996,2172,chb12_06.edf;chb12_08.edf;chb12_20.edf;chb12_35.edf
chb12,none,0.85,94,8,14172,142,4,0,28,24,0.9163745188974682,7,7,8,4.004444444444444,2;5;9;3;0;2;1,45.0,2,3810,2736,chb12_21.edf;chb12_33.edf;chb12_37.edf;chb12_38.edf
chb12,13s causal avg,0.7,100,4,14176,136,6,4,24,22,0.9895032989887882,7,6,0,4.004444444444444,10;18;8;14;9;6,,2,3810,2736,chb12_21.edf;chb12_33.edf;chb12_37.edf;chb12_38.edf
chb12,13s non-causal avg,0.7,104,0,14180,132,2,0,28,26,0.9936605029762616,7,6,0,4.004444444444444,4;12;2;8;3;0,,2,3810,2736,chb12_21.edf;chb12_33.edf;chb12_37.edf;chb12_38.edf
chb12,29s causal avg,0.6,97,24,14156,139,7,5,23,21,0.97736158590519,7,6,0,4.004444444444444,19;21;16;20;13;10,,2,3810,2736,chb12_21.edf;chb12_33.edf;chb12_37.edf;chb12_38.edf
chb12,29s non-causal avg,0.6,116,5,14175,120,4,3,25,24,0.9972024336018742,7,6,0,4.004444444444444,5;7;2;6;0;0,,2,3810,2736,chb12_21.edf;chb12_33.edf;chb12_37.edf;chb12_38.edf
chb12,61s causal avg,0.5,72,58,14122,164,4,4,24,24,0.9460636250627525,7,3,2,4.004444444444444,27;16;18,,2,3810,2736,chb12_21.edf;chb12_33.edf;chb12_37.edf;chb12_38.edf
chb12,61s non-causal avg,0.45,152,63,14117,84,10,10,18,18,0.9954077119839354,7,4,0,4.004444444444444,7;0;0;0,,2,3810,2736,chb12_21.edf;chb12_33.edf;chb12_37.edf;chb12_38.edf
chb12,125s causal avg,0.45,1,72,14108,235,1,2,26,27,0.8882745451937558,7,1,0,4.004444444444444,54,,2,3810,2736,chb12_21.edf;chb12_33.edf;chb12_37.edf;chb12_38.edf
chb12,125s non-causal avg,0.45,55,18,14162,181,4,4,24,24,0.9847030312447707,7,1,0,4.004444444444444,0,,2,3810,2736,chb12_21.edf;chb12_33.edf;chb12_37.edf;chb12_38.edf
chb12,13s causal,0.75,102,3,14177,134,6,0,28,22,0.9673949941430997,7,6,0,4.004444444444444,6;5;3;8;2;0,25.0,2,3810,2736,chb12_21.edf;chb12_33.edf;chb12_37.edf;chb12_38.edf
chb12,13s non-causal,0.65,135,1,14179,101,6,0,28,22,0.9801878391623438,7,6,0,4.004444444444444,2;3;0;6;1;0,8.0,2,3810,2736,chb12_21.edf;chb12_33.edf;chb12_37.edf;chb12_38.edf
chb12,29s causal,0.7,119,2,14178,117,6,0,28,22,0.9732471133848103,7,6,0,4.004444444444444,6;5;4;8;2;0,13.0,2,3810,2736,chb12_21.edf;chb12_33.edf;chb12_37.edf;chb12_38.edf
chb12,29s non-causal,0.7,126,1,14179,110,4,0,28,24,0.9911641485979297,7,6,0,4.004444444444444,2;3;0;6;1;0,6.0,2,3810,2736,chb12_21.edf;chb12_33.edf;chb12_37.edf;chb12_38.edf
chb12,61s causal,0.65,142,5,14175,94,8,0,28,20,0.9640042671702804,7,7,1,4.004444444444444,4;2;9;2;8;1;0,20.0,2,3810,2736,chb12_21.edf;chb12_33.edf;chb12_37.edf;chb12_38.edf
chb12,61s non-causal,0.7,121,4,14176,115,5,0,28,23,0.9922916019220196,7,6,0,4.004444444444444,2;2;0;7;1;0,27.0,2,3810,2736,chb12_21.edf;chb12_33.edf;chb12_37.edf;chb12_38.edf
chb12,125s causal,0.7,126,3,14177,110,6,0,28,22,0.9633032320527838,7,7,0,4.004444444444444,4;2;20;2;8;2;0,18.0,2,3810,2736,chb12_21.edf;chb12_33.edf;chb12_37.edf;chb12_38.edf
chb12,125s non-causal,0.7,93,5,14175,143,3,0,28,25,0.9927062166814083,7,6,0,4.004444444444444,3;4;2;7;1;0,38.0,2,3810,2736,chb12_21.edf;chb12_33.edf;chb12_37.edf;chb12_38.edf
chb12,none,0.8,103,62,14155,80,6,1,23,18,0.9514727039244558,6,6,27,4.0,5;5;5;6;3;2,27.0,3,4146,2658,chb12_24.edf;chb12_36.edf;chb12_39.edf;chb12_42.edf
chb12,13s causal avg,0.7,79,39,14178,104,10,9,15,14,0.9756979157177719,6,6,2,4.0,21;11;14;13;13;12,,3,4146,2658,chb12_24.edf;chb12_36.edf;chb12_39.edf;chb12_42.edf
chb12,13s non-causal avg,0.65,118,42,14175,65,3,2,22,21,0.9966203010249793,6,6,2,4.0,11;4;6;5;6;3,,3,4146,2658,chb12_24.edf;chb12_36.edf;chb12_39.edf;chb12_42.edf
chb12,29s causal avg,0.5,93,202,14015,90,12,12,12,12,0.9576816948538865,6,6,2,4.0,20;15;15;11;16;13,,3,4146,2658,chb12_24.edf;chb12_36.edf;chb12_39.edf;chb12_42.edf
chb12,29s non-causal avg,0.55,164,92,14125,19,15,11,13,9,0.9970434840764404,6,6,2,4.0,8;3;3;0;4;1,,3,4146,2658,chb12_24.edf;chb12_36.edf;chb12_39.edf;chb12_42.edf
chb12,61s causal avg,0.45,44,333,13884,139,6,6,18,18,0.924765279464168,6,3,6,4.0,30;21;13,,3,4146,2658,chb12_24.edf;chb12_36.edf;chb12_39.edf;chb12_42.edf
chb12,61s non-causal avg,0.55,63,44,14173,120,7,6,18,17,0.9927274781864703,6,3,1,4.0,11;21;0,,3,4146,2658,chb12_24.edf;chb12_36.edf;chb12_39.edf;chb12_42.edf
chb12,125s causal avg,0.35,46,729,13488,137,7,7,17,17,0.8641428659831932,6,4,4,4.0,21;27;27;14,,3,4146,2658,chb12_24.edf;chb12_36.edf;chb12_39.edf;chb12_42.edf
chb12,125s non-causal avg,0.45,51,56,14161,132,4,4,20,20,0.9802641415591509,6,1,1,4.0,0,,3,4146,2658,chb12_24.edf;chb12_36.edf;chb12_39.edf;chb12_42.edf
chb12,13s causal,0.65,128,46,14171,55,9,0,24,15,0.9830684499546644,6,6,4,4.0,7;5;6;5;3;2,17.0,3,4146,2658,chb12_24.edf;chb12_36.edf;chb12_39.edf;chb12_42.edf
chb12,13s non-causal,0.7,128,36,14181,55,6,0,24,18,0.9947334657846318,6,6,3,4.0,5;4;4;4;3;2,17.0,3,4146,2658,chb12_24.edf;chb12_36.edf;chb12_39.edf;chb12_42.edf
chb12,29s causal,0.65,129,47,14170,54,9,1,23,15,0.9839217345815887,6,6,3,4.0,7;5;6;5;3;2,16.0,3,4146,2658,chb12_24.edf;chb12_36.edf;chb12_39.edf;chb12_42.edf
chb12,29s non-causal,0.75,88,32,14185,95,1,0,24,23,0.9936903061100943,6,6,3,4.0,14;8;10;5;3;2,97.0,3,4146,2658,chb12_24.edf;chb12_36.edf;chb12_39.edf;chb12_42.edf
chb12,61s causal,0.65,123,39,14178,60,9,0,24,15,0.9841823323190009,6,6,3,4.0,7;5;6;6;3;2,11.0,3,4146,2658,chb12_24.edf;chb12_36.edf;chb12_39.edf;chb12_42.edf
chb12,61s non-causal,0.65,132,48,14169,51,6,0,24,18,0.9969193350068474,6,6,3,4.0,5;4;5;3;2;0,26.0,3,4146,2658,chb12_24.edf;chb12_36.edf;chb12_39.edf;chb12_42.edf
chb12,125s causal,0.6,128,47,14170,55,9,1,23,15,0.9825126618598299,6,6,4,4.0,5;5;6;5;3;2,23.0,3,4146,2658,chb12_24.edf;chb12_36.edf;chb12_39.edf;chb12_42.edf
chb12,125s non-causal,0.6,120,43,14174,63,5,0,24,19,0.9956636229004682,6,6,3,4.0,7;4;5;3;2;2,89.0,3,4146,2658,chb12_24.edf;chb12_36.edf;chb12_39.edf;chb12_42.edf
chb12,none,0.85,48,155,12987,53,4,2,10,8,0.9438426569791356,3,3,21,3.678611111111111,0;4;12,18.0,4,4584,3114,chb12_09.edf;chb12_11.edf;chb12_32.edf;chb12_40.edf
chb12,13s causal avg,0.6,75,272,12870,26,6,6,6,6,0.9358582791774841,3,3,6,3.678611111111111,3;7;16,,4,4584,3114,chb12_09.edf;chb12_11.edf;chb12_32.edf;chb12_40.edf
chb12,13s non-causal avg,0.55,92,292,12850,9,10,7,5,2,0.9745031800395076,3,3,7,3.678611111111111,0;0;9,,4,4584,3114,chb12_09.edf;chb12_11.edf;chb12_32.edf;chb12_40.edf
chb12,29s causal avg,0.45,75,497,12645,26,6,6,6,6,0.9026460399806532,3,3,11,3.678611111111111,3;4;19,,4,4584,3114,chb12_09.edf;chb12_11.edf;chb12_32.edf;chb12_40.edf
chb12,29s non-causal avg,0.55,90,324,12818,11,10,8,4,2,0.984827572697918,3,3,4,3.678611111111111,0;0;11,,4,4584,3114,chb12_09.edf;chb12_11.edf;chb12_32.edf;chb12_40.edf
chb12,61s causal avg,0.4,59,784,12358,42,6,6,6,6,0.8511529055812292,3,3,13,3.678611111111111,8;4;30,,4,4584,3114,chb12_09.edf;chb12_11.edf;chb12_32.edf;chb12_40.edf
chb12,61s non-causal avg,0.45,96,520,12622,5,10,10,2,2,0.977652330748217,3,3,6,3.678611111111111,0;0;5,,4,4584,3114,chb12_09.edf;chb12_11.edf;chb12_32.edf;chb12_40.edf
chb12,125s causal avg,0.4,26,862,12280,75,4,4,8,8,0.7238059219101031,3,2,9,3.678611111111111,27;11,,4,4584,3114,chb12_09.edf;chb12_11.edf;chb12_32.edf;chb12_40.edf
chb12,125s non-causal avg,0.55,0,220,12922,101,0,0,12,12,0.9407643244921053,3,0,3,3.678611111111111,,,4,4584,3114,chb12_09.edf;chb12_11.edf;chb12_32.edf;chb12_40.edf
chb12,13s causal,0.65,86,223,12919,15,8,5,7,4,0.9487095262562323,3,3,9,3.678611111111111,0;3;12,14.0,4,4584,3114,chb12_09.edf;chb12_11.edf;chb12_32.edf;chb12_40.edf
chb12,13s non-causal,0.55,90,268,12874,11,9,6,6,3,0.9653683828282387,3,3,10,3.678611111111111,0;1;10,9.0,4,4584,3114,chb12_09.edf;chb12_11.edf;chb12_32.edf;chb12_40.edf
chb12,29s causal,0.55,86,245,12897,15,8,8,4,4,0.9504197109712493,3,3,14,3.678611111111111,0;3;12,9.0,4,4584,3114,chb12_09.edf;chb12_11.edf;chb12_32.edf;chb12_40.edf
chb12,29s non-causal,0.45,91,290,12852,10,9,8,4,3,0.9759210512437638,3,3,7,3.678611111111111,0;0;9,10.0,4,4584,3114,chb12_09.edf;chb12_11.edf;chb12_32.edf;chb12_40.edf
chb12,61s causal,0.6,86,222,12920,15,8,6,6,4,0.9475214375797647,3,3,9,3.678611111111111,0;3;12,12.0,4,4584,3114,chb12_09.edf;chb12_11.edf;chb12_32.edf;chb12_40.edf
chb12,61s non-causal,0.45,92,290,12852,9,9,8,4,3,0.98184190660734,3,3,5,3.678611111111111,0;0;8,4.0,4,4584,3114,chb12_09.edf;chb12_11.edf;chb12_32.edf;chb12_40.edf
chb12,125s causal,0.65,86,219,12923,15,8,7,5,4,0.9498267967110209,3,3,7,3.678611111111111,0;3;12,4.0,4,4584,3114,chb12_09.edf;chb12_11.edf;chb12_32.edf;chb12_40.edf
chb12,125s non-causal,0.45,89,291,12851,12,8,7,5,4,0.9800164539357603,3,3,4,3.678611111111111,0;0;10,1.0,4,4584,3114,chb12_09.edf;chb12_11.edf;chb12_32.edf;chb12_40.edf
chb13,none,0.5,33,155,10590,22,3,4,8,9,0.9502026312449766,3,3,38,3.0,6;5;0,0.0,0,1824,1104,chb13_02.edf;chb13_55.edf;chb13_58.edf
chb13,13s causal avg,0.5,17,39,10706,38,6,6,6,6,0.9526595879690343,3,3,3,3.0,15;11;12,,0,1824,1104,chb13_02.edf;chb13_55.edf;chb13_58.edf
chb13,13s non-causal avg,0.5,31,25,10720,24,4,4,8,8,0.990717035407589,3,3,3,3.0,9;5;6,,0,1824,1104,chb13_02.edf;chb13_55.edf;chb13_58.edf
chb13,29s causal avg,0.5,0,30,10715,55,0,0,12,12,0.898873894834807,3,0,2,3.0,,,0,1824,1104,chb13_02.edf;chb13_55.edf;chb13_58.edf
chb13,29s non-causal avg,0.5,13,17,10728,42,4,4,8,8,0.9882973053005626,3,2,0,3.0,9;13,,0,1824,1104,chb13_02.edf;chb13_55.edf;chb13_58.edf
chb13,61s causal avg,0.5,0,0,10745,55,0,0,12,12,0.8189314268793095,3,0,0,3.0,,,0,1824,1104,chb13_02.edf;chb13_55.edf;chb13_58.edf
chb13,61s non-causal avg,0.5,0,0,10745,55,0,0,12,12,0.9762206523118575,3,0,0,3.0,,,0,1824,1104,chb13_02.edf;chb13_55.edf;chb13_58.edf
chb13,125s causal avg,0.45,0,219,10526,55,0,0,12,12,0.6959820635390668,3,0,3,3.0,,,0,1824,1104,chb13_02.edf;chb13_55.edf;chb13_58.edf
chb13,125s non-causal avg,0.5,0,0,10745,55,0,0,12,12,0.9693015779009265,3,0,0,3.0,,,0,1824,1104,chb13_02.edf;chb13_55.edf;chb13_58.edf
chb13,13s causal,0.3,36,189,10556,19,5,6,6,7,0.9605956258724988,3,3,16,3.0,8;5;0,0.0,0,1824,1104,chb13_02.edf;chb13_55.edf;chb13_58.edf
chb13,13s non-causal,0.3,38,184,10561,17,4,5,7,8,0.9745742205677059,3,3,13,3.0,6;5;0,0.0,0,1824,1104,chb13_02.edf;chb13_55.edf;chb13_58.edf
chb13,29s causal,0.35,37,242,10503,18,5,6,6,7,0.9576868733871989,3,3,27,3.0,8;5;0,0.0,0,1824,1104,chb13_02.edf;chb13_55.edf;chb13_58.edf
chb13,29s non-causal,0.35,41,239,10506,14,4,5,7,8,0.9748686492660434,3,3,27,3.0,6;2;0,0.0,0,1824,1104,chb13_02.edf;chb13_55.edf;chb13_58.edf
chb13,61s causal,0.3,15,124,10621,40,2,4,8,10,0.95013833072465,3,3,9,3.0,14;10;9,0.0,0,1824,1104,chb13_02.edf;chb13_55.edf;chb13_58.edf
chb13,61s non-causal,0.3,35,97,10648,20,4,4,8,8,0.9852278015144464,3,3,11,3.0,9;5;0,0.0,0,1824,1104,chb13_02.edf;chb13_55.edf;chb13_58.edf
chb13,125s causal,0.35,40,345,10400,15,7,6,6,5,0.9597478742755616,3,3,15,3.0,8;5;0,0.0,0,1824,1104,chb13_02.edf;chb13_55.edf;chb13_58.edf
chb13,125s non-causal,0.4,20,13,10732,35,3,1,11,9,0.9864512035196074,3,3,4,3.0,12;7;3,0.0,0,1824,1104,chb13_02.edf;chb13_55.edf;chb13_58.edf
chb13,none,0.7,30,52,10682,36,2,1,7,6,0.956369169616794,2,2,18,3.0,4;7,4.0,1,1578,1188,chb13_03.edf;chb13_19.edf;chb13_60.edf
chb13,13s causal avg,0.7,28,0,10734,38,2,0,8,6,0.9573318427426868,2,1,0,3.0,15,,1,1578,1188,chb13_03.edf;chb13_19.edf;chb13_60.edf
chb13,13s non-causal avg,0.7,28,0,10734,38,0,0,8,8,0.9942098458029145,2,1,0,3.0,9,,1,1578,1188,chb13_03.edf;chb13_19.edf;chb13_60.edf
chb13,29s causal avg,0.55,23,59,10675,43,2,2,6,6,0.9487087193906646,2,1,4,3.0,21,,1,1578,1188,chb13_03.edf;chb13_19.edf;chb13_60.edf
chb13,29s non-causal avg,0.55,44,38,10696,22,4,4,4,4,0.9931907109101072,2,2,3,3.0,7;13,,1,1578,1188,chb13_03.edf;chb13_19.edf;chb13_60.edf
chb13,61s causal avg,0.4,22,470,10264,44,2,3,5,6,0.9206246365273756,2,1,2,3.0,22,,1,1578,1188,chb13_03.edf;chb13_19.edf;chb13_60.edf
chb13,61s non-causal avg,0.55,33,18,10716,33,2,2,6,6,0.9888883242712198,2,1,1,3.0,11,,1,1578,1188,chb13_03.edf;chb13_19.edf;chb13_60.edf
chb13,125s causal avg,0.35,22,642,10092,44,4,4,4,4,0.8959847214458729,2,2,1,3.0,28;16,,1,1578,1188,chb13_03.edf;chb13_19.edf;chb13_60.edf
chb13,125s non-causal avg,0.5,14,138,10596,52,2,2,6,6,0.9776792519945119,2,1,2,3.0,30,,1,1578,1188,chb13_03.edf;chb13_19.edf;chb13_60.edf
chb13,13s causal,0.55,37,13,10721,29,2,1,7,6,0.9583171005753452,2,2,6,3.0,9;7,8.0,1,1578,1188,chb13_03.edf;chb13_19.edf;chb13_60.edf
chb13,13s non-causal,0.6,10,0,10734,56,0,0,8,8,0.9970272879719497,2,2,0,3.0,7;12,21.0,1,1578,1188,chb13_03.edf;chb13_19.edf;chb13_60.edf
chb13,29s causal,0.55,33,4,10730,33,1,1,7,7,0.9556676321628809,2,2,3,3.0,9;7,9.0,1,1578,1188,chb13_03.edf;chb13_19.edf;chb13_60.edf
chb13,29s non-causal,0.8,10,0,10734,56,0,0,8,8,0.997635663510454,2,1,0,3.0,5,47.0,1,1578,1188,chb13_03.edf;chb13_19.edf;chb13_60.edf
chb13,61s causal,0.6,22,4,10730,44,0,0,8,8,0.9645081333175239,2,2,1,3.0,9;7,24.0,1,1578,1188,chb13_03.edf;chb13_19.edf;chb13_60.edf
chb13,61s non-causal,0.65,19,7,10727,47,0,0,8,8,0.9978728029314949,2,2,2,3.0,2;7,18.0,1,1578,1188,chb13_03.edf;chb13_19.edf;chb13_60.edf
chb13,125s causal,0.6,40,12,10722,26,2,1,7,6,0.9556436359119422,2,2,1,3.0,5;7,13.0,1,1578,1188,chb13_03.edf;chb13_19.edf;chb13_60.edf
chb13,125s non-causal,0.6,28,0,10734,38,1,0,8,7,0.9979814918328055,2,1,0,3.0,1,34.0,1,1578,1188,chb13_03.edf;chb13_19.edf;chb13_60.edf
chb13,none,0.5,8,0,7130,62,0,0,4,4,0.9391023842917251,1,1,0,2.0,10,0.0,2,1722,1446,chb13_21.edf;chb13_22.edf
chb13,13s causal avg,0.45,29,0,7130,41,0,0,4,4,0.9830134241634942,1,1,0,2.0,13,,2,1722,1446,chb13_21.edf;chb13_22.edf
chb13,13s non-causal avg,0.45,29,0,7130,41,0,0,4,4,0.9947365257463435,1,1,0,2.0,7,,2,1722,1446,chb13_21.edf;chb13_22.edf
chb13,29s causal avg,0.4,58,143,6987,12,2,2,2,2,0.9852113804848728,1,1,1,2.0,12,,2,1722,1446,chb13_21.edf;chb13_22.edf
chb13,29s non-causal avg,0.45,25,0,7130,45,0,0,4,4,0.9976497695852535,1,1,0,2.0,15,,2,1722,1446,chb13_21.edf;chb13_22.edf
chb13,61s causal avg,0.05,70,7130,0,0,4,4,0,0,0.9713844920857544,1,1,1,2.0,0,,2,1722,1446,chb13_21.edf;chb13_22.edf
chb13,61s non-causal avg,0.4,70,156,6974,0,4,4,0,0,0.9996994590262472,1,1,1,2.0,0,,2,1722,1446,chb13_21.edf;chb13_22.edf
chb13,125s causal avg,0.05,70,7130,0,0,4,4,0,0,0.9281967541574835,1,1,1,2.0,0,,2,1722,1446,chb13_21.edf;chb13_22.edf
chb13,125s non-causal avg,0.4,70,138,6992,0,4,4,0,0,0.9983850931677019,1,1,1,2.0,0,,2,1722,1446,chb13_21.edf;chb13_22.edf
chb13,13s causal,0.3,28,6,7124,42,0,0,4,4,0.974191544780605,1,1,4,2.0,8,0.0,2,1722,1446,chb13_21.edf;chb13_22.edf
chb13,13s non-causal,0.3,25,3,7127,45,0,0,4,4,0.9734201562813064,1,1,2,2.0,8,0.0,2,1722,1446,chb13_21.edf;chb13_22.edf
chb13,29s causal,0.25,33,22,7108,37,0,0,4,4,0.9650090162292126,1,1,6,2.0,9,0.0,2,1722,1446,chb13_21.edf;chb13_22.edf
chb13,29s non-causal,0.25,28,16,7114,42,0,0,4,4,0.9735564015227409,1,1,8,2.0,8,0.0,2,1722,1446,chb13_21.edf;chb13_22.edf
chb13,61s causal,0.35,20,1,7129,50,0,0,4,4,0.973486275295532,1,1,1,2.0,9,0.0,2,1722,1446,chb13_21.edf;chb13_22.edf
chb13,61s non-causal,0.35,18,1,7129,52,0,0,4,4,0.9816609897816069,1,1,1,2.0,8,0.0,2,1722,1446,chb13_21.edf;chb13_22.edf
chb13,125s causal,0.3,27,4,7126,43,0,0,4,4,0.9735323582448406,1,1,4,2.0,9,0.0,2,1722,1446,chb13_21.edf;chb13_22.edf
chb13,125s non-causal,0.35,9,0,7130,61,0,0,4,4,0.9805610098176718,1,1,0,2.0,9,0.0,2,1722,1446,chb13_21.edf;chb13_22.edf
chb13,none,0.75,51,50,7088,11,2,2,2,2,0.9774695179819052,1,1,4,2.0,6,10.0,3,2046,1386,chb13_56.edf;chb13_59.edf
chb13,13s causal avg,0.7,46,46,7092,16,2,2,2,2,0.9895493451676173,1,1,0,2.0,16,,3,2046,1386,chb13_56.edf;chb13_59.edf
chb13,13s non-causal avg,0.7,52,40,7098,10,2,2,2,2,0.9969947306103635,1,1,0,2.0,10,,3,2046,1386,chb13_56.edf;chb13_59.edf
chb13,29s causal avg,0.75,31,38,7100,31,2,2,2,2,0.986329413678721,1,1,0,2.0,31,,3,2046,1386,chb13_56.edf;chb13_59.edf
chb13,29s non-causal avg,0.65,49,45,7093,13,2,2,2,2,0.9969743942009599,1,1,0,2.0,13,,3,2046,1386,chb13_56.edf;chb13_59.edf
chb13,61s causal avg,0.7,9,60,7078,53,2,2,2,2,0.9712962879274035,1,1,0,2.0,53,,3,2046,1386,chb13_56.edf;chb13_59.edf
chb13,61s non-causal avg,0.6,48,54,7084,14,2,2,2,2,0.996185793436311,1,1,0,2.0,14,,3,2046,1386,chb13_56.edf;chb13_59.edf
chb13,125s causal avg,0.45,8,179,6959,54,2,2,2,2,0.9281853595929103,1,1,0,2.0,54,,3,2046,1386,chb13_56.edf;chb13_59.edf
chb13,125s non-causal avg,0.65,26,45,7093,36,2,2,2,2,0.9925998065781506,1,1,0,2.0,36,,3,2046,1386,chb13_56.edf;chb13_59.edf
chb13,13s causal,0.55,54,56,7082,8,2,2,2,2,0.9747376603186941,1,1,2,2.0,8,6.0,3,2046,1386,chb13_56.edf;chb13_59.edf
chb13,13s non-causal,0.6,59,38,7100,3,2,2,2,2,0.9983437124341327,1,1,3,2.0,3,93.0,3,2046,1386,chb13_56.edf;chb13_59.edf
chb13,29s causal,0.4,55,76,7062,7,2,2,2,2,0.9753567910049802,1,1,4,2.0,7,12.0,3,2046,1386,chb13_56.edf;chb13_59.edf
chb13,29s non-causal,0.55,60,60,7078,2,2,2,2,2,0.9991729860175887,1,1,1,2.0,2,12.0,3,2046,1386,chb13_56.edf;chb13_59.edf
chb13,61s causal,0.35,56,61,7077,6,2,2,2,2,0.9854967506936977,1,1,6,2.0,6,26.0,3,2046,1386,chb13_56.edf;chb13_59.edf
chb13,61s non-causal,0.55,60,30,7108,2,2,2,2,2,0.9994079845262521,1,1,2,2.0,2,82.0,3,2046,1386,chb13_56.edf;chb13_59.edf
chb13,125s causal,0.35,56,27,7111,6,2,2,2,2,0.9849126438236065,1,1,10,2.0,6,23.0,3,2046,1386,chb13_56.edf;chb13_59.edf
chb13,125s non-causal,0.5,60,29,7109,2,2,2,2,2,0.9991933224269922,1,1,2,2.0,2,56.0,3,2046,1386,chb13_56.edf;chb13_59.edf
chb13,none,0.7,97,90,3323,90,4,2,10,8,0.7893630989406657,3,2,15,1.0,5;7,3.0,4,1284,612,chb13_62.edf
chb13,13s causal avg,0.6,98,85,3328,89,4,4,8,8,0.7627269750294172,3,2,1,1.0,11;13,,4,1284,612,chb13_62.edf
chb13,13s non-causal avg,0.6,110,73,3340,77,4,4,8,8,0.7979806684413636,3,2,1,1.0,5;7,,4,1284,612,chb13_62.edf
chb13,29s causal avg,0.35,106,470,2943,81,4,4,8,8,0.738445797838087,3,2,4,1.0,7;9,,4,1284,612,chb13_62.edf
chb13,29s non-causal avg,0.55,112,93,3320,75,4,4,8,8,0.8113402514136732,3,2,0,1.0,4;6,,4,1284,612,chb13_62.edf
chb13,61s causal avg,0.3,104,765,2648,83,4,4,8,8,0.6597337014341202,3,2,4,1.0,8;10,,4,1284,612,chb13_62.edf
chb13,61s non-causal avg,0.4,122,358,3055,65,8,8,4,4,0.8087596810559188,3,2,1,1.0,0;0,,4,1284,612,chb13_62.edf
chb13,125s causal avg,0.25,113,1882,1531,74,4,4,8,8,0.5842336082076865,3,2,12,1.0,3;6,,4,1284,612,chb13_62.edf
chb13,125s non-causal avg,0.4,122,340,3073,65,8,8,4,4,0.8367934180570985,3,2,1,1.0,0;0,,4,1284,612,chb13_62.edf
chb13,13s causal,0.55,104,67,3346,83,4,3,9,8,0.7956429568604471,3,2,8,1.0,5;7,11.0,4,1284,612,chb13_62.edf
chb13,13s non-causal,0.45,116,70,3343,71,4,3,9,8,0.807335431842076,3,2,4,1.0,1;4,15.0,4,1284,612,chb13_62.edf
chb13,29s causal,0.65,89,25,3388,98,1,2,10,11,0.7813996813066116,3,2,2,1.0,5;7,46.0,4,1284,612,chb13_62.edf
chb13,29s non-causal,0.45,118,70,3343,69,5,4,8,7,0.8256775368166072,3,2,2,1.0,1;3,7.0,4,1284,612,chb13_62.edf
chb13,61s causal,0.55,84,11,3402,103,1,0,12,11,0.7943612892510705,3,2,3,1.0,4;6,26.0,4,1284,612,chb13_62.edf
chb13,61s non-causal,0.4,119,69,3344,68,5,4,8,7,0.8431524009332044,3,2,2,1.0,1;2,7.0,4,1284,612,chb13_62.edf
chb13,125s causal,0.6,91,13,3400,96,2,2,10,10,0.8091944766079993,3,2,2,1.0,4;7,30.0,4,1284,612,chb13_62.edf
chb13,125s non-causal,0.4,119,74,3339,68,5,4,8,7,0.8531738508471071,3,2,2,1.0,1;2,6.0,4,1284,612,chb13_62.edf
chb14,none,0.5,51,906,20611,32,4,0,12,8,0.9064735028789229,3,3,236,6.0,2;1;3,1.0,0,420,498,chb14_01.edf;chb14_04.edf;chb14_11.edf;chb14_14.edf;chb14_24.edf;chb14_32.edf
chb14,13s causal avg,0.45,78,5819,15698,5,10,10,2,2,0.9366172222467972,3,3,180,6.0,0;0;5,,0,420,498,chb14_01.edf;chb14_04.edf;chb14_11.edf;chb14_14.edf;chb14_24.edf;chb14_32.edf
chb14,13s non-causal avg,0.45,83,5812,15705,0,12,11,1,0,0.9814643618858947,3,3,179,6.0,0;0;0,,0,420,498,chb14_01.edf;chb14_04.edf;chb14_11.edf;chb14_14.edf;chb14_24.edf;chb14_32.edf
chb14,29s causal avg,0.45,75,5979,15538,8,10,10,2,2,0.9044269283295752,3,3,116,6.0,0;0;8,,0,420,498,chb14_01.edf;chb14_04.edf;chb14_11.edf;chb14_14.edf;chb14_24.edf;chb14_32.edf
chb14,29s non-causal avg,0.45,83,5969,15548,0,12,12,0,0,0.9886898059309785,3,3,115,6.0,0;0;0,,0,420,498,chb14_01.edf;chb14_04.edf;chb14_11.edf;chb14_14.edf;chb14_24.edf;chb14_32.edf
chb14,61s causal avg,0.05,83,21517,0,0,12,12,0,0,0.7912043209320061,3,3,4,6.0,0;0;0,,0,420,498,chb14_01.edf;chb14_04.edf;chb14_11.edf;chb14_14.edf;chb14_24.edf;chb14_32.edf
chb14,61s non-causal avg,0.05,83,21517,0,0,12,12,0,0,0.9799077333640926,3,3,4,6.0,0;0;0,,0,420,498,chb14_01.edf;chb14_04.edf;chb14_11.edf;chb14_14.edf;chb14_24.edf;chb14_32.edf
chb14,125s causal avg,0.05,83,21517,0,0,12,12,0,0,0.5747929208118434,3,3,4,6.0,0;0;0,,0,420,498,chb14_01.edf;chb14_04.edf;chb14_11.edf;chb14_14.edf;chb14_24.edf;chb14_32.edf
chb14,125s non-causal avg,0.05,83,21517,0,0,12,12,0,0,0.8447291046418326,3,3,4,6.0,0;0;0,,0,420,498,chb14_01.edf;chb14_04.edf;chb14_11.edf;chb14_14.edf;chb14_24.edf;chb14_32.edf
chb14,13s causal,0.35,47,272,21245,36,4,4,8,8,0.9379006008698082,3,3,53,6.0,5;3;7,6.0,0,420,498,chb14_01.edf;chb14_04.edf;chb14_11.edf;chb14_14.edf;chb14_24.edf;chb14_32.edf
chb14,13s non-causal,0.3,55,419,21098,28,5,1,11,7,0.9568937085890619,3,3,92,6.0,2;1;3,5.0,0,420,498,chb14_01.edf;chb14_04.edf;chb14_11.edf;chb14_14.edf;chb14_24.edf;chb14_32.edf
chb14,29s causal,0.25,71,1956,19561,12,5,4,8,7,0.9383765484394239,3,3,182,6.0,2;0;4,5.0,0,420,498,chb14_01.edf;chb14_04.edf;chb14_11.edf;chb14_14.edf;chb14_24.edf;chb14_32.edf
chb14,29s non-causal,0.45,61,303,21214,22,6,1,11,6,0.9829683562058804,3,3,41,6.0,1;0;2,18.0,0,420,498,chb14_01.edf;chb14_04.edf;chb14_11.edf;chb14_14.edf;chb14_24.edf;chb14_32.edf
chb14,61s causal,0.3,67,1811,19706,16,5,4,8,7,0.9368112408737053,3,3,152,6.0,3;0;6,6.0,0,420,498,chb14_01.edf;chb14_04.edf;chb14_11.edf;chb14_14.edf;chb14_24.edf;chb14_32.edf
chb14,61s non-causal,0.35,71,443,21074,12,9,4,8,3,0.9879887631578506,3,3,45,6.0,0;0;1,19.0,0,420,498,chb14_01.edf;chb14_04.edf;chb14_11.edf;chb14_14.edf;chb14_24.edf;chb14_32.edf
chb14,125s causal,0.25,64,1770,19747,19,5,4,8,7,0.9328566765085159,3,3,146,6.0,2;1;5,5.0,0,420,498,chb14_01.edf;chb14_04.edf;chb14_11.edf;chb14_14.edf;chb14_24.edf;chb14_32.edf
chb14,125s non-causal,0.3,72,976,20541,11,9,5,7,3,0.9841055909281035,3,3,87,6.0,0;0;1,15.0,0,420,498,chb14_01.edf;chb14_04.edf;chb14_11.edf;chb14_14.edf;chb14_24.edf;chb14_32.edf
chb14,none,0.75,10,26,21540,24,0,0,8,8,0.9655571678731772,2,2,21,6.0,3;6,9.0,1,678,642,chb14_02.edf;chb14_06.edf;chb14_16.edf;chb14_17.edf;chb14_25.edf;chb14_37.edf
chb14,13s causal avg,0.65,7,4,21562,27,2,2,6,6,0.968067928274899,2,1,0,6.0,13,,1,678,642,chb14_02.edf;chb14_06.edf;chb14_16.edf;chb14_17.edf;chb14_25.edf;chb14_37.edf
chb14,13s non-causal avg,0.65,11,0,21566,23,0,0,8,8,0.995664471853844,2,1,0,6.0,7,,1,678,642,chb14_02.edf;chb14_06.edf;chb14_16.edf;chb14_17.edf;chb14_25.edf;chb14_37.edf
chb14,29s causal avg,0.5,3,31,21535,31,2,2,6,6,0.9322040139435168,2,1,3,6.0,17,,1,678,642,chb14_02.edf;chb14_06.edf;chb14_16.edf;chb14_17.edf;chb14_25.edf;chb14_37.edf
chb14,29s non-causal avg,0.6,2,0,21566,32,0,0,8,8,0.9981506838105734,2,1,0,6.0,14,,1,678,642,chb14_02.edf;chb14_06.edf;chb14_16.edf;chb14_17.edf;chb14_25.edf;chb14_37.edf
chb14,61s causal avg,0.4,0,230,21336,34,0,0,8,8,0.8725403821920125,2,0,7,6.0,,,1,678,642,chb14_02.edf;chb14_06.edf;chb14_16.edf;chb14_17.edf;chb14_25.edf;chb14_37.edf
chb14,61s non-causal avg,0.4,32,198,21368,2,6,5,3,2,0.9929286840396921,2,2,5,6.0,0;0,,1,678,642,chb14_02.edf;chb14_06.edf;chb14_16.edf;chb14_17.edf;chb14_25.edf;chb14_37.edf
chb14,125s causal avg,0.25,29,7334,14232,5,6,6,2,2,0.8064941547424869,2,2,34,6.0,0;5,,1,678,642,chb14_02.edf;chb14_06.edf;chb14_16.edf;chb14_17.edf;chb14_25.edf;chb14_37.edf
chb14,125s non-causal avg,0.3,34,2258,19308,0,8,8,0,0,0.9456333771568537,2,2,26,6.0,0;0,,1,678,642,chb14_02.edf;chb14_06.edf;chb14_16.edf;chb14_17.edf;chb14_25.edf;chb14_37.edf
chb14,13s causal,0.7,8,1,21565,26,2,1,7,6,0.9711855807889325,2,1,0,6.0,12,32.0,1,678,642,chb14_02.edf;chb14_06.edf;chb14_16.edf;chb14_17.edf;chb14_25.edf;chb14_37.edf
chb14,13s non-causal,0.85,11,0,21566,23,0,0,8,8,0.9977142670107086,2,1,0,6.0,6,35.0,1,678,642,chb14_02.edf;chb14_06.edf;chb14_16.edf;chb14_17.edf;chb14_25.edf;chb14_37.edf
chb14,29s causal,0.75,5,1,21565,29,1,1,7,7,0.9726830359334683,2,1,0,6.0,13,39.0,1,678,642,chb14_02.edf;chb14_06.edf;chb14_16.edf;chb14_17.edf;chb14_25.edf;chb14_37.edf
chb14,29s non-causal,0.85,13,0,21566,21,1,0,8,7,0.9981343181805783,2,1,0,6.0,5,34.0,1,678,642,chb14_02.edf;chb14_06.edf;chb14_16.edf;chb14_17.edf;chb14_25.edf;chb14_37.edf
chb14,61s causal,0.75,5,1,21565,29,1,1,7,7,0.9653607803132382,2,1,0,6.0,13,38.0,1,678,642,chb14_02.edf;chb14_06.edf;chb14_16.edf;chb14_17.edf;chb14_25.edf;chb14_37.edf
chb14,61s non-causal,0.8,14,0,21566,20,1,0,8,7,0.9970760074409064,2,1,0,6.0,4,22.0,1,678,642,chb14_02.edf;chb14_06.edf;chb14_16.edf;chb14_17.edf;chb14_25.edf;chb14_37.edf
chb14,125s causal,0.65,6,2,21564,28,1,1,7,7,0.9238670892636012,2,1,1,6.0,12,29.0,1,678,642,chb14_02.edf;chb14_06.edf;chb14_16.edf;chb14_17.edf;chb14_25.edf;chb14_37.edf
chb14,125s non-causal,0.8,14,0,21566,20,1,0,8,7,0.9969696308459394,2,1,0,6.0,4,17.0,1,678,642,chb14_02.edf;chb14_06.edf;chb14_16.edf;chb14_17.edf;chb14_25.edf;chb14_37.edf
chb14,none,0.75,5,11,17975,9,0,0,4,4,0.9648059601912597,1,1,9,5.0,4,5.0,2,798,1014,chb14_03.edf;chb14_07.edf;chb14_19.edf;chb14_26.edf;chb14_39.edf
chb14,13s causal avg,0.7,0,0,17986,14,0,0,4,4,0.987776206891074,1,0,0,5.0,,,2,798,1014,chb14_03.edf;chb14_07.edf;chb14_19.edf;chb14_26.edf;chb14_39.edf
chb14,13s non-causal avg,0.7,0,0,17986,14,0,0,4,4,0.9992335308414481,1,0,0,5.0,,,2,798,1014,chb14_03.edf;chb14_07.edf;chb14_19.edf;chb14_26.edf;chb14_39.edf
chb14,29s causal avg,0.55,0,20,17966,14,0,0,4,4,0.9543533859668631,1,0,2,5.0,,,2,798,1014,chb14_03.edf;chb14_07.edf;chb14_19.edf;chb14_26.edf;chb14_39.edf
chb14,29s non-causal avg,0.55,9,11,17975,5,1,2,2,3,0.9992335308414481,1,1,1,5.0,3,,2,798,1014,chb14_03.edf;chb14_07.edf;chb14_19.edf;chb14_26.edf;chb14_39.edf
chb14,61s causal avg,0.4,2,470,17516,12,2,2,2,2,0.9399215262664613,1,1,12,5.0,12,,2,798,1014,chb14_03.edf;chb14_07.edf;chb14_19.edf;chb14_26.edf;chb14_39.edf
chb14,61s non-causal avg,0.4,14,444,17542,0,4,4,0,0,0.995591809502629,1,1,11,5.0,0,,2,798,1014,chb14_03.edf;chb14_07.edf;chb14_19.edf;chb14_26.edf;chb14_39.edf
chb14,125s causal avg,0.35,5,1392,16594,9,2,2,2,2,0.9094732410922781,1,1,15,5.0,9,,2,798,1014,chb14_03.edf;chb14_07.edf;chb14_19.edf;chb14_26.edf;chb14_39.edf
chb14,125s non-causal avg,0.35,14,1390,16596,0,4,4,0,0,0.9884354497942844,1,1,14,5.0,0,,2,798,1014,chb14_03.edf;chb14_07.edf;chb14_19.edf;chb14_26.edf;chb14_39.edf
chb14,13s causal,0.7,5,0,17986,9,1,0,4,3,0.8879326777970169,1,1,0,5.0,7,19.0,2,798,1014,chb14_03.edf;chb14_07.edf;chb14_19.edf;chb14_26.edf;chb14_39.edf
chb14,13s non-causal,0.8,7,0,17986,7,0,0,4,4,0.9999523438865149,1,1,0,5.0,4,22.0,2,798,1014,chb14_03.edf;chb14_07.edf;chb14_19.edf;chb14_26.edf;chb14_39.edf
chb14,29s causal,0.75,4,0,17986,10,0,0,4,4,0.8849581420469889,1,1,0,5.0,7,24.0,2,798,1014,chb14_03.edf;chb14_07.edf;chb14_19.edf;chb14_26.edf;chb14_39.edf
chb14,29s non-causal,0.85,3,0,17986,11,0,0,4,4,0.9999761719432574,1,1,0,5.0,6,15.0,2,798,1014,chb14_03.edf;chb14_07.edf;chb14_19.edf;chb14_26.edf;chb14_39.edf
chb14,61s causal,0.75,5,0,17986,9,1,0,4,3,0.8745015964798017,1,1,0,5.0,7,17.0,2,798,1014,chb14_03.edf;chb14_07.edf;chb14_19.edf;chb14_26.edf;chb14_39.edf
chb14,61s non-causal,0.85,1,0,17986,13,0,0,4,4,0.9999563152293053,1,1,0,5.0,8,8.0,2,798,1014,chb14_03.edf;chb14_07.edf;chb14_19.edf;chb14_26.edf;chb14_39.edf
chb14,125s causal,0.7,6,0,17986,8,1,0,4,3,0.8793108925990056,1,1,0,5.0,7,21.0,2,798,1014,chb14_03.edf;chb14_07.edf;chb14_19.edf;chb14_26.edf;chb14_39.edf
chb14,125s non-causal,0.85,3,0,17986,11,0,0,4,4,0.9999880859716288,1,1,0,5.0,6,9.0,2,798,1014,chb14_03.edf;chb14_07.edf;chb14_19.edf;chb14_26.edf;chb14_39.edf
chb14,none,0.85,5,29,17955,11,0,0,4,4,0.8410462077402134,1,1,23,5.0,4,19.0,3,798,900,chb14_12.edf;chb14_20.edf;chb14_27.edf;chb14_29.edf;chb14_42.edf
chb14,13s causal avg,0.65,0,1,17983,16,0,0,4,4,0.865620134564057,1,0,1,5.0,,,3,798,900,chb14_12.edf;chb14_20.edf;chb14_27.edf;chb14_29.edf;chb14_42.edf
chb14,13s non-causal avg,0.65,0,1,17983,16,0,0,4,4,0.9875896630338079,1,0,1,5.0,,,3,798,900,chb14_12.edf;chb14_20.edf;chb14_27.edf;chb14_29.edf;chb14_42.edf
chb14,29s causal avg,0.55,0,0,17984,16,0,0,4,4,0.87298084408363,1,0,0,5.0,,,3,798,900,chb14_12.edf;chb14_20.edf;chb14_27.edf;chb14_29.edf;chb14_42.edf
chb14,29s non-causal avg,0.6,0,0,17984,16,0,0,4,4,0.9677421596975089,1,0,0,5.0,,,3,798,900,chb14_12.edf;chb14_20.edf;chb14_27.edf;chb14_29.edf;chb14_42.edf
chb14,61s causal avg,0.25,0,1420,16564,16,0,0,4,4,0.7104926601423488,1,0,28,5.0,,,3,798,900,chb14_12.edf;chb14_20.edf;chb14_27.edf;chb14_29.edf;chb14_42.edf
chb14,61s non-causal avg,0.4,0,200,17784,16,0,0,4,4,0.9336180771797153,1,0,8,5.0,,,3,798,900,chb14_12.edf;chb14_20.edf;chb14_27.edf;chb14_29.edf;chb14_42.edf
chb14,125s causal avg,0.15,7,4857,13127,9,2,2,2,2,0.645087299822064,1,1,12,5.0,9,,3,798,900,chb14_12.edf;chb14_20.edf;chb14_27.edf;chb14_29.edf;chb14_42.edf
chb14,125s non-causal avg,0.25,0,1339,16645,16,0,0,4,4,0.8384153970195729,1,0,19,5.0,,,3,798,900,chb14_12.edf;chb14_20.edf;chb14_27.edf;chb14_29.edf;chb14_42.edf
chb14,13s causal,0.8,4,2,17982,12,0,0,4,4,0.8567789423932385,1,1,2,5.0,6,34.0,3,798,900,chb14_12.edf;chb14_20.edf;chb14_27.edf;chb14_29.edf;chb14_42.edf
chb14,13s non-causal,0.7,7,6,17978,9,0,0,4,4,0.9896957017348755,1,1,1,5.0,3,39.0,3,798,900,chb14_12.edf;chb14_20.edf;chb14_27.edf;chb14_29.edf;chb14_42.edf
chb14,29s causal,0.7,5,6,17978,11,0,0,4,4,0.8480385342526691,1,1,4,5.0,6,38.0,3,798,900,chb14_12.edf;chb14_20.edf;chb14_27.edf;chb14_29.edf;chb14_42.edf
chb14,29s non-causal,0.45,8,9,17975,8,0,0,4,4,0.99539868772242,1,1,2,5.0,3,12.0,3,798,900,chb14_12.edf;chb14_20.edf;chb14_27.edf;chb14_29.edf;chb14_42.edf
chb14,61s causal,0.8,5,3,17981,11,0,0,4,4,0.8718339913256229,1,1,2,5.0,6,36.0,3,798,900,chb14_12.edf;chb14_20.edf;chb14_27.edf;chb14_29.edf;chb14_42.edf
chb14,61s non-causal,0.65,4,3,17981,12,0,0,4,4,0.990759147019573,1,1,2,5.0,4,27.0,3,798,900,chb14_12.edf;chb14_20.edf;chb14_27.edf;chb14_29.edf;chb14_42.edf
chb14,125s causal,0.8,4,2,17982,12,0,0,4,4,0.8608693838967971,1,1,2,5.0,6,30.0,3,798,900,chb14_12.edf;chb14_20.edf;chb14_27.edf;chb14_29.edf;chb14_42.edf
chb14,125s non-causal,0.7,4,1,17983,12,0,0,4,4,0.9894593805604983,1,1,1,5.0,4,31.0,3,798,900,chb14_12.edf;chb14_20.edf;chb14_27.edf;chb14_29.edf;chb14_42.edf
chb14,none,0.85,0,11,14367,22,0,0,4,4,0.9732356251343592,1,0,9,4.0,,15.0,4,762,858,chb14_13.edf;chb14_18.edf;chb14_22.edf;chb14_30.edf
chb14,13s causal avg,0.7,9,1,14377,13,2,0,4,2,0.9696126658151974,1,1,1,4.0,13,,4,762,858,chb14_13.edf;chb14_18.edf;chb14_22.edf;chb14_30.edf
chb14,13s non-causal avg,0.7,9,0,14378,13,0,0,4,4,0.996459236965566,1,1,0,4.0,7,,4,762,858,chb14_13.edf;chb14_18.edf;chb14_22.edf;chb14_30.edf
chb14,29s causal avg,0.5,7,71,14307,15,2,2,2,2,0.9468190037810291,1,1,7,4.0,15,,4,762,858,chb14_13.edf;chb14_18.edf;chb14_22.edf;chb14_30.edf
chb14,29s non-causal avg,0.55,14,9,14369,8,0,0,4,4,0.9988524134093754,1,1,1,4.0,4,,4,762,858,chb14_13.edf;chb14_18.edf;chb14_22.edf;chb14_30.edf
chb14,61s causal avg,0.35,7,761,13617,15,2,2,2,2,0.8951207020827274,1,1,23,4.0,15,,4,762,858,chb14_13.edf;chb14_18.edf;chb14_22.edf;chb14_30.edf
chb14,61s non-causal avg,0.4,22,169,14209,0,4,4,0,0,0.9901775439750123,1,1,6,4.0,0,,4,762,858,chb14_13.edf;chb14_18.edf;chb14_22.edf;chb14_30.edf
chb14,125s causal avg,0.25,22,3443,10935,0,4,4,0,0,0.8902837668660454,1,1,14,4.0,0,,4,762,858,chb14_13.edf;chb14_18.edf;chb14_22.edf;chb14_30.edf
chb14,125s non-causal avg,0.3,22,1713,12665,0,4,4,0,0,0.9095018905145488,1,1,15,4.0,0,,4,762,858,chb14_13.edf;chb14_18.edf;chb14_22.edf;chb14_30.edf
chb14,13s causal,0.7,13,7,14371,9,0,0,4,4,0.9835259677031829,1,1,5,4.0,5,18.0,4,762,858,chb14_13.edf;chb14_18.edf;chb14_22.edf;chb14_30.edf
chb14,13s non-causal,0.7,15,3,14375,7,0,0,4,4,0.9989978376054325,1,1,1,4.0,2,35.0,4,762,858,chb14_13.edf;chb14_18.edf;chb14_22.edf;chb14_30.edf
chb14,29s causal,0.75,8,6,14372,14,0,0,4,4,0.9762832104604257,1,1,4,4.0,5,25.0,4,762,858,chb14_13.edf;chb14_18.edf;chb14_22.edf;chb14_30.edf
chb14,29s non-causal,0.8,14,0,14378,8,0,0,4,4,0.9996016641586262,1,1,0,4.0,3,36.0,4,762,858,chb14_13.edf;chb14_18.edf;chb14_22.edf;chb14_30.edf
chb14,61s causal,0.75,7,5,14373,15,0,0,4,4,0.9814900289583834,1,1,3,4.0,10,24.0,4,762,858,chb14_13.edf;chb14_18.edf;chb14_22.edf;chb14_30.edf
chb14,61s non-causal,0.65,17,0,14378,5,0,0,4,4,0.9998134776615789,1,1,0,4.0,2,24.0,4,762,858,chb14_13.edf;chb14_18.edf;chb14_22.edf;chb14_30.edf
chb14,125s causal,0.6,16,13,14365,6,0,0,4,4,0.9794635744002833,1,1,10,4.0,4,16.0,4,762,858,chb14_13.edf;chb14_18.edf;chb14_22.edf;chb14_30.edf
chb14,125s non-causal,0.75,14,0,14378,8,0,0,4,4,0.999304492975379,1,1,0,4.0,3,8.0,4,762,858,chb14_13.edf;chb14_18.edf;chb14_22.edf;chb14_30.edf
chb15,none,0.8,255,25,28419,101,2,3,9,10,0.9885602145117788,3,3,19,8.0,0;4;5,18.0,0,8274,2916,chb15_02.edf;chb15_08.edf;chb15_10.edf;chb15_14.edf;chb15_22.edf;chb15_30.edf;chb15_31.edf;chb15_45.edf
chb15,13s causal avg,0.55,334,55,28389,22,4,2,10,8,0.9962984630553392,3,3,7,8.0,0;7;8,,0,8274,2916,chb15_02.edf;chb15_08.edf;chb15_10.edf;chb15_14.edf;chb15_22.edf;chb15_30.edf;chb15_31.edf;chb15_45.edf
chb15,13s non-causal avg,0.55,334,55,28389,22,5,3,9,7,0.9990078079696119,3,3,7,8.0,0;1;2,,0,8274,2916,chb15_02.edf;chb15_08.edf;chb15_10.edf;chb15_14.edf;chb15_22.edf;chb15_30.edf;chb15_31.edf;chb15_45.edf
chb15,29s causal avg,0.55,317,29,28415,39,6,5,7,6,0.9895275202684873,3,3,1,8.0,7;15;17,,0,8274,2916,chb15_02.edf;chb15_08.edf;chb15_10.edf;chb15_14.edf;chb15_22.edf;chb15_30.edf;chb15_31.edf;chb15_45.edf
chb15,29s non-causal avg,0.5,338,95,28349,18,7,5,7,5,0.9991855670673225,3,3,6,8.0,0;0;1,,0,8274,2916,chb15_02.edf;chb15_08.edf;chb15_10.edf;chb15_14.edf;chb15_22.edf;chb15_30.edf;chb15_31.edf;chb15_45.edf
chb15,61s causal avg,0.45,294,217,28227,62,6,6,6,6,0.972746468914279,3,3,4,8.0,12;23;27,,0,8274,2916,chb15_02.edf;chb15_08.edf;chb15_10.edf;chb15_14.edf;chb15_22.edf;chb15_30.edf;chb15_31.edf;chb15_45.edf
chb15,61s non-causal avg,0.5,335,71,28373,21,7,6,6,5,0.9995565898062664,3,3,1,8.0,0;0;1,,0,8274,2916,chb15_02.edf;chb15_08.edf;chb15_10.edf;chb15_14.edf;chb15_22.edf;chb15_30.edf;chb15_31.edf;chb15_45.edf
chb15,125s causal avg,0.4,256,460,27984,100,6,6,6,6,0.9439394220696216,3,3,4,8.0,17;37;46,,0,8274,2916,chb15_02.edf;chb15_08.edf;chb15_10.edf;chb15_14.edf;chb15_22.edf;chb15_30.edf;chb15_31.edf;chb15_45.edf
chb15,125s non-causal avg,0.4,356,359,28085,0,12,12,0,0,0.9990200535963432,3,3,3,8.0,0;0;0,,0,8274,2916,chb15_02.edf;chb15_08.edf;chb15_10.edf;chb15_14.edf;chb15_22.edf;chb15_30.edf;chb15_31.edf;chb15_45.edf
chb15,13s causal,0.4,329,22,28422,27,4,4,8,8,0.9988365667054839,3,3,3,8.0,0;4;6,16.0,0,8274,2916,chb15_02.edf;chb15_08.edf;chb15_10.edf;chb15_14.edf;chb15_22.edf;chb15_30.edf;chb15_31.edf;chb15_45.edf
chb15,13s non-causal,0.45,316,16,28428,40,4,4,8,8,0.998837949276244,3,3,6,8.0,0;2;4,1.0,0,8274,2916,chb15_02.edf;chb15_08.edf;chb15_10.edf;chb15_14.edf;chb15_22.edf;chb15_30.edf;chb15_31.edf;chb15_45.edf
chb15,29s causal,0.45,327,15,28429,29,4,3,9,8,0.9989960561181521,3,3,1,8.0,0;4;6,7.0,0,8274,2916,chb15_02.edf;chb15_08.edf;chb15_10.edf;chb15_14.edf;chb15_22.edf;chb15_30.edf;chb15_31.edf;chb15_45.edf
chb15,29s non-causal,0.5,327,15,28429,29,4,4,8,8,0.9995597499680033,3,3,1,8.0,0;3;5,7.0,0,8274,2916,chb15_02.edf;chb15_08.edf;chb15_10.edf;chb15_14.edf;chb15_22.edf;chb15_30.edf;chb15_31.edf;chb15_45.edf
chb15,61s causal,0.45,331,18,28426,25,4,4,8,8,0.9990654809213135,3,3,1,8.0,0;4;6,8.0,0,8274,2916,chb15_02.edf;chb15_08.edf;chb15_10.edf;chb15_14.edf;chb15_22.edf;chb15_30.edf;chb15_31.edf;chb15_45.edf
chb15,61s non-causal,0.5,337,12,28432,19,4,4,8,8,0.9997800724941102,3,3,2,8.0,0;3;5,8.0,0,8274,2916,chb15_02.edf;chb15_08.edf;chb15_10.edf;chb15_14.edf;chb15_22.edf;chb15_30.edf;chb15_31.edf;chb15_45.edf
chb15,125s causal,0.45,329,13,28431,27,4,4,8,8,0.9991149572035096,3,3,3,8.0,0;4;5,30.0,0,8274,2916,chb15_02.edf;chb15_08.edf;chb15_10.edf;chb15_14.edf;chb15_22.edf;chb15_30.edf;chb15_31.edf;chb15_45.edf
chb15,125s non-causal,0.45,339,8,28436,17,4,4,8,8,0.9998771487124711,3,3,0,8.0,0;2;5,7.0,0,8274,2916,chb15_02.edf;chb15_08.edf;chb15_10.edf;chb15_14.edf;chb15_22.edf;chb15_30.edf;chb15_31.edf;chb15_45.edf
chb15,none,0.75,606,154,27883,182,12,7,29,24,0.9688390377544975,9,9,80,8.006944444444445,4;2;8;0;0;0;0;0;0,6.0,1,5568,1944,chb15_03.edf;chb15_09.edf;chb15_16.edf;chb15_32.edf;chb15_40.edf;chb15_49.edf;chb15_50.edf;chb15_54.edf
chb15,13s causal avg,0.5,745,196,27841,43,25,22,14,11,0.9936816632263856,9,9,16,8.006944444444445,12;4;12;2;0;0;0;0;0,,1,5568,1944,chb15_03.edf;chb15_09.edf;chb15_16.edf;chb15_32.edf;chb15_40.edf;chb15_49.edf;chb15_50.edf;chb15_54.edf
chb15,13s non-causal avg,0.5,730,217,27820,58,17,14,22,19,0.9953746762119455,9,9,16,8.006944444444445,6;0;6;0;0;0;0;0;0,,1,5568,1944,chb15_03.edf;chb15_09.edf;chb15_16.edf;chb15_32.edf;chb15_40.edf;chb15_49.edf;chb15_50.edf;chb15_54.edf
chb15,29s causal avg,0.55,707,97,27940,81,21,19,17,15,0.9902836425904927,9,9,2,8.006944444444445,21;13;21;10;8;0;1;5;0,,1,5568,1944,chb15_03.edf;chb15_09.edf;chb15_16.edf;chb15_32.edf;chb15_40.edf;chb15_49.edf;chb15_50.edf;chb15_54.edf
chb15,29s non-causal avg,0.5,740,171,27866,48,15,14,22,21,0.997219138813848,9,9,4,8.006944444444445,4;0;5;0;0;0;0;0;0,,1,5568,1944,chb15_03.edf;chb15_09.edf;chb15_16.edf;chb15_32.edf;chb15_40.edf;chb15_49.edf;chb15_50.edf;chb15_54.edf
chb15,61s causal avg,0.65,497,107,27930,291,16,16,20,20,0.9747741789357754,9,9,0,8.006944444444445,46;37;45;30;30;18;26;31;22,,1,5568,1944,chb15_03.edf;chb15_09.edf;chb15_16.edf;chb15_32.edf;chb15_40.edf;chb15_49.edf;chb15_50.edf;chb15_54.edf
chb15,61s non-causal avg,0.55,698,117,27920,90,14,14,22,22,0.9984557208576267,9,9,1,8.006944444444445,8;0;6;0;0;0;0;0;0,,1,5568,1944,chb15_03.edf;chb15_09.edf;chb15_16.edf;chb15_32.edf;chb15_40.edf;chb15_49.edf;chb15_50.edf;chb15_54.edf
chb15,125s causal avg,0.55,307,217,27820,481,8,8,28,28,0.9314729864759927,9,4,0,8.006944444444445,63;46;41;50,,1,5568,1944,chb15_03.edf;chb15_09.edf;chb15_16.edf;chb15_32.edf;chb15_40.edf;chb15_49.edf;chb15_50.edf;chb15_54.edf
chb15,125s non-causal avg,0.55,475,50,27987,313,8,6,30,28,0.9973551537860865,9,4,1,8.006944444444445,1;0;0;0,,1,5568,1944,chb15_03.edf;chb15_09.edf;chb15_16.edf;chb15_32.edf;chb15_40.edf;chb15_49.edf;chb15_50.edf;chb15_54.edf
chb15,13s causal,0.3,718,173,27864,70,21,13,23,15,0.9924928787901556,9,9,37,8.006944444444445,6;3;9;0;0;0;0;0;0,0.0,1,5568,1944,chb15_03.edf;chb15_09.edf;chb15_16.edf;chb15_32.edf;chb15_40.edf;chb15_49.edf;chb15_50.edf;chb15_54.edf
chb15,13s non-causal,0.35,665,100,27937,123,13,9,27,23,0.9892132206009862,9,9,21,8.006944444444445,11;1;8;0;0;0;0;0;0,0.0,1,5568,1944,chb15_03.edf;chb15_09.edf;chb15_16.edf;chb15_32.edf;chb15_40.edf;chb15_49.edf;chb15_50.edf;chb15_54.edf
chb15,29s causal,0.4,746,229,27808,42,25,19,17,11,0.992988326339614,9,9,27,8.006944444444445,12;4;11;0;0;0;0;0;0,0.0,1,5568,1944,chb15_03.edf;chb15_09.edf;chb15_16.edf;chb15_32.edf;chb15_40.edf;chb15_49.edf;chb15_50.edf;chb15_54.edf
chb15,29s non-causal,0.4,708,222,27815,80,15,12,24,21,0.992278151659274,9,9,36,8.006944444444445,4;1;7;0;0;0;0;0;0,0.0,1,5568,1944,chb15_03.edf;chb15_09.edf;chb15_16.edf;chb15_32.edf;chb15_40.edf;chb15_49.edf;chb15_50.edf;chb15_54.edf
chb15,61s causal,0.3,752,302,27735,36,27,21,15,9,0.9931019361833138,9,9,43,8.006944444444445,12;3;10;0;0;0;0;0;0,0.0,1,5568,1944,chb15_03.edf;chb15_09.edf;chb15_16.edf;chb15_32.edf;chb15_40.edf;chb15_49.edf;chb15_50.edf;chb15_54.edf
chb15,61s non-causal,0.3,723,315,27722,65,17,15,21,19,0.9924228571056122,9,9,52,8.006944444444445,4;0;6;0;0;0;0;0;0,0.0,1,5568,1944,chb15_03.edf;chb15_09.edf;chb15_16.edf;chb15_32.edf;chb15_40.edf;chb15_49.edf;chb15_50.edf;chb15_54.edf
chb15,125s causal,0.4,749,167,27870,39,27,23,13,9,0.9929666001543644,9,9,13,8.006944444444445,13;7;13;0;0;0;0;0;0,0.0,1,5568,1944,chb15_03.edf;chb15_09.edf;chb15_16.edf;chb15_32.edf;chb15_40.edf;chb15_49.edf;chb15_50.edf;chb15_54.edf
chb15,125s non-causal,0.25,757,393,27644,31,20,17,19,16,0.9971848295463084,9,9,30,8.006944444444445,2;0;5;0;0;0;0;0;0,0.0,1,5568,1944,chb15_03.edf;chb15_09.edf;chb15_16.edf;chb15_32.edf;chb15_40.edf;chb15_49.edf;chb15_50.edf;chb15_54.edf
chb15,none,0.7,283,91,28365,70,5,3,9,7,0.9907580591595712,3,3,65,8.0025,0;0;0,12.0,2,7782,2688,chb15_04.edf;chb15_06.edf;chb15_11.edf;chb15_15.edf;chb15_19.edf;chb15_33.edf;chb15_51.edf;chb15_52.edf
chb15,13s causal avg,0.5,347,49,28407,6,8,7,5,4,0.999737580050031,3,3,4,8.0025,2;0;0,,2,7782,2688,chb15_04.edf;chb15_06.edf;chb15_11.edf;chb15_15.edf;chb15_19.edf;chb15_33.edf;chb15_51.edf;chb15_52.edf
chb15,13s non-causal avg,0.5,343,49,28407,10,10,10,2,2,0.9961474242625761,3,3,3,8.0025,0;0;0,,2,7782,2688,chb15_04.edf;chb15_06.edf;chb15_11.edf;chb15_15.edf;chb15_19.edf;chb15_33.edf;chb15_51.edf;chb15_52.edf
chb15,29s causal avg,0.6,323,27,28429,30,4,4,8,8,0.9992445968966751,3,3,1,8.0025,15;3;8,,2,7782,2688,chb15_04.edf;chb15_06.edf;chb15_11.edf;chb15_15.edf;chb15_19.edf;chb15_33.edf;chb15_51.edf;chb15_52.edf
chb15,29s non-causal avg,0.5,341,44,28412,12,10,10,2,2,0.9992811326029112,3,3,0,8.0025,0;0;0,,2,7782,2688,chb15_04.edf;chb15_06.edf;chb15_11.edf;chb15_15.edf;chb15_19.edf;chb15_33.edf;chb15_51.edf;chb15_52.edf
chb15,61s causal avg,0.4,332,161,28295,21,8,8,4,4,0.9965062108709555,3,3,2,8.0025,16;0;5,,2,7782,2688,chb15_04.edf;chb15_06.edf;chb15_11.edf;chb15_15.edf;chb15_19.edf;chb15_33.edf;chb15_51.edf;chb15_52.edf
chb15,61s non-causal avg,0.5,335,50,28406,18,10,10,2,2,0.9997132892807624,3,3,0,8.0025,0;0;0,,2,7782,2688,chb15_04.edf;chb15_06.edf;chb15_11.edf;chb15_15.edf;chb15_19.edf;chb15_33.edf;chb15_51.edf;chb15_52.edf
chb15,125s causal avg,0.35,320,496,27960,33,7,6,6,5,0.9910147050742223,3,3,6,8.0025,21;1;11,,2,7782,2688,chb15_04.edf;chb15_06.edf;chb15_11.edf;chb15_15.edf;chb15_19.edf;chb15_33.edf;chb15_51.edf;chb15_52.edf
chb15,125s non-causal avg,0.45,343,114,28342,10,10,10,2,2,0.9996237917333335,3,3,0,8.0025,0;0;0,,2,7782,2688,chb15_04.edf;chb15_06.edf;chb15_11.edf;chb15_15.edf;chb15_19.edf;chb15_33.edf;chb15_51.edf;chb15_52.edf
chb15,13s causal,0.45,344,37,28419,9,8,8,4,4,0.9992126405977599,3,3,5,8.0025,2;0;0,0.0,2,7782,2688,chb15_04.edf;chb15_06.edf;chb15_11.edf;chb15_15.edf;chb15_19.edf;chb15_33.edf;chb15_51.edf;chb15_52.edf
chb15,13s non-causal,0.5,335,32,28424,18,10,7,5,2,0.9957610616579365,3,3,7,8.0025,0;0;0,0.0,2,7782,2688,chb15_04.edf;chb15_06.edf;chb15_11.edf;chb15_15.edf;chb15_19.edf;chb15_33.edf;chb15_51.edf;chb15_52.edf
chb15,29s causal,0.6,343,26,28430,10,9,7,5,3,0.9991966126721359,3,3,4,8.0025,0;0;0,16.0,2,7782,2688,chb15_04.edf;chb15_06.edf;chb15_11.edf;chb15_15.edf;chb15_19.edf;chb15_33.edf;chb15_51.edf;chb15_52.edf
chb15,29s non-causal,0.55,345,60,28396,8,10,10,2,2,0.9983266248334489,3,3,7,8.0025,0;0;0,8.0,2,7782,2688,chb15_04.edf;chb15_06.edf;chb15_11.edf;chb15_15.edf;chb15_19.edf;chb15_33.edf;chb15_51.edf;chb15_52.edf
chb15,61s causal,0.7,342,20,28436,11,8,6,6,4,0.9995942246904121,3,3,0,8.0025,2;0;0,16.0,2,7782,2688,chb15_04.edf;chb15_06.edf;chb15_11.edf;chb15_15.edf;chb15_19.edf;chb15_33.edf;chb15_51.edf;chb15_52.edf
chb15,61s non-causal,0.55,346,51,28405,7,10,10,2,2,0.9995692370548119,3,3,2,8.0025,0;0;0,16.0,2,7782,2688,chb15_04.edf;chb15_06.edf;chb15_11.edf;chb15_15.edf;chb15_19.edf;chb15_33.edf;chb15_51.edf;chb15_52.edf
chb15,125s causal,0.75,342,15,28441,11,7,3,9,5,0.9996424080196173,3,3,1,8.0025,2;0;0,21.0,2,7782,2688,chb15_04.edf;chb15_06.edf;chb15_11.edf;chb15_15.edf;chb15_19.edf;chb15_33.edf;chb15_51.edf;chb15_52.edf
chb15,125s non-causal,0.55,344,44,28412,9,10,10,2,2,0.9995108993876337,3,3,3,8.0025,0;0;0,2.0,2,7782,2688,chb15_04.edf;chb15_06.edf;chb15_11.edf;chb15_15.edf;chb15_19.edf;chb15_33.edf;chb15_51.edf;chb15_52.edf
chb15,none,0.75,223,502,28048,27,4,2,10,8,0.9837441681260946,3,3,46,8.0,8;1;0,10.0,3,8082,2964,chb15_05.edf;chb15_12.edf;chb15_17.edf;chb15_26.edf;chb15_35.edf;chb15_46.edf;chb15_61.edf;chb15_62.edf
chb15,13s causal avg,0.6,232,485,28065,18,8,6,6,4,0.9881443082311734,3,3,4,8.0,12;6;0,,3,8082,2964,chb15_05.edf;chb15_12.edf;chb15_17.edf;chb15_26.edf;chb15_35.edf;chb15_46.edf;chb15_61.edf;chb15_62.edf
chb15,13s non-causal avg,0.55,237,496,28054,13,6,5,7,6,0.990525534150613,3,3,4,8.0,4;0;0,,3,8082,2964,chb15_05.edf;chb15_12.edf;chb15_17.edf;chb15_26.edf;chb15_35.edf;chb15_46.edf;chb15_61.edf;chb15_62.edf
chb15,29s causal avg,0.65,202,476,28074,48,6,6,6,6,0.9829129246935202,3,3,3,8.0,23;18;7,,3,8082,2964,chb15_05.edf;chb15_12.edf;chb15_17.edf;chb15_26.edf;chb15_35.edf;chb15_46.edf;chb15_61.edf;chb15_62.edf
chb15,29s non-causal avg,0.55,235,495,28055,15,6,5,7,6,0.9903527845884414,3,3,3,8.0,5;0;0,,3,8082,2964,chb15_05.edf;chb15_12.edf;chb15_17.edf;chb15_26.edf;chb15_35.edf;chb15_46.edf;chb15_61.edf;chb15_62.edf
chb15,61s causal avg,0.5,178,579,27971,72,4,5,7,8,0.965061295971979,3,2,4,8.0,25;12,,3,8082,2964,chb15_05.edf;chb15_12.edf;chb15_17.edf;chb15_26.edf;chb15_35.edf;chb15_46.edf;chb15_61.edf;chb15_62.edf
chb15,61s non-causal avg,0.55,211,504,28046,39,6,5,7,6,0.9894781085814359,3,2,3,8.0,0;0,,3,8082,2964,chb15_05.edf;chb15_12.edf;chb15_17.edf;chb15_26.edf;chb15_35.edf;chb15_46.edf;chb15_61.edf;chb15_62.edf
chb15,125s causal avg,0.4,157,793,27757,93,4,4,8,8,0.9313433274956215,3,2,4,8.0,35;23,,3,8082,2964,chb15_05.edf;chb15_12.edf;chb15_17.edf;chb15_26.edf;chb15_35.edf;chb15_46.edf;chb15_61.edf;chb15_62.edf
chb15,125s non-causal avg,0.5,215,575,27975,35,8,8,4,4,0.9827634325744309,3,2,3,8.0,0;0,,3,8082,2964,chb15_05.edf;chb15_12.edf;chb15_17.edf;chb15_26.edf;chb15_35.edf;chb15_46.edf;chb15_61.edf;chb15_62.edf
chb15,13s causal,0.65,235,485,28065,15,6,4,8,6,0.9881105429071804,3,3,9,8.0,9;4;0,0.0,3,8082,2964,chb15_05.edf;chb15_12.edf;chb15_17.edf;chb15_26.edf;chb15_35.edf;chb15_46.edf;chb15_61.edf;chb15_62.edf
chb15,13s non-causal,0.6,238,482,28068,12,6,3,9,6,0.9903281961471103,3,3,6,8.0,5;0;0,18.0,3,8082,2964,chb15_05.edf;chb15_12.edf;chb15_17.edf;chb15_26.edf;chb15_35.edf;chb15_46.edf;chb15_61.edf;chb15_62.edf
chb15,29s causal,0.55,235,471,28079,15,6,4,8,6,0.9893932049036779,3,3,6,8.0,9;2;0,21.0,3,8082,2964,chb15_05.edf;chb15_12.edf;chb15_17.edf;chb15_26.edf;chb15_35.edf;chb15_46.edf;chb15_61.edf;chb15_62.edf
chb15,29s non-causal,0.6,239,485,28065,11,7,4,8,5,0.9906521891418564,3,3,3,8.0,6;0;0,18.0,3,8082,2964,chb15_05.edf;chb15_12.edf;chb15_17.edf;chb15_26.edf;chb15_35.edf;chb15_46.edf;chb15_61.edf;chb15_62.edf
chb15,61s causal,0.5,235,489,28061,15,6,4,8,6,0.9895610507880911,3,3,7,8.0,9;2;0,39.0,3,8082,2964,chb15_05.edf;chb15_12.edf;chb15_17.edf;chb15_26.edf;chb15_35.edf;chb15_46.edf;chb15_61.edf;chb15_62.edf
chb15,61s non-causal,0.55,237,480,28070,13,7,4,8,5,0.9904665499124343,3,3,3,8.0,8;0;0,32.0,3,8082,2964,chb15_05.edf;chb15_12.edf;chb15_17.edf;chb15_26.edf;chb15_35.edf;chb15_46.edf;chb15_61.edf;chb15_62.edf
chb15,125s causal,0.6,231,462,28088,19,5,4,8,7,0.9896452539404553,3,3,3,8.0,10;4;0,16.0,3,8082,2964,chb15_05.edf;chb15_12.edf;chb15_17.edf;chb15_26.edf;chb15_35.edf;chb15_46.edf;chb15_61.edf;chb15_62.edf
chb15,125s non-causal,0.6,237,488,28062,13,5,4,8,7,0.9903634325744308,3,3,4,8.0,7;1;0,6.0,3,8082,2964,chb15_05.edf;chb15_12.edf;chb15_17.edf;chb15_26.edf;chb15_35.edf;chb15_46.edf;chb15_61.edf;chb15_62.edf
chb15,none,0.65,176,170,24785,69,2,1,7,6,0.9670805000020445,2,2,78,7.0,0;12,3.0,4,8478,3108,chb15_07.edf;chb15_13.edf;chb15_20.edf;chb15_28.edf;chb15_29.edf;chb15_37.edf;chb15_63.edf
chb15,13s causal avg,0.55,212,65,24890,33,1,2,6,7,0.9886542715663705,2,2,5,7.0,5;19,,4,8478,3108,chb15_07.edf;chb15_13.edf;chb15_20.edf;chb15_28.edf;chb15_29.edf;chb15_37.edf;chb15_63.edf
chb15,13s non-causal avg,0.55,214,63,24892,31,2,1,7,6,0.994090260427954,2,2,5,7.0,0;13,,4,8478,3108,chb15_07.edf;chb15_13.edf;chb15_20.edf;chb15_28.edf;chb15_29.edf;chb15_37.edf;chb15_63.edf
chb15,29s causal avg,0.55,201,54,24901,44,2,2,6,6,0.9822236760863432,2,2,2,7.0,14;27,,4,8478,3108,chb15_07.edf;chb15_13.edf;chb15_20.edf;chb15_28.edf;chb15_29.edf;chb15_37.edf;chb15_63.edf
chb15,29s non-causal avg,0.5,226,78,24877,19,3,2,6,5,0.9984164148528576,2,2,2,7.0,0;11,,4,8478,3108,chb15_07.edf;chb15_13.edf;chb15_20.edf;chb15_28.edf;chb15_29.edf;chb15_37.edf;chb15_63.edf
chb15,61s causal avg,0.5,182,102,24853,63,4,4,4,4,0.9621426322482509,2,2,1,7.0,25;38,,4,8478,3108,chb15_07.edf;chb15_13.edf;chb15_20.edf;chb15_28.edf;chb15_29.edf;chb15_37.edf;chb15_63.edf
chb15,61s non-causal avg,0.45,238,124,24831,7,4,4,4,4,0.9992435363245679,2,2,2,7.0,0;2,,4,8478,3108,chb15_07.edf;chb15_13.edf;chb15_20.edf;chb15_28.edf;chb15_29.edf;chb15_37.edf;chb15_63.edf
chb15,125s causal avg,0.6,104,25,24930,141,2,2,6,6,0.9602919540887883,2,1,0,7.0,86,,4,8478,3108,chb15_07.edf;chb15_13.edf;chb15_20.edf;chb15_28.edf;chb15_29.edf;chb15_37.edf;chb15_63.edf
chb15,125s non-causal avg,0.45,239,98,24857,6,6,6,2,2,0.999652108489158,2,2,1,7.0,0;0,,4,8478,3108,chb15_07.edf;chb15_13.edf;chb15_20.edf;chb15_28.edf;chb15_29.edf;chb15_37.edf;chb15_63.edf
chb15,13s causal,0.65,199,77,24878,46,1,1,7,7,0.9898494841735532,2,2,11,7.0,3;16,0.0,4,8478,3108,chb15_07.edf;chb15_13.edf;chb15_20.edf;chb15_28.edf;chb15_29.edf;chb15_37.edf;chb15_63.edf
chb15,13s non-causal,0.65,208,68,24887,37,3,1,7,5,0.9898673121823364,2,2,7,7.0,0;12,5.0,4,8478,3108,chb15_07.edf;chb15_13.edf;chb15_20.edf;chb15_28.edf;chb15_29.edf;chb15_37.edf;chb15_63.edf
chb15,29s causal,0.65,205,68,24887,40,2,1,7,6,0.9896002191700163,2,2,6,7.0,7;20,0.0,4,8478,3108,chb15_07.edf;chb15_13.edf;chb15_20.edf;chb15_28.edf;chb15_29.edf;chb15_37.edf;chb15_63.edf
chb15,29s non-causal,0.65,219,54,24901,26,4,0,8,4,0.9939247379977838,2,2,3,7.0,0;12,15.0,4,8478,3108,chb15_07.edf;chb15_13.edf;chb15_20.edf;chb15_28.edf;chb15_29.edf;chb15_37.edf;chb15_63.edf
chb15,61s causal,0.6,207,68,24887,38,2,1,7,6,0.9897883128406643,2,2,5,7.0,4;19,0.0,4,8478,3108,chb15_07.edf;chb15_13.edf;chb15_20.edf;chb15_28.edf;chb15_29.edf;chb15_37.edf;chb15_63.edf
chb15,61s non-causal,0.6,220,51,24904,25,4,1,7,4,0.9956386802366709,2,2,3,7.0,0;13,15.0,4,8478,3108,chb15_07.edf;chb15_13.edf;chb15_20.edf;chb15_28.edf;chb15_29.edf;chb15_37.edf;chb15_63.edf
chb15,125s causal,0.6,201,70,24885,44,2,1,7,6,0.9906973777288915,2,2,4,7.0,4;20,0.0,4,8478,3108,chb15_07.edf;chb15_13.edf;chb15_20.edf;chb15_28.edf;chb15_29.edf;chb15_37.edf;chb15_63.edf
chb15,125s non-causal,0.65,224,50,24905,21,4,1,7,4,0.9981239700849284,2,2,3,7.0,0;14,7.0,4,8478,3108,chb15_07.edf;chb15_13.edf;chb15_20.edf;chb15_28.edf;chb15_29.edf;chb15_37.edf;chb15_63.edf
chb16,none,0.75,0,105,14286,9,0,0,4,4,0.8395911024637313,1,0,61,4.0,,16.0,0,312,942,chb16_01.edf;chb16_06.edf;chb16_10.edf;chb16_13.edf
chb16,13s causal avg,0.5,2,389,14002,7,1,2,2,3,0.9120515136775299,1,1,44,4.0,5,,0,312,942,chb16_01.edf;chb16_06.edf;chb16_10.edf;chb16_13.edf
chb16,13s non-causal avg,0.55,0,159,14232,9,0,0,4,4,0.9734170276175697,1,0,19,4.0,,,0,312,942,chb16_01.edf;chb16_06.edf;chb16_10.edf;chb16_13.edf
chb16,29s causal avg,0.45,0,877,13514,9,0,0,4,4,0.7346952956709054,1,0,35,4.0,,,0,312,942,chb16_01.edf;chb16_06.edf;chb16_10.edf;chb16_13.edf
chb16,29s non-causal avg,0.5,0,221,14170,9,0,0,4,4,0.9139199654104804,1,0,11,4.0,,,0,312,942,chb16_01.edf;chb16_06.edf;chb16_10.edf;chb16_13.edf
chb16,61s causal avg,0.45,0,634,13757,9,0,0,4,4,0.7384939661362425,1,0,18,4.0,,,0,312,942,chb16_01.edf;chb16_06.edf;chb16_10.edf;chb16_13.edf
chb16,61s non-causal avg,0.45,0,629,13762,9,0,0,4,4,0.8125680402103166,1,0,17,4.0,,,0,312,942,chb16_01.edf;chb16_06.edf;chb16_10.edf;chb16_13.edf
chb16,125s causal avg,0.45,0,326,14065,9,0,0,4,4,0.5839529335464295,1,0,5,4.0,,,0,312,942,chb16_01.edf;chb16_06.edf;chb16_10.edf;chb16_13.edf
chb16,125s non-causal avg,0.45,0,321,14070,9,0,0,4,4,0.7798469722588964,1,0,4,4.0,,,0,312,942,chb16_01.edf;chb16_06.edf;chb16_10.edf;chb16_13.edf
chb16,13s causal,0.3,1,155,14236,8,0,0,4,4,0.9526710366818767,1,1,49,4.0,3,9.0,0,312,942,chb16_01.edf;chb16_06.edf;chb16_10.edf;chb16_13.edf
chb16,13s non-causal,0.3,0,118,14273,9,0,0,4,4,0.9615963681004331,1,0,30,4.0,,5.0,0,312,942,chb16_01.edf;chb16_06.edf;chb16_10.edf;chb16_13.edf
chb16,29s causal,0.35,1,121,14270,8,0,0,4,4,0.9500999853303376,1,1,40,4.0,3,11.0,0,312,942,chb16_01.edf;chb16_06.edf;chb16_10.edf;chb16_13.edf
chb16,29s non-causal,0.3,0,116,14275,9,0,0,4,4,0.9691010585319528,1,0,29,4.0,,5.0,0,312,942,chb16_01.edf;chb16_06.edf;chb16_10.edf;chb16_13.edf
chb16,61s causal,0.35,1,151,14240,8,0,0,4,4,0.9544931631652499,1,1,53,4.0,3,11.0,0,312,942,chb16_01.edf;chb16_06.edf;chb16_10.edf;chb16_13.edf
chb16,61s non-causal,0.4,0,63,14328,9,0,0,4,4,0.9622835259691629,1,0,19,4.0,,5.0,0,312,942,chb16_01.edf;chb16_06.edf;chb16_10.edf;chb16_13.edf
chb16,125s causal,0.35,1,155,14236,8,0,0,4,4,0.9597974042418488,1,1,46,4.0,3,8.0,0,312,942,chb16_01.edf;chb16_06.edf;chb16_10.edf;chb16_13.edf
chb16,125s non-causal,0.25,1,198,14193,8,0,0,4,4,0.9626695697156402,1,1,43,4.0,3,4.0,0,312,942,chb16_01.edf;chb16_06.edf;chb16_10.edf;chb16_13.edf
chb16,none,0.8,0,14,14377,9,0,0,4,4,0.8316617639110864,1,0,9,4.0,,19.0,1,306,606,chb16_02.edf;chb16_07.edf;chb16_11.edf;chb16_15.edf
chb16,13s causal avg,0.6,0,33,14358,9,0,0,4,4,0.886364162786927,1,0,4,4.0,,,1,306,606,chb16_02.edf;chb16_07.edf;chb16_11.edf;chb16_15.edf
chb16,13s non-causal avg,0.6,0,33,14358,9,0,0,4,4,0.9461546182413392,1,0,4,4.0,,,1,306,606,chb16_02.edf;chb16_07.edf;chb16_11.edf;chb16_15.edf
chb16,29s causal avg,0.5,0,117,14274,9,0,0,4,4,0.8457214771577916,1,0,11,4.0,,,1,306,606,chb16_02.edf;chb16_07.edf;chb16_11.edf;chb16_15.edf
chb16,29s non-causal avg,0.6,0,1,14390,9,0,0,4,4,0.86296219087547,1,0,1,4.0,,,1,306,606,chb16_02.edf;chb16_07.edf;chb16_11.edf;chb16_15.edf
chb16,61s causal avg,0.55,0,0,14391,9,0,0,4,4,0.8880009882719909,1,0,0,4.0,,,1,306,606,chb16_02.edf;chb16_07.edf;chb16_11.edf;chb16_15.edf
chb16,61s non-causal avg,0.55,0,0,14391,9,0,0,4,4,0.9114570063079548,1,0,0,4.0,,,1,306,606,chb16_02.edf;chb16_07.edf;chb16_11.edf;chb16_15.edf
chb16,125s causal avg,0.5,0,0,14391,9,0,0,4,4,0.8224121557454891,1,0,0,4.0,,,1,306,606,chb16_02.edf;chb16_07.edf;chb16_11.edf;chb16_15.edf
chb16,125s non-causal avg,0.55,0,0,14391,9,0,0,4,4,0.9130475065434415,1,0,0,4.0,,,1,306,606,chb16_02.edf;chb16_07.edf;chb16_11.edf;chb16_15.edf
chb16,13s causal,0.55,0,35,14356,9,0,0,4,4,0.912306302550205,1,0,16,4.0,,21.0,1,306,606,chb16_02.edf;chb16_07.edf;chb16_11.edf;chb16_15.edf
chb16,13s non-causal,0.6,0,22,14369,9,0,0,4,4,0.9670318640508342,1,0,4,4.0,,29.0,1,306,606,chb16_02.edf;chb16_07.edf;chb16_11.edf;chb16_15.edf
chb16,29s causal,0.45,2,71,14320,7,0,0,4,4,0.919602529358627,1,1,31,4.0,5,21.0,1,306,606,chb16_02.edf;chb16_07.edf;chb16_11.edf;chb16_15.edf
chb16,29s non-causal,0.6,0,25,14366,9,0,0,4,4,0.9680664612913935,1,0,4,4.0,,17.0,1,306,606,chb16_02.edf;chb16_07.edf;chb16_11.edf;chb16_15.edf
chb16,61s causal,0.65,0,18,14373,9,0,0,4,4,0.8804113682162463,1,0,6,4.0,,16.0,1,306,606,chb16_02.edf;chb16_07.edf;chb16_11.edf;chb16_15.edf
chb16,61s non-causal,0.6,0,25,14366,9,0,0,4,4,0.9729692168716559,1,0,4,4.0,,25.0,1,306,606,chb16_02.edf;chb16_07.edf;chb16_11.edf;chb16_15.edf
chb16,125s causal,0.6,1,43,14348,8,0,0,4,4,0.8747365251430292,1,1,19,4.0,5,18.0,1,306,606,chb16_02.edf;chb16_07.edf;chb16_11.edf;chb16_15.edf
chb16,125s non-causal,0.55,0,38,14353,9,0,0,4,4,0.9545472092897568,1,0,4,4.0,,15.0,1,306,606,chb16_02.edf;chb16_07.edf;chb16_11.edf;chb16_15.edf
chb16,none,0.85,0,0,10786,14,0,0,4,4,0.6889155254165453,1,0,0,3.0,,37.0,2,282,780,chb16_03.edf;chb16_08.edf;chb16_14.edf
chb16,13s causal avg,0.55,0,0,10786,14,0,0,4,4,0.6120831236258641,1,0,0,3.0,,,2,282,780,chb16_03.edf;chb16_08.edf;chb16_14.edf
chb16,13s non-causal avg,0.55,0,0,10786,14,0,0,4,4,0.8516728033694472,1,0,0,3.0,,,2,282,780,chb16_03.edf;chb16_08.edf;chb16_14.edf
chb16,29s causal avg,0.45,0,0,10786,14,0,0,4,4,0.3820296151095335,1,0,0,3.0,,,2,282,780,chb16_03.edf;chb16_08.edf;chb16_14.edf
chb16,29s non-causal avg,0.45,0,0,10786,14,0,0,4,4,0.7017098884797754,1,0,0,3.0,,,2,282,780,chb16_03.edf;chb16_08.edf;chb16_14.edf
chb16,61s causal avg,0.4,0,0,10786,14,0,0,4,4,0.263867182326296,1,0,0,3.0,,,2,282,780,chb16_03.edf;chb16_08.edf;chb16_14.edf
chb16,61s non-causal avg,0.35,0,0,10786,14,0,0,4,4,0.5498132499801329,1,0,0,3.0,,,2,282,780,chb16_03.edf;chb16_08.edf;chb16_14.edf
chb16,125s causal avg,0.4,0,0,10786,14,0,0,4,4,0.26874122539800266,1,0,0,3.0,,,2,282,780,chb16_03.edf;chb16_08.edf;chb16_14.edf
chb16,125s non-causal avg,0.35,0,0,10786,14,0,0,4,4,0.5260125559587825,1,0,0,3.0,,,2,282,780,chb16_03.edf;chb16_08.edf;chb16_14.edf
chb16,13s causal,0.45,0,0,10786,14,0,0,4,4,0.7717941246589495,1,0,0,3.0,,9.0,2,282,780,chb16_03.edf;chb16_08.edf;chb16_14.edf
chb16,13s non-causal,0.6,0,0,10786,14,0,0,4,4,0.8104288628115812,1,0,0,3.0,,12.0,2,282,780,chb16_03.edf;chb16_08.edf;chb16_14.edf
chb16,29s causal,0.5,1,2,10784,13,0,0,4,4,0.7596951074143732,1,1,2,3.0,11,14.0,2,282,780,chb16_03.edf;chb16_08.edf;chb16_14.edf
chb16,29s non-causal,0.65,0,0,10786,14,0,0,4,4,0.8062898996053085,1,0,0,3.0,,26.0,2,282,780,chb16_03.edf;chb16_08.edf;chb16_14.edf
chb16,61s causal,0.55,0,1,10785,14,0,0,4,4,0.7537813567852507,1,0,1,3.0,,10.0,2,282,780,chb16_03.edf;chb16_08.edf;chb16_14.edf
chb16,61s non-causal,0.65,0,0,10786,14,0,0,4,4,0.821527906545522,1,0,0,3.0,,10.0,2,282,780,chb16_03.edf;chb16_08.edf;chb16_14.edf
chb16,125s causal,0.5,1,1,10785,13,0,0,4,4,0.736675849646367,1,1,1,3.0,11,10.0,2,282,780,chb16_03.edf;chb16_08.edf;chb16_14.edf
chb16,125s non-causal,0.6,0,0,10786,14,0,0,4,4,0.8548051707239542,1,0,0,3.0,,7.0,2,282,780,chb16_03.edf;chb16_08.edf;chb16_14.edf
chb16,none,0.8,0,45,10749,6,0,1,3,4,0.8093694027546168,1,0,22,3.0,,34.0,3,330,882,chb16_04.edf;chb16_09.edf;chb16_16.edf
chb16,13s causal avg,0.55,0,159,10635,6,0,0,4,4,0.7701500833796554,1,0,15,3.0,,,3,330,882,chb16_04.edf;chb16_09.edf;chb16_16.edf
chb16,13s non-causal avg,0.6,0,48,10746,6,0,0,4,4,0.951686121919585,1,0,7,3.0,,,3,330,882,chb16_04.edf;chb16_09.edf;chb16_16.edf
chb16,29s causal avg,0.5,0,261,10533,6,0,0,4,4,0.6243900932616886,1,0,6,3.0,,,3,330,882,chb16_04.edf;chb16_09.edf;chb16_16.edf
chb16,29s non-causal avg,0.5,0,275,10519,6,0,0,4,4,0.9473936137360262,1,0,6,3.0,,,3,330,882,chb16_04.edf;chb16_09.edf;chb16_16.edf
chb16,61s causal avg,0.4,0,629,10165,6,0,0,4,4,0.5106540670743005,1,0,15,3.0,,,3,330,882,chb16_04.edf;chb16_09.edf;chb16_16.edf
chb16,61s non-causal avg,0.45,0,331,10463,6,0,0,4,4,0.840806620962263,1,0,3,3.0,,,3,330,882,chb16_04.edf;chb16_09.edf;chb16_16.edf
chb16,125s causal avg,0.4,0,408,10386,6,0,0,4,4,0.3858007535050337,1,0,7,3.0,,,3,330,882,chb16_04.edf;chb16_09.edf;chb16_16.edf
chb16,125s non-causal avg,0.45,0,284,10510,6,0,0,4,4,0.7698258291643505,1,0,1,3.0,,,3,330,882,chb16_04.edf;chb16_09.edf;chb16_16.edf
chb16,13s causal,0.4,0,43,10751,6,0,0,4,4,0.8942004817491199,1,0,13,3.0,,6.0,3,330,882,chb16_04.edf;chb16_09.edf;chb16_16.edf
chb16,13s non-causal,0.45,0,22,10772,6,0,0,4,4,0.9492464949663393,1,0,9,3.0,,4.0,3,330,882,chb16_04.edf;chb16_09.edf;chb16_16.edf
chb16,29s causal,0.45,0,30,10764,6,0,0,4,4,0.8663300599098265,1,0,11,3.0,,6.0,3,330,882,chb16_04.edf;chb16_09.edf;chb16_16.edf
chb16,29s non-causal,0.65,0,18,10776,6,0,0,4,4,0.9815329504045457,1,0,3,3.0,,8.0,3,330,882,chb16_04.edf;chb16_09.edf;chb16_16.edf
chb16,61s causal,0.4,0,36,10758,6,0,0,4,4,0.8684608733246865,1,0,13,3.0,,6.0,3,330,882,chb16_04.edf;chb16_09.edf;chb16_16.edf
chb16,61s non-causal,0.45,0,18,10776,6,0,0,4,4,0.9604409857328144,1,0,4,3.0,,5.0,3,330,882,chb16_04.edf;chb16_09.edf;chb16_16.edf
chb16,125s causal,0.4,0,40,10754,6,0,0,4,4,0.8798097708603545,1,0,13,3.0,,5.0,3,330,882,chb16_04.edf;chb16_09.edf;chb16_16.edf
chb16,125s non-causal,0.4,0,21,10773,6,0,0,4,4,0.9620931381631771,1,0,4,3.0,,4.0,3,330,882,chb16_04.edf;chb16_09.edf;chb16_16.edf
chb16,none,0.45,11,2299,8470,20,5,3,13,11,0.5631846488876374,4,4,196,3.0,0;0;0;0,3.0,4,144,558,chb16_05.edf;chb16_12.edf;chb16_17.edf
chb16,13s causal avg,0.05,31,10769,0,0,16,16,0,0,0.8571317311638245,4,4,2,3.0,0;0;0;0,,4,144,558,chb16_05.edf;chb16_12.edf;chb16_17.edf
chb16,13s non-causal avg,0.05,31,10769,0,0,16,16,0,0,0.7736423845027094,4,4,2,3.0,0;0;0;0,,4,144,558,chb16_05.edf;chb16_12.edf;chb16_17.edf
chb16,29s causal avg,0.05,31,10769,0,0,16,16,0,0,0.843915779762101,4,4,2,3.0,0;0;0;0,,4,144,558,chb16_05.edf;chb16_12.edf;chb16_17.edf
chb16,29s non-causal avg,0.05,31,10769,0,0,16,16,0,0,0.7742474665931781,4,4,2,3.0,0;0;0;0,,4,144,558,chb16_05.edf;chb16_12.edf;chb16_17.edf
chb16,61s causal avg,0.05,31,10769,0,0,16,16,0,0,0.7902461965198793,4,4,2,3.0,0;0;0;0,,4,144,558,chb16_05.edf;chb16_12.edf;chb16_17.edf
chb16,61s non-causal avg,0.05,31,10769,0,0,16,16,0,0,0.738778273359314,4,4,2,3.0,0;0;0;0,,4,144,558,chb16_05.edf;chb16_12.edf;chb16_17.edf
chb16,125s causal avg,0.05,31,10769,0,0,16,16,0,0,0.7520736043422129,4,4,2,3.0,0;0;0;0,,4,144,558,chb16_05.edf;chb16_12.edf;chb16_17.edf
chb16,125s non-causal avg,0.05,31,10769,0,0,16,16,0,0,0.6994494352067913,4,4,2,3.0,0;0;0;0,,4,144,558,chb16_05.edf;chb16_12.edf;chb16_17.edf
chb16,13s causal,0.2,12,3806,6963,19,5,5,11,11,0.5050907772908497,4,4,35,3.0,0;0;0;0,3.0,4,144,558,chb16_05.edf;chb16_12.edf;chb16_17.edf
chb16,13s non-causal,0.2,13,4068,6701,18,6,7,9,10,0.4925458080092499,4,4,21,3.0,0;0;0;0,3.0,4,144,558,chb16_05.edf;chb16_12.edf;chb16_17.edf
chb16,29s causal,0.2,30,9874,895,1,15,14,2,1,0.49601304820587166,4,4,2,3.0,0;0;0;0,3.0,4,144,558,chb16_05.edf;chb16_12.edf;chb16_17.edf
chb16,29s non-causal,0.2,30,9993,776,1,15,15,1,1,0.4865908416931515,4,4,2,3.0,0;0;0;0,3.0,4,144,558,chb16_05.edf;chb16_12.edf;chb16_17.edf
chb16,61s causal,0.05,31,10769,0,0,16,16,0,0,0.5041487064123724,4,4,2,3.0,0;0;0;0,3.0,4,144,558,chb16_05.edf;chb16_12.edf;chb16_17.edf
chb16,61s non-causal,0.05,31,10769,0,0,16,16,0,0,0.532963494379027,4,4,2,3.0,0;0;0;0,5.0,4,144,558,chb16_05.edf;chb16_12.edf;chb16_17.edf
chb16,125s causal,0.05,31,10769,0,0,16,16,0,0,0.4743019838904382,4,4,2,3.0,0;0;0;0,0.0,4,144,558,chb16_05.edf;chb16_12.edf;chb16_17.edf
chb16,125s non-causal,0.05,31,10769,0,0,16,16,0,0,0.5454994772929466,4,4,2,3.0,0;0;0;0,3.0,4,144,558,chb16_05.edf;chb16_12.edf;chb16_17.edf
chb17,none,0.7,84,734,24376,6,4,3,1,0,0.9891959821231028,1,1,286,7.0,0,14.0,0,690,108,chb17a_03.edf;chb17a_05.edf;chb17b_57.edf;chb17b_60.edf;chb17b_69.edf;chb17c_04.edf;chb17c_07.edf
chb17,13s causal avg,0.6,83,277,24833,7,2,2,2,2,0.9945161290322581,1,1,24,7.0,7,,0,690,108,chb17a_03.edf;chb17a_05.edf;chb17b_57.edf;chb17b_60.edf;chb17b_69.edf;chb17c_04.edf;chb17c_07.edf
chb17,13s non-causal avg,0.6,89,269,24841,1,3,2,2,1,0.9989853533342183,1,1,24,7.0,1,,0,690,108,chb17a_03.edf;chb17a_05.edf;chb17b_57.edf;chb17b_60.edf;chb17b_69.edf;chb17c_04.edf;chb17c_07.edf
chb17,29s causal avg,0.5,80,843,24267,10,2,2,2,2,0.990884109916368,1,1,20,7.0,10,,0,690,108,chb17a_03.edf;chb17a_05.edf;chb17b_57.edf;chb17b_60.edf;chb17b_69.edf;chb17c_04.edf;chb17c_07.edf
chb17,29s non-causal avg,0.5,90,817,24293,0,4,4,0,0,0.999191999646002,1,1,19,7.0,0,,0,690,108,chb17a_03.edf;chb17a_05.edf;chb17b_57.edf;chb17b_60.edf;chb17b_69.edf;chb17c_04.edf;chb17c_07.edf
chb17,61s causal avg,0.45,81,1371,23739,9,2,2,2,2,0.9840709765918846,1,1,20,7.0,9,,0,690,108,chb17a_03.edf;chb17a_05.edf;chb17b_57.edf;chb17b_60.edf;chb17b_69.edf;chb17c_04.edf;chb17c_07.edf
chb17,61s non-causal avg,0.55,90,263,24847,0,4,4,0,0,0.9992389043762998,1,1,3,7.0,0,,0,690,108,chb17a_03.edf;chb17a_05.edf;chb17b_57.edf;chb17b_60.edf;chb17b_69.edf;chb17c_04.edf;chb17c_07.edf
chb17,125s causal avg,0.4,76,2775,22335,14,2,2,2,2,0.9576627284393114,1,1,11,7.0,14,,0,690,108,chb17a_03.edf;chb17a_05.edf;chb17b_57.edf;chb17b_60.edf;chb17b_69.edf;chb17c_04.edf;chb17c_07.edf
chb17,125s non-causal avg,0.5,90,500,24610,0,4,4,0,0,0.9986304703747954,1,1,4,7.0,0,,0,690,108,chb17a_03.edf;chb17a_05.edf;chb17b_57.edf;chb17b_60.edf;chb17b_69.edf;chb17c_04.edf;chb17c_07.edf
chb17,13s causal,0.35,86,319,24791,4,2,2,2,2,0.9973255453781142,1,1,52,7.0,4,9.0,0,690,108,chb17a_03.edf;chb17a_05.edf;chb17b_57.edf;chb17b_60.edf;chb17b_69.edf;chb17c_04.edf;chb17c_07.edf
chb17,13s non-causal,0.35,88,429,24681,2,4,2,2,0,0.9982437275985664,1,1,86,7.0,0,9.0,0,690,108,chb17a_03.edf;chb17a_05.edf;chb17b_57.edf;chb17b_60.edf;chb17b_69.edf;chb17c_04.edf;chb17c_07.edf
chb17,29s causal,0.35,85,289,24821,5,2,2,2,2,0.9970724368334881,1,1,39,7.0,5,9.0,0,690,108,chb17a_03.edf;chb17a_05.edf;chb17b_57.edf;chb17b_60.edf;chb17b_69.edf;chb17c_04.edf;chb17c_07.edf
chb17,29s non-causal,0.35,89,365,24745,1,4,3,1,0,0.9986902075313067,1,1,59,7.0,0,9.0,0,690,108,chb17a_03.edf;chb17a_05.edf;chb17b_57.edf;chb17b_60.edf;chb17b_69.edf;chb17c_04.edf;chb17c_07.edf
chb17,61s causal,0.35,82,234,24876,8,2,2,2,2,0.995786981724855,1,1,30,7.0,6,8.0,0,690,108,chb17a_03.edf;chb17a_05.edf;chb17b_57.edf;chb17b_60.edf;chb17b_69.edf;chb17c_04.edf;chb17c_07.edf
chb17,61s non-causal,0.35,89,334,24776,1,4,3,1,0,0.9987543696623745,1,1,64,7.0,0,8.0,0,690,108,chb17a_03.edf;chb17a_05.edf;chb17b_57.edf;chb17b_60.edf;chb17b_69.edf;chb17c_04.edf;chb17c_07.edf
chb17,125s causal,0.3,85,680,24430,5,2,2,2,2,0.9921828399486703,1,1,47,7.0,5,8.0,0,690,108,chb17a_03.edf;chb17a_05.edf;chb17b_57.edf;chb17b_60.edf;chb17b_69.edf;chb17c_04.edf;chb17c_07.edf
chb17,125s non-causal,0.35,88,241,24869,2,3,3,1,1,0.998675162617815,1,1,28,7.0,0,8.0,0,690,108,chb17a_03.edf;chb17a_05.edf;chb17b_57.edf;chb17b_60.edf;chb17b_69.edf;chb17c_04.edf;chb17c_07.edf
chb17,none,0.85,37,6,25079,78,0,0,4,4,0.9800830220727785,1,1,6,7.0,24,19.0,1,528,240,chb17a_04.edf;chb17a_06.edf;chb17b_58.edf;chb17b_67.edf;chb17c_02.edf;chb17c_05.edf;chb17c_08.edf
chb17,13s causal avg,0.7,60,0,25085,55,0,0,4,4,0.9912339783865293,1,1,0,7.0,27,,1,528,240,chb17a_04.edf;chb17a_06.edf;chb17b_58.edf;chb17b_67.edf;chb17c_02.edf;chb17c_05.edf;chb17c_08.edf
chb17,13s non-causal avg,0.7,60,0,25085,55,0,0,4,4,0.9998339558544428,1,1,0,7.0,21,,1,528,240,chb17a_04.edf;chb17a_06.edf;chb17b_58.edf;chb17b_67.edf;chb17c_02.edf;chb17c_05.edf;chb17c_08.edf
chb17,29s causal avg,0.7,62,0,25085,53,0,0,4,4,0.9867265211324973,1,1,0,7.0,33,,1,528,240,chb17a_04.edf;chb17a_06.edf;chb17b_58.edf;chb17b_67.edf;chb17c_02.edf;chb17c_05.edf;chb17c_08.edf
chb17,29s non-causal avg,0.6,81,0,25085,34,0,0,4,4,0.9999296305604425,1,1,0,7.0,12,,1,528,240,chb17a_04.edf;chb17a_06.edf;chb17b_58.edf;chb17b_67.edf;chb17c_02.edf;chb17c_05.edf;chb17c_08.edf
chb17,61s causal avg,0.55,73,18,25067,42,2,2,2,2,0.9892026241214653,1,1,0,7.0,42,,1,528,240,chb17a_04.edf;chb17a_06.edf;chb17b_58.edf;chb17b_67.edf;chb17c_02.edf;chb17c_05.edf;chb17c_08.edf
chb17,61s non-causal avg,0.6,80,0,25085,35,0,0,4,4,0.9999826676257247,1,1,0,7.0,16,,1,528,240,chb17a_04.edf;chb17a_06.edf;chb17b_58.edf;chb17b_67.edf;chb17c_02.edf;chb17c_05.edf;chb17c_08.edf
chb17,125s causal avg,0.5,48,65,25020,67,2,2,2,2,0.9794202320804916,1,1,0,7.0,67,,1,528,240,chb17a_04.edf;chb17a_06.edf;chb17b_58.edf;chb17b_67.edf;chb17c_02.edf;chb17c_05.edf;chb17c_08.edf
chb17,125s non-causal avg,0.5,110,3,25082,5,2,2,2,2,0.9999892539279492,1,1,0,7.0,5,,1,528,240,chb17a_04.edf;chb17a_06.edf;chb17b_58.edf;chb17b_67.edf;chb17c_02.edf;chb17c_05.edf;chb17c_08.edf
chb17,13s causal,0.5,56,0,25085,59,0,0,4,4,0.9945957657009645,1,1,0,7.0,25,6.0,1,528,240,chb17a_04.edf;chb17a_06.edf;chb17b_58.edf;chb17b_67.edf;chb17c_02.edf;chb17c_05.edf;chb17c_08.edf
chb17,13s non-causal,0.55,54,0,25085,61,0,0,4,4,0.9986820462601069,1,1,0,7.0,22,6.0,1,528,240,chb17a_04.edf;chb17a_06.edf;chb17b_58.edf;chb17b_67.edf;chb17c_02.edf;chb17c_05.edf;chb17c_08.edf
chb17,29s causal,0.4,62,3,25082,53,0,0,4,4,0.9923477567574593,1,1,2,7.0,25,5.0,1,528,240,chb17a_04.edf;chb17a_06.edf;chb17b_58.edf;chb17b_67.edf;chb17c_02.edf;chb17c_05.edf;chb17c_08.edf
chb17,29s non-causal,0.55,56,0,25085,59,0,0,4,4,0.9993257706406912,1,1,0,7.0,22,8.0,1,528,240,chb17a_04.edf;chb17a_06.edf;chb17b_58.edf;chb17b_67.edf;chb17c_02.edf;chb17c_05.edf;chb17c_08.edf
chb17,61s causal,0.6,61,0,25085,54,0,0,4,4,0.990891144023364,1,1,0,7.0,26,8.0,1,528,240,chb17a_04.edf;chb17a_06.edf;chb17b_58.edf;chb17b_67.edf;chb17c_02.edf;chb17c_05.edf;chb17c_08.edf
chb17,61s non-causal,0.5,65,0,25085,50,0,0,4,4,0.9997122825870302,1,1,0,7.0,19,8.0,1,528,240,chb17a_04.edf;chb17a_06.edf;chb17b_58.edf;chb17b_67.edf;chb17c_02.edf;chb17c_05.edf;chb17c_08.edf
chb17,125s causal,0.45,58,0,25085,57,0,0,4,4,0.992326264613358,1,1,0,7.0,32,3.0,1,528,240,chb17a_04.edf;chb17a_06.edf;chb17b_58.edf;chb17b_67.edf;chb17c_02.edf;chb17c_05.edf;chb17c_08.edf
chb17,125s non-causal,0.4,71,0,25085,44,0,0,4,4,0.9997420942707836,1,1,0,7.0,19,4.0,1,528,240,chb17a_04.edf;chb17a_06.edf;chb17b_58.edf;chb17b_67.edf;chb17c_02.edf;chb17c_05.edf;chb17c_08.edf
chb17,none,0.65,2,6,21530,86,0,0,4,4,0.914493596346076,1,1,6,6.006666666666667,50,8.0,2,540,246,chb17a_08.edf;chb17b_59.edf;chb17b_63.edf;chb17b_68.edf;chb17c_03.edf;chb17c_06.edf
chb17,13s causal avg,0.5,27,0,21536,61,0,0,4,4,0.9987526171822234,1,1,0,6.006666666666667,36,,2,540,246,chb17a_08.edf;chb17b_59.edf;chb17b_63.edf;chb17b_68.edf;chb17c_03.edf;chb17c_06.edf
chb17,13s non-causal avg,0.5,27,0,21536,61,0,0,4,4,0.9991409732540861,1,1,0,6.006666666666667,30,,2,540,246,chb17a_08.edf;chb17b_59.edf;chb17b_63.edf;chb17b_68.edf;chb17c_03.edf;chb17c_06.edf
chb17,29s causal avg,0.5,21,0,21536,67,0,0,4,4,0.9922750911792517,1,1,0,6.006666666666667,45,,2,540,246,chb17a_08.edf;chb17b_59.edf;chb17b_63.edf;chb17b_68.edf;chb17c_03.edf;chb17c_06.edf
chb17,29s non-causal avg,0.5,21,0,21536,67,0,0,4,4,0.9999773107186276,1,1,0,6.006666666666667,31,,2,540,246,chb17a_08.edf;chb17b_59.edf;chb17b_63.edf;chb17b_68.edf;chb17c_03.edf;chb17c_06.edf
chb17,61s causal avg,0.55,0,0,21536,88,0,0,4,4,0.9499801600702418,1,0,0,6.006666666666667,,,2,540,246,chb17a_08.edf;chb17b_59.edf;chb17b_63.edf;chb17b_68.edf;chb17c_03.edf;chb17c_06.edf
chb17,61s non-causal avg,0.45,42,0,21536,46,0,0,4,4,0.9999989446845873,1,1,0,6.006666666666667,21,,2,540,246,chb17a_08.edf;chb17b_59.edf;chb17b_63.edf;chb17b_68.edf;chb17c_03.edf;chb17c_06.edf
chb17,125s causal avg,0.45,0,0,21536,88,0,0,4,4,0.8418736491962718,1,0,0,6.006666666666667,,,2,540,246,chb17a_08.edf;chb17b_59.edf;chb17b_63.edf;chb17b_68.edf;chb17c_03.edf;chb17c_06.edf
chb17,125s non-causal avg,0.45,0,0,21536,88,0,0,4,4,0.9999271832365256,1,0,0,6.006666666666667,,,2,540,246,chb17a_08.edf;chb17b_59.edf;chb17b_63.edf;chb17b_68.edf;chb17c_03.edf;chb17c_06.edf
chb17,13s causal,0.4,48,16,21520,40,0,0,4,4,0.9873071938741051,1,1,7,6.006666666666667,12,28.0,2,540,246,chb17a_08.edf;chb17b_59.edf;chb17b_63.edf;chb17b_68.edf;chb17c_03.edf;chb17c_06.edf
chb17,13s non-causal,0.35,17,0,21536,71,0,0,4,4,0.9767033846075915,1,1,0,6.006666666666667,33,5.0,2,540,246,chb17a_08.edf;chb17b_59.edf;chb17b_63.edf;chb17b_68.edf;chb17c_03.edf;chb17c_06.edf
chb17,29s causal,0.35,20,3,21533,68,0,0,4,4,0.9954114885857085,1,1,2,6.006666666666667,36,10.0,2,540,246,chb17a_08.edf;chb17b_59.edf;chb17b_63.edf;chb17b_68.edf;chb17c_03.edf;chb17c_06.edf
chb17,29s non-causal,0.4,7,0,21536,81,0,0,4,4,0.9826105126300149,1,1,0,6.006666666666667,35,6.0,2,540,246,chb17a_08.edf;chb17b_59.edf;chb17b_63.edf;chb17b_68.edf;chb17c_03.edf;chb17c_06.edf
chb17,61s causal,0.35,22,2,21534,66,0,0,4,4,0.9939931446710794,1,1,1,6.006666666666667,36,6.0,2,540,246,chb17a_08.edf;chb17b_59.edf;chb17b_63.edf;chb17b_68.edf;chb17c_03.edf;chb17c_06.edf
chb17,61s non-causal,0.35,16,0,21536,72,0,0,4,4,0.9823261051263001,1,1,0,6.006666666666667,33,3.0,2,540,246,chb17a_08.edf;chb17b_59.edf;chb17b_63.edf;chb17b_68.edf;chb17c_03.edf;chb17c_06.edf
chb17,125s causal,0.35,25,11,21525,63,0,0,4,4,0.9946854315817912,1,1,5,6.006666666666667,36,6.0,2,540,246,chb17a_08.edf;chb17b_59.edf;chb17b_63.edf;chb17b_68.edf;chb17c_03.edf;chb17c_06.edf
chb17,125s non-causal,0.35,16,0,21536,72,0,0,4,4,0.9889867283533703,1,1,0,6.006666666666667,35,4.0,2,540,246,chb17a_08.edf;chb17b_59.edf;chb17b_63.edf;chb17b_68.edf;chb17c_03.edf;chb17c_06.edf
chb18,none,0.85,28,14,27362,70,0,0,8,8,0.907741698374265,2,2,13,7.631666666666667,22;2,10.0,0,1038,330,chb18_02.edf;chb18_07.edf;chb18_12.edf;chb18_17.edf;chb18_22.edf;chb18_27.edf;chb18_30.edf;chb18_31.edf
chb18,13s causal avg,0.75,32,0,27376,66,0,0,8,8,0.9265051542241678,2,1,0,7.631666666666667,11,,0,1038,330,chb18_02.edf;chb18_07.edf;chb18_12.edf;chb18_17.edf;chb18_22.edf;chb18_27.edf;chb18_30.edf;chb18_31.edf
chb18,13s non-causal avg,0.75,32,0,27376,66,0,0,8,8,0.9533490156728968,2,1,0,7.631666666666667,5,,0,1038,330,chb18_02.edf;chb18_07.edf;chb18_12.edf;chb18_17.edf;chb18_22.edf;chb18_27.edf;chb18_30.edf;chb18_31.edf
chb18,29s causal avg,0.75,25,0,27376,73,0,0,8,8,0.922306071756581,2,1,0,7.631666666666667,25,,0,1038,330,chb18_02.edf;chb18_07.edf;chb18_12.edf;chb18_17.edf;chb18_22.edf;chb18_27.edf;chb18_30.edf;chb18_31.edf
chb18,29s non-causal avg,0.75,25,0,27376,73,0,0,8,8,0.972571685015327,2,1,0,7.631666666666667,11,,0,1038,330,chb18_02.edf;chb18_07.edf;chb18_12.edf;chb18_17.edf;chb18_22.edf;chb18_27.edf;chb18_30.edf;chb18_31.edf
chb18,61s causal avg,0.45,43,39,27337,55,2,2,6,6,0.9124642916780973,2,1,1,7.631666666666667,25,,0,1038,330,chb18_02.edf;chb18_07.edf;chb18_12.edf;chb18_17.edf;chb18_22.edf;chb18_27.edf;chb18_30.edf;chb18_31.edf
chb18,61s non-causal avg,0.7,11,0,27376,87,0,0,8,8,0.9906986903469746,2,1,0,7.631666666666667,25,,0,1038,330,chb18_02.edf;chb18_07.edf;chb18_12.edf;chb18_17.edf;chb18_22.edf;chb18_27.edf;chb18_30.edf;chb18_31.edf
chb18,125s causal avg,0.2,66,1119,26257,32,2,2,6,6,0.9112033182647693,2,1,19,7.631666666666667,2,,0,1038,330,chb18_02.edf;chb18_07.edf;chb18_12.edf;chb18_17.edf;chb18_22.edf;chb18_27.edf;chb18_30.edf;chb18_31.edf
chb18,125s non-causal avg,0.45,68,22,27354,30,4,4,4,4,0.9793529115328189,2,1,0,7.631666666666667,0,,0,1038,330,chb18_02.edf;chb18_07.edf;chb18_12.edf;chb18_17.edf;chb18_22.edf;chb18_27.edf;chb18_30.edf;chb18_31.edf
chb18,13s causal,0.8,29,1,27375,69,0,0,8,8,0.9379942508856259,2,2,1,7.631666666666667,23;2,35.0,0,1038,330,chb18_02.edf;chb18_07.edf;chb18_12.edf;chb18_17.edf;chb18_22.edf;chb18_27.edf;chb18_30.edf;chb18_31.edf
chb18,13s non-causal,0.7,46,0,27376,52,2,0,8,6,0.9623219429501783,2,2,0,7.631666666666667,20;0,84.0,0,1038,330,chb18_02.edf;chb18_07.edf;chb18_12.edf;chb18_17.edf;chb18_22.edf;chb18_27.edf;chb18_30.edf;chb18_31.edf
chb18,29s causal,0.75,36,4,27372,62,0,0,8,8,0.9383215150466967,2,2,2,7.631666666666667,22;2,38.0,0,1038,330,chb18_02.edf;chb18_07.edf;chb18_12.edf;chb18_17.edf;chb18_22.edf;chb18_27.edf;chb18_30.edf;chb18_31.edf
chb18,29s non-causal,0.75,37,0,27376,61,0,0,8,8,0.9728818032180727,2,1,0,7.631666666666667,2,49.0,0,1038,330,chb18_02.edf;chb18_07.edf;chb18_12.edf;chb18_17.edf;chb18_22.edf;chb18_27.edf;chb18_30.edf;chb18_31.edf
chb18,61s causal,0.85,31,0,27376,67,0,0,8,8,0.9248433008504395,2,2,0,7.631666666666667,23;2,44.0,0,1038,330,chb18_02.edf;chb18_07.edf;chb18_12.edf;chb18_17.edf;chb18_22.edf;chb18_27.edf;chb18_30.edf;chb18_31.edf
chb18,61s non-causal,0.6,43,0,27376,55,1,0,8,7,0.9859552237025728,2,1,0,7.631666666666667,1,36.0,0,1038,330,chb18_02.edf;chb18_07.edf;chb18_12.edf;chb18_17.edf;chb18_22.edf;chb18_27.edf;chb18_30.edf;chb18_31.edf
chb18,125s causal,0.8,40,3,27373,58,0,0,8,8,0.9231342960913178,2,2,2,7.631666666666667,23;2,38.0,0,1038,330,chb18_02.edf;chb18_07.edf;chb18_12.edf;chb18_17.edf;chb18_22.edf;chb18_27.edf;chb18_30.edf;chb18_31.edf
chb18,125s non-causal,0.55,44,0,27376,54,2,0,8,6,0.9831962153651642,2,1,0,7.631666666666667,0,36.0,0,1038,330,chb18_02.edf;chb18_07.edf;chb18_12.edf;chb18_17.edf;chb18_22.edf;chb18_27.edf;chb18_30.edf;chb18_31.edf
chb18,none,0.8,27,58,25092,23,0,0,4,4,0.9912508946322067,1,1,8,7.0,2,10.0,1,1272,642,chb18_03.edf;chb18_08.edf;chb18_13.edf;chb18_18.edf;chb18_23.edf;chb18_28.edf;chb18_29.edf
chb18,13s causal avg,0.65,41,99,25051,9,2,1,3,2,0.9967968190854871,1,1,3,7.0,9,,1,1272,642,chb18_03.edf;chb18_08.edf;chb18_13.edf;chb18_18.edf;chb18_23.edf;chb18_28.edf;chb18_29.edf
chb18,13s non-causal avg,0.6,45,130,25020,5,0,0,4,4,0.9983729622266402,1,1,2,7.0,2,,1,1272,642,chb18_03.edf;chb18_08.edf;chb18_13.edf;chb18_18.edf;chb18_23.edf;chb18_28.edf;chb18_29.edf
chb18,29s causal avg,0.55,33,170,24980,17,2,2,2,2,0.9888652087475149,1,1,1,7.0,17,,1,1272,642,chb18_03.edf;chb18_08.edf;chb18_13.edf;chb18_18.edf;chb18_23.edf;chb18_28.edf;chb18_29.edf
chb18,29s non-causal avg,0.55,47,156,24994,3,2,2,2,2,0.9978544731610338,1,1,1,7.0,3,,1,1272,642,chb18_03.edf;chb18_08.edf;chb18_13.edf;chb18_18.edf;chb18_23.edf;chb18_28.edf;chb18_29.edf
chb18,61s causal avg,0.55,14,196,24954,36,2,2,2,2,0.9621097415506958,1,1,1,7.0,36,,1,1272,642,chb18_03.edf;chb18_08.edf;chb18_13.edf;chb18_18.edf;chb18_23.edf;chb18_28.edf;chb18_29.edf
chb18,61s non-causal avg,0.55,44,166,24984,6,2,2,2,2,0.9963840954274353,1,1,1,7.0,6,,1,1272,642,chb18_03.edf;chb18_08.edf;chb18_13.edf;chb18_18.edf;chb18_23.edf;chb18_28.edf;chb18_29.edf
chb18,125s causal avg,0.35,15,376,24774,35,2,2,2,2,0.9021658051689861,1,1,1,7.0,35,,1,1272,642,chb18_03.edf;chb18_08.edf;chb18_13.edf;chb18_18.edf;chb18_23.edf;chb18_28.edf;chb18_29.edf
chb18,125s non-causal avg,0.5,31,232,24918,19,2,2,2,2,0.9914671968190855,1,1,1,7.0,19,,1,1272,642,chb18_03.edf;chb18_08.edf;chb18_13.edf;chb18_18.edf;chb18_23.edf;chb18_28.edf;chb18_29.edf
chb18,13s causal,0.5,48,61,25089,2,2,0,4,2,0.9993288270377734,1,1,5,7.0,2,43.0,1,1272,642,chb18_03.edf;chb18_08.edf;chb18_13.edf;chb18_18.edf;chb18_23.edf;chb18_28.edf;chb18_29.edf
chb18,13s non-causal,0.55,45,56,25094,5,2,0,4,2,0.9993709741550696,1,1,3,7.0,0,43.0,1,1272,642,chb18_03.edf;chb18_08.edf;chb18_13.edf;chb18_18.edf;chb18_23.edf;chb18_28.edf;chb18_29.edf
chb18,29s causal,0.55,45,58,25092,5,1,0,4,3,0.9989884691848907,1,1,3,7.0,2,22.0,1,1272,642,chb18_03.edf;chb18_08.edf;chb18_13.edf;chb18_18.edf;chb18_23.edf;chb18_28.edf;chb18_29.edf
chb18,29s non-causal,0.55,46,67,25083,4,2,1,3,2,0.9992318091451293,1,1,2,7.0,0,30.0,1,1272,642,chb18_03.edf;chb18_08.edf;chb18_13.edf;chb18_18.edf;chb18_23.edf;chb18_28.edf;chb18_29.edf
chb18,61s causal,0.5,47,55,25095,3,2,0,4,2,0.9992994035785289,1,1,2,7.0,3,65.0,1,1272,642,chb18_03.edf;chb18_08.edf;chb18_13.edf;chb18_18.edf;chb18_23.edf;chb18_28.edf;chb18_29.edf
chb18,61s non-causal,0.55,43,90,25060,7,0,0,4,4,0.9978552683896621,1,1,3,7.0,2,4.0,1,1272,642,chb18_03.edf;chb18_08.edf;chb18_13.edf;chb18_18.edf;chb18_23.edf;chb18_28.edf;chb18_29.edf
chb18,125s causal,0.7,41,35,25115,9,0,0,4,4,0.9992779324055666,1,1,2,7.0,3,75.0,1,1272,642,chb18_03.edf;chb18_08.edf;chb18_13.edf;chb18_18.edf;chb18_23.edf;chb18_28.edf;chb18_29.edf
chb18,125s non-causal,0.4,49,75,25075,1,3,1,3,1,0.9994711729622267,1,1,2,7.0,0,38.0,1,1272,642,chb18_03.edf;chb18_08.edf;chb18_13.edf;chb18_18.edf;chb18_23.edf;chb18_28.edf;chb18_29.edf
chb18,none,0.85,28,57,25075,40,1,0,4,3,0.9502158017432661,1,1,47,7.0,2,21.0,2,1218,666,chb18_04.edf;chb18_09.edf;chb18_14.edf;chb18_19.edf;chb18_24.edf;chb18_33.edf;chb18_35.edf
chb18,13s causal avg,0.75,31,0,25132,37,0,0,4,4,0.9453181320276002,1,1,0,7.0,17,,2,1218,666,chb18_04.edf;chb18_09.edf;chb18_14.edf;chb18_19.edf;chb18_24.edf;chb18_33.edf;chb18_35.edf
chb18,13s non-causal avg,0.75,31,0,25132,37,0,0,4,4,0.9931549653125614,1,1,0,7.0,11,,2,1218,666,chb18_04.edf;chb18_09.edf;chb18_14.edf;chb18_19.edf;chb18_24.edf;chb18_33.edf;chb18_35.edf
chb18,29s causal avg,0.75,24,0,25132,44,0,0,4,4,0.8882090795891808,1,1,0,7.0,32,,2,1218,666,chb18_04.edf;chb18_09.edf;chb18_14.edf;chb18_19.edf;chb18_24.edf;chb18_33.edf;chb18_35.edf
chb18,29s non-causal avg,0.75,24,0,25132,44,0,0,4,4,0.9984218619805076,1,1,0,7.0,18,,2,1218,666,chb18_04.edf;chb18_09.edf;chb18_14.edf;chb18_19.edf;chb18_24.edf;chb18_33.edf;chb18_35.edf
chb18,61s causal avg,0.45,33,51,25081,35,2,2,2,2,0.7979474258269279,1,1,0,7.0,35,,2,1218,666,chb18_04.edf;chb18_09.edf;chb18_14.edf;chb18_19.edf;chb18_24.edf;chb18_33.edf;chb18_35.edf
chb18,61s non-causal avg,0.7,15,0,25132,53,0,0,4,4,0.9996623709168531,1,1,0,7.0,28,,2,1218,666,chb18_04.edf;chb18_09.edf;chb18_14.edf;chb18_19.edf;chb18_24.edf;chb18_33.edf;chb18_35.edf
chb18,125s causal avg,0.3,24,3597,21535,44,2,2,2,2,0.6277226830569886,1,1,14,7.0,44,,2,1218,666,chb18_04.edf;chb18_09.edf;chb18_14.edf;chb18_19.edf;chb18_24.edf;chb18_33.edf;chb18_35.edf
chb18,125s non-causal avg,0.45,48,31,25101,20,2,2,2,2,0.998906362640552,1,1,0,7.0,20,,2,1218,666,chb18_04.edf;chb18_09.edf;chb18_14.edf;chb18_19.edf;chb18_24.edf;chb18_33.edf;chb18_35.edf
chb18,13s causal,0.6,31,3,25129,37,1,0,4,3,0.9809160573349187,1,1,3,7.0,9,16.0,2,1218,666,chb18_04.edf;chb18_09.edf;chb18_14.edf;chb18_19.edf;chb18_24.edf;chb18_33.edf;chb18_35.edf
chb18,13s non-causal,0.75,21,0,25132,47,0,0,4,4,0.9928694141989122,1,1,0,7.0,9,16.0,2,1218,666,chb18_04.edf;chb18_09.edf;chb18_14.edf;chb18_19.edf;chb18_24.edf;chb18_33.edf;chb18_35.edf
chb18,29s causal,0.6,28,17,25115,40,0,0,4,4,0.9741459213002406,1,1,8,7.0,9,90.0,2,1218,666,chb18_04.edf;chb18_09.edf;chb18_14.edf;chb18_19.edf;chb18_24.edf;chb18_33.edf;chb18_35.edf
chb18,29s non-causal,0.7,29,0,25132,39,0,0,4,4,0.9978273539242213,1,1,0,7.0,8,9.0,2,1218,666,chb18_04.edf;chb18_09.edf;chb18_14.edf;chb18_19.edf;chb18_24.edf;chb18_33.edf;chb18_35.edf
chb18,61s causal,0.55,28,10,25122,40,0,0,4,4,0.9645641600584209,1,1,3,7.0,9,98.0,2,1218,666,chb18_04.edf;chb18_09.edf;chb18_14.edf;chb18_19.edf;chb18_24.edf;chb18_33.edf;chb18_35.edf
chb18,61s non-causal,0.75,24,0,25132,44,0,0,4,4,0.999492093510968,1,1,0,7.0,9,34.0,2,1218,666,chb18_04.edf;chb18_09.edf;chb18_14.edf;chb18_19.edf;chb18_24.edf;chb18_33.edf;chb18_35.edf
chb18,125s causal,0.6,42,16,25116,26,1,0,4,3,0.9817984570877532,1,1,8,7.0,9,19.0,2,1218,666,chb18_04.edf;chb18_09.edf;chb18_14.edf;chb18_19.edf;chb18_24.edf;chb18_33.edf;chb18_35.edf
chb18,125s non-causal,0.6,29,0,25132,39,1,0,4,3,0.992596736291206,1,1,0,7.0,9,2.0,2,1218,666,chb18_04.edf;chb18_09.edf;chb18_14.edf;chb18_19.edf;chb18_24.edf;chb18_33.edf;chb18_35.edf
chb18,none,0.85,35,30,25115,20,0,0,4,4,0.9956145266544948,1,1,24,7.0,2,14.0,3,1164,504,chb18_05.edf;chb18_10.edf;chb18_15.edf;chb18_20.edf;chb18_25.edf;chb18_32.edf;chb18_34.edf
chb18,13s causal avg,0.65,47,30,25115,8,2,2,2,2,0.9943570924998645,1,1,0,7.0,8,,3,1164,504,chb18_05.edf;chb18_10.edf;chb18_15.edf;chb18_20.edf;chb18_25.edf;chb18_32.edf;chb18_34.edf
chb18,13s non-causal avg,0.65,53,24,25121,2,2,2,2,2,0.9999407075326742,1,1,0,7.0,2,,3,1164,504,chb18_05.edf;chb18_10.edf;chb18_15.edf;chb18_20.edf;chb18_25.edf;chb18_32.edf;chb18_34.edf
chb18,29s causal avg,0.7,33,22,25123,22,2,2,2,2,0.9936564290750014,1,1,0,7.0,22,,3,1164,504,chb18_05.edf;chb18_10.edf;chb18_15.edf;chb18_20.edf;chb18_25.edf;chb18_32.edf;chb18_34.edf
chb18,29s non-causal avg,0.6,51,32,25113,4,2,2,2,2,0.9998387534120284,1,1,0,7.0,4,,3,1164,504,chb18_05.edf;chb18_10.edf;chb18_15.edf;chb18_20.edf;chb18_25.edf;chb18_32.edf;chb18_34.edf
chb18,61s causal avg,0.55,29,79,25066,26,2,2,2,2,0.9835824942605615,1,1,1,7.0,26,,3,1164,504,chb18_05.edf;chb18_10.edf;chb18_15.edf;chb18_20.edf;chb18_25.edf;chb18_32.edf;chb18_34.edf
chb18,61s non-causal avg,0.6,53,31,25114,2,2,2,2,2,0.9997505377899095,1,1,0,7.0,2,,3,1164,504,chb18_05.edf;chb18_10.edf;chb18_15.edf;chb18_20.edf;chb18_25.edf;chb18_32.edf;chb18_34.edf
chb18,125s causal avg,0.35,35,1612,23533,20,2,2,2,2,0.9387920967479527,1,1,6,7.0,20,,3,1164,504,chb18_05.edf;chb18_10.edf;chb18_15.edf;chb18_20.edf;chb18_25.edf;chb18_32.edf;chb18_34.edf
chb18,125s non-causal avg,0.5,55,90,25055,0,4,4,0,0,0.998870550805329,1,1,0,7.0,0,,3,1164,504,chb18_05.edf;chb18_10.edf;chb18_15.edf;chb18_20.edf;chb18_25.edf;chb18_32.edf;chb18_34.edf
chb18,13s causal,0.5,52,19,25126,3,2,2,2,2,0.9983846418048049,1,1,1,7.0,3,5.0,3,1164,504,chb18_05.edf;chb18_10.edf;chb18_15.edf;chb18_20.edf;chb18_25.edf;chb18_32.edf;chb18_34.edf
chb18,13s non-causal,0.4,54,20,25125,1,3,1,3,1,0.99995806142555,1,1,4,7.0,1,3.0,3,1164,504,chb18_05.edf;chb18_10.edf;chb18_15.edf;chb18_20.edf;chb18_25.edf;chb18_32.edf;chb18_34.edf
chb18,29s causal,0.5,53,13,25132,2,2,1,3,2,0.9989920280554602,1,1,8,7.0,2,40.0,3,1164,504,chb18_05.edf;chb18_10.edf;chb18_15.edf;chb18_20.edf;chb18_25.edf;chb18_32.edf;chb18_34.edf
chb18,29s non-causal,0.35,55,21,25124,0,4,2,2,0,0.9999840922648638,1,1,1,7.0,0,42.0,3,1164,504,chb18_05.edf;chb18_10.edf;chb18_15.edf;chb18_20.edf;chb18_25.edf;chb18_32.edf;chb18_34.edf
chb18,61s causal,0.4,53,26,25119,2,2,2,2,2,0.9993109058370542,1,1,11,7.0,2,10.0,3,1164,504,chb18_05.edf;chb18_10.edf;chb18_15.edf;chb18_20.edf;chb18_25.edf;chb18_32.edf;chb18_34.edf
chb18,61s non-causal,0.3,55,32,25113,0,4,3,1,0,0.999991323053562,1,1,4,7.0,0,48.0,3,1164,504,chb18_05.edf;chb18_10.edf;chb18_15.edf;chb18_20.edf;chb18_25.edf;chb18_32.edf;chb18_34.edf
chb18,125s causal,0.7,52,3,25142,3,2,0,4,2,0.9992255825304144,1,1,2,7.0,3,17.0,3,1164,504,chb18_05.edf;chb18_10.edf;chb18_15.edf;chb18_20.edf;chb18_25.edf;chb18_32.edf;chb18_34.edf
chb18,125s non-causal,0.3,55,28,25117,0,4,3,1,0,0.999995661526781,1,1,3,7.0,0,17.0,3,1164,504,chb18_05.edf;chb18_10.edf;chb18_15.edf;chb18_20.edf;chb18_25.edf;chb18_32.edf;chb18_34.edf
chb18,none,0.85,27,42,21512,19,2,1,3,2,0.9910992007939613,1,1,31,6.0,3,21.0,4,1296,672,chb18_06.edf;chb18_11.edf;chb18_16.edf;chb18_21.edf;chb18_26.edf;chb18_36.edf
chb18,13s causal avg,0.65,39,68,21486,7,2,2,2,2,0.9894209084564148,1,1,5,6.0,7,,4,1296,672,chb18_06.edf;chb18_11.edf;chb18_16.edf;chb18_21.edf;chb18_26.edf;chb18_36.edf
chb18,13s non-causal avg,0.65,45,62,21492,1,3,2,2,1,0.999760964372597,1,1,5,6.0,1,,4,1296,672,chb18_06.edf;chb18_11.edf;chb18_16.edf;chb18_21.edf;chb18_26.edf;chb18_36.edf
chb18,29s causal avg,0.7,24,14,21540,22,2,2,2,2,0.9741523816824074,1,1,1,6.0,22,,4,1296,672,chb18_06.edf;chb18_11.edf;chb18_16.edf;chb18_21.edf;chb18_26.edf;chb18_36.edf
chb18,29s non-causal avg,0.65,40,74,21480,6,2,2,2,2,0.99905596056013,1,1,2,6.0,6,,4,1296,672,chb18_06.edf;chb18_11.edf;chb18_16.edf;chb18_21.edf;chb18_26.edf;chb18_36.edf
chb18,61s causal avg,0.5,18,220,21334,28,2,2,2,2,0.9453919579135921,1,1,0,6.0,28,,4,1296,672,chb18_06.edf;chb18_11.edf;chb18_16.edf;chb18_21.edf;chb18_26.edf;chb18_36.edf
chb18,61s non-causal avg,0.65,33,72,21482,13,2,2,2,2,0.9978678425471313,1,1,1,6.0,13,,4,1296,672,chb18_06.edf;chb18_11.edf;chb18_16.edf;chb18_21.edf;chb18_26.edf;chb18_36.edf
chb18,125s causal avg,0.35,20,777,20777,26,2,2,2,2,0.8968546138919034,1,1,5,6.0,26,,4,1296,672,chb18_06.edf;chb18_11.edf;chb18_16.edf;chb18_21.edf;chb18_26.edf;chb18_36.edf
chb18,125s non-causal avg,0.45,46,259,21295,0,4,4,0,0,0.9928985238289272,1,1,1,6.0,0,,4,1296,672,chb18_06.edf;chb18_11.edf;chb18_16.edf;chb18_21.edf;chb18_26.edf;chb18_36.edf
chb18,13s causal,0.65,41,20,21534,5,2,2,2,2,0.9983035530578406,1,1,6,6.0,5,38.0,4,1296,672,chb18_06.edf;chb18_11.edf;chb18_16.edf;chb18_21.edf;chb18_26.edf;chb18_36.edf
chb18,13s non-causal,0.7,46,55,21499,0,4,2,2,0,0.9997468441245647,1,1,4,6.0,0,81.0,4,1296,672,chb18_06.edf;chb18_11.edf;chb18_16.edf;chb18_21.edf;chb18_26.edf;chb18_36.edf
chb18,29s causal,0.65,43,22,21532,3,2,2,2,2,0.9993655974276943,1,1,10,6.0,3,25.0,4,1296,672,chb18_06.edf;chb18_11.edf;chb18_16.edf;chb18_21.edf;chb18_26.edf;chb18_36.edf
chb18,29s non-causal,0.7,46,57,21497,0,4,2,2,0,0.9999566306667581,1,1,4,6.0,0,31.0,4,1296,672,chb18_06.edf;chb18_11.edf;chb18_16.edf;chb18_21.edf;chb18_26.edf;chb18_36.edf
chb18,61s causal,0.7,43,13,21541,3,2,2,2,2,0.99949570542742,1,1,6,6.0,3,26.0,4,1296,672,chb18_06.edf;chb18_11.edf;chb18_16.edf;chb18_21.edf;chb18_26.edf;chb18_36.edf
chb18,61s non-causal,0.6,46,125,21429,0,4,4,0,0,0.9999394846512903,1,1,1,6.0,0,26.0,4,1296,672,chb18_06.edf;chb18_11.edf;chb18_16.edf;chb18_21.edf;chb18_26.edf;chb18_36.edf
chb18,125s causal,0.75,42,6,21548,4,2,2,2,2,0.9995622723110005,1,1,1,6.0,3,24.0,4,1296,672,chb18_06.edf;chb18_11.edf;chb18_16.edf;chb18_21.edf;chb18_26.edf;chb18_36.edf
chb18,125s non-causal,0.6,46,83,21471,0,4,3,1,0,0.9999646993799194,1,1,1,6.0,0,11.0,4,1296,672,chb18_06.edf;chb18_11.edf;chb18_16.edf;chb18_21.edf;chb18_26.edf;chb18_36.edf
chb19,none,0.75,40,578,35356,38,0,0,4,4,0.8881139639196076,1,1,176,10.003333333333334,3,23.0,0,462,240,chb19_02.edf;chb19_05.edf;chb19_08.edf;chb19_11.edf;chb19_14.edf;chb19_17.edf;chb19_20.edf;chb19_23.edf;chb19_26.edf;chb19_28.edf
chb19,13s causal avg,0.6,48,304,35630,30,1,0,4,3,0.9848008385744235,1,1,32,10.003333333333334,9,,0,462,240,chb19_02.edf;chb19_05.edf;chb19_08.edf;chb19_11.edf;chb19_14.edf;chb19_17.edf;chb19_20.edf;chb19_23.edf;chb19_26.edf;chb19_28.edf
chb19,13s non-causal avg,0.6,48,303,35631,30,0,2,2,4,0.9893658316600377,1,1,31,10.003333333333334,3,,0,462,240,chb19_02.edf;chb19_05.edf;chb19_08.edf;chb19_11.edf;chb19_14.edf;chb19_17.edf;chb19_20.edf;chb19_23.edf;chb19_26.edf;chb19_28.edf
chb19,29s causal avg,0.45,66,684,35250,12,2,2,2,2,0.9786192777927625,1,1,25,10.003333333333334,12,,0,462,240,chb19_02.edf;chb19_05.edf;chb19_08.edf;chb19_11.edf;chb19_14.edf;chb19_17.edf;chb19_20.edf;chb19_23.edf;chb19_26.edf;chb19_28.edf
chb19,29s non-causal avg,0.55,61,262,35672,17,2,2,2,2,0.9954367908116448,1,1,8,10.003333333333334,3,,0,462,240,chb19_02.edf;chb19_05.edf;chb19_08.edf;chb19_11.edf;chb19_14.edf;chb19_17.edf;chb19_20.edf;chb19_23.edf;chb19_26.edf;chb19_28.edf
chb19,61s causal avg,0.4,56,679,35255,22,2,2,2,2,0.9645029420033594,1,1,12,10.003333333333334,22,,0,462,240,chb19_02.edf;chb19_05.edf;chb19_08.edf;chb19_11.edf;chb19_14.edf;chb19_17.edf;chb19_20.edf;chb19_23.edf;chb19_26.edf;chb19_28.edf
chb19,61s non-causal avg,0.45,78,354,35580,0,4,4,0,0,0.996245253049394,1,1,4,10.003333333333334,0,,0,462,240,chb19_02.edf;chb19_05.edf;chb19_08.edf;chb19_11.edf;chb19_14.edf;chb19_17.edf;chb19_20.edf;chb19_23.edf;chb19_26.edf;chb19_28.edf
chb19,125s causal avg,0.35,36,960,34974,42,2,2,2,2,0.9325358599026992,1,1,6,10.003333333333334,42,,0,462,240,chb19_02.edf;chb19_05.edf;chb19_08.edf;chb19_11.edf;chb19_14.edf;chb19_17.edf;chb19_20.edf;chb19_23.edf;chb19_26.edf;chb19_28.edf
chb19,125s non-causal avg,0.5,55,243,35691,23,2,2,2,2,0.9956333762895793,1,1,1,10.003333333333334,23,,0,462,240,chb19_02.edf;chb19_05.edf;chb19_08.edf;chb19_11.edf;chb19_14.edf;chb19_17.edf;chb19_20.edf;chb19_23.edf;chb19_26.edf;chb19_28.edf
chb19,13s causal,0.4,37,317,35617,41,0,1,3,4,0.978995323334946,1,1,40,10.003333333333334,7,6.0,0,462,240,chb19_02.edf;chb19_05.edf;chb19_08.edf;chb19_11.edf;chb19_14.edf;chb19_17.edf;chb19_20.edf;chb19_23.edf;chb19_26.edf;chb19_28.edf
chb19,13s non-causal,0.4,39,267,35667,39,0,0,4,4,0.974736447018965,1,1,39,10.003333333333334,5,5.0,0,462,240,chb19_02.edf;chb19_05.edf;chb19_08.edf;chb19_11.edf;chb19_14.edf;chb19_17.edf;chb19_20.edf;chb19_23.edf;chb19_26.edf;chb19_28.edf
chb19,29s causal,0.35,51,452,35482,27,1,1,3,3,0.9778650460316848,1,1,49,10.003333333333334,6,7.0,0,462,240,chb19_02.edf;chb19_05.edf;chb19_08.edf;chb19_11.edf;chb19_14.edf;chb19_17.edf;chb19_20.edf;chb19_23.edf;chb19_26.edf;chb19_28.edf
chb19,29s non-causal,0.35,47,453,35481,31,1,1,3,3,0.9718964825827408,1,1,61,10.003333333333334,3,4.0,0,462,240,chb19_02.edf;chb19_05.edf;chb19_08.edf;chb19_11.edf;chb19_14.edf;chb19_17.edf;chb19_20.edf;chb19_23.edf;chb19_26.edf;chb19_28.edf
chb19,61s causal,0.35,52,398,35536,26,2,1,3,2,0.9830793777195515,1,1,40,10.003333333333334,8,4.0,0,462,240,chb19_02.edf;chb19_05.edf;chb19_08.edf;chb19_11.edf;chb19_14.edf;chb19_17.edf;chb19_20.edf;chb19_23.edf;chb19_26.edf;chb19_28.edf
chb19,61s non-causal,0.3,54,445,35489,24,2,1,3,2,0.9790866588746034,1,1,56,10.003333333333334,2,4.0,0,462,240,chb19_02.edf;chb19_05.edf;chb19_08.edf;chb19_11.edf;chb19_14.edf;chb19_17.edf;chb19_20.edf;chb19_23.edf;chb19_26.edf;chb19_28.edf
chb19,125s causal,0.35,49,403,35531,29,1,1,3,3,0.9827211711499573,1,1,48,10.003333333333334,6,7.0,0,462,240,chb19_02.edf;chb19_05.edf;chb19_08.edf;chb19_11.edf;chb19_14.edf;chb19_17.edf;chb19_20.edf;chb19_23.edf;chb19_26.edf;chb19_28.edf
chb19,125s non-causal,0.35,57,407,35527,21,3,2,2,1,0.9875434022203099,1,1,38,10.003333333333334,1,4.0,0,462,240,chb19_02.edf;chb19_05.edf;chb19_08.edf;chb19_11.edf;chb19_14.edf;chb19_17.edf;chb19_20.edf;chb19_23.edf;chb19_26.edf;chb19_28.edf
chb19,none,0.7,34,55,35868,43,0,0,4,4,0.980919144880952,1,1,37,10.0,6,7.0,1,492,108,chb19_03.edf;chb19_06.edf;chb19_09.edf;chb19_12.edf;chb19_15.edf;chb19_18.edf;chb19_21.edf;chb19_24.edf;chb19_27.edf;chb19_29.edf
chb19,13s causal avg,0.55,67,138,35785,10,2,2,2,2,0.9915732459506643,1,1,12,10.0,10,,1,492,108,chb19_03.edf;chb19_06.edf;chb19_09.edf;chb19_12.edf;chb19_15.edf;chb19_18.edf;chb19_21.edf;chb19_24.edf;chb19_27.edf;chb19_29.edf
chb19,13s non-causal avg,0.55,73,132,35791,4,2,2,2,2,0.9986891153553181,1,1,12,10.0,4,,1,492,108,chb19_03.edf;chb19_06.edf;chb19_09.edf;chb19_12.edf;chb19_15.edf;chb19_18.edf;chb19_21.edf;chb19_24.edf;chb19_27.edf;chb19_29.edf
chb19,29s causal avg,0.45,66,683,35240,11,2,2,2,2,0.9777507518787478,1,1,20,10.0,11,,1,492,108,chb19_03.edf;chb19_06.edf;chb19_09.edf;chb19_12.edf;chb19_15.edf;chb19_18.edf;chb19_21.edf;chb19_24.edf;chb19_27.edf;chb19_29.edf
chb19,29s non-causal avg,0.45,77,671,35252,0,4,4,0,0,0.9989739959675656,1,1,19,10.0,0,,1,492,108,chb19_03.edf;chb19_06.edf;chb19_09.edf;chb19_12.edf;chb19_15.edf;chb19_18.edf;chb19_21.edf;chb19_24.edf;chb19_27.edf;chb19_29.edf
chb19,61s causal avg,0.45,51,460,35463,26,2,2,2,2,0.957936003811905,1,1,4,10.0,26,,1,492,108,chb19_03.edf;chb19_06.edf;chb19_09.edf;chb19_12.edf;chb19_15.edf;chb19_18.edf;chb19_21.edf;chb19_24.edf;chb19_27.edf;chb19_29.edf
chb19,61s non-causal avg,0.45,77,433,35490,0,4,4,0,0,0.9990097868059062,1,1,3,10.0,0,,1,492,108,chb19_03.edf;chb19_06.edf;chb19_09.edf;chb19_12.edf;chb19_15.edf;chb19_18.edf;chb19_21.edf;chb19_24.edf;chb19_27.edf;chb19_29.edf
chb19,125s causal avg,0.4,42,1263,34660,35,2,2,2,2,0.905174885243365,1,1,15,10.0,35,,1,492,108,chb19_03.edf;chb19_06.edf;chb19_09.edf;chb19_12.edf;chb19_15.edf;chb19_18.edf;chb19_21.edf;chb19_24.edf;chb19_27.edf;chb19_29.edf
chb19,125s non-causal avg,0.55,51,76,35847,26,2,2,2,2,0.9982426336851079,1,1,0,10.0,26,,1,492,108,chb19_03.edf;chb19_06.edf;chb19_09.edf;chb19_12.edf;chb19_15.edf;chb19_18.edf;chb19_21.edf;chb19_24.edf;chb19_27.edf;chb19_29.edf
chb19,13s causal,0.4,64,231,35692,13,1,1,3,3,0.9935721100434516,1,1,42,10.0,6,11.0,1,492,108,chb19_03.edf;chb19_06.edf;chb19_09.edf;chb19_12.edf;chb19_15.edf;chb19_18.edf;chb19_21.edf;chb19_24.edf;chb19_27.edf;chb19_29.edf
chb19,13s non-causal,0.4,54,166,35757,23,1,0,4,3,0.9944907415608638,1,1,44,10.0,6,10.0,1,492,108,chb19_03.edf;chb19_06.edf;chb19_09.edf;chb19_12.edf;chb19_15.edf;chb19_18.edf;chb19_21.edf;chb19_24.edf;chb19_27.edf;chb19_29.edf
chb19,29s causal,0.5,65,187,35736,12,1,2,2,3,0.9940449829378928,1,1,25,10.0,7,18.0,1,492,108,chb19_03.edf;chb19_06.edf;chb19_09.edf;chb19_12.edf;chb19_15.edf;chb19_18.edf;chb19_21.edf;chb19_24.edf;chb19_27.edf;chb19_29.edf
chb19,29s non-causal,0.4,58,133,35790,19,1,1,3,3,0.9970195992799895,1,1,24,10.0,5,12.0,1,492,108,chb19_03.edf;chb19_06.edf;chb19_09.edf;chb19_12.edf;chb19_15.edf;chb19_18.edf;chb19_21.edf;chb19_24.edf;chb19_27.edf;chb19_29.edf
chb19,61s causal,0.45,63,161,35762,14,1,2,2,3,0.9931339434164923,1,1,19,10.0,7,17.0,1,492,108,chb19_03.edf;chb19_06.edf;chb19_09.edf;chb19_12.edf;chb19_15.edf;chb19_18.edf;chb19_21.edf;chb19_24.edf;chb19_27.edf;chb19_29.edf
chb19,61s non-causal,0.35,66,216,35707,11,1,2,2,3,0.9975604386149162,1,1,31,10.0,3,11.0,1,492,108,chb19_03.edf;chb19_06.edf;chb19_09.edf;chb19_12.edf;chb19_15.edf;chb19_18.edf;chb19_21.edf;chb19_24.edf;chb19_27.edf;chb19_29.edf
chb19,125s causal,0.45,68,140,35783,9,2,1,3,2,0.9922720711073576,1,1,18,10.0,7,12.0,1,492,108,chb19_03.edf;chb19_06.edf;chb19_09.edf;chb19_12.edf;chb19_15.edf;chb19_18.edf;chb19_21.edf;chb19_24.edf;chb19_27.edf;chb19_29.edf
chb19,125s non-causal,0.35,73,267,35656,4,2,3,1,2,0.9983160229798873,1,1,39,10.0,0,8.0,1,492,108,chb19_03.edf;chb19_06.edf;chb19_09.edf;chb19_12.edf;chb19_15.edf;chb19_18.edf;chb19_21.edf;chb19_24.edf;chb19_27.edf;chb19_29.edf
chb19,none,0.75,17,125,31928,64,1,0,4,3,0.9843465279149927,1,1,38,8.926111111111112,7,9.0,2,684,270,chb19_04.edf;chb19_07.edf;chb19_10.edf;chb19_13.edf;chb19_16.edf;chb19_19.edf;chb19_22.edf;chb19_25.edf;chb19_30.edf
chb19,13s causal avg,0.75,0,27,32026,81,0,0,4,4,0.9900169202782583,1,0,2,8.926111111111112,,,2,684,270,chb19_04.edf;chb19_07.edf;chb19_10.edf;chb19_13.edf;chb19_16.edf;chb19_19.edf;chb19_22.edf;chb19_25.edf;chb19_30.edf
chb19,13s non-causal avg,0.75,0,27,32026,81,0,0,4,4,0.996265444616613,1,0,2,8.926111111111112,,,2,684,270,chb19_04.edf;chb19_07.edf;chb19_10.edf;chb19_13.edf;chb19_16.edf;chb19_19.edf;chb19_22.edf;chb19_25.edf;chb19_30.edf
chb19,29s causal avg,0.7,0,25,32028,81,0,0,4,4,0.9855039473587919,1,0,1,8.926111111111112,,,2,684,270,chb19_04.edf;chb19_07.edf;chb19_10.edf;chb19_13.edf;chb19_16.edf;chb19_19.edf;chb19_22.edf;chb19_25.edf;chb19_30.edf
chb19,29s non-causal avg,0.7,0,25,32028,81,0,0,4,4,0.9976670583790042,1,0,1,8.926111111111112,,,2,684,270,chb19_04.edf;chb19_07.edf;chb19_10.edf;chb19_13.edf;chb19_16.edf;chb19_19.edf;chb19_22.edf;chb19_25.edf;chb19_30.edf
chb19,61s causal avg,0.65,0,41,32012,81,0,0,4,4,0.972373688177721,1,0,1,8.926111111111112,,,2,684,270,chb19_04.edf;chb19_07.edf;chb19_10.edf;chb19_13.edf;chb19_16.edf;chb19_19.edf;chb19_22.edf;chb19_25.edf;chb19_30.edf
chb19,61s non-causal avg,0.7,0,0,32053,81,0,0,4,4,0.9983202974394646,1,0,0,8.926111111111112,,,2,684,270,chb19_04.edf;chb19_07.edf;chb19_10.edf;chb19_13.edf;chb19_16.edf;chb19_19.edf;chb19_22.edf;chb19_25.edf;chb19_30.edf
chb19,125s causal avg,0.35,34,142,31911,47,2,2,2,2,0.9594086645844672,1,1,2,8.926111111111112,47,,2,684,270,chb19_04.edf;chb19_07.edf;chb19_10.edf;chb19_13.edf;chb19_16.edf;chb19_19.edf;chb19_22.edf;chb19_25.edf;chb19_30.edf
chb19,125s non-causal avg,0.6,30,24,32029,51,2,2,2,2,0.9982906397698565,1,1,0,8.926111111111112,51,,2,684,270,chb19_04.edf;chb19_07.edf;chb19_10.edf;chb19_13.edf;chb19_16.edf;chb19_19.edf;chb19_22.edf;chb19_25.edf;chb19_30.edf
chb19,13s causal,0.55,34,7,32046,47,2,2,2,2,0.9993810405836321,1,1,1,8.926111111111112,25,66.0,2,684,270,chb19_04.edf;chb19_07.edf;chb19_10.edf;chb19_13.edf;chb19_16.edf;chb19_19.edf;chb19_22.edf;chb19_25.edf;chb19_30.edf
chb19,13s non-causal,0.5,10,84,31969,71,0,0,4,4,0.992139176895674,1,1,17,8.926111111111112,8,4.0,2,684,270,chb19_04.edf;chb19_07.edf;chb19_10.edf;chb19_13.edf;chb19_16.edf;chb19_19.edf;chb19_22.edf;chb19_25.edf;chb19_30.edf
chb19,29s causal,0.65,39,1,32052,42,2,1,3,2,0.9995528239686353,1,1,0,8.926111111111112,25,95.0,2,684,270,chb19_04.edf;chb19_07.edf;chb19_10.edf;chb19_13.edf;chb19_16.edf;chb19_19.edf;chb19_22.edf;chb19_25.edf;chb19_30.edf
chb19,29s non-causal,0.55,9,48,32005,72,0,0,4,4,0.9952382107874573,1,1,9,8.926111111111112,31,6.0,2,684,270,chb19_04.edf;chb19_07.edf;chb19_10.edf;chb19_13.edf;chb19_16.edf;chb19_19.edf;chb19_22.edf;chb19_25.edf;chb19_30.edf
chb19,61s causal,0.65,34,1,32052,47,2,1,3,2,0.9995716970311133,1,1,0,8.926111111111112,25,49.0,2,684,270,chb19_04.edf;chb19_07.edf;chb19_10.edf;chb19_13.edf;chb19_16.edf;chb19_19.edf;chb19_22.edf;chb19_25.edf;chb19_30.edf
chb19,61s non-causal,0.5,9,35,32018,72,0,0,4,4,0.9964406944824794,1,1,6,8.926111111111112,30,3.0,2,684,270,chb19_04.edf;chb19_07.edf;chb19_10.edf;chb19_13.edf;chb19_16.edf;chb19_19.edf;chb19_22.edf;chb19_25.edf;chb19_30.edf
chb19,125s causal,0.55,50,3,32050,31,2,1,3,2,0.9996602848753973,1,1,2,8.926111111111112,6,60.0,2,684,270,chb19_04.edf;chb19_07.edf;chb19_10.edf;chb19_13.edf;chb19_16.edf;chb19_19.edf;chb19_22.edf;chb19_25.edf;chb19_30.edf
chb19,125s non-causal,0.5,8,30,32023,73,1,0,4,3,0.9963270709430716,1,1,1,8.926111111111112,36,3.0,2,684,270,chb19_04.edf;chb19_07.edf;chb19_10.edf;chb19_13.edf;chb19_16.edf;chb19_19.edf;chb19_22.edf;chb19_25.edf;chb19_30.edf
chb20,none,0.75,21,266,24763,43,1,2,6,7,0.9260283071636901,2,2,126,6.970277777777778,0;6,6.0,0,1146,930,chb20_01.edf;chb20_06.edf;chb20_12.edf;chb20_16.edf;chb20_21.edf;chb20_27.edf;chb20_34.edf
chb20,13s causal avg,0.6,34,235,24794,30,2,2,6,6,0.9548480013184707,2,2,22,6.970277777777778,11;10,,0,1146,930,chb20_01.edf;chb20_06.edf;chb20_12.edf;chb20_16.edf;chb20_21.edf;chb20_27.edf;chb20_34.edf
chb20,13s non-causal avg,0.6,40,229,24800,24,2,3,5,6,0.988452769787047,2,2,22,6.970277777777778,5;4,,0,1146,930,chb20_01.edf;chb20_06.edf;chb20_12.edf;chb20_16.edf;chb20_21.edf;chb20_27.edf;chb20_34.edf
chb20,29s causal avg,0.55,27,289,24740,37,4,4,4,4,0.937134174357745,2,2,16,6.970277777777778,18;19,,0,1146,930,chb20_01.edf;chb20_06.edf;chb20_12.edf;chb20_16.edf;chb20_21.edf;chb20_27.edf;chb20_34.edf
chb20,29s non-causal avg,0.6,38,82,24947,26,4,4,4,4,0.9948878051460306,2,2,5,6.970277777777778,8;12,,0,1146,930,chb20_01.edf;chb20_06.edf;chb20_12.edf;chb20_16.edf;chb20_21.edf;chb20_27.edf;chb20_34.edf
chb20,61s causal avg,0.45,28,1455,23574,36,4,4,4,4,0.8910295307443366,2,2,28,6.970277777777778,20;16,,0,1146,930,chb20_01.edf;chb20_06.edf;chb20_12.edf;chb20_16.edf;chb20_21.edf;chb20_27.edf;chb20_34.edf
chb20,61s non-causal avg,0.5,63,579,24450,1,7,6,2,1,0.9961507151704024,2,2,10,6.970277777777778,0;1,,0,1146,930,chb20_01.edf;chb20_06.edf;chb20_12.edf;chb20_16.edf;chb20_21.edf;chb20_27.edf;chb20_34.edf
chb20,125s causal avg,0.35,63,7264,17765,1,7,6,2,1,0.878931689240481,2,2,41,6.970277777777778,0;0,,0,1146,930,chb20_01.edf;chb20_06.edf;chb20_12.edf;chb20_16.edf;chb20_21.edf;chb20_27.edf;chb20_34.edf
chb20,125s non-causal avg,0.5,0,320,24709,64,0,0,8,8,0.9750121109512965,2,0,5,6.970277777777778,,,0,1146,930,chb20_01.edf;chb20_06.edf;chb20_12.edf;chb20_16.edf;chb20_21.edf;chb20_27.edf;chb20_34.edf
chb20,13s causal,0.45,27,217,24812,37,2,3,5,6,0.9647365306244756,2,2,43,6.970277777777778,10;6,2.0,0,1146,930,chb20_01.edf;chb20_06.edf;chb20_12.edf;chb20_16.edf;chb20_21.edf;chb20_27.edf;chb20_34.edf
chb20,13s non-causal,0.5,28,140,24889,36,2,2,6,6,0.9807504544728115,2,2,37,6.970277777777778,7;6,2.0,0,1146,930,chb20_01.edf;chb20_06.edf;chb20_12.edf;chb20_16.edf;chb20_21.edf;chb20_27.edf;chb20_34.edf
chb20,29s causal,0.4,27,201,24828,37,2,2,6,6,0.9637389378321147,2,2,32,6.970277777777778,10;9,2.0,0,1146,930,chb20_01.edf;chb20_06.edf;chb20_12.edf;chb20_16.edf;chb20_21.edf;chb20_27.edf;chb20_34.edf
chb20,29s non-causal,0.4,34,233,24796,30,2,4,4,6,0.9852858184505974,2,2,45,6.970277777777778,6;3,2.0,0,1146,930,chb20_01.edf;chb20_06.edf;chb20_12.edf;chb20_16.edf;chb20_21.edf;chb20_27.edf;chb20_34.edf
chb20,61s causal,0.5,30,274,24755,34,2,3,5,6,0.9656654530744336,2,2,41,6.970277777777778,10;9,3.0,0,1146,930,chb20_01.edf;chb20_06.edf;chb20_12.edf;chb20_16.edf;chb20_21.edf;chb20_27.edf;chb20_34.edf
chb20,61s non-causal,0.4,34,147,24882,30,3,4,4,5,0.9907538505333814,2,2,21,6.970277777777778,3;5,2.0,0,1146,930,chb20_01.edf;chb20_06.edf;chb20_12.edf;chb20_16.edf;chb20_21.edf;chb20_27.edf;chb20_34.edf
chb20,125s causal,0.45,26,152,24877,38,2,2,6,6,0.9624079817411804,2,2,20,6.970277777777778,10;9,2.0,0,1146,930,chb20_01.edf;chb20_06.edf;chb20_12.edf;chb20_16.edf;chb20_21.edf;chb20_27.edf;chb20_34.edf
chb20,125s non-causal,0.5,31,107,24922,33,2,2,6,6,0.9931722951376403,2,2,15,6.970277777777778,6;5,2.0,0,1146,930,chb20_01.edf;chb20_06.edf;chb20_12.edf;chb20_16.edf;chb20_21.edf;chb20_27.edf;chb20_34.edf
chb20,none,0.9,28,40,18633,41,1,2,6,7,0.9900196905242554,2,2,23,5.206111111111111,7;3,24.0,1,1140,894,chb20_02.edf;chb20_07.edf;chb20_13.edf;chb20_22.edf;chb20_28.edf;chb20_59.edf
chb20,13s causal avg,0.7,43,13,18660,26,4,4,4,4,0.9825059354861743,2,2,1,5.206111111111111,14;12,,1,1140,894,chb20_02.edf;chb20_07.edf;chb20_13.edf;chb20_22.edf;chb20_28.edf;chb20_59.edf
chb20,13s non-causal avg,0.7,53,1,18672,16,2,1,7,6,0.9993255393938547,2,2,0,5.206111111111111,8;6,,1,1140,894,chb20_02.edf;chb20_07.edf;chb20_13.edf;chb20_22.edf;chb20_28.edf;chb20_59.edf
chb20,29s causal avg,0.4,40,108,18565,29,4,4,4,4,0.9802947291951412,2,2,4,5.206111111111111,15;14,,1,1140,894,chb20_02.edf;chb20_07.edf;chb20_13.edf;chb20_22.edf;chb20_28.edf;chb20_59.edf
chb20,29s non-causal avg,0.6,53,10,18663,16,4,4,4,4,0.9995739023328265,2,2,0,5.206111111111111,9;7,,1,1140,894,chb20_02.edf;chb20_07.edf;chb20_13.edf;chb20_22.edf;chb20_28.edf;chb20_59.edf
chb20,61s causal avg,0.35,24,140,18533,45,4,4,4,4,0.9643226638167018,2,2,3,5.206111111111111,22;23,,1,1140,894,chb20_02.edf;chb20_07.edf;chb20_13.edf;chb20_22.edf;chb20_28.edf;chb20_59.edf
chb20,61s non-causal avg,0.5,54,13,18660,15,4,4,4,4,0.9995917534190651,2,2,0,5.206111111111111,11;4,,1,1140,894,chb20_02.edf;chb20_07.edf;chb20_13.edf;chb20_22.edf;chb20_28.edf;chb20_59.edf
chb20,125s causal avg,0.25,14,358,18315,55,4,4,4,4,0.9307602932855857,2,2,4,5.206111111111111,26;29,,1,1140,894,chb20_02.edf;chb20_07.edf;chb20_13.edf;chb20_22.edf;chb20_28.edf;chb20_59.edf
chb20,125s non-causal avg,0.4,0,2,18671,69,0,0,8,8,0.9962846456598189,2,0,1,5.206111111111111,,,1,1140,894,chb20_02.edf;chb20_07.edf;chb20_13.edf;chb20_22.edf;chb20_28.edf;chb20_59.edf
chb20,13s causal,0.6,48,7,18666,21,4,2,6,4,0.9959066683120711,2,2,3,5.206111111111111,13;5,13.0,1,1140,894,chb20_02.edf;chb20_07.edf;chb20_13.edf;chb20_22.edf;chb20_28.edf;chb20_59.edf
chb20,13s non-causal,0.7,53,0,18673,16,0,0,8,8,0.9996165897129624,2,2,0,5.206111111111111,8;3,9.0,1,1140,894,chb20_02.edf;chb20_07.edf;chb20_13.edf;chb20_22.edf;chb20_28.edf;chb20_59.edf
chb20,29s causal,0.6,52,10,18663,17,4,2,6,4,0.9948084384413053,2,2,3,5.206111111111111,7;5,13.0,1,1140,894,chb20_02.edf;chb20_07.edf;chb20_13.edf;chb20_22.edf;chb20_28.edf;chb20_59.edf
chb20,29s non-causal,0.65,57,3,18670,12,3,0,8,5,0.9994388549847606,2,2,2,5.206111111111111,7;3,3.0,1,1140,894,chb20_02.edf;chb20_07.edf;chb20_13.edf;chb20_22.edf;chb20_28.edf;chb20_59.edf
chb20,61s causal,0.65,49,9,18664,20,2,3,5,6,0.9952873132330102,2,2,2,5.206111111111111,7;5,13.0,1,1140,894,chb20_02.edf;chb20_07.edf;chb20_13.edf;chb20_22.edf;chb20_28.edf;chb20_59.edf
chb20,61s non-causal,0.75,50,0,18673,19,0,0,8,8,0.9998703855912241,2,2,0,5.206111111111111,7;3,27.0,1,1140,894,chb20_02.edf;chb20_07.edf;chb20_13.edf;chb20_22.edf;chb20_28.edf;chb20_59.edf
chb20,125s causal,0.55,56,19,18654,13,4,4,4,4,0.992957358411781,2,2,6,5.206111111111111,7;5,7.0,1,1140,894,chb20_02.edf;chb20_07.edf;chb20_13.edf;chb20_22.edf;chb20_28.edf;chb20_59.edf
chb20,125s non-causal,0.8,51,0,18673,18,0,0,8,8,0.9999006548244113,2,2,0,5.206111111111111,7;3,9.0,1,1140,894,chb20_02.edf;chb20_07.edf;chb20_13.edf;chb20_22.edf;chb20_28.edf;chb20_59.edf
chb20,none,0.7,29,178,20748,9,3,1,3,1,0.9811679753718618,1,1,115,5.823333333333333,1,11.0,2,1326,1056,chb20_03.edf;chb20_08.edf;chb20_14.edf;chb20_23.edf;chb20_29.edf;chb20_60.edf
chb20,13s causal avg,0.6,26,21,20905,12,2,2,2,2,0.9915240169620266,1,1,1,5.823333333333333,12,,2,1326,1056,chb20_03.edf;chb20_08.edf;chb20_14.edf;chb20_23.edf;chb20_29.edf;chb20_60.edf
chb20,13s non-causal avg,0.6,32,15,20911,6,2,2,2,2,0.9991322806682194,1,1,1,5.823333333333333,6,,2,1326,1056,chb20_03.edf;chb20_08.edf;chb20_14.edf;chb20_23.edf;chb20_29.edf;chb20_60.edf
chb20,29s causal avg,0.6,17,22,20904,21,2,2,2,2,0.9784717576220969,1,1,0,5.823333333333333,21,,2,1326,1056,chb20_03.edf;chb20_08.edf;chb20_14.edf;chb20_23.edf;chb20_29.edf;chb20_60.edf
chb20,29s non-causal avg,0.65,28,6,20920,10,2,2,2,2,0.9997786686921836,1,1,0,5.823333333333333,10,,2,1326,1056,chb20_03.edf;chb20_08.edf;chb20_14.edf;chb20_23.edf;chb20_29.edf;chb20_60.edf
chb20,61s causal avg,0.45,16,49,20877,22,2,2,2,2,0.9885121505857735,1,1,0,5.823333333333333,22,,2,1326,1056,chb20_03.edf;chb20_08.edf;chb20_14.edf;chb20_23.edf;chb20_29.edf;chb20_60.edf
chb20,61s non-causal avg,0.55,34,11,20915,4,2,2,2,2,0.999852864982872,1,1,0,5.823333333333333,4,,2,1326,1056,chb20_03.edf;chb20_08.edf;chb20_14.edf;chb20_23.edf;chb20_29.edf;chb20_60.edf
chb20,125s causal avg,0.3,21,605,20321,17,2,2,2,2,0.9429820369522678,1,1,10,5.823333333333333,17,,2,1326,1056,chb20_03.edf;chb20_08.edf;chb20_14.edf;chb20_23.edf;chb20_29.edf;chb20_60.edf
chb20,125s non-causal avg,0.4,38,70,20856,0,4,4,0,0,0.9996290185465575,1,1,0,5.823333333333333,0,,2,1326,1056,chb20_03.edf;chb20_08.edf;chb20_14.edf;chb20_23.edf;chb20_29.edf;chb20_60.edf
chb20,13s causal,0.45,28,30,20896,10,2,2,2,2,0.9945836707797402,1,1,5,5.823333333333333,9,2.0,2,1326,1056,chb20_03.edf;chb20_08.edf;chb20_14.edf;chb20_23.edf;chb20_29.edf;chb20_60.edf
chb20,13s non-causal,0.3,33,95,20831,5,2,2,2,2,0.9967001514107355,1,1,42,5.823333333333333,3,1.0,2,1326,1056,chb20_03.edf;chb20_08.edf;chb20_14.edf;chb20_23.edf;chb20_29.edf;chb20_60.edf
chb20,29s causal,0.5,28,22,20904,10,2,2,2,2,0.9951420293062773,1,1,3,5.823333333333333,9,3.0,2,1326,1056,chb20_03.edf;chb20_08.edf;chb20_14.edf;chb20_23.edf;chb20_29.edf;chb20_60.edf
chb20,29s non-causal,0.4,32,19,20907,6,2,2,2,2,0.9990505389920372,1,1,3,5.823333333333333,6,2.0,2,1326,1056,chb20_03.edf;chb20_08.edf;chb20_14.edf;chb20_23.edf;chb20_29.edf;chb20_60.edf
chb20,61s causal,0.45,28,26,20900,10,2,2,2,2,0.9947836234953245,1,1,4,5.823333333333333,9,2.0,2,1326,1056,chb20_03.edf;chb20_08.edf;chb20_14.edf;chb20_23.edf;chb20_29.edf;chb20_60.edf
chb20,61s non-causal,0.3,37,16,20910,1,3,2,2,1,0.9999459247372948,1,1,2,5.823333333333333,1,8.0,2,1326,1056,chb20_03.edf;chb20_08.edf;chb20_14.edf;chb20_23.edf;chb20_29.edf;chb20_60.edf
chb20,125s causal,0.35,32,86,20840,6,2,2,2,2,0.9944843232040725,1,1,30,5.823333333333333,6,3.0,2,1326,1056,chb20_03.edf;chb20_08.edf;chb20_14.edf;chb20_23.edf;chb20_29.edf;chb20_60.edf
chb20,125s non-causal,0.45,31,17,20909,7,2,2,2,2,0.9986191944546448,1,1,3,5.823333333333333,6,1.0,2,1326,1056,chb20_03.edf;chb20_08.edf;chb20_14.edf;chb20_23.edf;chb20_29.edf;chb20_60.edf
chb20,none,0.8,5,60,16468,34,0,0,4,4,0.8967191649911882,1,1,35,4.601944444444444,3,9.0,3,1236,1128,chb20_04.edf;chb20_11.edf;chb20_25.edf;chb20_30.edf;chb20_68.edf
chb20,13s causal avg,0.65,9,9,16519,30,0,0,4,4,0.9787943381239606,1,1,4,4.601944444444444,25,,3,1236,1128,chb20_04.edf;chb20_11.edf;chb20_25.edf;chb20_30.edf;chb20_68.edf
chb20,13s non-causal avg,0.6,15,34,16494,24,2,2,2,2,0.9894243180182193,1,1,4,4.601944444444444,18,,3,1236,1128,chb20_04.edf;chb20_11.edf;chb20_25.edf;chb20_30.edf;chb20_68.edf
chb20,29s causal avg,0.5,14,65,16463,25,2,2,2,2,0.9520627001265917,1,1,0,4.601944444444444,25,,3,1236,1128,chb20_04.edf;chb20_11.edf;chb20_25.edf;chb20_30.edf;chb20_68.edf
chb20,29s non-causal avg,0.55,20,30,16498,19,2,2,2,2,0.995662372477474,1,1,0,4.601944444444444,16,,3,1236,1128,chb20_04.edf;chb20_11.edf;chb20_25.edf;chb20_30.edf;chb20_68.edf
chb20,61s causal avg,0.45,0,83,16445,39,0,2,2,4,0.9767713530419241,1,0,1,4.601944444444444,,,3,1236,1128,chb20_04.edf;chb20_11.edf;chb20_25.edf;chb20_30.edf;chb20_68.edf
chb20,61s non-causal avg,0.55,7,28,16500,32,2,2,2,2,0.9974604090649589,1,1,0,4.601944444444444,32,,3,1236,1128,chb20_04.edf;chb20_11.edf;chb20_25.edf;chb20_30.edf;chb20_68.edf
chb20,125s causal avg,0.35,4,372,16156,35,2,2,2,2,0.876417951200139,1,1,8,4.601944444444444,35,,3,1236,1128,chb20_04.edf;chb20_11.edf;chb20_25.edf;chb20_30.edf;chb20_68.edf
chb20,125s non-causal avg,0.45,33,42,16486,6,2,2,2,2,0.9983307270335344,1,1,0,4.601944444444444,6,,3,1236,1128,chb20_04.edf;chb20_11.edf;chb20_25.edf;chb20_30.edf;chb20_68.edf
chb20,13s causal,0.55,6,45,16483,33,0,0,4,4,0.9639182614739246,1,1,11,4.601944444444444,21,4.0,3,1236,1128,chb20_04.edf;chb20_11.edf;chb20_25.edf;chb20_30.edf;chb20_68.edf
chb20,13s non-causal,0.65,6,29,16499,33,0,0,4,4,0.9858778886489439,1,1,8,4.601944444444444,20,4.0,3,1236,1128,chb20_04.edf;chb20_11.edf;chb20_25.edf;chb20_30.edf;chb20_68.edf
chb20,29s causal,0.35,12,85,16443,27,1,0,4,3,0.976537096333805,1,1,12,4.601944444444444,21,3.0,3,1236,1128,chb20_04.edf;chb20_11.edf;chb20_25.edf;chb20_30.edf;chb20_68.edf
chb20,29s non-causal,0.35,8,33,16495,31,1,2,2,3,0.9921842033410282,1,1,7,4.601944444444444,19,7.0,3,1236,1128,chb20_04.edf;chb20_11.edf;chb20_25.edf;chb20_30.edf;chb20_68.edf
chb20,61s causal,0.35,12,88,16440,27,1,0,4,3,0.9760204904808002,1,1,13,4.601944444444444,21,2.0,3,1236,1128,chb20_04.edf;chb20_11.edf;chb20_25.edf;chb20_30.edf;chb20_68.edf
chb20,61s non-causal,0.25,15,45,16483,24,2,2,2,2,0.9948168764117458,1,1,7,4.601944444444444,14,5.0,3,1236,1128,chb20_04.edf;chb20_11.edf;chb20_25.edf;chb20_30.edf;chb20_68.edf
chb20,125s causal,0.4,8,26,16502,31,0,0,4,4,0.9753425422592896,1,1,8,4.601944444444444,22,1.0,3,1236,1128,chb20_04.edf;chb20_11.edf;chb20_25.edf;chb20_30.edf;chb20_68.edf
chb20,125s non-causal,0.4,10,29,16499,29,2,0,4,2,0.9906933378012759,1,1,9,4.601944444444444,20,1.0,3,1236,1128,chb20_04.edf;chb20_11.edf;chb20_25.edf;chb20_30.edf;chb20_68.edf
chb20,none,0.75,59,253,17663,25,5,3,5,3,0.9704633527892069,2,2,97,5.0,1;6,14.0,4,1050,840,chb20_05.edf;chb20_15.edf;chb20_17.edf;chb20_26.edf;chb20_31.edf
chb20,13s causal avg,0.65,59,144,17772,25,2,4,4,6,0.9743139944077653,2,2,4,5.0,8;13,,4,1050,840,chb20_05.edf;chb20_15.edf;chb20_17.edf;chb20_26.edf;chb20_31.edf
chb20,13s non-causal avg,0.65,69,134,17782,15,2,2,6,6,0.9956204350460881,2,2,4,5.0,2;7,,4,1050,840,chb20_05.edf;chb20_15.edf;chb20_17.edf;chb20_26.edf;chb20_31.edf
chb20,29s causal avg,0.6,46,149,17767,38,4,4,4,4,0.9576077249386024,2,2,3,5.0,16;22,,4,1050,840,chb20_05.edf;chb20_15.edf;chb20_17.edf;chb20_26.edf;chb20_31.edf
chb20,29s non-causal avg,0.65,63,105,17811,21,2,2,6,6,0.9961958717400781,2,2,1,5.0,4;10,,4,1050,840,chb20_05.edf;chb20_15.edf;chb20_17.edf;chb20_26.edf;chb20_31.edf
chb20,61s causal avg,0.45,43,259,17657,41,4,4,4,4,0.9690287479135437,2,2,4,5.0,22;19,,4,1050,840,chb20_05.edf;chb20_15.edf;chb20_17.edf;chb20_26.edf;chb20_31.edf
chb20,61s non-causal avg,0.55,72,110,17806,12,4,2,6,4,0.9952775651452812,2,2,1,5.0,1;10,,4,1050,840,chb20_05.edf;chb20_15.edf;chb20_17.edf;chb20_26.edf;chb20_31.edf
chb20,125s causal avg,0.35,35,528,17388,49,4,4,4,4,0.9408463039156274,2,2,6,5.0,26;23,,4,1050,840,chb20_05.edf;chb20_15.edf;chb20_17.edf;chb20_26.edf;chb20_31.edf
chb20,125s non-causal avg,0.45,84,216,17700,0,8,8,0,0,0.9909863755727788,2,2,1,5.0,0;0,,4,1050,840,chb20_05.edf;chb20_15.edf;chb20_17.edf;chb20_26.edf;chb20_31.edf
chb20,13s causal,0.45,56,95,17821,28,3,3,5,5,0.9801487630104508,2,2,7,5.0,4;8,2.0,4,1050,840,chb20_05.edf;chb20_15.edf;chb20_17.edf;chb20_26.edf;chb20_31.edf
chb20,13s non-causal,0.4,60,107,17809,24,5,3,5,3,0.9841416026111272,2,2,7,5.0,1;6,2.0,4,1050,840,chb20_05.edf;chb20_15.edf;chb20_17.edf;chb20_26.edf;chb20_31.edf
chb20,29s causal,0.55,51,85,17831,33,2,3,5,6,0.9810351747307542,2,2,4,5.0,4;12,3.0,4,1050,840,chb20_05.edf;chb20_15.edf;chb20_17.edf;chb20_26.edf;chb20_31.edf
chb20,29s non-causal,0.4,65,115,17801,19,6,3,5,2,0.9909458425031097,2,2,4,5.0,0;6,2.0,4,1050,840,chb20_05.edf;chb20_15.edf;chb20_17.edf;chb20_26.edf;chb20_31.edf
chb20,61s causal,0.5,56,105,17811,28,3,3,5,5,0.9791138407807866,2,2,4,5.0,4;12,2.0,4,1050,840,chb20_05.edf;chb20_15.edf;chb20_17.edf;chb20_26.edf;chb20_31.edf
chb20,61s non-causal,0.45,69,118,17798,15,5,3,5,3,0.9952237425445732,2,2,4,5.0,0;6,2.0,4,1050,840,chb20_05.edf;chb20_15.edf;chb20_17.edf;chb20_26.edf;chb20_31.edf
chb20,125s causal,0.4,66,143,17773,18,3,3,5,5,0.9748924212462391,2,2,6,5.0,4;8,2.0,4,1050,840,chb20_05.edf;chb20_15.edf;chb20_17.edf;chb20_26.edf;chb20_31.edf
chb20,125s non-causal,0.3,70,153,17763,14,5,3,5,3,0.9929558840727628,2,2,13,5.0,0;6,1.0,4,1050,840,chb20_05.edf;chb20_15.edf;chb20_17.edf;chb20_26.edf;chb20_31.edf
chb21,none,0.85,17,97,32247,39,0,1,3,4,0.9691889200028266,1,1,84,9.0,0,16.0,0,786,456,chb21_01.edf;chb21_05.edf;chb21_09.edf;chb21_13.edf;chb21_17.edf;chb21_19.edf;chb21_25.edf;chb21_29.edf;chb21_33.edf
chb21,13s causal avg,0.6,49,37,32307,7,2,2,2,2,0.9981256183527084,1,1,3,9.0,7,,0,786,456,chb21_01.edf;chb21_05.edf;chb21_09.edf;chb21_13.edf;chb21_17.edf;chb21_19.edf;chb21_25.edf;chb21_29.edf;chb21_33.edf
chb21,13s non-causal avg,0.7,46,1,32343,10,0,0,4,4,0.999896757181725,1,1,1,9.0,5,,0,786,456,chb21_01.edf;chb21_05.edf;chb21_09.edf;chb21_13.edf;chb21_17.edf;chb21_19.edf;chb21_25.edf;chb21_29.edf;chb21_33.edf
chb21,29s causal avg,0.5,43,83,32261,13,2,2,2,2,0.9918860530546624,1,1,4,9.0,13,,0,786,456,chb21_01.edf;chb21_05.edf;chb21_09.edf;chb21_13.edf;chb21_17.edf;chb21_19.edf;chb21_25.edf;chb21_29.edf;chb21_33.edf
chb21,29s non-causal avg,0.6,51,17,32327,5,2,0,4,2,0.9998520370304936,1,1,1,9.0,5,,0,786,456,chb21_01.edf;chb21_05.edf;chb21_09.edf;chb21_13.edf;chb21_17.edf;chb21_19.edf;chb21_25.edf;chb21_29.edf;chb21_33.edf
chb21,61s causal avg,0.4,34,156,32188,22,2,2,2,2,0.9452365861630332,1,1,6,9.0,22,,0,786,456,chb21_01.edf;chb21_05.edf;chb21_09.edf;chb21_13.edf;chb21_17.edf;chb21_19.edf;chb21_25.edf;chb21_29.edf;chb21_33.edf
chb21,61s non-causal avg,0.5,56,53,32291,0,4,2,2,0,0.9998763294583229,1,1,1,9.0,0,,0,786,456,chb21_01.edf;chb21_05.edf;chb21_09.edf;chb21_13.edf;chb21_17.edf;chb21_19.edf;chb21_25.edf;chb21_29.edf;chb21_33.edf
chb21,125s causal avg,0.35,22,234,32110,34,2,2,2,2,0.8745815077205753,1,1,5,9.0,34,,0,786,456,chb21_01.edf;chb21_05.edf;chb21_09.edf;chb21_13.edf;chb21_17.edf;chb21_19.edf;chb21_25.edf;chb21_29.edf;chb21_33.edf
chb21,125s non-causal avg,0.4,56,105,32239,0,4,4,0,0,0.9994147733295642,1,1,2,9.0,0,,0,786,456,chb21_01.edf;chb21_05.edf;chb21_09.edf;chb21_13.edf;chb21_17.edf;chb21_19.edf;chb21_25.edf;chb21_29.edf;chb21_33.edf
chb21,13s causal,0.65,25,4,32340,31,0,1,3,4,0.9993407918448111,1,1,2,9.0,11,36.0,0,786,456,chb21_01.edf;chb21_05.edf;chb21_09.edf;chb21_13.edf;chb21_17.edf;chb21_19.edf;chb21_25.edf;chb21_29.edf;chb21_33.edf
chb21,13s non-causal,0.55,43,7,32337,13,0,0,4,4,0.999855901734921,1,1,1,9.0,2,6.0,0,786,456,chb21_01.edf;chb21_05.edf;chb21_09.edf;chb21_13.edf;chb21_17.edf;chb21_19.edf;chb21_25.edf;chb21_29.edf;chb21_33.edf
chb21,29s causal,0.7,18,5,32339,38,0,1,3,4,0.9992480389385534,1,1,2,9.0,10,31.0,0,786,456,chb21_01.edf;chb21_05.edf;chb21_09.edf;chb21_13.edf;chb21_17.edf;chb21_19.edf;chb21_25.edf;chb21_29.edf;chb21_33.edf
chb21,29s non-causal,0.45,51,10,32334,5,0,0,4,4,0.9999298832196742,1,1,2,9.0,2,5.0,0,786,456,chb21_01.edf;chb21_05.edf;chb21_09.edf;chb21_13.edf;chb21_17.edf;chb21_19.edf;chb21_25.edf;chb21_29.edf;chb21_33.edf
chb21,61s causal,0.6,35,6,32338,21,0,0,4,4,0.9990393448994734,1,1,3,9.0,4,33.0,0,786,456,chb21_01.edf;chb21_05.edf;chb21_09.edf;chb21_13.edf;chb21_17.edf;chb21_19.edf;chb21_25.edf;chb21_29.edf;chb21_33.edf
chb21,61s non-causal,0.4,52,16,32328,4,1,0,4,3,0.9998906840747677,1,1,3,9.0,2,3.0,0,786,456,chb21_01.edf;chb21_05.edf;chb21_09.edf;chb21_13.edf;chb21_17.edf;chb21_19.edf;chb21_25.edf;chb21_29.edf;chb21_33.edf
chb21,125s causal,0.5,45,9,32335,11,0,0,4,4,0.9991663280449454,1,1,3,9.0,3,36.0,0,786,456,chb21_01.edf;chb21_05.edf;chb21_09.edf;chb21_13.edf;chb21_17.edf;chb21_19.edf;chb21_25.edf;chb21_29.edf;chb21_33.edf
chb21,125s non-causal,0.45,52,9,32335,4,0,0,4,4,0.9999326437228366,1,1,1,9.0,2,4.0,0,786,456,chb21_01.edf;chb21_05.edf;chb21_09.edf;chb21_13.edf;chb21_17.edf;chb21_19.edf;chb21_25.edf;chb21_29.edf;chb21_33.edf
chb21,none,0.8,15,65,28075,35,1,0,4,3,0.9787476901208244,1,1,52,7.830555555555556,1,26.0,1,408,402,chb21_02.edf;chb21_06.edf;chb21_10.edf;chb21_14.edf;chb21_18.edf;chb21_20.edf;chb21_26.edf;chb21_30.edf
chb21,13s causal avg,0.5,42,68,28072,8,2,2,2,2,0.993046197583511,1,1,3,7.830555555555556,8,,1,408,402,chb21_02.edf;chb21_06.edf;chb21_10.edf;chb21_14.edf;chb21_18.edf;chb21_20.edf;chb21_26.edf;chb21_30.edf
chb21,13s non-causal avg,0.55,46,25,28115,4,2,2,2,2,0.9994626865671642,1,1,1,7.830555555555556,4,,1,408,402,chb21_02.edf;chb21_06.edf;chb21_10.edf;chb21_14.edf;chb21_18.edf;chb21_20.edf;chb21_26.edf;chb21_30.edf
chb21,29s causal avg,0.4,38,134,28006,12,2,2,2,2,0.9846034115138592,1,1,3,7.830555555555556,12,,1,408,402,chb21_02.edf;chb21_06.edf;chb21_10.edf;chb21_14.edf;chb21_18.edf;chb21_20.edf;chb21_26.edf;chb21_30.edf
chb21,29s non-causal avg,0.5,44,60,28080,6,2,2,2,2,0.9994015636105188,1,1,1,7.830555555555556,6,,1,408,402,chb21_02.edf;chb21_06.edf;chb21_10.edf;chb21_14.edf;chb21_18.edf;chb21_20.edf;chb21_26.edf;chb21_30.edf
chb21,61s causal avg,0.35,27,179,27961,23,2,2,2,2,0.9850433546552949,1,1,5,7.830555555555556,23,,1,408,402,chb21_02.edf;chb21_06.edf;chb21_10.edf;chb21_14.edf;chb21_18.edf;chb21_20.edf;chb21_26.edf;chb21_30.edf
chb21,61s non-causal avg,0.4,50,121,28019,0,4,3,1,0,0.9992835820895521,1,1,2,7.830555555555556,0,,1,408,402,chb21_02.edf;chb21_06.edf;chb21_10.edf;chb21_14.edf;chb21_18.edf;chb21_20.edf;chb21_26.edf;chb21_30.edf
chb21,125s causal avg,0.35,6,215,27925,44,2,2,2,2,0.9631321961620469,1,1,2,7.830555555555556,44,,1,408,402,chb21_02.edf;chb21_06.edf;chb21_10.edf;chb21_14.edf;chb21_18.edf;chb21_20.edf;chb21_26.edf;chb21_30.edf
chb21,125s non-causal avg,0.45,46,45,28095,4,2,2,2,2,0.9988180525941719,1,1,0,7.830555555555556,4,,1,408,402,chb21_02.edf;chb21_06.edf;chb21_10.edf;chb21_14.edf;chb21_18.edf;chb21_20.edf;chb21_26.edf;chb21_30.edf
chb21,13s causal,0.55,39,37,28103,11,2,1,3,2,0.9971279317697228,1,1,5,7.830555555555556,5,31.0,1,408,402,chb21_02.edf;chb21_06.edf;chb21_10.edf;chb21_14.edf;chb21_18.edf;chb21_20.edf;chb21_26.edf;chb21_30.edf
chb21,13s non-causal,0.45,46,43,28097,4,3,1,3,1,0.9992416488983653,1,1,7,7.830555555555556,1,7.0,1,408,402,chb21_02.edf;chb21_06.edf;chb21_10.edf;chb21_14.edf;chb21_18.edf;chb21_20.edf;chb21_26.edf;chb21_30.edf
chb21,29s causal,0.6,41,37,28103,9,2,2,2,2,0.9963134328358209,1,1,5,7.830555555555556,7,11.0,1,408,402,chb21_02.edf;chb21_06.edf;chb21_10.edf;chb21_14.edf;chb21_18.edf;chb21_20.edf;chb21_26.edf;chb21_30.edf
chb21,29s non-causal,0.45,47,39,28101,3,2,2,2,2,0.9994463397299218,1,1,3,7.830555555555556,3,11.0,1,408,402,chb21_02.edf;chb21_06.edf;chb21_10.edf;chb21_14.edf;chb21_18.edf;chb21_20.edf;chb21_26.edf;chb21_30.edf
chb21,61s causal,0.5,42,44,28096,8,2,2,2,2,0.9962132196162048,1,1,5,7.830555555555556,6,16.0,1,408,402,chb21_02.edf;chb21_06.edf;chb21_10.edf;chb21_14.edf;chb21_18.edf;chb21_20.edf;chb21_26.edf;chb21_30.edf
chb21,61s non-causal,0.6,46,29,28111,4,2,2,2,2,0.9995387348969439,1,1,2,7.830555555555556,3,10.0,1,408,402,chb21_02.edf;chb21_06.edf;chb21_10.edf;chb21_14.edf;chb21_18.edf;chb21_20.edf;chb21_26.edf;chb21_30.edf
chb21,125s causal,0.55,42,43,28097,8,2,1,3,2,0.9957988628287135,1,1,5,7.830555555555556,6,12.0,1,408,402,chb21_02.edf;chb21_06.edf;chb21_10.edf;chb21_14.edf;chb21_18.edf;chb21_20.edf;chb21_26.edf;chb21_30.edf
chb21,125s non-causal,0.4,48,41,28099,2,3,2,2,1,0.9995700071073206,1,1,3,7.830555555555556,1,8.0,1,408,402,chb21_02.edf;chb21_06.edf;chb21_10.edf;chb21_14.edf;chb21_18.edf;chb21_20.edf;chb21_26.edf;chb21_30.edf
chb21,none,0.85,62,211,28508,19,2,3,1,2,0.9874213268714006,1,1,145,8.0,0,37.0,2,636,432,chb21_03.edf;chb21_07.edf;chb21_11.edf;chb21_15.edf;chb21_21.edf;chb21_23.edf;chb21_27.edf;chb21_31.edf
chb21,13s causal avg,0.6,75,10,28709,6,2,2,2,2,0.9995851673022419,1,1,1,8.0,6,,2,636,432,chb21_03.edf;chb21_07.edf;chb21_11.edf;chb21_15.edf;chb21_21.edf;chb21_23.edf;chb21_27.edf;chb21_31.edf
chb21,13s non-causal avg,0.7,77,0,28719,4,2,0,4,2,0.9999978506077836,1,1,0,8.0,3,,2,636,432,chb21_03.edf;chb21_07.edf;chb21_11.edf;chb21_15.edf;chb21_21.edf;chb21_23.edf;chb21_27.edf;chb21_31.edf
chb21,29s causal avg,0.4,73,73,28646,8,2,2,2,2,0.9982340593550362,1,1,5,8.0,8,,2,636,432,chb21_03.edf;chb21_07.edf;chb21_11.edf;chb21_15.edf;chb21_21.edf;chb21_23.edf;chb21_27.edf;chb21_31.edf
chb21,29s non-causal avg,0.65,73,4,28715,8,2,2,2,2,0.9999776463209499,1,1,0,8.0,8,,2,636,432,chb21_03.edf;chb21_07.edf;chb21_11.edf;chb21_15.edf;chb21_21.edf;chb21_23.edf;chb21_27.edf;chb21_31.edf
chb21,61s causal avg,0.3,66,161,28558,15,2,2,2,2,0.9918761571790345,1,1,5,8.0,15,,2,636,432,chb21_03.edf;chb21_07.edf;chb21_11.edf;chb21_15.edf;chb21_21.edf;chb21_23.edf;chb21_27.edf;chb21_31.edf
chb21,61s non-causal avg,0.45,81,29,28690,0,4,4,0,0,0.9999398170179418,1,1,0,8.0,0,,2,636,432,chb21_03.edf;chb21_07.edf;chb21_11.edf;chb21_15.edf;chb21_21.edf;chb21_23.edf;chb21_27.edf;chb21_31.edf
chb21,125s causal avg,0.25,58,326,28393,23,2,2,2,2,0.9814782573931569,1,1,5,8.0,23,,2,636,432,chb21_03.edf;chb21_07.edf;chb21_11.edf;chb21_15.edf;chb21_21.edf;chb21_23.edf;chb21_27.edf;chb21_31.edf
chb21,125s non-causal avg,0.3,81,147,28572,0,4,4,0,0,0.9997506705029019,1,1,1,8.0,0,,2,636,432,chb21_03.edf;chb21_07.edf;chb21_11.edf;chb21_15.edf;chb21_21.edf;chb21_23.edf;chb21_27.edf;chb21_31.edf
chb21,13s causal,0.55,73,6,28713,8,2,2,2,2,0.9998224602029284,1,1,2,8.0,3,18.0,2,636,432,chb21_03.edf;chb21_07.edf;chb21_11.edf;chb21_15.edf;chb21_21.edf;chb21_23.edf;chb21_27.edf;chb21_31.edf
chb21,13s non-causal,0.5,72,0,28719,9,2,0,4,2,0.9999922621880212,1,1,0,8.0,2,45.0,2,636,432,chb21_03.edf;chb21_07.edf;chb21_11.edf;chb21_15.edf;chb21_21.edf;chb21_23.edf;chb21_27.edf;chb21_31.edf
chb21,29s causal,0.65,64,3,28716,17,2,2,2,2,0.9998048351867542,1,1,0,8.0,3,27.0,2,636,432,chb21_03.edf;chb21_07.edf;chb21_11.edf;chb21_15.edf;chb21_21.edf;chb21_23.edf;chb21_27.edf;chb21_31.edf
chb21,29s non-causal,0.7,68,1,28718,13,2,1,3,2,0.9999729176580738,1,1,0,8.0,2,7.0,2,636,432,chb21_03.edf;chb21_07.edf;chb21_11.edf;chb21_15.edf;chb21_21.edf;chb21_23.edf;chb21_27.edf;chb21_31.edf
chb21,61s causal,0.65,70,4,28715,11,2,2,2,2,0.9998826431849865,1,1,1,8.0,4,10.0,2,636,432,chb21_03.edf;chb21_07.edf;chb21_11.edf;chb21_15.edf;chb21_21.edf;chb21_23.edf;chb21_27.edf;chb21_31.edf
chb21,61s non-causal,0.6,79,1,28718,2,3,1,3,1,0.9999871036467018,1,1,0,8.0,0,5.0,2,636,432,chb21_03.edf;chb21_07.edf;chb21_11.edf;chb21_15.edf;chb21_21.edf;chb21_23.edf;chb21_27.edf;chb21_31.edf
chb21,125s causal,0.75,24,0,28719,57,0,0,4,4,0.9998697468316884,1,1,0,8.0,4,8.0,2,636,432,chb21_03.edf;chb21_07.edf;chb21_11.edf;chb21_15.edf;chb21_21.edf;chb21_23.edf;chb21_27.edf;chb21_31.edf
chb21,125s non-causal,0.5,80,4,28715,1,3,3,1,1,0.9999909725526912,1,1,0,8.0,0,4.0,2,636,432,chb21_03.edf;chb21_07.edf;chb21_11.edf;chb21_15.edf;chb21_21.edf;chb21_23.edf;chb21_27.edf;chb21_31.edf
chb21,none,0.8,1,178,28609,11,0,1,3,4,0.9670539942798254,1,1,145,7.999722222222222,0,17.0,3,636,432,chb21_04.edf;chb21_08.edf;chb21_12.edf;chb21_16.edf;chb21_22.edf;chb21_24.edf;chb21_28.edf;chb21_32.edf
chb21,13s causal avg,0.55,12,21,28766,0,4,2,2,0,0.9998349949630041,1,1,3,7.999722222222222,0,,3,636,432,chb21_04.edf;chb21_08.edf;chb21_12.edf;chb21_16.edf;chb21_22.edf;chb21_24.edf;chb21_28.edf;chb21_32.edf
chb21,13s non-causal avg,0.55,12,21,28766,0,4,4,0,0,0.9999276293697387,1,1,3,7.999722222222222,0,,3,636,432,chb21_04.edf;chb21_08.edf;chb21_12.edf;chb21_16.edf;chb21_22.edf;chb21_24.edf;chb21_28.edf;chb21_32.edf
chb21,29s causal avg,0.55,0,17,28770,12,0,2,2,4,0.9985033753661954,1,0,2,7.999722222222222,,,3,636,432,chb21_04.edf;chb21_08.edf;chb21_12.edf;chb21_16.edf;chb21_22.edf;chb21_24.edf;chb21_28.edf;chb21_32.edf
chb21,29s non-causal avg,0.55,12,5,28782,0,4,3,1,0,1.0,1,1,1,7.999722222222222,0,,3,636,432,chb21_04.edf;chb21_08.edf;chb21_12.edf;chb21_16.edf;chb21_22.edf;chb21_24.edf;chb21_28.edf;chb21_32.edf
chb21,61s causal avg,0.45,0,51,28736,12,0,0,4,4,0.9942682460833016,1,0,2,7.999722222222222,,,3,636,432,chb21_04.edf;chb21_08.edf;chb21_12.edf;chb21_16.edf;chb21_22.edf;chb21_24.edf;chb21_28.edf;chb21_32.edf
chb21,61s non-causal avg,0.45,12,18,28769,0,4,4,0,0,0.9998552587394772,1,1,0,7.999722222222222,0,,3,636,432,chb21_04.edf;chb21_08.edf;chb21_12.edf;chb21_16.edf;chb21_22.edf;chb21_24.edf;chb21_28.edf;chb21_32.edf
chb21,125s causal avg,0.35,0,126,28661,12,0,0,4,4,0.983994511411401,1,0,5,7.999722222222222,,,3,636,432,chb21_04.edf;chb21_08.edf;chb21_12.edf;chb21_16.edf;chb21_22.edf;chb21_24.edf;chb21_28.edf;chb21_32.edf
chb21,125s non-causal avg,0.45,0,0,28787,12,0,0,4,4,0.9987031183057167,1,0,0,7.999722222222222,,,3,636,432,chb21_04.edf;chb21_08.edf;chb21_12.edf;chb21_16.edf;chb21_22.edf;chb21_24.edf;chb21_28.edf;chb21_32.edf
chb21,13s causal,0.7,5,8,28779,7,1,0,4,3,0.9996670951007979,1,1,4,7.999722222222222,6,7.0,3,636,432,chb21_04.edf;chb21_08.edf;chb21_12.edf;chb21_16.edf;chb21_22.edf;chb21_24.edf;chb21_28.edf;chb21_32.edf
chb21,13s non-causal,0.55,5,18,28769,7,1,1,3,3,0.9992762936973866,1,1,7,7.999722222222222,0,5.0,3,636,432,chb21_04.edf;chb21_08.edf;chb21_12.edf;chb21_16.edf;chb21_22.edf;chb21_24.edf;chb21_28.edf;chb21_32.edf
chb21,29s causal,0.8,12,22,28765,0,4,4,0,0,0.9998378897882146,1,1,4,7.999722222222222,0,47.0,3,636,432,chb21_04.edf;chb21_08.edf;chb21_12.edf;chb21_16.edf;chb21_22.edf;chb21_24.edf;chb21_28.edf;chb21_32.edf
chb21,29s non-causal,0.55,9,11,28776,3,2,2,2,2,0.9997973622352682,1,1,1,7.999722222222222,0,11.0,3,636,432,chb21_04.edf;chb21_08.edf;chb21_12.edf;chb21_16.edf;chb21_22.edf;chb21_24.edf;chb21_28.edf;chb21_32.edf
chb21,61s causal,0.7,9,8,28779,3,3,2,2,1,0.9997626243327428,1,1,3,7.999722222222222,0,11.0,3,636,432,chb21_04.edf;chb21_08.edf;chb21_12.edf;chb21_16.edf;chb21_22.edf;chb21_24.edf;chb21_28.edf;chb21_32.edf
chb21,61s non-causal,0.45,12,23,28764,0,4,4,0,0,0.9998668380403191,1,1,5,7.999722222222222,0,6.0,3,636,432,chb21_04.edf;chb21_08.edf;chb21_12.edf;chb21_16.edf;chb21_22.edf;chb21_24.edf;chb21_28.edf;chb21_32.edf
chb21,125s causal,0.65,12,31,28756,0,4,3,1,0,0.9997047278285337,1,1,9,7.999722222222222,0,15.0,3,636,432,chb21_04.edf;chb21_08.edf;chb21_12.edf;chb21_16.edf;chb21_22.edf;chb21_24.edf;chb21_28.edf;chb21_32.edf
chb21,125s non-causal,0.4,10,16,28771,2,3,2,2,1,0.9997510450319009,1,1,2,7.999722222222222,0,9.0,3,636,432,chb21_04.edf;chb21_08.edf;chb21_12.edf;chb21_16.edf;chb21_22.edf;chb21_24.edf;chb21_28.edf;chb21_32.edf
chb22,none,0.75,40,113,39429,18,0,0,4,4,0.9927139889667731,1,1,88,11.0,3,16.0,0,444,120,chb22_01.edf;chb22_04.edf;chb22_07.edf;chb22_10.edf;chb22_16.edf;chb22_19.edf;chb22_20.edf;chb22_23.edf;chb22_27.edf;chb22_30.edf;chb22_77.edf
chb22,13s causal avg,0.55,49,15,39527,9,2,2,2,2,0.9858574645204836,1,1,2,11.0,9,,0,444,120,chb22_01.edf;chb22_04.edf;chb22_07.edf;chb22_10.edf;chb22_16.edf;chb22_19.edf;chb22_20.edf;chb22_23.edf;chb22_27.edf;chb22_30.edf;chb22_77.edf
chb22,13s non-causal avg,0.55,55,9,39533,3,2,2,2,2,0.9999167188445632,1,1,2,11.0,3,,0,444,120,chb22_01.edf;chb22_04.edf;chb22_07.edf;chb22_10.edf;chb22_16.edf;chb22_19.edf;chb22_20.edf;chb22_23.edf;chb22_27.edf;chb22_30.edf;chb22_77.edf
chb22,29s causal avg,0.55,38,23,39519,20,2,2,2,2,0.975918229242063,1,1,0,11.0,20,,0,444,120,chb22_01.edf;chb22_04.edf;chb22_07.edf;chb22_10.edf;chb22_16.edf;chb22_19.edf;chb22_20.edf;chb22_23.edf;chb22_27.edf;chb22_30.edf;chb22_77.edf
chb22,29s non-causal avg,0.55,52,9,39533,6,2,2,2,2,0.9999537811388676,1,1,0,11.0,6,,0,444,120,chb22_01.edf;chb22_04.edf;chb22_07.edf;chb22_10.edf;chb22_16.edf;chb22_19.edf;chb22_20.edf;chb22_23.edf;chb22_27.edf;chb22_30.edf;chb22_77.edf
chb22,61s causal avg,0.55,19,43,39499,39,2,2,2,2,0.947391599329565,1,1,0,11.0,39,,0,444,120,chb22_01.edf;chb22_04.edf;chb22_07.edf;chb22_10.edf;chb22_16.edf;chb22_19.edf;chb22_20.edf;chb22_23.edf;chb22_27.edf;chb22_30.edf;chb22_77.edf
chb22,61s non-causal avg,0.55,49,13,39529,9,2,2,2,2,0.9998992777648907,1,1,0,11.0,9,,0,444,120,chb22_01.edf;chb22_04.edf;chb22_07.edf;chb22_10.edf;chb22_16.edf;chb22_19.edf;chb22_20.edf;chb22_23.edf;chb22_27.edf;chb22_30.edf;chb22_77.edf
chb22,125s causal avg,0.35,20,151,39391,38,2,2,2,2,0.8604369164868783,1,1,1,11.0,38,,0,444,120,chb22_01.edf;chb22_04.edf;chb22_07.edf;chb22_10.edf;chb22_16.edf;chb22_19.edf;chb22_20.edf;chb22_23.edf;chb22_27.edf;chb22_30.edf;chb22_77.edf
chb22,125s non-causal avg,0.5,46,28,39514,12,2,2,2,2,0.9994933366355111,1,1,0,11.0,12,,0,444,120,chb22_01.edf;chb22_04.edf;chb22_07.edf;chb22_10.edf;chb22_16.edf;chb22_19.edf;chb22_20.edf;chb22_23.edf;chb22_27.edf;chb22_30.edf;chb22_77.edf
chb22,13s causal,0.55,51,7,39535,7,2,2,2,2,0.9846736512377061,1,1,2,11.0,7,16.0,0,444,120,chb22_01.edf;chb22_04.edf;chb22_07.edf;chb22_10.edf;chb22_16.edf;chb22_19.edf;chb22_20.edf;chb22_23.edf;chb22_27.edf;chb22_30.edf;chb22_77.edf
chb22,13s non-causal,0.4,53,8,39534,5,1,0,4,3,0.9996651312702861,1,1,3,11.0,3,11.0,0,444,120,chb22_01.edf;chb22_04.edf;chb22_07.edf;chb22_10.edf;chb22_16.edf;chb22_19.edf;chb22_20.edf;chb22_23.edf;chb22_27.edf;chb22_30.edf;chb22_77.edf
chb22,29s causal,0.55,45,6,39536,13,1,1,3,3,0.9860676295305384,1,1,2,11.0,11,16.0,0,444,120,chb22_01.edf;chb22_04.edf;chb22_07.edf;chb22_10.edf;chb22_16.edf;chb22_19.edf;chb22_20.edf;chb22_23.edf;chb22_27.edf;chb22_30.edf;chb22_77.edf
chb22,29s non-causal,0.4,56,20,39522,2,2,2,2,2,0.9998356178240858,1,1,6,11.0,2,17.0,0,444,120,chb22_01.edf;chb22_04.edf;chb22_07.edf;chb22_10.edf;chb22_16.edf;chb22_19.edf;chb22_20.edf;chb22_23.edf;chb22_27.edf;chb22_30.edf;chb22_77.edf
chb22,61s causal,0.55,43,2,39540,15,2,1,3,2,0.9850529947205852,1,1,0,11.0,11,14.0,0,444,120,chb22_01.edf;chb22_04.edf;chb22_07.edf;chb22_10.edf;chb22_16.edf;chb22_19.edf;chb22_20.edf;chb22_23.edf;chb22_27.edf;chb22_30.edf;chb22_77.edf
chb22,61s non-causal,0.4,56,13,39529,2,2,2,2,2,0.9999110504936698,1,1,5,11.0,2,15.0,0,444,120,chb22_01.edf;chb22_04.edf;chb22_07.edf;chb22_10.edf;chb22_16.edf;chb22_19.edf;chb22_20.edf;chb22_23.edf;chb22_27.edf;chb22_30.edf;chb22_77.edf
chb22,125s causal,0.55,48,5,39537,10,2,2,2,2,0.9862141345997884,1,1,0,11.0,10,14.0,0,444,120,chb22_01.edf;chb22_04.edf;chb22_07.edf;chb22_10.edf;chb22_16.edf;chb22_19.edf;chb22_20.edf;chb22_23.edf;chb22_27.edf;chb22_30.edf;chb22_77.edf
chb22,125s non-causal,0.45,56,6,39536,2,2,2,2,2,0.9999489848419577,1,1,1,11.0,2,15.0,0,444,120,chb22_01.edf;chb22_04.edf;chb22_07.edf;chb22_10.edf;chb22_16.edf;chb22_19.edf;chb22_20.edf;chb22_23.edf;chb22_27.edf;chb22_30.edf;chb22_77.edf
chb22,none,0.8,38,87,35850,36,1,0,4,3,0.978783065559925,1,1,60,10.003055555555555,13,19.0,1,432,234,chb22_02.edf;chb22_05.edf;chb22_08.edf;chb22_11.edf;chb22_17.edf;chb22_21.edf;chb22_24.edf;chb22_25.edf;chb22_28.edf;chb22_51.edf
chb22,13s causal avg,0.7,42,2,35935,32,2,2,2,2,0.9830484128004788,1,1,0,10.003055555555555,32,,1,432,234,chb22_02.edf;chb22_05.edf;chb22_08.edf;chb22_11.edf;chb22_17.edf;chb22_21.edf;chb22_24.edf;chb22_25.edf;chb22_28.edf;chb22_51.edf
chb22,13s non-causal avg,0.7,44,0,35937,30,0,0,4,4,0.9963893269678393,1,1,0,10.003055555555555,26,,1,432,234,chb22_02.edf;chb22_05.edf;chb22_08.edf;chb22_11.edf;chb22_17.edf;chb22_21.edf;chb22_24.edf;chb22_25.edf;chb22_28.edf;chb22_51.edf
chb22,29s causal avg,0.75,28,5,35932,46,2,2,2,2,0.9803560134138647,1,1,0,10.003055555555555,46,,1,432,234,chb22_02.edf;chb22_05.edf;chb22_08.edf;chb22_11.edf;chb22_17.edf;chb22_21.edf;chb22_24.edf;chb22_25.edf;chb22_28.edf;chb22_51.edf
chb22,29s non-causal avg,0.7,40,0,35937,34,0,0,4,4,0.9979167747762789,1,1,0,10.003055555555555,27,,1,432,234,chb22_02.edf;chb22_05.edf;chb22_08.edf;chb22_11.edf;chb22_17.edf;chb22_21.edf;chb22_24.edf;chb22_25.edf;chb22_28.edf;chb22_51.edf
chb22,61s causal avg,0.4,41,305,35632,33,2,2,2,2,0.9700481849242181,1,1,4,10.003055555555555,33,,1,432,234,chb22_02.edf;chb22_05.edf;chb22_08.edf;chb22_11.edf;chb22_17.edf;chb22_21.edf;chb22_24.edf;chb22_25.edf;chb22_28.edf;chb22_51.edf
chb22,61s non-causal avg,0.6,52,2,35935,22,2,2,2,2,0.9990629246827594,1,1,0,10.003055555555555,22,,1,432,234,chb22_02.edf;chb22_05.edf;chb22_08.edf;chb22_11.edf;chb22_17.edf;chb22_21.edf;chb22_24.edf;chb22_25.edf;chb22_28.edf;chb22_51.edf
chb22,125s causal avg,0.35,28,487,35450,46,2,2,2,2,0.9324677795752176,1,1,7,10.003055555555555,46,,1,432,234,chb22_02.edf;chb22_05.edf;chb22_08.edf;chb22_11.edf;chb22_17.edf;chb22_21.edf;chb22_24.edf;chb22_25.edf;chb22_28.edf;chb22_51.edf
chb22,125s non-causal avg,0.5,58,29,35908,16,2,2,2,2,0.9995145408368549,1,1,0,10.003055555555555,16,,1,432,234,chb22_02.edf;chb22_05.edf;chb22_08.edf;chb22_11.edf;chb22_17.edf;chb22_21.edf;chb22_24.edf;chb22_25.edf;chb22_28.edf;chb22_51.edf
chb22,13s causal,0.55,43,6,35931,31,2,1,3,2,0.9868982430965902,1,1,2,10.003055555555555,31,8.0,1,432,234,chb22_02.edf;chb22_05.edf;chb22_08.edf;chb22_11.edf;chb22_17.edf;chb22_21.edf;chb22_24.edf;chb22_25.edf;chb22_28.edf;chb22_51.edf
chb22,13s non-causal,0.5,44,10,35927,30,1,0,4,3,0.9940458866078701,1,1,5,10.003055555555555,29,8.0,1,432,234,chb22_02.edf;chb22_05.edf;chb22_08.edf;chb22_11.edf;chb22_17.edf;chb22_21.edf;chb22_24.edf;chb22_25.edf;chb22_28.edf;chb22_51.edf
chb22,29s causal,0.5,44,9,35928,30,2,1,3,2,0.9853083737381259,1,1,2,10.003055555555555,30,9.0,1,432,234,chb22_02.edf;chb22_05.edf;chb22_08.edf;chb22_11.edf;chb22_17.edf;chb22_21.edf;chb22_24.edf;chb22_25.edf;chb22_28.edf;chb22_51.edf
chb22,29s non-causal,0.45,46,10,35927,28,0,0,4,4,0.9951085570920282,1,1,3,10.003055555555555,22,9.0,1,432,234,chb22_02.edf;chb22_05.edf;chb22_08.edf;chb22_11.edf;chb22_17.edf;chb22_21.edf;chb22_24.edf;chb22_25.edf;chb22_28.edf;chb22_51.edf
chb22,61s causal,0.5,36,0,35937,38,1,0,4,3,0.9852429439206298,1,1,0,10.003055555555555,33,8.0,1,432,234,chb22_02.edf;chb22_05.edf;chb22_08.edf;chb22_11.edf;chb22_17.edf;chb22_21.edf;chb22_24.edf;chb22_25.edf;chb22_28.edf;chb22_51.edf
chb22,61s non-causal,0.5,46,0,35937,28,0,0,4,4,0.9972402906287203,1,1,0,10.003055555555555,22,10.0,1,432,234,chb22_02.edf;chb22_05.edf;chb22_08.edf;chb22_11.edf;chb22_17.edf;chb22_21.edf;chb22_24.edf;chb22_25.edf;chb22_28.edf;chb22_51.edf
chb22,125s causal,0.65,48,8,35929,26,2,0,4,2,0.9895112994286548,1,1,2,10.003055555555555,22,12.0,1,432,234,chb22_02.edf;chb22_05.edf;chb22_08.edf;chb22_11.edf;chb22_17.edf;chb22_21.edf;chb22_24.edf;chb22_25.edf;chb22_28.edf;chb22_51.edf
chb22,125s non-causal,0.55,46,0,35937,28,0,0,4,4,0.9969052448391291,1,1,0,10.003055555555555,22,6.0,1,432,234,chb22_02.edf;chb22_05.edf;chb22_08.edf;chb22_11.edf;chb22_17.edf;chb22_21.edf;chb22_24.edf;chb22_25.edf;chb22_28.edf;chb22_51.edf
chb22,none,0.75,47,50,35878,25,1,2,2,3,0.986092555481333,1,1,44,10.0,10,19.0,2,348,180,chb22_03.edf;chb22_06.edf;chb22_09.edf;chb22_15.edf;chb22_18.edf;chb22_22.edf;chb22_26.edf;chb22_29.edf;chb22_38.edf;chb22_54.edf
chb22,13s causal avg,0.6,58,10,35918,14,2,2,2,2,0.9974053044360326,1,1,0,10.0,14,,2,348,180,chb22_03.edf;chb22_06.edf;chb22_09.edf;chb22_15.edf;chb22_18.edf;chb22_22.edf;chb22_26.edf;chb22_29.edf;chb22_38.edf;chb22_54.edf
chb22,13s non-causal avg,0.6,64,4,35924,8,2,2,2,2,0.9998488489324328,1,1,0,10.0,8,,2,348,180,chb22_03.edf;chb22_06.edf;chb22_09.edf;chb22_15.edf;chb22_18.edf;chb22_22.edf;chb22_26.edf;chb22_29.edf;chb22_38.edf;chb22_54.edf
chb22,29s causal avg,0.45,57,36,35892,15,2,2,2,2,0.9970678239194438,1,1,2,10.0,15,,2,348,180,chb22_03.edf;chb22_06.edf;chb22_09.edf;chb22_15.edf;chb22_18.edf;chb22_22.edf;chb22_26.edf;chb22_29.edf;chb22_38.edf;chb22_54.edf
chb22,29s non-causal avg,0.45,71,22,35906,1,3,2,2,1,0.9999443331106658,1,1,2,10.0,1,,2,348,180,chb22_03.edf;chb22_06.edf;chb22_09.edf;chb22_15.edf;chb22_18.edf;chb22_22.edf;chb22_26.edf;chb22_29.edf;chb22_38.edf;chb22_54.edf
chb22,61s causal avg,0.4,48,93,35835,24,2,2,2,2,0.9890057893564909,1,1,1,10.0,24,,2,348,180,chb22_03.edf;chb22_06.edf;chb22_09.edf;chb22_15.edf;chb22_18.edf;chb22_22.edf;chb22_26.edf;chb22_29.edf;chb22_38.edf;chb22_54.edf
chb22,61s non-causal avg,0.6,57,5,35923,15,2,2,2,2,0.9999052889730078,1,1,0,10.0,15,,2,348,180,chb22_03.edf;chb22_06.edf;chb22_09.edf;chb22_15.edf;chb22_18.edf;chb22_22.edf;chb22_26.edf;chb22_29.edf;chb22_38.edf;chb22_54.edf
chb22,125s causal avg,0.3,56,542,35386,16,2,2,2,2,0.9902041737796581,1,1,10,10.0,16,,2,348,180,chb22_03.edf;chb22_06.edf;chb22_09.edf;chb22_15.edf;chb22_18.edf;chb22_22.edf;chb22_26.edf;chb22_29.edf;chb22_38.edf;chb22_54.edf
chb22,125s non-causal avg,0.45,72,52,35876,0,4,4,0,0,0.9997263044607734,1,1,0,10.0,0,,2,348,180,chb22_03.edf;chb22_06.edf;chb22_09.edf;chb22_15.edf;chb22_18.edf;chb22_22.edf;chb22_26.edf;chb22_29.edf;chb22_38.edf;chb22_54.edf
chb22,13s causal,0.5,57,6,35922,15,2,2,2,2,0.9982607962839258,1,1,1,10.0,10,22.0,2,348,180,chb22_03.edf;chb22_06.edf;chb22_09.edf;chb22_15.edf;chb22_18.edf;chb22_22.edf;chb22_26.edf;chb22_29.edf;chb22_38.edf;chb22_54.edf
chb22,13s non-causal,0.45,58,4,35924,14,2,2,2,2,0.9995859775105768,1,1,0,10.0,10,13.0,2,348,180,chb22_03.edf;chb22_06.edf;chb22_09.edf;chb22_15.edf;chb22_18.edf;chb22_22.edf;chb22_26.edf;chb22_29.edf;chb22_38.edf;chb22_54.edf
chb22,29s causal,0.5,60,7,35921,12,2,2,2,2,0.9976585114673793,1,1,0,10.0,10,19.0,2,348,180,chb22_03.edf;chb22_06.edf;chb22_09.edf;chb22_15.edf;chb22_18.edf;chb22_22.edf;chb22_26.edf;chb22_29.edf;chb22_38.edf;chb22_54.edf
chb22,29s non-causal,0.45,62,3,35925,10,2,2,2,2,0.999741380909968,1,1,0,10.0,8,15.0,2,348,180,chb22_03.edf;chb22_06.edf;chb22_09.edf;chb22_15.edf;chb22_18.edf;chb22_22.edf;chb22_26.edf;chb22_29.edf;chb22_38.edf;chb22_54.edf
chb22,61s causal,0.55,61,6,35922,11,2,2,2,2,0.9978166208961132,1,1,1,10.0,10,11.0,2,348,180,chb22_03.edf;chb22_06.edf;chb22_09.edf;chb22_15.edf;chb22_18.edf;chb22_22.edf;chb22_26.edf;chb22_29.edf;chb22_38.edf;chb22_54.edf
chb22,61s non-causal,0.4,64,3,35925,8,2,2,2,2,0.9998987171874614,1,1,0,10.0,6,9.0,2,348,180,chb22_03.edf;chb22_06.edf;chb22_09.edf;chb22_15.edf;chb22_18.edf;chb22_22.edf;chb22_26.edf;chb22_29.edf;chb22_38.edf;chb22_54.edf
chb22,125s causal,0.55,60,12,35916,12,1,2,2,3,0.9977164978104356,1,1,4,10.0,10,16.0,2,348,180,chb22_03.edf;chb22_06.edf;chb22_09.edf;chb22_15.edf;chb22_18.edf;chb22_22.edf;chb22_26.edf;chb22_29.edf;chb22_38.edf;chb22_54.edf
chb22,125s non-causal,0.4,67,3,35925,5,2,2,2,2,0.9999555438036566,1,1,0,10.0,4,11.0,2,348,180,chb22_03.edf;chb22_06.edf;chb22_09.edf;chb22_15.edf;chb22_18.edf;chb22_22.edf;chb22_26.edf;chb22_29.edf;chb22_38.edf;chb22_54.edf
chb23,none,0.85,72,148,22372,41,1,0,4,3,0.9909233090743331,1,1,76,6.286944444444444,0,13.0,0,1320,726,chb23_06.edf;chb23_07.edf;chb23_17.edf
chb23,13s causal avg,0.7,107,47,22473,6,2,2,2,2,0.999681698863547,1,1,7,6.286944444444444,6,,0,1320,726,chb23_06.edf;chb23_07.edf;chb23_17.edf
chb23,13s non-causal avg,0.7,109,45,22475,4,2,0,4,2,0.9996934877945268,1,1,7,6.286944444444444,0,,0,1320,726,chb23_06.edf;chb23_07.edf;chb23_17.edf
chb23,29s causal avg,0.7,99,11,22509,14,2,2,2,2,0.9989389962118235,1,1,2,6.286944444444444,14,,0,1320,726,chb23_06.edf;chb23_07.edf;chb23_17.edf
chb23,29s non-causal avg,0.65,111,60,22460,2,2,2,2,2,0.9998840755120326,1,1,4,6.286944444444444,0,,0,1320,726,chb23_06.edf;chb23_07.edf;chb23_17.edf
chb23,61s causal avg,0.75,71,12,22508,42,2,2,2,2,0.9956553859696002,1,1,0,6.286944444444444,42,,0,1320,726,chb23_06.edf;chb23_07.edf;chb23_17.edf
chb23,61s non-causal avg,0.55,113,158,22362,0,4,4,0,0,0.9999481287036891,1,1,2,6.286944444444444,0,,0,1320,726,chb23_06.edf;chb23_07.edf;chb23_17.edf
chb23,125s causal avg,0.35,84,494,22026,29,2,2,2,2,0.982805451201685,1,1,3,6.286944444444444,29,,0,1320,726,chb23_06.edf;chb23_07.edf;chb23_17.edf
chb23,125s non-causal avg,0.55,112,63,22457,1,3,2,2,1,0.999818057498546,1,1,1,6.286944444444444,1,,0,1320,726,chb23_06.edf;chb23_07.edf;chb23_17.edf
chb23,13s causal,0.5,110,77,22443,3,1,0,4,3,0.9989535358933652,1,1,8,6.286944444444444,2,2.0,0,1320,726,chb23_06.edf;chb23_07.edf;chb23_17.edf
chb23,13s non-causal,0.45,110,107,22413,3,2,0,4,2,0.998511450981625,1,1,8,6.286944444444444,0,2.0,0,1320,726,chb23_06.edf;chb23_07.edf;chb23_17.edf
chb23,29s causal,0.65,108,52,22468,5,1,0,4,3,0.9994298087049468,1,1,7,6.286944444444444,3,2.0,0,1320,726,chb23_06.edf;chb23_07.edf;chb23_17.edf
chb23,29s non-causal,0.6,108,76,22444,5,2,0,4,2,0.9993586821547022,1,1,6,6.286944444444444,0,2.0,0,1320,726,chb23_06.edf;chb23_07.edf;chb23_17.edf
chb23,61s causal,0.55,110,76,22444,3,2,0,4,2,0.9988808374856568,1,1,8,6.286944444444444,0,5.0,0,1320,726,chb23_06.edf;chb23_07.edf;chb23_17.edf
chb23,61s non-causal,0.65,104,50,22470,9,0,0,4,4,0.9993009163929014,1,1,6,6.286944444444444,0,2.0,0,1320,726,chb23_06.edf;chb23_07.edf;chb23_17.edf
chb23,125s causal,0.6,111,90,22430,2,3,2,2,1,0.9983853094201417,1,1,8,6.286944444444444,0,5.0,0,1320,726,chb23_06.edf;chb23_07.edf;chb23_17.edf
chb23,125s non-causal,0.55,112,119,22401,1,3,1,3,1,0.9991814552256402,1,1,5,6.286944444444444,0,2.0,0,1320,726,chb23_06.edf;chb23_07.edf;chb23_17.edf
chb23,none,0.85,47,490,38585,20,5,4,4,3,0.9868523027854965,2,2,259,10.872777777777777,0;0,12.0,1,1860,798,chb23_08.edf;chb23_10.edf;chb23_19.edf
chb23,13s causal avg,0.8,52,83,38992,15,4,4,4,4,0.9982368388384374,2,2,1,10.872777777777777,8;7,,1,1860,798,chb23_08.edf;chb23_10.edf;chb23_19.edf
chb23,13s non-causal avg,0.8,62,73,39002,5,3,2,6,5,0.998532099578881,2,2,1,10.872777777777777,2;1,,1,1860,798,chb23_08.edf;chb23_10.edf;chb23_19.edf
chb23,29s causal avg,0.85,19,58,39017,48,2,0,8,6,0.994109681916712,2,1,2,10.872777777777777,23,,1,1860,798,chb23_08.edf;chb23_10.edf;chb23_19.edf
chb23,29s non-causal avg,0.8,50,67,39008,17,2,2,6,6,0.9985592192587924,2,2,1,10.872777777777777,4;4,,1,1860,798,chb23_08.edf;chb23_10.edf;chb23_19.edf
chb23,61s causal avg,0.45,36,494,38581,31,4,4,4,4,0.9438324691322657,2,2,12,10.872777777777777,16;15,,1,1860,798,chb23_08.edf;chb23_10.edf;chb23_19.edf
chb23,61s non-causal avg,0.8,15,41,39034,52,0,0,8,8,0.9985202585918775,2,1,1,10.872777777777777,17,,1,1860,798,chb23_08.edf;chb23_10.edf;chb23_19.edf
chb23,125s causal avg,0.35,28,3714,35361,39,2,2,6,6,0.8616140029220499,2,1,24,10.872777777777777,19,,1,1860,798,chb23_08.edf;chb23_10.edf;chb23_19.edf
chb23,125s non-causal avg,0.65,0,28,39047,67,0,0,8,8,0.9966841416716801,2,0,1,10.872777777777777,,,1,1860,798,chb23_08.edf;chb23_10.edf;chb23_19.edf
chb23,13s causal,0.65,50,77,38998,17,3,4,4,5,0.9984579979182782,2,2,2,10.872777777777777,2;2,9.0,1,1860,798,chb23_08.edf;chb23_10.edf;chb23_19.edf
chb23,13s non-causal,0.7,58,76,38999,9,5,2,6,3,0.9986283553442002,2,2,3,10.872777777777777,0;2,2.0,1,1860,798,chb23_08.edf;chb23_10.edf;chb23_19.edf
chb23,29s causal,0.65,54,85,38990,13,3,4,4,5,0.9984958126832248,2,2,3,10.872777777777777,2;2,7.0,1,1860,798,chb23_08.edf;chb23_10.edf;chb23_19.edf
chb23,29s non-causal,0.75,56,72,39003,11,4,2,6,4,0.9986470717430125,2,2,1,10.872777777777777,2;2,3.0,1,1860,798,chb23_08.edf;chb23_10.edf;chb23_19.edf
chb23,61s causal,0.65,56,88,38987,11,6,4,4,2,0.9984408093887568,2,2,6,10.872777777777777,0;1,10.0,1,1860,798,chb23_08.edf;chb23_10.edf;chb23_19.edf
chb23,61s non-causal,0.65,61,70,39005,6,5,2,6,3,0.9985687684418597,2,2,1,10.872777777777777,0;1,3.0,1,1860,798,chb23_08.edf;chb23_10.edf;chb23_19.edf
chb23,125s causal,0.6,63,98,38977,4,8,6,2,0,0.9986524192855302,2,2,8,10.872777777777777,0;0,6.0,1,1860,798,chb23_08.edf;chb23_10.edf;chb23_19.edf
chb23,125s non-causal,0.65,63,79,38996,4,6,4,4,2,0.9985343913828172,2,2,1,10.872777777777777,0;0,3.0,1,1860,798,chb23_08.edf;chb23_10.edf;chb23_19.edf
chb23,none,0.85,143,108,33483,101,2,3,13,14,0.9766537045686028,4,4,57,9.39861111111111,2;0;3;8,27.0,2,798,300,chb23_09.edf;chb23_16.edf;chb23_20.edf
chb23,13s causal avg,0.55,194,89,33502,50,7,6,10,9,0.9979937053787339,4,4,4,9.39861111111111,10;5;10;10,,2,798,300,chb23_09.edf;chb23_16.edf;chb23_20.edf
chb23,13s non-causal avg,0.7,175,33,33558,69,2,0,16,14,0.999103487419298,4,4,3,9.39861111111111,6;2;7;9,,2,798,300,chb23_09.edf;chb23_16.edf;chb23_20.edf
chb23,29s causal avg,0.3,218,305,33286,26,8,8,8,8,0.9961405304211559,4,4,3,9.39861111111111,8;4;4;10,,2,798,300,chb23_09.edf;chb23_16.edf;chb23_20.edf
chb23,29s non-causal avg,0.65,173,41,33550,71,2,2,14,14,0.9992406240742665,4,4,1,9.39861111111111,8;3;8;12,,2,798,300,chb23_09.edf;chb23_16.edf;chb23_20.edf
chb23,61s causal avg,0.25,199,413,33178,45,8,8,8,8,0.9899529099080501,4,4,1,9.39861111111111,13;9;11;12,,2,798,300,chb23_09.edf;chb23_16.edf;chb23_20.edf
chb23,61s non-causal avg,0.55,208,69,33522,36,6,5,11,10,0.9992806425999157,4,4,1,9.39861111111111,5;3;7;9,,2,798,300,chb23_09.edf;chb23_16.edf;chb23_20.edf
chb23,125s causal avg,0.2,177,681,32910,67,8,8,8,8,0.97452003390838,4,4,2,9.39861111111111,20;11;16;20,,2,798,300,chb23_09.edf;chb23_16.edf;chb23_20.edf
chb23,125s non-causal avg,0.45,231,88,33503,13,14,14,2,2,0.9991549746687612,4,4,0,9.39861111111111,0;0;13;0,,2,798,300,chb23_09.edf;chb23_16.edf;chb23_20.edf
chb23,13s causal,0.45,182,54,33537,62,2,2,14,14,0.9986819508152799,4,4,3,9.39861111111111,10;4;7;8,27.0,2,798,300,chb23_09.edf;chb23_16.edf;chb23_20.edf
chb23,13s non-causal,0.4,178,39,33552,66,2,2,14,14,0.9981197393329888,4,4,3,9.39861111111111,8;2;6;7,12.0,2,798,300,chb23_09.edf;chb23_16.edf;chb23_20.edf
chb23,29s causal,0.35,186,62,33529,58,2,2,14,14,0.998589346970866,4,4,3,9.39861111111111,8;4;7;8,24.0,2,798,300,chb23_09.edf;chb23_16.edf;chb23_20.edf
chb23,29s non-causal,0.6,161,19,33572,83,1,0,16,15,0.9989561021175168,4,4,2,9.39861111111111,8;3;7;11,10.0,2,798,300,chb23_09.edf;chb23_16.edf;chb23_20.edf
chb23,61s causal,0.4,184,59,33532,60,2,2,14,14,0.9983442335012647,4,4,3,9.39861111111111,8;3;7;8,31.0,2,798,300,chb23_09.edf;chb23_16.edf;chb23_20.edf
chb23,61s non-causal,0.6,172,25,33566,72,2,1,15,14,0.9991935291020086,4,4,1,9.39861111111111,8;3;7;8,8.0,2,798,300,chb23_09.edf;chb23_16.edf;chb23_20.edf
chb23,125s causal,0.5,177,42,33549,67,2,2,14,14,0.9985409099139064,4,4,2,9.39861111111111,10;4;7;9,23.0,2,798,300,chb23_09.edf;chb23_16.edf;chb23_20.edf
chb23,125s non-causal,0.55,171,22,33569,73,2,1,15,14,0.9992333036122576,4,4,1,9.39861111111111,6;3;7;8,6.0,2,798,300,chb23_09.edf;chb23_16.edf;chb23_20.edf
chb24,none,0.65,50,43,17872,35,1,0,16,15,0.9045302162171036,4,4,20,5.0,4;5;3;3,1.0,0,2034,1452,chb24_01.edf;chb24_02.edf;chb24_09.edf;chb24_13.edf;chb24_16.edf
chb24,13s causal avg,0.6,38,28,17887,47,6,5,11,10,0.8627512272003415,4,4,2,5.0,11;12;11;11,,0,2034,1452,chb24_01.edf;chb24_02.edf;chb24_09.edf;chb24_13.edf;chb24_16.edf
chb24,13s non-causal avg,0.55,63,33,17882,22,3,0,16,13,0.9960795258656072,4,4,3,5.0,3;4;3;3,,0,2034,1452,chb24_01.edf;chb24_02.edf;chb24_09.edf;chb24_13.edf;chb24_16.edf
chb24,29s causal avg,0.5,32,113,17802,53,8,8,8,8,0.8286312817060958,4,4,4,5.0,12;14;13;14,,0,2034,1452,chb24_01.edf;chb24_02.edf;chb24_09.edf;chb24_13.edf;chb24_16.edf
chb24,29s non-causal avg,0.5,83,61,17854,2,14,8,8,2,0.998578910213262,4,4,3,5.0,0;0;0;0,,0,2034,1452,chb24_01.edf;chb24_02.edf;chb24_09.edf;chb24_13.edf;chb24_16.edf
chb24,61s causal avg,0.45,23,418,17497,62,6,6,10,10,0.7825029961747467,4,3,13,5.0,12;17;17,,0,2034,1452,chb24_01.edf;chb24_02.edf;chb24_09.edf;chb24_13.edf;chb24_16.edf
chb24,61s non-causal avg,0.45,72,366,17549,13,14,13,3,2,0.9870059595147018,4,4,10,5.0,0;0;0;0,,0,2034,1452,chb24_01.edf;chb24_02.edf;chb24_09.edf;chb24_13.edf;chb24_16.edf
chb24,125s causal avg,0.4,43,5169,12746,42,7,8,8,9,0.6602259033672078,4,4,27,5.0,5;12;10;15,,0,2034,1452,chb24_01.edf;chb24_02.edf;chb24_09.edf;chb24_13.edf;chb24_16.edf
chb24,125s non-causal avg,0.45,0,59,17856,85,0,0,16,16,0.8929855034394444,4,0,1,5.0,,,0,2034,1452,chb24_01.edf;chb24_02.edf;chb24_09.edf;chb24_13.edf;chb24_16.edf
chb24,13s causal,0.3,62,86,17829,23,5,2,14,11,0.9032076308056016,4,4,27,5.0,5;5;4;4,0.0,0,2034,1452,chb24_01.edf;chb24_02.edf;chb24_09.edf;chb24_13.edf;chb24_16.edf
chb24,13s non-causal,0.35,48,19,17896,37,1,0,16,15,0.9527398991971894,4,4,2,5.0,4;5;4;4,0.0,0,2034,1452,chb24_01.edf;chb24_02.edf;chb24_09.edf;chb24_13.edf;chb24_16.edf
chb24,29s causal,0.4,52,32,17883,33,6,3,13,10,0.8896265042438969,4,4,5,5.0,7;8;7;7,1.0,0,2034,1452,chb24_01.edf;chb24_02.edf;chb24_09.edf;chb24_13.edf;chb24_16.edf
chb24,29s non-causal,0.3,60,50,17865,25,2,0,16,14,0.9835192329792648,4,4,17,5.0,3;4;3;3,0.0,0,2034,1452,chb24_01.edf;chb24_02.edf;chb24_09.edf;chb24_13.edf;chb24_16.edf
chb24,61s causal,0.35,40,28,17887,45,1,0,16,15,0.9056249281738931,4,4,8,5.0,8;8;7;7,0.0,0,2034,1452,chb24_01.edf;chb24_02.edf;chb24_09.edf;chb24_13.edf;chb24_16.edf
chb24,61s non-causal,0.35,51,20,17895,34,1,0,16,15,0.9724647436423635,4,4,2,5.0,4;5;3;4,0.0,0,2034,1452,chb24_01.edf;chb24_02.edf;chb24_09.edf;chb24_13.edf;chb24_16.edf
chb24,125s causal,0.35,55,39,17876,30,5,2,14,11,0.903970711365763,4,4,8,5.0,6;8;5;6,0.0,0,2034,1452,chb24_01.edf;chb24_02.edf;chb24_09.edf;chb24_13.edf;chb24_16.edf
chb24,125s non-causal,0.35,55,30,17885,30,2,0,16,14,0.9773636945707672,4,4,4,5.0,3;4;3;3,0.0,0,2034,1452,chb24_01.edf;chb24_02.edf;chb24_09.edf;chb24_13.edf;chb24_16.edf
chb24,none,0.75,30,54,17831,85,0,0,12,12,0.9020792259727,3,3,11,5.0,4;3;4,4.0,1,2028,1590,chb24_05.edf;chb24_07.edf;chb24_14.edf;chb24_17.edf;chb24_18.edf
chb24,13s causal avg,0.65,32,40,17845,83,2,0,12,10,0.9307940829696977,3,3,5,5.0,12;9;11,,1,2028,1590,chb24_05.edf;chb24_07.edf;chb24_14.edf;chb24_17.edf;chb24_18.edf
chb24,13s non-causal avg,0.65,32,40,17845,83,0,0,12,12,0.9752709946396664,3,3,5,5.0,6;3;5,,1,2028,1590,chb24_05.edf;chb24_07.edf;chb24_14.edf;chb24_17.edf;chb24_18.edf
chb24,29s causal avg,0.5,73,126,17759,42,6,6,6,6,0.8974438137375259,3,3,5,5.0,15;11;16,,1,2028,1590,chb24_05.edf;chb24_07.edf;chb24_14.edf;chb24_17.edf;chb24_18.edf
chb24,29s non-causal avg,0.5,104,94,17791,11,6,4,8,6,0.9943547544092086,3,3,4,5.0,1;0;2,,1,2028,1590,chb24_05.edf;chb24_07.edf;chb24_14.edf;chb24_17.edf;chb24_18.edf
chb24,61s causal avg,0.45,38,151,17734,77,4,4,8,8,0.8395045641842204,3,2,4,5.0,18;37,,1,2028,1590,chb24_05.edf;chb24_07.edf;chb24_14.edf;chb24_17.edf;chb24_18.edf
chb24,61s non-causal avg,0.45,60,154,17731,55,3,4,8,9,0.9808272659867997,3,2,3,5.0,0;7,,1,2028,1590,chb24_05.edf;chb24_07.edf;chb24_14.edf;chb24_17.edf;chb24_18.edf
chb24,125s causal avg,0.35,81,5580,12305,34,6,6,6,6,0.7575816508854882,3,3,13,5.0,10;6;18,,1,2028,1590,chb24_05.edf;chb24_07.edf;chb24_14.edf;chb24_17.edf;chb24_18.edf
chb24,125s non-causal avg,0.4,66,1588,16297,49,4,4,8,8,0.9068352153249625,3,1,15,5.0,0,,1,2028,1590,chb24_05.edf;chb24_07.edf;chb24_14.edf;chb24_17.edf;chb24_18.edf
chb24,13s causal,0.65,72,66,17819,43,2,2,10,10,0.9467263069611406,3,3,6,5.0,6;5;5,22.0,1,2028,1590,chb24_05.edf;chb24_07.edf;chb24_14.edf;chb24_17.edf;chb24_18.edf
chb24,13s non-causal,0.7,81,73,17812,34,4,0,12,8,0.9738775510204081,3,3,5,5.0,2;1;1,33.0,1,2028,1590,chb24_05.edf;chb24_07.edf;chb24_14.edf;chb24_17.edf;chb24_18.edf
chb24,29s causal,0.65,62,59,17826,53,2,0,12,10,0.9524454546559542,3,3,6,5.0,6;5;5,21.0,1,2028,1590,chb24_05.edf;chb24_07.edf;chb24_14.edf;chb24_17.edf;chb24_18.edf
chb24,29s non-causal,0.7,74,72,17813,41,2,0,12,10,0.9866047574479464,3,3,5,5.0,3;0;2,10.0,1,2028,1590,chb24_05.edf;chb24_07.edf;chb24_14.edf;chb24_17.edf;chb24_18.edf
chb24,61s causal,0.65,65,66,17819,50,2,2,10,10,0.9613098175541808,3,3,6,5.0,7;5;5,19.0,1,2028,1590,chb24_05.edf;chb24_07.edf;chb24_14.edf;chb24_17.edf;chb24_18.edf
chb24,61s non-causal,0.65,84,64,17821,31,4,1,11,8,0.9930459092511335,3,3,5,5.0,3;0;2,19.0,1,2028,1590,chb24_05.edf;chb24_07.edf;chb24_14.edf;chb24_17.edf;chb24_18.edf
chb24,125s causal,0.65,68,78,17807,47,2,2,10,10,0.9638477713896757,3,3,6,5.0,6;5;5,14.0,1,2028,1590,chb24_05.edf;chb24_07.edf;chb24_14.edf;chb24_17.edf;chb24_18.edf
chb24,125s non-causal,0.7,90,76,17809,25,5,3,9,7,0.9962305064968214,3,3,5,5.0,3;0;1,15.0,1,2028,1590,chb24_05.edf;chb24_07.edf;chb24_14.edf;chb24_17.edf;chb24_18.edf
chb24,none,0.85,22,1,14261,116,0,0,8,8,0.8040109625456519,2,2,1,4.0,55;3,14.0,2,1866,1494,chb24_08.edf;chb24_11.edf;chb24_19.edf;chb24_21.edf
chb24,13s causal avg,0.65,52,3,14259,86,3,2,6,5,0.7744416601123081,2,2,0,4.0,59;11,,2,1866,1494,chb24_08.edf;chb24_11.edf;chb24_19.edf;chb24_21.edf
chb24,13s non-causal avg,0.65,55,0,14262,83,0,0,8,8,0.8209394986982739,2,2,0,4.0,53;5,,2,1866,1494,chb24_08.edf;chb24_11.edf;chb24_19.edf;chb24_21.edf
chb24,29s causal avg,0.55,56,15,14247,82,4,4,4,4,0.7479681488662484,2,2,1,4.0,65;17,,2,1866,1494,chb24_08.edf;chb24_11.edf;chb24_19.edf;chb24_21.edf
chb24,29s non-causal avg,0.55,81,3,14259,57,2,2,6,6,0.8401999130150253,2,2,0,4.0,51;3,,2,1866,1494,chb24_08.edf;chb24_11.edf;chb24_19.edf;chb24_21.edf
chb24,61s causal avg,0.45,42,46,14216,96,2,2,6,6,0.7682917411018232,2,1,2,4.0,26,,2,1866,1494,chb24_08.edf;chb24_11.edf;chb24_19.edf;chb24_21.edf
chb24,61s non-causal avg,0.45,91,17,14245,47,6,6,2,2,0.8921274533116277,2,2,0,4.0,47;0,,2,1866,1494,chb24_08.edf;chb24_11.edf;chb24_19.edf;chb24_21.edf
chb24,125s causal avg,0.3,74,4605,9657,64,4,4,4,4,0.7386579112631316,2,2,23,4.0,54;10,,2,1866,1494,chb24_08.edf;chb24_11.edf;chb24_19.edf;chb24_21.edf
chb24,125s non-causal avg,0.35,135,1370,12892,3,6,6,2,2,0.97691697202864,2,2,3,4.0,3;0,,2,1866,1494,chb24_08.edf;chb24_11.edf;chb24_19.edf;chb24_21.edf
chb24,13s causal,0.6,59,0,14262,79,2,0,8,6,0.8163910787559523,2,2,0,4.0,55;5,16.0,2,1866,1494,chb24_08.edf;chb24_11.edf;chb24_19.edf;chb24_21.edf
chb24,13s non-causal,0.65,82,0,14262,56,3,0,8,5,0.8481842902696737,2,2,0,4.0,51;1,36.0,2,1866,1494,chb24_08.edf;chb24_11.edf;chb24_19.edf;chb24_21.edf
chb24,29s causal,0.6,56,0,14262,82,2,0,8,6,0.8164032729112936,2,2,0,4.0,55;5,13.0,2,1866,1494,chb24_08.edf;chb24_11.edf;chb24_19.edf;chb24_21.edf
chb24,29s non-causal,0.7,61,0,14262,77,2,0,8,6,0.844862399118769,2,2,0,4.0,51;1,40.0,2,1866,1494,chb24_08.edf;chb24_11.edf;chb24_19.edf;chb24_21.edf
chb24,61s causal,0.6,46,0,14262,92,2,0,8,6,0.8013592418487152,2,2,0,4.0,55;5,5.0,2,1866,1494,chb24_08.edf;chb24_11.edf;chb24_19.edf;chb24_21.edf
chb24,61s non-causal,0.75,44,0,14262,94,0,0,8,8,0.8538931873286466,2,2,0,4.0,51;2,36.0,2,1866,1494,chb24_08.edf;chb24_11.edf;chb24_19.edf;chb24_21.edf
chb24,125s causal,0.65,33,0,14262,105,1,0,8,7,0.8109743333353657,2,2,0,4.0,55;5,11.0,2,1866,1494,chb24_08.edf;chb24_11.edf;chb24_19.edf;chb24_21.edf
chb24,125s non-causal,0.7,59,0,14262,79,1,0,8,7,0.8828131509900639,2,2,0,4.0,51;1,17.0,2,1866,1494,chb24_08.edf;chb24_11.edf;chb24_19.edf;chb24_21.edf
chb24,none,0.75,60,41,14257,42,2,1,15,14,0.9001608616589734,4,4,17,4.0,5;4;4;4,9.0,3,2106,1038,chb24_04.edf;chb24_06.edf;chb24_10.edf;chb24_20.edf
chb24,13s causal avg,0.55,61,69,14229,41,6,5,11,10,0.9187333207167326,4,4,7,4.0,10;10;9;10,,3,2106,1038,chb24_04.edf;chb24_06.edf;chb24_10.edf;chb24_20.edf
chb24,13s non-causal avg,0.55,72,58,14240,30,2,2,14,14,0.9867292559771145,4,4,7,4.0,4;4;3;4,,3,2106,1038,chb24_04.edf;chb24_06.edf;chb24_10.edf;chb24_20.edf
chb24,29s causal avg,0.5,46,126,14172,56,8,8,8,8,0.8884939344320747,4,4,4,4.0,15;15;11;15,,3,2106,1038,chb24_04.edf;chb24_06.edf;chb24_10.edf;chb24_20.edf
chb24,29s non-causal avg,0.5,92,80,14218,10,9,5,11,7,0.9985065784601713,4,4,4,4.0,1;1;0;1,,3,2106,1038,chb24_04.edf;chb24_06.edf;chb24_10.edf;chb24_20.edf
chb24,61s causal avg,0.4,49,1350,12948,53,8,8,8,8,0.828540396435536,4,4,21,4.0,15;15;7;16,,3,2106,1038,chb24_04.edf;chb24_06.edf;chb24_10.edf;chb24_20.edf
chb24,61s non-causal avg,0.4,102,1327,12971,0,16,16,0,0,0.9889625314386491,4,4,21,4.0,0;0;0;0,,3,2106,1038,chb24_04.edf;chb24_06.edf;chb24_10.edf;chb24_20.edf
chb24,125s causal avg,0.25,102,12113,2185,0,16,16,0,0,0.7074655991925375,4,4,15,4.0,0;0;0;0,,3,2106,1038,chb24_04.edf;chb24_06.edf;chb24_10.edf;chb24_20.edf
chb24,125s non-causal avg,0.3,102,7268,7030,0,16,16,0,0,0.8476147767821633,4,4,13,4.0,0;0;0;0,,3,2106,1038,chb24_04.edf;chb24_06.edf;chb24_10.edf;chb24_20.edf
chb24,13s causal,0.6,74,74,14224,28,5,3,13,11,0.9396631641886017,4,4,13,4.0,6;5;5;5,25.0,3,2106,1038,chb24_04.edf;chb24_06.edf;chb24_10.edf;chb24_20.edf
chb24,13s non-causal,0.65,83,59,14239,19,5,3,13,11,0.9877474979360886,4,4,7,4.0,3;2;1;2,30.0,3,2106,1038,chb24_04.edf;chb24_06.edf;chb24_10.edf;chb24_20.edf
chb24,29s causal,0.55,73,60,14238,29,5,4,12,11,0.9395623685199357,4,4,10,4.0,6;5;5;6,8.0,3,2106,1038,chb24_04.edf;chb24_06.edf;chb24_10.edf;chb24_20.edf
chb24,29s non-causal,0.5,95,110,14188,7,11,5,11,5,0.9971811497014528,4,4,7,4.0,1;0;0;1,30.0,3,2106,1038,chb24_04.edf;chb24_06.edf;chb24_10.edf;chb24_20.edf
chb24,61s causal,0.6,75,56,14242,27,6,4,12,10,0.9410839031374194,4,4,10,4.0,6;5;5;6,12.0,3,2106,1038,chb24_04.edf;chb24_06.edf;chb24_10.edf;chb24_20.edf
chb24,61s non-causal,0.55,98,107,14191,4,12,5,11,4,0.9989755868776381,4,4,8,4.0,1;0;0;0,24.0,3,2106,1038,chb24_04.edf;chb24_06.edf;chb24_10.edf;chb24_20.edf
chb24,125s causal,0.55,80,89,14209,22,7,4,12,9,0.9408356852322688,4,4,14,4.0,5;5;5;5,11.0,3,2106,1038,chb24_04.edf;chb24_06.edf;chb24_10.edf;chb24_20.edf
chb24,125s non-causal,0.45,100,114,14184,2,14,7,9,2,0.9990914676123632,4,4,8,4.0,0;0;0;0,10.0,3,2106,1038,chb24_04.edf;chb24_06.edf;chb24_10.edf;chb24_20.edf
chb24,none,0.65,42,23,11773,29,0,0,12,12,0.9268670688082375,3,3,20,3.296388888888889,4;4;0,1.0,4,1416,1656,chb24_03.edf;chb24_12.edf;chb24_15.edf;chb24_22.edf
chb24,13s causal avg,0.55,49,7,11789,22,6,4,8,6,0.9413778363637231,3,3,0,3.296388888888889,9;9;4,,4,1416,1656,chb24_03.edf;chb24_12.edf;chb24_15.edf;chb24_22.edf
chb24,13s non-causal avg,0.55,54,2,11794,17,2,2,10,10,0.9984239107073776,3,3,0,3.296388888888889,3;3;0,,4,1416,1656,chb24_03.edf;chb24_12.edf;chb24_15.edf;chb24_22.edf
chb24,29s causal avg,0.5,41,52,11744,30,6,6,6,6,0.9074584843752238,3,3,1,3.296388888888889,11;12;7,,4,1416,1656,chb24_03.edf;chb24_12.edf;chb24_15.edf;chb24_22.edf
chb24,29s non-causal avg,0.5,71,22,11774,0,12,10,2,0,0.9999152255001695,3,3,1,3.296388888888889,0;0;0,,4,1416,1656,chb24_03.edf;chb24_12.edf;chb24_15.edf;chb24_22.edf
chb24,61s causal avg,0.5,5,39,11757,66,2,2,10,10,0.8550576944201662,3,1,0,3.296388888888889,24,,4,1416,1656,chb24_03.edf;chb24_12.edf;chb24_15.edf;chb24_22.edf
chb24,61s non-causal avg,0.5,29,15,11781,42,4,4,8,8,0.9970639366889706,3,1,0,3.296388888888889,0,,4,1416,1656,chb24_03.edf;chb24_12.edf;chb24_15.edf;chb24_22.edf
chb24,125s causal avg,0.4,58,6651,5145,13,10,10,2,2,0.7194238677231239,3,3,14,3.296388888888889,0;13;0,,4,1416,1656,chb24_03.edf;chb24_12.edf;chb24_15.edf;chb24_22.edf
chb24,125s non-causal avg,0.45,45,591,11205,26,7,6,6,5,0.9470445937749249,3,2,10,3.296388888888889,0;1,,4,1416,1656,chb24_03.edf;chb24_12.edf;chb24_15.edf;chb24_22.edf
chb24,13s causal,0.3,52,96,11700,19,1,2,10,11,0.9602718037625549,3,3,43,3.296388888888889,4;5;0,0.0,4,1416,1656,chb24_03.edf;chb24_12.edf;chb24_15.edf;chb24_22.edf
chb24,13s non-causal,0.35,43,16,11780,28,0,0,12,12,0.9600413604038609,3,3,12,3.296388888888889,4;4;0,0.0,4,1416,1656,chb24_03.edf;chb24_12.edf;chb24_15.edf;chb24_22.edf
chb24,29s causal,0.3,55,58,11738,16,4,1,11,8,0.9608305990572121,3,3,27,3.296388888888889,4;5;0,0.0,4,1416,1656,chb24_03.edf;chb24_12.edf;chb24_15.edf;chb24_22.edf
chb24,29s non-causal,0.3,49,91,11705,22,2,2,10,10,0.9768314873984497,3,3,43,3.296388888888889,4;4;0,0.0,4,1416,1656,chb24_03.edf;chb24_12.edf;chb24_15.edf;chb24_22.edf
chb24,61s causal,0.4,60,32,11764,11,6,6,6,6,0.9622502734276122,3,3,12,3.296388888888889,4;5;2,4.0,4,1416,1656,chb24_03.edf;chb24_12.edf;chb24_15.edf;chb24_22.edf
chb24,61s non-causal,0.35,44,3,11793,27,0,0,12,12,0.9816707979310246,3,3,3,3.296388888888889,4;4;2,0.0,4,1416,1656,chb24_03.edf;chb24_12.edf;chb24_15.edf;chb24_22.edf
chb24,125s causal,0.35,44,6,11790,27,1,0,12,11,0.9630084678979268,3,3,5,3.296388888888889,6;5;3,0.0,4,1416,1656,chb24_03.edf;chb24_12.edf;chb24_15.edf;chb24_22.edf
chb24,125s non-causal,0.35,44,8,11788,27,0,0,12,12,0.9835370309343343,3,3,7,3.296388888888889,4;4;0,0.0,4,1416,1656,chb24_03.edf;chb24_12.edf;chb24_15.edf;chb24_22.edf
