model,threshold,n_seizures,n_detected,n_fa,hours,latency_sum,sens,fa_h,mean_latency
125s causal,0.01,181,181,5649,951.9250000000001,2,1.0,5.934291041836278,0.011049723756906077
125s causal,0.02,181,181,13078,951.9250000000001,4,1.0,13.738477296005462,0.022099447513812154
125s causal,0.03,181,181,17441,951.9250000000001,13,1.0,18.32182157207763,0.0718232044198895
125s causal,0.04,181,181,22269,951.9250000000001,36,1.0,23.393649709798563,0.19889502762430938
125s causal,0.05,181,181,26652,951.9250000000001,46,1.0,27.99800404443627,0.2541436464088398
125s causal,0.06,181,181,29294,951.9250000000001,60,1.0,30.773432780943875,0.3314917127071823
125s causal,0.07,181,181,31180,951.9250000000001,77,1.0,32.75468130367413,0.425414364640884
125s causal,0.08,181,181,32412,951.9250000000001,90,1.0,34.048900911311286,0.4972375690607735
125s causal,0.09,181,181,32636,951.9250000000001,124,1.0,34.28421356724532,0.6850828729281768
125s causal,0.1,181,181,32204,951.9250000000001,146,1.0,33.83039630222969,0.8066298342541437
125s causal,0.11,181,181,31260,951.9250000000001,156,1.0,32.83872153793629,0.861878453038674
125s causal,0.12,181,181,30059,951.9250000000001,179,1.0,31.577067521075712,0.988950276243094
125s causal,0.13,181,181,28987,951.9250000000001,199,1.0,30.450928381962864,1.0994475138121547
125s causal,0.14,181,181,27657,951.9250000000001,217,1.0,29.05375948735457,1.1988950276243093
125s causal,0.15,181,181,26296,951.9250000000001,238,1.0,27.62402500196969,1.3149171270718232
125s causal,0.16,181,181,24995,951.9250000000001,269,1.0,26.25732069228143,1.4861878453038675
125s causal,0.17,181,178,23866,951.9250000000001,338,0.9834254143646409,25.071302886256795,1.898876404494382
125s causal,0.18,181,177,22286,951.9250000000001,352,0.9779005524861878,23.41150825957927,1.9887005649717515
125s causal,0.19,181,177,21011,951.9250000000001,385,0.9779005524861878,22.07211702602621,2.175141242937853
125s causal,0.2,181,177,19952,951.9250000000001,415,0.9779005524861878,20.95963442498096,2.3446327683615817
125s causal,0.21,181,177,20030,951.9250000000001,437,0.9779005524861878,21.041573653386557,2.468926553672316
125s causal,0.22,181,177,17818,951.9250000000001,470,0.9779005524861878,18.717861176038028,2.6553672316384183
125s causal,0.23,181,175,16449,951.9250000000001,495,0.9668508287292817,17.279722667226935,2.8285714285714287
125s causal,0.24,181,175,15188,951.9250000000001,532,0.9668508287292817,15.955038474669747,3.04
125s causal,0.25,181,174,13983,951.9250000000001,562,0.9613259668508287,14.689182446096067,3.2298850574712645
125s causal,0.26,181,173,12571,951.9250000000001,591,0.9558011049723757,13.205872311369067,3.4161849710982657
125s causal,0.27,181,173,11194,951.9250000000001,635,0.9558011049723757,11.75932977913176,3.6705202312138727
125s causal,0.28,181,172,9954,951.9250000000001,607,0.9502762430939227,10.456706148068386,3.5290697674418605
125s causal,0.29,181,172,8970,951.9250000000001,633,0.9502762430939227,9.423011266643906,3.6802325581395348
125s causal,0.3,181,172,8167,951.9250000000001,654,0.9502762430939227,8.579457415237544,3.802325581395349
125s causal,0.31,181,172,7479,951.9250000000001,682,0.9502762430939227,7.856711400583029,3.9651162790697674
125s causal,0.32,181,172,6813,951.9250000000001,709,0.9502762430939227,7.157076450350605,4.122093023255814
125s causal,0.33,181,172,6146,951.9250000000001,755,0.9502762430939227,6.456390997189904,4.3895348837209305
125s causal,0.34,181,171,5519,951.9250000000001,756,0.9447513812154696,5.79772566116028,4.421052631578948
125s causal,0.35,181,171,4969,951.9250000000001,789,0.9447513812154696,5.219949050607978,4.614035087719298
125s causal,0.36,181,170,4511,951.9250000000001,838,0.9392265193370166,4.738818709457152,4.929411764705883
125s causal,0.37,181,168,4125,951.9250000000001,834,0.9281767955801105,4.333324579142264,4.964285714285714
125s causal,0.38,181,168,3746,951.9250000000001,878,0.9281767955801105,3.935183969325314,5.226190476190476
125s causal,0.39,181,168,3417,951.9250000000001,907,0.9281767955801105,3.58956850592221,5.398809523809524
125s causal,0.4,181,165,3142,951.9250000000001,881,0.9116022099447514,3.300680200646059,5.33939393939394
125s causal,0.41,181,163,2896,951.9250000000001,873,0.9005524861878453,3.0422564802899386,5.355828220858895
125s causal,0.42,181,160,2661,951.9250000000001,861,0.8839779005524862,2.7953882921448643,5.38125
125s causal,0.43,181,160,2448,951.9250000000001,890,0.8839779005524862,2.5716311684218818,5.5625
125s causal,0.44,181,158,2262,951.9250000000001,951,0.8729281767955801,2.376237623762376,6.018987341772152
125s causal,0.45,181,158,2086,951.9250000000001,977,0.8729281767955801,2.1913491083856393,6.1835443037974684
125s causal,0.46,181,158,1910,951.9250000000001,999,0.8729281767955801,2.006460593008903,6.322784810126582
125s causal,0.47,181,158,1772,951.9250000000001,1038,0.8729281767955801,1.861491188906689,6.569620253164557
125s causal,0.48,181,155,1647,951.9250000000001,970,0.856353591160221,1.7301783228720748,6.258064516129032
125s causal,0.49,181,155,1519,951.9250000000001,983,0.856353591160221,1.5957139480526301,6.341935483870968
125s causal,0.5,181,154,1394,951.9250000000001,1006,0.850828729281768,1.464401082018016,6.532467532467533
125s causal,0.51,181,149,1291,951.9250000000001,899,0.8232044198895028,1.356199280405494,6.033557046979865
125s causal,0.52,181,149,1184,951.9250000000001,919,0.8232044198895028,1.2437954670798643,6.167785234899329
125s causal,0.53,181,146,1110,951.9250000000001,831,0.8066298342541437,1.1660582503873729,5.691780821917808
125s causal,0.54,181,146,1027,951.9250000000001,861,0.8066298342541437,1.0788665073403891,5.897260273972603
125s causal,0.55,181,146,955,951.9250000000001,896,0.8066298342541437,1.0032302965044515,6.136986301369863
125s causal,0.56,181,145,882,951.9250000000001,854,0.8011049723756906,0.9265435827402368,5.889655172413793
125s causal,0.57,181,145,814,951.9250000000001,879,0.8011049723756906,0.8551093836174067,6.062068965517241
125s causal,0.58,181,144,762,951.9250000000001,871,0.7955801104972375,0.8004832313470073,6.048611111111111
125s causal,0.59,181,144,703,951.9250000000001,896,0.7955801104972375,0.7385035585786695,6.222222222222222
125s causal,0.6,181,143,654,951.9250000000001,873,0.7900552486187845,0.6870289150931008,6.104895104895105
125s causal,0.61,181,143,597,951.9250000000001,896,0.7900552486187845,0.6271502481813167,6.265734265734266
125s causal,0.62,181,143,554,951.9250000000001,930,0.7900552486187845,0.5819786222654095,6.503496503496503
125s causal,0.63,181,143,500,951.9250000000001,983,0.7900552486187845,0.5252514641384562,6.874125874125874
125s causal,0.64,181,143,446,951.9250000000001,1025,0.7900552486187845,0.46852430601150297,7.1678321678321675
125s causal,0.65,181,141,407,951.9250000000001,1054,0.7790055248618785,0.42755469180870337,7.475177304964539
125s causal,0.66,181,139,352,951.9250000000001,1059,0.7679558011049724,0.3697770307534732,7.618705035971223
125s causal,0.67,181,137,316,951.9250000000001,1057,0.7569060773480663,0.33195892533550436,7.7153284671532845
125s causal,0.68,181,136,292,951.9250000000001,1044,0.7513812154696132,0.30674685505685845,7.676470588235294
125s causal,0.69,181,135,262,951.9250000000001,1080,0.7458563535911602,0.2752317672085511,8.0
125s causal,0.7,181,132,239,951.9250000000001,1053,0.7292817679558011,0.2510701998581821,7.9772727272727275
125s causal,0.71,181,131,209,951.9250000000001,1066,0.7237569060773481,0.2195551120098747,8.13740458015267
125s causal,0.72,181,129,186,951.9250000000001,1112,0.712707182320442,0.19539354465950573,8.62015503875969
125s causal,0.73,181,126,168,951.9250000000001,1077,0.6961325966850829,0.1764844919505213,8.547619047619047
125s causal,0.74,181,124,148,951.9250000000001,1096,0.6850828729281768,0.15547443338498304,8.838709677419354
125s causal,0.75,181,121,134,951.9250000000001,1093,0.6685082872928176,0.14076739238910627,9.03305785123967
125s causal,0.76,181,120,116,951.9250000000001,1165,0.6629834254143646,0.12185833968012184,9.708333333333334
125s causal,0.77,181,118,97,951.9250000000001,1184,0.6519337016574586,0.10189878404286051,10.033898305084746
125s causal,0.78,181,114,89,951.9250000000001,1285,0.6298342541436464,0.09349476061664522,11.271929824561404
125s causal,0.79,181,109,83,951.9250000000001,1258,0.6022099447513812,0.08719174304698374,11.541284403669724
125s causal,0.8,181,106,64,951.9250000000001,1353,0.585635359116022,0.0672321874097224,12.764150943396226
125s causal,0.81,181,100,54,951.9250000000001,2085,0.5524861878453039,0.056727158126953274,20.85
125s causal,0.82,181,91,45,951.9250000000001,1857,0.5027624309392266,0.04727263177246106,20.406593406593405
125s causal,0.83,181,83,36,951.9250000000001,1199,0.4585635359116022,0.03781810541796885,14.44578313253012
125s causal,0.84,181,74,33,951.9250000000001,982,0.4088397790055249,0.03466659663313811,13.27027027027027
125s causal,0.85,181,65,24,951.9250000000001,815,0.35911602209944754,0.0252120702786459,12.538461538461538
125s causal,0.86,181,57,21,951.9250000000001,734,0.3149171270718232,0.022060561493815162,12.87719298245614
125s causal,0.87,181,53,17,951.9250000000001,722,0.292817679558011,0.017858549780707514,13.622641509433961
125s causal,0.88,181,46,13,951.9250000000001,558,0.2541436464088398,0.013656538067599863,12.130434782608695
125s causal,0.89,181,44,16,951.9250000000001,532,0.2430939226519337,0.0168080468524306,12.090909090909092
125s causal,0.9,181,38,10,951.9250000000001,550,0.20994475138121546,0.010505029282769125,14.473684210526315
125s causal,0.91,181,33,8,951.9250000000001,588,0.18232044198895028,0.0084040234262153,17.818181818181817
125s causal,0.92,181,29,6,951.9250000000001,548,0.16022099447513813,0.006303017569661475,18.896551724137932
125s causal,0.93,181,25,5,951.9250000000001,502,0.13812154696132597,0.0052525146413845624,20.08
125s causal,0.94,181,20,6,951.9250000000001,420,0.11049723756906077,0.006303017569661475,21.0
125s causal,0.95,181,17,4,951.9250000000001,312,0.09392265193370165,0.00420201171310765,18.352941176470587
125s causal,0.96,181,16,4,951.9250000000001,420,0.08839779005524862,0.00420201171310765,26.25
125s causal,0.97,181,10,3,951.9250000000001,306,0.055248618784530384,0.0031515087848307376,30.6
125s causal,0.98,181,3,5,951.9250000000001,92,0.016574585635359115,0.0052525146413845624,30.666666666666668
125s causal,0.99,181,1,0,951.9250000000001,90,0.0055248618784530384,0.0,90.0
125s causal avg,0.01,181,181,540,951.9250000000001,0,1.0,0.5672715812695327,0.0
125s causal avg,0.02,181,181,623,951.9250000000001,0,1.0,0.6544633243165164,0.0
125s causal avg,0.03,181,181,827,951.9250000000001,0,1.0,0.8687659216850067,0.0
125s causal avg,0.04,181,181,1067,951.9250000000001,0,1.0,1.1208866244714657,0.0
125s causal avg,0.05,181,181,1310,951.9250000000001,0,1.0,1.3761588360427555,0.0
125s causal avg,0.06,181,181,1476,951.9250000000001,3,1.0,1.550542322136723,0.016574585635359115
125s causal avg,0.07,181,181,1606,951.9250000000001,10,1.0,1.6871077028127215,0.055248618784530384
125s causal avg,0.08,181,181,1805,951.9250000000001,26,1.0,1.896157785539827,0.143646408839779
125s causal avg,0.09,181,181,2049,951.9250000000001,42,1.0,2.1524805000393936,0.23204419889502761
125s causal avg,0.1,181,181,2112,951.9250000000001,60,1.0,2.218662184520839,0.3314917127071823
125s causal avg,0.11,181,180,2269,951.9250000000001,67,0.994475138121547,2.3835911442603144,0.37222222222222223
125s causal avg,0.12,181,179,2473,951.9250000000001,84,0.988950276243094,2.5978937416288046,0.4692737430167598
125s causal avg,0.13,181,179,2522,951.9250000000001,132,0.988950276243094,2.6493683851143732,0.7374301675977654
125s causal avg,0.14,181,179,2780,951.9250000000001,208,0.988950276243094,2.9203981406098167,1.1620111731843576
125s causal avg,0.15,181,179,2869,951.9250000000001,266,0.988950276243094,3.013892901226462,1.4860335195530727
125s causal avg,0.16,181,179,2965,951.9250000000001,331,0.988950276243094,3.1147411823410454,1.8491620111731844
125s causal avg,0.17,181,179,3090,951.9250000000001,416,0.988950276243094,3.2460540483756595,2.3240223463687153
125s causal avg,0.18,181,177,3224,951.9250000000001,488,0.9779005524861878,3.386821440764766,2.7570621468926553
125s causal avg,0.19,181,177,3215,951.9250000000001,637,0.9779005524861878,3.3773669144102736,3.598870056497175
125s causal avg,0.2,181,177,3286,951.9250000000001,782,0.9779005524861878,3.4519526223179344,4.418079096045198
125s causal avg,0.21,181,175,3055,951.9250000000001,807,0.9668508287292817,3.209286445885968,4.611428571428571
125s causal avg,0.22,181,175,3033,951.9250000000001,934,0.9668508287292817,3.1861753814638756,5.337142857142857
125s causal avg,0.23,181,175,2959,951.9250000000001,1105,0.9668508287292817,3.108438164771384,6.314285714285714
125s causal avg,0.24,181,172,2864,951.9250000000001,1134,0.9502762430939227,3.0086403865850775,6.593023255813954
125s causal avg,0.25,181,170,2729,951.9250000000001,1269,0.9392265193370166,2.866822491267694,7.464705882352941
125s causal avg,0.26,181,169,2490,951.9250000000001,1413,0.9337016574585635,2.615752291409512,8.36094674556213
125s causal avg,0.27,181,166,2422,951.9250000000001,1561,0.9171270718232044,2.544318092286682,9.403614457831326
125s causal avg,0.28,181,162,2288,951.9250000000001,1715,0.8950276243093923,2.403550699897576,10.58641975308642
125s causal avg,0.29,181,160,2174,951.9250000000001,1928,0.8839779005524862,2.2837933660740077,12.05
125s causal avg,0.3,181,158,2118,951.9250000000001,2088,0.8729281767955801,2.224965202090501,13.215189873417721
125s causal avg,0.31,181,154,2052,951.9250000000001,2239,0.850828729281768,2.1556320088242242,14.53896103896104
125s causal avg,0.32,181,154,1835,951.9250000000001,2476,0.850828729281768,1.9276728733881345,16.07792207792208
125s causal avg,0.33,181,150,1675,951.9250000000001,2624,0.8287292817679558,1.7595924048638285,17.493333333333332
125s causal avg,0.34,181,146,1495,951.9250000000001,2825,0.8066298342541437,1.570501877773984,19.34931506849315
125s causal avg,0.35,181,142,1310,951.9250000000001,3028,0.7845303867403315,1.3761588360427555,21.323943661971832
125s causal avg,0.36,181,139,1128,951.9250000000001,3283,0.7679558011049724,1.1849673030963572,23.618705035971225
125s causal avg,0.37,181,133,1062,951.9250000000001,3336,0.7348066298342542,1.115634109830081,25.082706766917294
125s causal avg,0.38,181,129,940,951.9250000000001,3512,0.712707182320442,0.9874727525802978,27.224806201550386
125s causal avg,0.39,181,125,900,951.9250000000001,3618,0.6906077348066298,0.9454526354492212,28.944
125s causal avg,0.4,181,120,888,951.9250000000001,3791,0.6629834254143646,0.9328466003098983,31.591666666666665
125s causal avg,0.41,181,115,881,951.9250000000001,3860,0.6353591160220995,0.9254930798119599,33.56521739130435
125s causal avg,0.42,181,104,779,951.9250000000001,3697,0.574585635359116,0.8183417811277148,35.54807692307692
125s causal avg,0.43,181,101,587,951.9250000000001,3857,0.5580110497237569,0.6166452188985476,38.18811881188119
125s causal avg,0.44,181,95,470,951.9250000000001,3915,0.5248618784530387,0.4937363762901489,41.21052631578947
125s causal avg,0.45,181,81,391,951.9250000000001,3645,0.44751381215469616,0.4107466449562728,45.0
125s causal avg,0.46,181,74,327,951.9250000000001,3539,0.4088397790055249,0.3435144575465504,47.82432432432432
125s causal avg,0.47,181,64,262,951.9250000000001,3200,0.35359116022099446,0.2752317672085511,50.0
125s causal avg,0.48,181,61,233,951.9250000000001,3181,0.3370165745856354,0.24476718228852062,52.14754098360656
125s causal avg,0.49,181,53,228,951.9250000000001,2778,0.292817679558011,0.23951466764713605,52.41509433962264
125s causal avg,0.5,181,47,163,951.9250000000001,2589,0.2596685082872928,0.17123197730913672,55.08510638297872
125s causal avg,0.51,181,44,135,951.9250000000001,2601,0.2430939226519337,0.14181789531738317,59.11363636363637
125s causal avg,0.52,181,41,125,951.9250000000001,2459,0.2265193370165746,0.13131286603461406,59.97560975609756
125s causal avg,0.53,181,39,116,951.9250000000001,2417,0.2154696132596685,0.12185833968012184,61.97435897435897
125s causal avg,0.54,181,36,100,951.9250000000001,2278,0.19889502762430938,0.10505029282769125,63.27777777777778
125s causal avg,0.55,181,35,88,951.9250000000001,2299,0.19337016574585636,0.0924442576883683,65.68571428571428
125s causal avg,0.56,181,34,90,951.9250000000001,2452,0.1878453038674033,0.09454526354492213,72.11764705882354
125s causal avg,0.57,181,33,79,951.9250000000001,2477,0.18232044198895028,0.08298973133387609,75.06060606060606
125s causal avg,0.58,181,32,73,951.9250000000001,2436,0.17679558011049723,0.07668671376421461,76.125
125s causal avg,0.59,181,32,64,951.9250000000001,2510,0.17679558011049723,0.0672321874097224,78.4375
125s causal avg,0.6,181,32,55,951.9250000000001,2580,0.17679558011049723,0.05777766105523019,80.625
125s causal avg,0.61,181,30,50,951.9250000000001,2488,0.16574585635359115,0.052525146413845626,82.93333333333334
125s causal avg,0.62,181,30,43,951.9250000000001,2560,0.16574585635359115,0.04517162591590724,85.33333333333333
125s causal avg,0.63,181,29,39,951.9250000000001,2608,0.16022099447513813,0.040969614202799584,89.93103448275862
125s causal avg,0.64,181,27,36,951.9250000000001,2457,0.14917127071823205,0.03781810541796885,91.0
125s causal avg,0.65,181,26,31,951.9250000000001,2449,0.143646408839779,0.03256559077658429,94.1923076923077
125s causal avg,0.66,181,26,26,951.9250000000001,2738,0.143646408839779,0.027313076135199725,105.3076923076923
125s causal avg,0.67,181,25,27,951.9250000000001,2717,0.13812154696132597,0.028363579063476637,108.68
125s causal avg,0.68,181,24,26,951.9250000000001,2656,0.13259668508287292,0.027313076135199725,110.66666666666667
125s causal avg,0.69,181,22,25,951.9250000000001,2512,0.12154696132596685,0.026262573206922813,114.18181818181819
125s causal avg,0.7,181,21,23,951.9250000000001,2479,0.11602209944751381,0.02416156735036899,118.04761904761905
125s causal avg,0.71,181,21,17,951.9250000000001,2536,0.11602209944751381,0.017858549780707514,120.76190476190476
125s causal avg,0.72,181,18,14,951.9250000000001,2252,0.09944751381215469,0.014707040995876774,125.11111111111111
125s causal avg,0.73,181,17,14,951.9250000000001,2212,0.09392265193370165,0.014707040995876774,130.11764705882354
125s causal avg,0.74,181,16,13,951.9250000000001,2112,0.08839779005524862,0.013656538067599863,132.0
125s causal avg,0.75,181,16,12,951.9250000000001,2152,0.08839779005524862,0.01260603513932295,134.5
125s causal avg,0.76,181,15,10,951.9250000000001,2063,0.08287292817679558,0.010505029282769125,137.53333333333333
125s causal avg,0.77,181,13,11,951.9250000000001,1873,0.0718232044198895,0.011555532211046037,144.07692307692307
125s causal avg,0.78,181,13,10,951.9250000000001,1916,0.0718232044198895,0.010505029282769125,147.3846153846154
125s causal avg,0.79,181,12,9,951.9250000000001,1303,0.06629834254143646,0.009454526354492213,108.58333333333333
125s causal avg,0.8,181,11,8,951.9250000000001,1209,0.06077348066298342,0.0084040234262153,109.9090909090909
125s causal avg,0.81,181,10,8,951.9250000000001,1142,0.055248618784530384,0.0084040234262153,114.2
125s causal avg,0.82,181,7,8,951.9250000000001,806,0.03867403314917127,0.0084040234262153,115.14285714285714
125s causal avg,0.83,181,5,6,951.9250000000001,569,0.027624309392265192,0.006303017569661475,113.8
125s causal avg,0.84,181,4,6,951.9250000000001,456,0.022099447513812154,0.006303017569661475,114.0
125s causal avg,0.85,181,3,6,951.9250000000001,333,0.016574585635359115,0.006303017569661475,111.0
125s causal avg,0.86,181,3,5,951.9250000000001,343,0.016574585635359115,0.0052525146413845624,114.33333333333333
125s causal avg,0.87,181,2,5,951.9250000000001,221,0.011049723756906077,0.0052525146413845624,110.5
125s causal avg,0.88,181,2,5,951.9250000000001,226,0.011049723756906077,0.0052525146413845624,113.0
125s causal avg,0.89,181,1,4,951.9250000000001,105,0.0055248618784530384,0.00420201171310765,105.0
125s causal avg,0.9,181,0,5,951.9250000000001,0,0.0,0.0052525146413845624,
125s causal avg,0.91,181,0,3,951.9250000000001,0,0.0,0.0031515087848307376,
125s causal avg,0.92,181,0,3,951.9250000000001,0,0.0,0.0031515087848307376,
125s causal avg,0.93,181,0,3,951.9250000000001,0,0.0,0.0031515087848307376,
125s causal avg,0.94,181,0,1,951.9250000000001,0,0.0,0.0010505029282769124,
125s causal avg,0.95,181,0,0,951.9250000000001,0,0.0,0.0,
125s causal avg,0.96,181,0,0,951.9250000000001,0,0.0,0.0,
125s causal avg,0.97,181,0,0,951.9250000000001,0,0.0,0.0,
125s causal avg,0.98,181,0,0,951.9250000000001,0,0.0,0.0,
125s causal avg,0.99,181,0,0,951.9250000000001,0,0.0,0.0,
125s non-causal,0.01,181,181,17044,951.9250000000001,37,1.0,17.904771909551698,0.20441988950276244
125s non-causal,0.02,181,181,20229,951.9250000000001,48,1.0,21.250623736113663,0.26519337016574585
125s non-causal,0.03,181,180,17273,951.9250000000001,69,0.994475138121547,18.14533708012711,0.38333333333333336
125s non-causal,0.04,181,180,15291,951.9250000000001,79,0.994475138121547,16.06324027628227,0.4388888888888889
125s non-causal,0.05,181,180,14167,951.9250000000001,88,0.994475138121547,14.88247498489902,0.4888888888888889
125s non-causal,0.06,181,180,13623,951.9250000000001,95,0.994475138121547,14.31100139191638,0.5277777777777778
125s non-causal,0.07,181,180,13289,951.9250000000001,104,0.994475138121547,13.96013341387189,0.5777777777777777
125s non-causal,0.08,181,180,13261,951.9250000000001,120,0.994475138121547,13.930719331880137,0.6666666666666666
125s non-causal,0.09,181,180,12825,951.9250000000001,129,0.994475138121547,13.472700055151403,0.7166666666666667
125s non-causal,0.1,181,180,12384,951.9250000000001,135,0.994475138121547,13.009428263781285,0.75
125s non-causal,0.11,181,180,11695,951.9250000000001,151,0.994475138121547,12.285631746198492,0.8388888888888889
125s non-causal,0.12,181,180,10973,951.9250000000001,159,0.994475138121547,11.52716863198256,0.8833333333333333
125s non-causal,0.13,181,179,10259,951.9250000000001,152,0.988950276243094,10.777109541192845,0.8491620111731844
125s non-causal,0.14,181,179,9688,951.9250000000001,162,0.988950276243094,10.177272369146728,0.9050279329608939
125s non-causal,0.15,181,179,9340,951.9250000000001,172,0.988950276243094,9.811697350106362,0.9608938547486033
125s non-causal,0.16,181,179,9114,951.9250000000001,179,0.988950276243094,9.57428368831578,1.0
125s non-causal,0.17,181,178,9076,951.9250000000001,187,0.9834254143646409,9.534364577041258,1.050561797752809
125s non-causal,0.18,181,178,9182,951.9250000000001,200,0.9834254143646409,9.645717887438611,1.1235955056179776
125s non-causal,0.19,181,178,9042,951.9250000000001,241,0.9834254143646409,9.498647477479842,1.353932584269663
125s non-causal,0.2,181,178,8973,951.9250000000001,263,0.9834254143646409,9.426162775428736,1.4775280898876404
125s non-causal,0.21,181,178,9210,951.9250000000001,267,0.9834254143646409,9.675131969430364,1.5
125s non-causal,0.22,181,175,8905,951.9250000000001,285,0.9668508287292817,9.354728576305906,1.6285714285714286
125s non-causal,0.23,181,174,7812,951.9250000000001,296,0.9613259668508287,8.20652887569924,1.7011494252873562
125s non-causal,0.24,181,174,6605,951.9250000000001,309,0.9613259668508287,6.938571841269007,1.7758620689655173
125s non-causal,0.25,181,172,5765,951.9250000000001,280,0.9502762430939227,6.0561493815164,1.627906976744186
125s non-causal,0.26,181,171,5084,951.9250000000001,295,0.9447513812154696,5.340756887359823,1.7251461988304093
125s non-causal,0.27,181,170,4540,951.9250000000001,313,0.9392265193370166,4.769283294377183,1.8411764705882352
125s non-causal,0.28,181,169,4047,951.9250000000001,324,0.9337016574585635,4.251385350736665,1.9171597633136095
125s non-causal,0.29,181,168,3640,951.9250000000001,323,0.9281767955801105,3.8238306589279616,1.9226190476190477
125s non-causal,0.3,181,168,3228,951.9250000000001,330,0.9281767955801105,3.3910234524778735,1.9642857142857142
125s non-causal,0.31,181,168,2755,951.9250000000001,334,0.9281767955801105,2.894135567402894,1.9880952380952381
125s non-causal,0.32,181,168,2378,951.9250000000001,354,0.9281767955801105,2.498095963442498,2.107142857142857
125s non-causal,0.33,181,168,2074,951.9250000000001,369,0.9281767955801105,2.1787430732463164,2.1964285714285716
125s non-causal,0.34,181,168,1824,951.9250000000001,403,0.9281767955801105,1.9161173411770884,2.3988095238095237
125s non-causal,0.35,181,168,1572,951.9250000000001,441,0.9281767955801105,1.6513906032513064,2.625
125s non-causal,0.36,181,167,1403,951.9250000000001,472,0.9226519337016574,1.4738556083725083,2.8263473053892216
125s non-causal,0.37,181,167,1252,951.9250000000001,493,0.9226519337016574,1.3152296662026945,2.9520958083832336
125s non-causal,0.38,181,167,1120,951.9250000000001,513,0.9226519337016574,1.176563279670142,3.07185628742515
125s non-causal,0.39,181,166,1005,951.9250000000001,543,0.9171270718232044,1.0557554429182971,3.2710843373493974
125s non-causal,0.4,181,164,905,951.9250000000001,580,0.9060773480662984,0.9507051500906059,3.5365853658536586
125s non-causal,0.41,181,161,827,951.9250000000001,519,0.8895027624309392,0.8687659216850067,3.2236024844720497
125s non-causal,0.42,181,160,754,951.9250000000001,536,0.8839779005524862,0.792079207920792,3.35
125s non-causal,0.43,181,158,683,951.9250000000001,533,0.8729281767955801,0.7174935000131313,3.3734177215189876
125s non-causal,0.44,181,155,633,951.9250000000001,540,0.856353591160221,0.6649683535992856,3.4838709677419355
125s non-causal,0.45,181,153,577,951.9250000000001,539,0.8453038674033149,0.6061401896157785,3.522875816993464
125s non-causal,0.46,181,153,531,951.9250000000001,559,0.8453038674033149,0.5578170549150405,3.65359477124183
125s non-causal,0.47,181,153,488,951.9250000000001,610,0.8453038674033149,0.5126454289991333,3.9869281045751634
125s non-causal,0.48,181,153,448,951.9250000000001,636,0.8453038674033149,0.4706253118680568,4.1568627450980395
125s non-causal,0.49,181,152,414,951.9250000000001,685,0.8397790055248618,0.4349082123066418,4.506578947368421
125s non-causal,0.5,181,149,394,951.9250000000001,604,0.8232044198895028,0.4138981537411035,4.053691275167785
125s non-causal,0.51,181,148,374,951.9250000000001,624,0.8176795580110497,0.3928880951755653,4.216216216216216
125s non-causal,0.52,181,144,352,951.9250000000001,599,0.7955801104972375,0.3697770307534732,4.159722222222222
125s non-causal,0.53,181,141,318,951.9250000000001,549,0.7790055248618785,0.3340599311920582,3.893617021276596
125s non-causal,0.54,181,141,304,951.9250000000001,554,0.7790055248618785,0.3193528901961814,3.9290780141843973
125s non-causal,0.55,181,141,269,951.9250000000001,564,0.7790055248618785,0.28258528770648944,4.0
125s non-causal,0.56,181,141,239,951.9250000000001,596,0.7790055248618785,0.2510701998581821,4.226950354609929
125s non-causal,0.57,181,141,233,951.9250000000001,604,0.7790055248618785,0.24476718228852062,4.283687943262412
125s non-causal,0.58,181,140,224,951.9250000000001,599,0.7734806629834254,0.2353126559340284,4.2785714285714285
125s non-causal,0.59,181,139,208,951.9250000000001,546,0.7679558011049724,0.2185046090815978,3.9280575539568345
125s non-causal,0.6,181,138,190,951.9250000000001,584,0.7624309392265194,0.19959555637261336,4.231884057971015
125s non-causal,0.61,181,138,179,951.9250000000001,607,0.7624309392265194,0.18804002416156734,4.398550724637682
125s non-causal,0.62,181,138,171,951.9250000000001,647,0.7624309392265194,0.17963600073535205,4.688405797101449
125s non-causal,0.63,181,137,162,951.9250000000001,639,0.7569060773480663,0.17018147438085982,4.664233576642336
125s non-causal,0.64,181,135,147,951.9250000000001,619,0.7458563535911602,0.15442393045670613,4.5851851851851855
125s non-causal,0.65,181,134,141,951.9250000000001,643,0.7403314917127072,0.14812091288704465,4.798507462686567
125s non-causal,0.66,181,134,132,951.9250000000001,657,0.7403314917127072,0.13866638653255245,4.902985074626866
125s non-causal,0.67,181,131,124,951.9250000000001,636,0.7237569060773481,0.13026236310633715,4.854961832061068
125s non-causal,0.68,181,129,110,951.9250000000001,663,0.712707182320442,0.11555532211046038,5.1395348837209305
125s non-causal,0.69,181,127,99,951.9250000000001,647,0.7016574585635359,0.10399978989941434,5.094488188976378
125s non-causal,0.7,181,124,97,951.9250000000001,568,0.6850828729281768,0.10189878404286051,4.580645161290323
125s non-causal,0.71,181,123,89,951.9250000000001,600,0.6795580110497238,0.09349476061664522,4.878048780487805
125s non-causal,0.72,181,122,84,951.9250000000001,611,0.6740331491712708,0.08824224597526065,5.008196721311475
125s non-causal,0.73,181,120,69,951.9250000000001,1144,0.6629834254143646,0.07248470205110696,9.533333333333333
125s non-causal,0.74,181,114,67,951.9250000000001,1112,0.6298342541436464,0.07038369619455313,9.75438596491228
125s non-causal,0.75,181,113,60,951.9250000000001,1202,0.6243093922651933,0.06303017569661475,10.63716814159292
125s non-causal,0.76,181,110,52,951.9250000000001,1296,0.6077348066298343,0.05462615227039945,11.781818181818181
125s non-causal,0.77,181,103,49,951.9250000000001,1228,0.569060773480663,0.05147464348556871,11.922330097087379
125s non-causal,0.78,181,101,44,951.9250000000001,1366,0.5580110497237569,0.04622212884418415,13.524752475247524
125s non-causal,0.79,181,98,42,951.9250000000001,1416,0.5414364640883977,0.044121122987630323,14.448979591836734
125s non-causal,0.8,181,92,39,951.9250000000001,1242,0.5082872928176796,0.040969614202799584,13.5
125s non-causal,0.81,181,87,37,951.9250000000001,1231,0.48066298342541436,0.03886860834624576,14.149425287356323
125s non-causal,0.82,181,80,34,951.9250000000001,1214,0.4419889502762431,0.03571709956141503,15.175
125s non-causal,0.83,181,72,32,951.9250000000001,1347,0.39779005524861877,0.0336160937048612,18.708333333333332
125s non-causal,0.84,181,68,26,951.9250000000001,1302,0.3756906077348066,0.027313076135199725,19.147058823529413
125s non-causal,0.85,181,65,25,951.9250000000001,1315,0.35911602209944754,0.026262573206922813,20.23076923076923
125s non-causal,0.86,181,61,23,951.9250000000001,1271,0.3370165745856354,0.02416156735036899,20.83606557377049
125s non-causal,0.87,181,58,21,951.9250000000001,1317,0.32044198895027626,0.022060561493815162,22.70689655172414
125s non-causal,0.88,181,55,18,951.9250000000001,1195,0.30386740331491713,0.018909052708984426,21.727272727272727
125s non-causal,0.89,181,49,14,951.9250000000001,1050,0.27071823204419887,0.014707040995876774,21.428571428571427
125s non-causal,0.9,181,44,14,951.9250000000001,335,0.2430939226519337,0.014707040995876774,7.613636363636363
125s non-causal,0.91,181,41,13,951.9250000000001,374,0.2265193370165746,0.013656538067599863,9.121951219512194
125s non-causal,0.92,181,38,10,951.9250000000001,466,0.20994475138121546,0.010505029282769125,12.263157894736842
125s non-causal,0.93,181,35,7,951.9250000000001,370,0.19337016574585636,0.007353520497938387,10.571428571428571
125s non-causal,0.94,181,30,6,951.9250000000001,316,0.16574585635359115,0.006303017569661475,10.533333333333333
125s non-causal,0.95,181,26,6,951.9250000000001,275,0.143646408839779,0.006303017569661475,10.576923076923077
125s non-causal,0.96,181,25,6,951.9250000000001,369,0.13812154696132597,0.006303017569661475,14.76
125s non-causal,0.97,181,21,6,951.9250000000001,373,0.11602209944751381,0.006303017569661475,17.761904761904763
125s non-causal,0.98,181,16,4,951.9250000000001,425,0.08839779005524862,0.00420201171310765,26.5625
125s non-causal,0.99,181,5,3,951.9250000000001,162,0.027624309392265192,0.0031515087848307376,32.4
125s non-causal avg,0.01,181,181,539,951.9250000000001,0,1.0,0.5662210783412558,0.0
125s non-causal avg,0.02,181,181,616,951.9250000000001,0,1.0,0.6471098038185781,0.0
125s non-causal avg,0.03,181,181,813,951.9250000000001,0,1.0,0.8540588806891298,0.0
125s non-causal avg,0.04,181,181,1050,951.9250000000001,0,1.0,1.1030280746907581,0.0
125s non-causal avg,0.05,181,181,1284,951.9250000000001,0,1.0,1.3488457599075556,0.0
125s non-causal avg,0.06,181,181,1458,951.9250000000001,0,1.0,1.5316332694277384,0.0
125s non-causal avg,0.07,181,181,1582,951.9250000000001,0,1.0,1.6618956325340755,0.0
125s non-causal avg,0.08,181,181,1777,951.9250000000001,0,1.0,1.8667437035480734,0.0
125s non-causal avg,0.09,181,181,2011,951.9250000000001,0,1.0,2.112561388764871,0.0
125s non-causal avg,0.1,181,181,2059,951.9250000000001,0,1.0,2.162985529322163,0.0
125s non-causal avg,0.11,181,181,2201,951.9250000000001,0,1.0,2.3121569451374846,0.0
125s non-causal avg,0.12,181,180,2396,951.9250000000001,0,0.994475138121547,2.5170050161514825,0.0
125s non-causal avg,0.13,181,180,2439,951.9250000000001,0,0.994475138121547,2.5621766420673895,0.0
125s non-causal avg,0.14,181,180,2689,951.9250000000001,0,0.994475138121547,2.8248023741366177,0.0
125s non-causal avg,0.15,181,179,2782,951.9250000000001,0,0.988950276243094,2.9224991464663708,0.0
125s non-causal avg,0.16,181,179,2877,951.9250000000001,0,0.988950276243094,3.0222969246526774,0.0
125s non-causal avg,0.17,181,179,2998,951.9250000000001,0,0.988950276243094,3.1494077789741834,0.0
125s non-causal avg,0.18,181,179,3114,951.9250000000001,9,0.988950276243094,3.2712661186543057,0.05027932960893855
125s non-causal avg,0.19,181,179,3099,951.9250000000001,16,0.988950276243094,3.2555085747301518,0.0893854748603352
125s non-causal avg,0.2,181,178,3159,951.9250000000001,20,0.9834254143646409,3.3185387504267667,0.11235955056179775
125s non-causal avg,0.21,181,177,2927,951.9250000000001,62,0.9779005524861878,3.074822071066523,0.3502824858757062
125s non-causal avg,0.22,181,177,2894,951.9250000000001,84,0.9779005524861878,3.040155474433385,0.4745762711864407
125s non-causal avg,0.23,181,176,2815,951.9250000000001,117,0.9723756906077348,2.957165743099509,0.6647727272727273
125s non-causal avg,0.24,181,174,2738,951.9250000000001,4,0.9613259668508287,2.8762770176221863,0.022988505747126436
125s non-causal avg,0.25,181,174,2599,951.9250000000001,18,0.9613259668508287,2.7302571105916957,0.10344827586206896
125s non-causal avg,0.26,181,174,2366,951.9250000000001,30,0.9613259668508287,2.485489928303175,0.1724137931034483
125s non-causal avg,0.27,181,174,2282,951.9250000000001,48,0.9613259668508287,2.3972476823279143,0.27586206896551724
125s non-causal avg,0.28,181,173,2138,951.9250000000001,51,0.9558011049723757,2.245975260656039,0.2947976878612717
125s non-causal avg,0.29,181,172,2021,951.9250000000001,61,0.9502762430939227,2.12306641804764,0.3546511627906977
125s non-causal avg,0.3,181,172,1966,951.9250000000001,74,0.9502762430939227,2.06528875699241,0.43023255813953487
125s non-causal avg,0.31,181,169,1907,951.9250000000001,36,0.9337016574585635,2.003309084224072,0.21301775147928995
125s non-causal avg,0.32,181,166,1706,951.9250000000001,46,0.9171270718232044,1.7921579956404128,0.27710843373493976
125s non-causal avg,0.33,181,164,1545,951.9250000000001,39,0.9060773480662984,1.6230270241878297,0.23780487804878048
125s non-causal avg,0.34,181,161,1377,951.9250000000001,52,0.8895027624309392,1.4465425322373084,0.32298136645962733
125s non-causal avg,0.35,181,156,1196,951.9250000000001,80,0.861878453038674,1.2564015022191874,0.5128205128205128
125s non-causal avg,0.36,181,153,1021,951.9250000000001,112,0.8453038674033149,1.0725634897707277,0.7320261437908496
125s non-causal avg,0.37,181,147,953,951.9250000000001,90,0.8121546961325967,1.0011292906478977,0.6122448979591837
125s non-causal avg,0.38,181,145,834,951.9250000000001,136,0.8011049723756906,0.876119442182945,0.9379310344827586
125s non-causal avg,0.39,181,141,796,951.9250000000001,256,0.7790055248618785,0.8362003309084224,1.8156028368794326
125s non-causal avg,0.4,181,136,794,951.9250000000001,223,0.7513812154696132,0.8340993250518686,1.6397058823529411
125s non-causal avg,0.41,181,132,782,951.9250000000001,246,0.7292817679558011,0.8214932899125456,1.8636363636363635
125s non-causal avg,0.42,181,128,662,951.9250000000001,233,0.7071823204419889,0.6954329385193161,1.8203125
125s non-causal avg,0.43,181,123,487,951.9250000000001,190,0.6795580110497238,0.5115949260708564,1.5447154471544715
125s non-causal avg,0.44,181,116,370,951.9250000000001,270,0.6408839779005525,0.38868608346245764,2.3275862068965516
125s non-causal avg,0.45,181,107,295,951.9250000000001,233,0.5911602209944752,0.3098983638416892,2.177570093457944
125s non-causal avg,0.46,181,103,239,951.9250000000001,401,0.569060773480663,0.2510701998581821,3.8932038834951457
125s non-causal avg,0.47,181,95,179,951.9250000000001,426,0.5248618784530387,0.18804002416156734,4.484210526315789
125s non-causal avg,0.48,181,92,158,951.9250000000001,566,0.5082872928176796,0.16597946266775218,6.1521739130434785
125s non-causal avg,0.49,181,88,155,951.9250000000001,567,0.4861878453038674,0.16282795388292143,6.443181818181818
125s non-causal avg,0.5,181,86,90,951.9250000000001,805,0.47513812154696133,0.09454526354492213,9.36046511627907
125s non-causal avg,0.51,181,81,66,951.9250000000001,902,0.44751381215469616,0.06933319326627622,11.135802469135802
125s non-causal avg,0.52,181,76,58,951.9250000000001,980,0.4198895027624309,0.06092916984006092,12.894736842105264
125s non-causal avg,0.53,181,72,55,951.9250000000001,1020,0.39779005524861877,0.05777766105523019,14.166666666666666
125s non-causal avg,0.54,181,67,41,951.9250000000001,1043,0.3701657458563536,0.043070620059353415,15.567164179104477
125s non-causal avg,0.55,181,63,32,951.9250000000001,1094,0.34806629834254144,0.0336160937048612,17.365079365079364
125s non-causal avg,0.56,181,62,35,951.9250000000001,1368,0.3425414364640884,0.036767602489691936,22.06451612903226
125s non-causal avg,0.57,181,58,29,951.9250000000001,1421,0.32044198895027626,0.03046458492003046,24.5
125s non-causal avg,0.58,181,53,30,951.9250000000001,1273,0.292817679558011,0.03151508784830737,24.0188679245283
125s non-causal avg,0.59,181,51,24,951.9250000000001,1289,0.281767955801105,0.0252120702786459,25.274509803921568
125s non-causal avg,0.6,181,48,18,951.9250000000001,1229,0.26519337016574585,0.018909052708984426,25.604166666666668
125s non-causal avg,0.61,181,47,15,951.9250000000001,1274,0.2596685082872928,0.015757543924153686,27.106382978723403
125s non-causal avg,0.62,181,45,12,951.9250000000001,1290,0.24861878453038674,0.01260603513932295,28.666666666666668
125s non-causal avg,0.63,181,45,10,951.9250000000001,1450,0.24861878453038674,0.010505029282769125,32.22222222222222
125s non-causal avg,0.64,181,41,9,951.9250000000001,1365,0.2265193370165746,0.009454526354492213,33.292682926829265
125s non-causal avg,0.65,181,38,9,951.9250000000001,1331,0.20994475138121546,0.009454526354492213,35.026315789473685
125s non-causal avg,0.66,181,34,9,951.9250000000001,1484,0.1878453038674033,0.009454526354492213,43.64705882352941
125s non-causal avg,0.67,181,34,9,951.9250000000001,1601,0.1878453038674033,0.009454526354492213,47.088235294117645
125s non-causal avg,0.68,181,31,10,951.9250000000001,1524,0.1712707182320442,0.010505029282769125,49.16129032258065
125s non-causal avg,0.69,181,29,10,951.9250000000001,1518,0.16022099447513813,0.010505029282769125,52.3448275862069
125s non-causal avg,0.7,181,28,8,951.9250000000001,1516,0.15469613259668508,0.0084040234262153,54.142857142857146
125s non-causal avg,0.71,181,25,5,951.9250000000001,1434,0.13812154696132597,0.0052525146413845624,57.36
125s non-causal avg,0.72,181,21,4,951.9250000000001,1272,0.11602209944751381,0.00420201171310765,60.57142857142857
125s non-causal avg,0.73,181,20,4,951.9250000000001,1284,0.11049723756906077,0.00420201171310765,64.2
125s non-causal avg,0.74,181,19,4,951.9250000000001,1255,0.10497237569060773,0.00420201171310765,66.05263157894737
125s non-causal avg,0.75,181,19,3,951.9250000000001,1311,0.10497237569060773,0.0031515087848307376,69.0
125s non-causal avg,0.76,181,17,3,951.9250000000001,1228,0.09392265193370165,0.0031515087848307376,72.23529411764706
125s non-causal avg,0.77,181,16,3,951.9250000000001,1222,0.08839779005524862,0.0031515087848307376,76.375
125s non-causal avg,0.78,181,15,3,951.9250000000001,1215,0.08287292817679558,0.0031515087848307376,81.0
125s non-causal avg,0.79,181,14,3,951.9250000000001,669,0.07734806629834254,0.0031515087848307376,47.785714285714285
125s non-causal avg,0.8,181,12,3,951.9250000000001,582,0.06629834254143646,0.0031515087848307376,48.5
125s non-causal avg,0.81,181,11,3,951.9250000000001,580,0.06077348066298342,0.0031515087848307376,52.72727272727273
125s non-causal avg,0.82,181,8,3,951.9250000000001,432,0.04419889502762431,0.0031515087848307376,54.0
125s non-causal avg,0.83,181,5,3,951.9250000000001,259,0.027624309392265192,0.0031515087848307376,51.8
125s non-causal avg,0.84,181,4,3,951.9250000000001,208,0.022099447513812154,0.0031515087848307376,52.0
125s non-causal avg,0.85,181,3,3,951.9250000000001,147,0.016574585635359115,0.0031515087848307376,49.0
125s non-causal avg,0.86,181,3,3,951.9250000000001,157,0.016574585635359115,0.0031515087848307376,52.333333333333336
125s non-causal avg,0.87,181,2,3,951.9250000000001,97,0.011049723756906077,0.0031515087848307376,48.5
125s non-causal avg,0.88,181,2,3,951.9250000000001,102,0.011049723756906077,0.0031515087848307376,51.0
125s non-causal avg,0.89,181,1,3,951.9250000000001,43,0.0055248618784530384,0.0031515087848307376,43.0
125s non-causal avg,0.9,181,1,3,951.9250000000001,47,0.0055248618784530384,0.0031515087848307376,47.0
125s non-causal avg,0.91,181,0,2,951.9250000000001,0,0.0,0.002101005856553825,
125s non-causal avg,0.92,181,0,2,951.9250000000001,0,0.0,0.002101005856553825,
125s non-causal avg,0.93,181,0,2,951.9250000000001,0,0.0,0.002101005856553825,
125s non-causal avg,0.94,181,0,1,951.9250000000001,0,0.0,0.0010505029282769124,
125s non-causal avg,0.95,181,0,0,951.9250000000001,0,0.0,0.0,
125s non-causal avg,0.96,181,0,0,951.9250000000001,0,0.0,0.0,
125s non-causal avg,0.97,181,0,0,951.9250000000001,0,0.0,0.0,
125s non-causal avg,0.98,181,0,0,951.9250000000001,0,0.0,0.0,
125s non-causal avg,0.99,181,0,0,951.9250000000001,0,0.0,0.0,
13s causal,0.01,181,181,5711,951.9250000000001,0,1.0,5.999422223389447,0.0
13s causal,0.02,181,181,12087,951.9250000000001,5,1.0,12.69742889408304,0.027624309392265192
13s causal,0.03,181,181,20293,951.9250000000001,13,1.0,21.317855923523386,0.0718232044198895
13s causal,0.04,181,181,26169,951.9250000000001,18,1.0,27.490611130078523,0.09944751381215469
13s causal,0.05,181,181,30156,951.9250000000001,44,1.0,31.678966305118575,0.2430939226519337
13s causal,0.06,181,181,32528,951.9250000000001,59,1.0,34.17075925099141,0.3259668508287293
13s causal,0.07,181,181,33691,951.9250000000001,73,1.0,35.392494156577456,0.40331491712707185
13s causal,0.08,181,181,35053,951.9250000000001,83,1.0,36.82327914489061,0.4585635359116022
13s causal,0.09,181,181,35625,951.9250000000001,101,1.0,37.42416681986501,0.5580110497237569
13s causal,0.1,181,181,35217,951.9250000000001,118,1.0,36.995561625128026,0.6519337016574586
13s causal,0.11,181,181,34573,951.9250000000001,142,1.0,36.31903773931769,0.7845303867403315
13s causal,0.12,181,181,33533,951.9250000000001,193,1.0,35.22651469390971,1.0662983425414365
13s causal,0.13,181,181,32303,951.9250000000001,216,1.0,33.934396092129106,1.1933701657458564
13s causal,0.14,181,181,30827,951.9250000000001,241,1.0,32.383853769992385,1.3314917127071824
13s causal,0.15,181,181,29289,951.9250000000001,254,1.0,30.76818026630249,1.4033149171270718
13s causal,0.16,181,181,27642,951.9250000000001,294,1.0,29.038001943430416,1.6243093922651934
13s causal,0.17,181,181,25996,951.9250000000001,335,1.0,27.308874123486618,1.850828729281768
13s causal,0.18,181,181,24425,951.9250000000001,355,1.0,25.658534023163586,1.9613259668508287
13s causal,0.19,181,181,22802,951.9250000000001,385,1.0,23.95356777057016,2.1270718232044197
13s causal,0.2,181,181,21164,951.9250000000001,422,1.0,22.232843974052575,2.3314917127071824
13s causal,0.21,181,180,19989,951.9250000000001,435,0.994475138121547,20.998503033327204,2.4166666666666665
13s causal,0.22,181,178,18459,951.9250000000001,456,0.9834254143646409,19.39123355306353,2.561797752808989
13s causal,0.23,181,177,17385,951.9250000000001,480,0.9779005524861878,18.262993408094125,2.711864406779661
13s causal,0.24,181,176,16267,951.9250000000001,503,0.9723756906077348,17.088531134280537,2.8579545454545454
13s causal,0.25,181,176,14903,951.9250000000001,560,0.9723756906077348,15.655645140110828,3.1818181818181817
13s causal,0.26,181,176,13279,951.9250000000001,596,0.9723756906077348,13.94962838458912,3.3863636363636362
13s causal,0.27,181,176,11485,951.9250000000001,628,0.9723756906077348,12.06502613126034,3.5681818181818183
13s causal,0.28,181,175,10091,951.9250000000001,587,0.9668508287292817,10.600625049242325,3.354285714285714
13s causal,0.29,181,174,8981,951.9250000000001,586,0.9613259668508287,9.43456679885495,3.367816091954023
13s causal,0.3,181,174,8062,951.9250000000001,610,0.9613259668508287,8.469154607768468,3.5057471264367814
13s causal,0.31,181,174,7272,951.9250000000001,645,0.9613259668508287,7.639257294429708,3.706896551724138
13s causal,0.32,181,173,6489,951.9250000000001,660,0.9558011049723757,6.816713501588885,3.815028901734104
13s causal,0.33,181,171,5823,951.9250000000001,675,0.9447513812154696,6.117078551356461,3.9473684210526314
13s causal,0.34,181,171,5255,951.9250000000001,701,0.9447513812154696,5.520392888095175,4.099415204678363
13s causal,0.35,181,170,4763,951.9250000000001,708,0.9392265193370166,5.003545447382934,4.1647058823529415
13s causal,0.36,181,169,4323,951.9250000000001,722,0.9337016574585635,4.541324158941093,4.272189349112426
13s causal,0.37,181,168,3891,951.9250000000001,733,0.9281767955801105,4.087506893925466,4.363095238095238
13s causal,0.38,181,168,3522,951.9250000000001,788,0.9281767955801105,3.6998713133912857,4.690476190476191
13s causal,0.39,181,165,3245,951.9250000000001,815,0.9116022099447514,3.408882002258581,4.9393939393939394
13s causal,0.4,181,165,2962,951.9250000000001,828,0.9116022099447514,3.1115896735562147,5.0181818181818185
13s causal,0.41,181,164,2695,951.9250000000001,801,0.9060773480662984,2.8311053917062794,4.884146341463414
13s causal,0.42,181,163,2470,951.9250000000001,821,0.9005524861878453,2.594742232843974,5.03680981595092
13s causal,0.43,181,161,2247,951.9250000000001,851,0.8895027624309392,2.360480079838222,5.285714285714286
13s causal,0.44,181,160,2063,951.9250000000001,874,0.8839779005524862,2.1671875410352706,5.4625
13s causal,0.45,181,159,1886,951.9250000000001,870,0.8784530386740331,1.981248522730257,5.471698113207547
13s causal,0.46,181,158,1737,951.9250000000001,942,0.8729281767955801,1.824723586416997,5.962025316455696
13s causal,0.47,181,157,1598,951.9250000000001,959,0.8674033149171271,1.6787036793865062,6.10828025477707
13s causal,0.48,181,157,1477,951.9250000000001,977,0.8674033149171271,1.5515928250649997,6.222929936305732
13s causal,0.49,181,155,1375,951.9250000000001,1017,0.856353591160221,1.4444415263807546,6.561290322580645
13s causal,0.5,181,155,1287,951.9250000000001,1033,0.856353591160221,1.3519972686923865,6.664516129032258
13s causal,0.51,181,153,1214,951.9250000000001,1028,0.8453038674033149,1.2753105549281718,6.718954248366013
13s causal,0.52,181,153,1125,951.9250000000001,1053,0.8453038674033149,1.1818157943115266,6.882352941176471
13s causal,0.53,181,153,1053,951.9250000000001,1110,0.8453038674033149,1.1061795834755888,7.254901960784314
13s causal,0.54,181,153,966,951.9250000000001,1164,0.8453038674033149,1.0147858287154974,7.607843137254902
13s causal,0.55,181,151,903,951.9250000000001,1089,0.8342541436464088,0.948604144234052,7.211920529801325
13s causal,0.56,181,151,845,951.9250000000001,1124,0.8342541436464088,0.887674974393991,7.443708609271523
13s causal,0.57,181,151,758,951.9250000000001,1154,0.8342541436464088,0.7962812196338996,7.642384105960265
13s causal,0.58,181,150,705,951.9250000000001,1157,0.8287292817679558,0.7406045644352233,7.713333333333333
13s causal,0.59,181,148,656,951.9250000000001,1106,0.8176795580110497,0.6891299209496546,7.472972972972973
13s causal,0.6,181,146,596,951.9250000000001,1115,0.8066298342541437,0.6260997452530398,7.636986301369863
13s causal,0.61,181,144,554,951.9250000000001,1097,0.7955801104972375,0.5819786222654095,7.618055555555555
13s causal,0.62,181,143,505,951.9250000000001,1116,0.7900552486187845,0.5305039787798408,7.804195804195804
13s causal,0.63,181,142,464,951.9250000000001,1138,0.7845303867403315,0.4874333587204874,8.014084507042254
13s causal,0.64,181,141,428,951.9250000000001,1144,0.7790055248618785,0.44961525330251856,8.113475177304965
13s causal,0.65,181,140,383,951.9250000000001,1181,0.7734806629834254,0.4023426215300575,8.435714285714285
13s causal,0.66,181,136,361,951.9250000000001,1244,0.7513812154696132,0.3792315571079654,9.147058823529411
13s causal,0.67,181,135,334,951.9250000000001,1276,0.7458563535911602,0.35086797804448877,9.451851851851853
13s causal,0.68,181,131,295,951.9250000000001,1322,0.7237569060773481,0.3098983638416892,10.091603053435115
13s causal,0.69,181,130,262,951.9250000000001,1337,0.7182320441988951,0.2752317672085511,10.284615384615385
13s causal,0.7,181,128,231,951.9250000000001,1395,0.7071823204419889,0.24266617643196678,10.8984375
13s causal,0.71,181,124,208,951.9250000000001,1366,0.6850828729281768,0.2185046090815978,11.016129032258064
13s causal,0.72,181,123,189,951.9250000000001,1300,0.6795580110497238,0.19854505344433646,10.56910569105691
13s causal,0.73,181,119,170,951.9250000000001,1267,0.6574585635359116,0.1785854978070751,10.647058823529411
13s causal,0.74,181,116,146,951.9250000000001,1241,0.6408839779005525,0.15337342752842922,10.698275862068966
13s causal,0.75,181,113,118,951.9250000000001,1229,0.6243093922651933,0.12395934553667567,10.876106194690266
13s causal,0.76,181,106,103,951.9250000000001,1146,0.585635359116022,0.10820180161252199,10.81132075471698
13s causal,0.77,181,104,93,951.9250000000001,1161,0.574585635359116,0.09769677232975287,11.163461538461538
13s causal,0.78,181,101,80,951.9250000000001,1164,0.5580110497237569,0.084040234262153,11.524752475247524
13s causal,0.79,181,98,76,951.9250000000001,1189,0.5414364640883977,0.07983822254904535,12.13265306122449
13s causal,0.8,181,95,62,951.9250000000001,1346,0.5248618784530387,0.06513118155316858,14.16842105263158
13s causal,0.81,181,86,50,951.9250000000001,1710,0.47513812154696133,0.052525146413845626,19.88372093023256
13s causal,0.82,181,81,45,951.9250000000001,1733,0.44751381215469616,0.04727263177246106,21.395061728395063
13s causal,0.83,181,73,40,951.9250000000001,1669,0.40331491712707185,0.0420201171310765,22.863013698630137
13s causal,0.84,181,62,35,951.9250000000001,1442,0.3425414364640884,0.036767602489691936,23.258064516129032
13s causal,0.85,181,51,30,951.9250000000001,1310,0.281767955801105,0.03151508784830737,25.686274509803923
13s causal,0.86,181,43,22,951.9250000000001,671,0.23756906077348067,0.023111064422092074,15.604651162790697
13s causal,0.87,181,40,17,951.9250000000001,700,0.22099447513812154,0.017858549780707514,17.5
13s causal,0.88,181,35,15,951.9250000000001,540,0.19337016574585636,0.015757543924153686,15.428571428571429
13s causal,0.89,181,29,16,951.9250000000001,394,0.16022099447513813,0.0168080468524306,13.586206896551724
13s causal,0.9,181,26,14,951.9250000000001,372,0.143646408839779,0.014707040995876774,14.307692307692308
13s causal,0.91,181,21,11,951.9250000000001,314,0.11602209944751381,0.011555532211046037,14.952380952380953
13s causal,0.92,181,19,9,951.9250000000001,272,0.10497237569060773,0.009454526354492213,14.31578947368421
13s causal,0.93,181,14,8,951.9250000000001,218,0.07734806629834254,0.0084040234262153,15.571428571428571
13s causal,0.94,181,13,6,951.9250000000001,210,0.0718232044198895,0.006303017569661475,16.153846153846153
13s causal,0.95,181,12,4,951.9250000000001,291,0.06629834254143646,0.00420201171310765,24.25
13s causal,0.96,181,9,4,951.9250000000001,174,0.049723756906077346,0.00420201171310765,19.333333333333332
13s causal,0.97,181,8,3,951.9250000000001,185,0.04419889502762431,0.0031515087848307376,23.125
13s causal,0.98,181,3,0,951.9250000000001,42,0.016574585635359115,0.0,14.0
13s causal,0.99,181,1,0,951.9250000000001,18,0.0055248618784530384,0.0,18.0
13s causal avg,0.01,181,181,740,951.9250000000001,0,1.0,0.7773721669249153,0.0
13s causal avg,0.02,181,181,1637,951.9250000000001,0,1.0,1.7196732935893058,0.0
13s causal avg,0.03,181,181,2984,951.9250000000001,0,1.0,3.134700737978307,0.0
13s causal avg,0.04,181,181,4396,951.9250000000001,0,1.0,4.618010872705307,0.0
13s causal avg,0.05,181,181,5739,951.9250000000001,0,1.0,6.0288363053812,0.0
13s causal avg,0.06,181,181,6959,951.9250000000001,0,1.0,7.310449877879034,0.0
13s causal avg,0.07,181,181,8105,951.9250000000001,1,1.0,8.514326233684375,0.0055248618784530384
13s causal avg,0.08,181,181,9504,951.9250000000001,5,1.0,9.983979830343776,0.027624309392265192
13s causal avg,0.09,181,181,10610,951.9250000000001,9,1.0,11.145836069018042,0.049723756906077346
13s causal avg,0.1,181,181,11730,951.9250000000001,11,1.0,12.322399348688183,0.06077348066298342
13s causal avg,0.11,181,181,12849,951.9250000000001,11,1.0,13.497912125430048,0.06077348066298342
13s causal avg,0.12,181,181,13998,951.9250000000001,14,1.0,14.704939990020222,0.07734806629834254
13s causal avg,0.13,181,181,15171,951.9250000000001,35,1.0,15.937179924889039,0.19337016574585636
13s causal avg,0.14,181,181,16385,951.9250000000001,40,1.0,17.212490479817212,0.22099447513812154
13s causal avg,0.15,181,181,17444,951.9250000000001,56,1.0,18.324973080862463,0.30939226519337015
13s causal avg,0.16,181,181,18410,951.9250000000001,62,1.0,19.33975890957796,0.3425414364640884
13s causal avg,0.17,181,181,19044,951.9250000000001,72,1.0,20.00577776610552,0.39779005524861877
13s causal avg,0.18,181,181,19821,951.9250000000001,83,1.0,20.822018541376682,0.4585635359116022
13s causal avg,0.19,181,181,20258,951.9250000000001,93,1.0,21.281088321033693,0.5138121546961326
13s causal avg,0.2,181,181,20495,951.9250000000001,115,1.0,21.53005751503532,0.6353591160220995
13s causal avg,0.21,181,181,20515,951.9250000000001,123,1.0,21.55106757360086,0.6795580110497238
13s causal avg,0.22,181,181,20441,951.9250000000001,137,1.0,21.473330356908367,0.7569060773480663
13s causal avg,0.23,181,181,20124,951.9250000000001,160,1.0,21.140320928644588,0.8839779005524862
13s causal avg,0.24,181,181,19880,951.9250000000001,184,1.0,20.88399821414502,1.0165745856353592
13s causal avg,0.25,181,181,19502,951.9250000000001,220,1.0,20.486908107256347,1.2154696132596685
13s causal avg,0.26,181,181,19010,951.9250000000001,247,1.0,19.970060666544107,1.3646408839779005
13s causal avg,0.27,181,181,18513,951.9250000000001,277,1.0,19.447960711190483,1.5303867403314917
13s causal avg,0.28,181,181,18035,951.9250000000001,310,1.0,18.945820311474115,1.712707182320442
13s causal avg,0.29,181,180,17299,951.9250000000001,327,0.994475138121547,18.17265015626231,1.8166666666666667
13s causal avg,0.3,181,180,16646,951.9250000000001,395,0.994475138121547,17.486671744097485,2.1944444444444446
13s causal avg,0.31,181,180,15952,951.9250000000001,414,0.994475138121547,16.757622711873307,2.3
13s causal avg,0.32,181,180,15236,951.9250000000001,450,0.994475138121547,16.00546261522704,2.5
13s causal avg,0.33,181,179,14346,951.9250000000001,476,0.988950276243094,15.070515009060587,2.659217877094972
13s causal avg,0.34,181,179,13502,951.9250000000001,507,0.988950276243094,14.183890537594873,2.8324022346368714
13s causal avg,0.35,181,179,12779,951.9250000000001,540,0.988950276243094,13.424376920450666,3.016759776536313
13s causal avg,0.36,181,179,12085,951.9250000000001,585,0.988950276243094,12.695327888226487,3.2681564245810057
13s causal avg,0.37,181,178,11297,951.9250000000001,632,0.9834254143646409,11.86753158074428,3.550561797752809
13s causal avg,0.38,181,178,10467,951.9250000000001,675,0.9834254143646409,10.995614150274443,3.792134831460674
13s causal avg,0.39,181,178,9757,951.9250000000001,731,0.9834254143646409,10.249757071197836,4.106741573033708
13s causal avg,0.4,181,178,9233,951.9250000000001,784,0.9834254143646409,9.699293536780733,4.404494382022472
13s causal avg,0.41,181,178,8587,951.9250000000001,863,0.9834254143646409,9.020668645113847,4.848314606741573
13s causal avg,0.42,181,178,7886,951.9250000000001,923,0.9834254143646409,8.284266092391732,5.185393258426966
13s causal avg,0.43,181,178,6991,951.9250000000001,989,0.9834254143646409,7.344065971583896,5.556179775280899
13s causal avg,0.44,181,178,6016,951.9250000000001,1037,0.9834254143646409,6.3198256165139055,5.825842696629214
13s causal avg,0.45,181,175,5113,951.9250000000001,1095,0.9668508287292817,5.371221472279854,6.257142857142857
13s causal avg,0.46,181,172,4187,951.9250000000001,1080,0.9502762430939227,4.398455760695432,6.27906976744186
13s causal avg,0.47,181,172,3498,951.9250000000001,1142,0.9502762430939227,3.67465924311264,6.6395348837209305
13s causal avg,0.48,181,172,2980,951.9250000000001,1197,0.9502762430939227,3.1304987262651993,6.959302325581396
13s causal avg,0.49,181,170,2584,951.9250000000001,1202,0.9392265193370166,2.7144995666675418,7.070588235294117
13s causal avg,0.5,181,169,2304,951.9250000000001,1247,0.9337016574585635,2.4203587467500065,7.378698224852071
13s causal avg,0.51,181,167,1979,951.9250000000001,1269,0.9226519337016574,2.07894529506001,7.598802395209581
13s causal avg,0.52,181,166,1636,951.9250000000001,1302,0.9171270718232044,1.7186227906610287,7.843373493975903
13s causal avg,0.53,181,164,1343,951.9250000000001,1329,0.9060773480662984,1.4108254326758936,8.103658536585366
13s causal avg,0.54,181,163,1155,951.9250000000001,1361,0.9005524861878453,1.2133308821598339,8.349693251533742
13s causal avg,0.55,181,159,991,951.9250000000001,1354,0.8784530386740331,1.0410484019224202,8.515723270440251
13s causal avg,0.56,181,159,848,951.9250000000001,1408,0.8784530386740331,0.8908264831788218,8.855345911949685
13s causal avg,0.57,181,159,725,951.9250000000001,1450,0.8784530386740331,0.7616146230007615,9.119496855345911
13s causal avg,0.58,181,159,625,951.9250000000001,1496,0.8784530386740331,0.6565643301730704,9.40880503144654
13s causal avg,0.59,181,157,549,951.9250000000001,1464,0.8674033149171271,0.576726107624025,9.32484076433121
13s causal avg,0.6,181,156,469,951.9250000000001,1510,0.861878453038674,0.492685873361872,9.679487179487179
13s causal avg,0.61,181,156,406,951.9250000000001,1599,0.861878453038674,0.42650418888042646,10.25
13s causal avg,0.62,181,155,347,951.9250000000001,1700,0.856353591160221,0.36452451611208864,10.96774193548387
13s causal avg,0.63,181,152,294,951.9250000000001,1660,0.8397790055248618,0.30884786091341226,10.921052631578947
13s causal avg,0.64,181,150,273,951.9250000000001,1677,0.8287292817679558,0.28678729941959713,11.18
13s causal avg,0.65,181,150,241,951.9250000000001,1725,0.8287292817679558,0.2531712057147359,11.5
13s causal avg,0.66,181,148,214,951.9250000000001,1749,0.8176795580110497,0.22480762665125928,11.817567567567568
13s causal avg,0.67,181,147,197,951.9250000000001,1816,0.8121546961325967,0.20694907687055175,12.353741496598639
13s causal avg,0.68,181,145,177,951.9250000000001,1853,0.8011049723756906,0.1859390183050135,12.779310344827586
13s causal avg,0.69,181,143,153,951.9250000000001,1889,0.7900552486187845,0.1607269480263676,13.20979020979021
13s causal avg,0.7,181,142,126,951.9250000000001,1921,0.7845303867403315,0.13236336896289097,13.528169014084508
13s causal avg,0.71,181,139,108,951.9250000000001,1948,0.7679558011049724,0.11345431625390655,14.014388489208633
13s causal avg,0.72,181,137,96,951.9250000000001,2004,0.7569060773480663,0.1008482811145836,14.627737226277372
13s causal avg,0.73,181,134,82,951.9250000000001,1956,0.7403314917127072,0.08614124011870683,14.597014925373134
13s causal avg,0.74,181,127,71,951.9250000000001,1836,0.7016574585635359,0.07458570790766078,14.456692913385826
13s causal avg,0.75,181,127,65,951.9250000000001,1903,0.7016574585635359,0.06828269033799932,14.984251968503937
13s causal avg,0.76,181,125,59,951.9250000000001,1987,0.6906077348066298,0.06197967276833784,15.896
13s causal avg,0.77,181,123,54,951.9250000000001,2560,0.6795580110497238,0.056727158126953274,20.8130081300813
13s causal avg,0.78,181,123,53,951.9250000000001,2661,0.6795580110497238,0.055676655198676366,21.634146341463413
13s causal avg,0.79,181,119,40,951.9250000000001,2708,0.6574585635359116,0.0420201171310765,22.756302521008404
13s causal avg,0.8,181,112,34,951.9250000000001,2679,0.6187845303867403,0.03571709956141503,23.919642857142858
13s causal avg,0.81,181,105,26,951.9250000000001,2529,0.580110497237569,0.027313076135199725,24.085714285714285
13s causal avg,0.82,181,101,23,951.9250000000001,2686,0.5580110497237569,0.02416156735036899,26.594059405940595
13s causal avg,0.83,181,96,19,951.9250000000001,2652,0.5303867403314917,0.019959555637261338,27.625
13s causal avg,0.84,181,92,19,951.9250000000001,2768,0.5082872928176796,0.019959555637261338,30.08695652173913
13s causal avg,0.85,181,77,18,951.9250000000001,1825,0.425414364640884,0.018909052708984426,23.7012987012987
13s causal avg,0.86,181,68,16,951.9250000000001,1762,0.3756906077348066,0.0168080468524306,25.91176470588235
13s causal avg,0.87,181,59,14,951.9250000000001,1461,0.3259668508287293,0.014707040995876774,24.76271186440678
13s causal avg,0.88,181,48,13,951.9250000000001,1241,0.26519337016574585,0.013656538067599863,25.854166666666668
13s causal avg,0.89,181,44,12,951.9250000000001,1262,0.2430939226519337,0.01260603513932295,28.681818181818183
13s causal avg,0.9,181,32,14,951.9250000000001,839,0.17679558011049723,0.014707040995876774,26.21875
13s causal avg,0.91,181,23,12,951.9250000000001,695,0.1270718232044199,0.01260603513932295,30.217391304347824
13s causal avg,0.92,181,19,10,951.9250000000001,547,0.10497237569060773,0.010505029282769125,28.789473684210527
13s causal avg,0.93,181,15,8,951.9250000000001,593,0.08287292817679558,0.0084040234262153,39.53333333333333
13s causal avg,0.94,181,9,5,951.9250000000001,454,0.049723756906077346,0.0052525146413845624,50.44444444444444
13s causal avg,0.95,181,8,3,951.9250000000001,431,0.04419889502762431,0.0031515087848307376,53.875
13s causal avg,0.96,181,4,3,951.9250000000001,181,0.022099447513812154,0.0031515087848307376,45.25
13s causal avg,0.97,181,2,3,951.9250000000001,152,0.011049723756906077,0.0031515087848307376,76.0
13s causal avg,0.98,181,0,1,951.9250000000001,0,0.0,0.0010505029282769124,
13s causal avg,0.99,181,0,0,951.9250000000001,0,0.0,0.0,
13s non-causal,0.01,181,181,11124,951.9250000000001,2,1.0,11.685794574152375,0.011049723756906077
13s non-causal,0.02,181,181,21505,951.9250000000001,9,1.0,22.591065472595,0.049723756906077346
13s non-causal,0.03,181,181,25442,951.9250000000001,51,1.0,26.726895501221207,0.281767955801105
13s non-causal,0.04,181,181,26215,951.9250000000001,98,1.0,27.53893426477926,0.5414364640883977
13s non-causal,0.05,181,181,26143,951.9250000000001,118,1.0,27.463298053943323,0.6519337016574586
13s non-causal,0.06,181,180,25727,951.9250000000001,109,0.994475138121547,27.02628883578013,0.6055555555555555
13s non-causal,0.07,181,180,25395,951.9250000000001,125,0.994475138121547,26.677521863592194,0.6944444444444444
13s non-causal,0.08,181,180,25287,951.9250000000001,133,0.994475138121547,26.564067547338286,0.7388888888888889
13s non-causal,0.09,181,180,24726,951.9250000000001,149,0.994475138121547,25.97473540457494,0.8277777777777777
13s non-causal,0.1,181,179,23987,951.9250000000001,158,0.988950276243094,25.1984137405783,0.88268156424581
13s non-causal,0.11,181,179,23163,951.9250000000001,170,0.988950276243094,24.332799327678124,0.9497206703910615
13s non-causal,0.12,181,179,22421,951.9250000000001,174,0.988950276243094,23.553326154896656,0.9720670391061452
13s non-causal,0.13,181,179,21307,951.9250000000001,182,0.988950276243094,22.383065892796175,1.0167597765363128
13s non-causal,0.14,181,179,20300,951.9250000000001,187,0.988950276243094,21.325209444021322,1.0446927374301676
13s non-causal,0.15,181,179,19298,951.9250000000001,203,0.988950276243094,20.272605509887857,1.1340782122905029
13s non-causal,0.16,181,179,18669,951.9250000000001,213,0.988950276243094,19.61183916800168,1.1899441340782122
13s non-causal,0.17,181,179,18016,951.9250000000001,225,0.988950276243094,18.925860755836855,1.2569832402234637
13s non-causal,0.18,181,179,17279,951.9250000000001,231,0.988950276243094,18.15164009769677,1.2905027932960893
13s non-causal,0.19,181,179,16554,951.9250000000001,241,0.988950276243094,17.39002547469601,1.3463687150837989
13s non-causal,0.2,181,179,15851,951.9250000000001,252,0.988950276243094,16.65152191611734,1.4078212290502794
13s non-causal,0.21,181,179,15653,951.9250000000001,260,0.988950276243094,16.443522336318512,1.452513966480447
13s non-causal,0.22,181,177,15057,951.9250000000001,267,0.9779005524861878,15.81742259106547,1.5084745762711864
13s non-causal,0.23,181,174,14577,951.9250000000001,282,0.9613259668508287,15.313181185492553,1.6206896551724137
13s non-causal,0.24,181,174,13718,951.9250000000001,303,0.9613259668508287,14.410799170102685,1.7413793103448276
13s non-causal,0.25,181,174,12536,951.9250000000001,360,0.9613259668508287,13.169104708879376,2.0689655172413794
13s non-causal,0.26,181,174,11035,951.9250000000001,401,0.9613259668508287,11.59229981353573,2.3045977011494254
13s non-causal,0.27,181,174,9468,951.9250000000001,428,0.9613259668508287,9.946161724925808,2.4597701149425286
13s non-causal,0.28,181,172,8214,951.9250000000001,398,0.9502762430939227,8.628831052866559,2.313953488372093
13s non-causal,0.29,181,172,7278,951.9250000000001,415,0.9502762430939227,7.645560311999369,2.4127906976744184
13s non-causal,0.3,181,172,6484,951.9250000000001,430,0.9502762430939227,6.811460986947501,2.5
13s non-causal,0.31,181,172,5836,951.9250000000001,456,0.9502762430939227,6.1307350894240615,2.6511627906976742
13s non-causal,0.32,181,172,5266,951.9250000000001,481,0.9502762430939227,5.531948420306221,2.796511627906977
13s non-causal,0.33,181,171,4640,951.9250000000001,494,0.9447513812154696,4.874333587204874,2.888888888888889
13s non-causal,0.34,181,171,4099,951.9250000000001,515,0.9447513812154696,4.306011503007064,3.0116959064327484
13s non-causal,0.35,181,171,3572,951.9250000000001,543,0.9447513812154696,3.7523964598051314,3.175438596491228
13s non-causal,0.36,181,170,3201,951.9250000000001,551,0.9392265193370166,3.362659873414397,3.2411764705882353
13s non-causal,0.37,181,169,2851,951.9250000000001,554,0.9337016574585635,2.9949838485174776,3.2781065088757395
13s non-causal,0.38,181,168,2571,951.9250000000001,566,0.9281767955801105,2.700843028599942,3.369047619047619
13s non-causal,0.39,181,168,2327,951.9250000000001,609,0.9281767955801105,2.4445203141003753,3.625
13s non-causal,0.4,181,165,2107,951.9250000000001,606,0.9116022099447514,2.2134096698794545,3.672727272727273
13s non-causal,0.41,181,165,1904,951.9250000000001,675,0.9116022099447514,2.0001575754392413,4.090909090909091
13s non-causal,0.42,181,163,1746,951.9250000000001,702,0.9005524861878453,1.8341781127714891,4.306748466257669
13s non-causal,0.43,181,161,1569,951.9250000000001,701,0.8895027624309392,1.6482390944664758,4.354037267080745
13s non-causal,0.44,181,160,1460,951.9250000000001,675,0.8839779005524862,1.5337342752842922,4.21875
13s non-causal,0.45,181,159,1330,951.9250000000001,710,0.8784530386740331,1.3971688946082936,4.465408805031447
13s non-causal,0.46,181,153,1212,951.9250000000001,655,0.8453038674033149,1.273209549071618,4.281045751633987
13s non-causal,0.47,181,152,1111,951.9250000000001,665,0.8397790055248618,1.16710875331565,4.375
13s non-causal,0.48,181,151,1024,951.9250000000001,677,0.8342541436464088,1.0757149985555583,4.483443708609271
13s non-causal,0.49,181,149,949,951.9250000000001,657,0.8232044198895028,0.9969272789347899,4.409395973154362
13s non-causal,0.5,181,149,900,951.9250000000001,684,0.8232044198895028,0.9454526354492212,4.590604026845638
13s non-causal,0.51,181,148,840,951.9250000000001,751,0.8176795580110497,0.8824224597526065,5.074324324324325
13s non-causal,0.52,181,146,755,951.9250000000001,718,0.8066298342541437,0.7931297108490689,4.917808219178082
13s non-causal,0.53,181,146,698,951.9250000000001,788,0.8066298342541437,0.7332510439372849,5.397260273972603
13s non-causal,0.54,181,145,644,951.9250000000001,733,0.8011049723756906,0.6765238858103316,5.055172413793104
13s non-causal,0.55,181,143,589,951.9250000000001,680,0.7900552486187845,0.6187462247551014,4.755244755244755
13s non-causal,0.56,181,142,548,951.9250000000001,690,0.7845303867403315,0.5756756046957481,4.859154929577465
13s non-causal,0.57,181,142,508,951.9250000000001,702,0.7845303867403315,0.5336554875646715,4.943661971830986
13s non-causal,0.58,181,142,472,951.9250000000001,723,0.7845303867403315,0.4958373821467027,5.091549295774648
13s non-causal,0.59,181,141,435,951.9250000000001,695,0.7790055248618785,0.4569687738004569,4.929078014184397
13s non-causal,0.6,181,139,409,951.9250000000001,699,0.7679558011049724,0.4296556976652572,5.028776978417266
13s non-causal,0.61,181,138,379,951.9250000000001,722,0.7624309392265194,0.3981406098169498,5.231884057971015
13s non-causal,0.62,181,136,354,951.9250000000001,730,0.7513812154696132,0.371878036610027,5.367647058823529
13s non-causal,0.63,181,133,336,951.9250000000001,682,0.7348066298342542,0.3529689839010426,5.12781954887218
13s non-causal,0.64,181,132,320,951.9250000000001,692,0.7292817679558011,0.336160937048612,5.242424242424242
13s non-causal,0.65,181,131,307,951.9250000000001,734,0.7237569060773481,0.32250439898101213,5.603053435114504
13s non-causal,0.66,181,128,281,951.9250000000001,798,0.7071823204419889,0.2951913228458124,6.234375
13s non-causal,0.67,181,126,254,951.9250000000001,835,0.6961325966850829,0.26682774378233576,6.626984126984127
13s non-causal,0.68,181,125,229,951.9250000000001,930,0.6906077348066298,0.24056517057541296,7.44
13s non-causal,0.69,181,123,212,951.9250000000001,989,0.6795580110497238,0.22270662079470546,8.040650406504065
13s non-causal,0.7,181,121,195,951.9250000000001,900,0.6685082872928176,0.20484807101399793,7.43801652892562
13s non-causal,0.71,181,119,180,951.9250000000001,911,0.6574585635359116,0.18909052708984425,7.65546218487395
13s non-causal,0.72,181,117,165,951.9250000000001,797,0.6464088397790055,0.17333298316569057,6.811965811965812
13s non-causal,0.73,181,116,146,951.9250000000001,805,0.6408839779005525,0.15337342752842922,6.939655172413793
13s non-causal,0.74,181,114,137,951.9250000000001,825,0.6298342541436464,0.14391890117393702,7.2368421052631575
13s non-causal,0.75,181,110,128,951.9250000000001,1337,0.6077348066298343,0.1344643748194448,12.154545454545454
13s non-causal,0.76,181,109,115,951.9250000000001,1406,0.6022099447513812,0.12080783675184494,12.899082568807339
13s non-causal,0.77,181,103,110,951.9250000000001,1359,0.569060773480663,0.11555532211046038,13.194174757281553
13s non-causal,0.78,181,99,90,951.9250000000001,865,0.5469613259668509,0.09454526354492213,8.737373737373737
13s non-causal,0.79,181,93,76,951.9250000000001,867,0.5138121546961326,0.07983822254904535,9.32258064516129
13s non-causal,0.8,181,84,68,951.9250000000001,814,0.46408839779005523,0.07143419912283006,9.69047619047619
13s non-causal,0.81,181,74,61,951.9250000000001,772,0.4088397790055249,0.06408067862489167,10.432432432432432
13s non-causal,0.82,181,68,52,951.9250000000001,651,0.3756906077348066,0.05462615227039945,9.573529411764707
13s non-causal,0.83,181,63,51,951.9250000000001,728,0.34806629834254144,0.053575649342122535,11.555555555555555
13s non-causal,0.84,181,56,43,951.9250000000001,482,0.30939226519337015,0.04517162591590724,8.607142857142858
13s non-causal,0.85,181,50,35,951.9250000000001,426,0.27624309392265195,0.036767602489691936,8.52
13s non-causal,0.86,181,48,33,951.9250000000001,434,0.26519337016574585,0.03466659663313811,9.041666666666666
13s non-causal,0.87,181,47,26,951.9250000000001,476,0.2596685082872928,0.027313076135199725,10.127659574468085
13s non-causal,0.88,181,43,24,951.9250000000001,445,0.23756906077348067,0.0252120702786459,10.348837209302326
13s non-causal,0.89,181,40,21,951.9250000000001,425,0.22099447513812154,0.022060561493815162,10.625
13s non-causal,0.9,181,34,18,951.9250000000001,382,0.1878453038674033,0.018909052708984426,11.235294117647058
13s non-causal,0.91,181,30,11,951.9250000000001,350,0.16574585635359115,0.011555532211046037,11.666666666666666
13s non-causal,0.92,181,26,8,951.9250000000001,293,0.143646408839779,0.0084040234262153,11.26923076923077
13s non-causal,0.93,181,21,8,951.9250000000001,238,0.11602209944751381,0.0084040234262153,11.333333333333334
13s non-causal,0.94,181,20,8,951.9250000000001,259,0.11049723756906077,0.0084040234262153,12.95
13s non-causal,0.95,181,18,7,951.9250000000001,262,0.09944751381215469,0.007353520497938387,14.555555555555555
13s non-causal,0.96,181,13,5,951.9250000000001,257,0.0718232044198895,0.0052525146413845624,19.76923076923077
13s non-causal,0.97,181,11,3,951.9250000000001,270,0.06077348066298342,0.0031515087848307376,24.545454545454547
13s non-causal,0.98,181,7,3,951.9250000000001,153,0.03867403314917127,0.0031515087848307376,21.857142857142858
13s non-causal,0.99,181,2,0,951.9250000000001,37,0.011049723756906077,0.0,18.5
13s non-causal avg,0.01,181,181,740,951.9250000000001,0,1.0,0.7773721669249153,0.0
13s non-causal avg,0.02,181,181,1637,951.9250000000001,0,1.0,1.7196732935893058,0.0
13s non-causal avg,0.03,181,181,2979,951.9250000000001,0,1.0,3.1294482233369223,0.0
13s non-causal avg,0.04,181,181,4392,951.9250000000001,0,1.0,4.6138088609922,0.0
13s non-causal avg,0.05,181,181,5740,951.9250000000001,0,1.0,6.029886808309477,0.0
13s non-causal avg,0.06,181,181,6962,951.9250000000001,0,1.0,7.313601386663865,0.0
13s non-causal avg,0.07,181,181,8106,951.9250000000001,0,1.0,8.515376736612653,0.0
13s non-causal avg,0.08,181,181,9504,951.9250000000001,0,1.0,9.983979830343776,0.0
13s non-causal avg,0.09,181,181,10603,951.9250000000001,0,1.0,11.138482548520104,0.0
13s non-causal avg,0.1,181,181,11726,951.9250000000001,0,1.0,12.318197336975077,0.0
13s non-causal avg,0.11,181,181,12846,951.9250000000001,0,1.0,13.494760616645218,0.0
13s non-causal avg,0.12,181,181,13986,951.9250000000001,0,1.0,14.692333954880898,0.0
13s non-causal avg,0.13,181,181,15153,951.9250000000001,10,1.0,15.918270872180056,0.055248618784530384
13s non-causal avg,0.14,181,181,16372,951.9250000000001,11,1.0,17.198833941749612,0.06077348066298342
13s non-causal avg,0.15,181,181,17421,951.9250000000001,13,1.0,18.30081151351209,0.0718232044198895
13s non-causal avg,0.16,181,181,18389,951.9250000000001,14,1.0,19.317698348084143,0.07734806629834254
13s non-causal avg,0.17,181,181,19019,951.9250000000001,15,1.0,19.9795151928986,0.08287292817679558
13s non-causal avg,0.18,181,181,19792,951.9250000000001,18,1.0,20.791553956456653,0.09944751381215469
13s non-causal avg,0.19,181,181,20222,951.9250000000001,20,1.0,21.243270215615723,0.11049723756906077
13s non-causal avg,0.2,181,181,20460,951.9250000000001,22,1.0,21.49328991254563,0.12154696132596685
13s non-causal avg,0.21,181,181,20478,951.9250000000001,23,1.0,21.512198965254616,0.1270718232044199
13s non-causal avg,0.22,181,181,20394,951.9250000000001,26,1.0,21.423956719279353,0.143646408839779
13s non-causal avg,0.23,181,181,20073,951.9250000000001,27,1.0,21.086745279302466,0.14917127071823205
13s non-causal avg,0.24,181,181,19831,951.9250000000001,41,1.0,20.83252357065945,0.2265193370165746
13s non-causal avg,0.25,181,181,19450,951.9250000000001,53,1.0,20.43228195498595,0.292817679558011
13s non-causal avg,0.26,181,181,18958,951.9250000000001,58,1.0,19.915434514273706,0.32044198895027626
13s non-causal avg,0.27,181,181,18466,951.9250000000001,61,1.0,19.398587073561465,0.3370165745856354
13s non-causal avg,0.28,181,181,17981,951.9250000000001,70,1.0,18.889093153347165,0.3867403314917127
13s non-causal avg,0.29,181,181,17248,951.9250000000001,116,1.0,18.119074506920185,0.6408839779005525
13s non-causal avg,0.3,181,181,16587,951.9250000000001,162,1.0,17.424692071329147,0.8950276243093923
13s non-causal avg,0.31,181,181,15888,951.9250000000001,167,1.0,16.690390524463584,0.9226519337016574
13s non-causal avg,0.32,181,181,15174,951.9250000000001,176,1.0,15.94033143367387,0.9723756906077348
13s non-causal avg,0.33,181,180,14274,951.9250000000001,123,0.994475138121547,14.994878798224649,0.6833333333333333
13s non-causal avg,0.34,181,180,13445,951.9250000000001,125,0.994475138121547,14.124011870683088,0.6944444444444444
13s non-causal avg,0.35,181,180,12719,951.9250000000001,132,0.994475138121547,13.36134674475405,0.7333333333333333
13s non-causal avg,0.36,181,179,12034,951.9250000000001,128,0.988950276243094,12.641752238884365,0.7150837988826816
13s non-causal avg,0.37,181,179,11244,951.9250000000001,150,0.988950276243094,11.811854925545605,0.8379888268156425
13s non-causal avg,0.38,181,179,10423,951.9250000000001,160,0.988950276243094,10.94939202143026,0.8938547486033519
13s non-causal avg,0.39,181,179,9718,951.9250000000001,178,0.988950276243094,10.208787456995035,0.994413407821229
13s non-causal avg,0.4,181,179,9192,951.9250000000001,193,0.988950276243094,9.65622291672138,1.0782122905027933
13s non-causal avg,0.41,181,179,8551,951.9250000000001,240,0.988950276243094,8.982850539695878,1.3407821229050279
13s non-causal avg,0.42,181,179,7843,951.9250000000001,272,0.988950276243094,8.239094466475825,1.5195530726256983
13s non-causal avg,0.43,181,179,6954,951.9250000000001,298,0.988950276243094,7.3051973632376495,1.664804469273743
13s non-causal avg,0.44,181,178,5975,951.9250000000001,322,0.9834254143646409,6.276754996454552,1.8089887640449438
13s non-causal avg,0.45,181,175,5076,951.9250000000001,351,0.9668508287292817,5.3323528639336075,2.005714285714286
13s non-causal avg,0.46,181,173,4151,951.9250000000001,327,0.9558011049723757,4.360637655277464,1.8901734104046244
13s non-causal avg,0.47,181,173,3463,951.9250000000001,367,0.9558011049723757,3.637891640622948,2.121387283236994
13s non-causal avg,0.48,181,173,2952,951.9250000000001,407,0.9558011049723757,3.101084644273446,2.352601156069364
13s non-causal avg,0.49,181,171,2560,951.9250000000001,407,0.9447513812154696,2.689287496388896,2.3801169590643276
13s non-causal avg,0.5,181,170,2280,951.9250000000001,440,0.9392265193370166,2.3951466764713607,2.588235294117647
13s non-causal avg,0.51,181,169,1951,951.9250000000001,468,0.9337016574585635,2.0495312130682564,2.769230769230769
13s non-causal avg,0.52,181,169,1607,951.9250000000001,508,0.9337016574585635,1.6881582057409983,3.0059171597633134
13s non-causal avg,0.53,181,165,1318,951.9250000000001,526,0.9116022099447514,1.3845628594689707,3.187878787878788
13s non-causal avg,0.54,181,164,1130,951.9250000000001,555,0.9060773480662984,1.187068308952911,3.3841463414634148
13s non-causal avg,0.55,181,161,966,951.9250000000001,575,0.8895027624309392,1.0147858287154974,3.5714285714285716
13s non-causal avg,0.56,181,159,826,951.9250000000001,600,0.8784530386740331,0.8677154187567298,3.7735849056603774
13s non-causal avg,0.57,181,159,703,951.9250000000001,633,0.8784530386740331,0.7385035585786695,3.981132075471698
13s non-causal avg,0.58,181,159,605,951.9250000000001,668,0.8784530386740331,0.6355542716075321,4.20125786163522
13s non-causal avg,0.59,181,158,530,951.9250000000001,667,0.8729281767955801,0.5567665519867636,4.2215189873417724
13s non-causal avg,0.6,181,157,451,951.9250000000001,685,0.8674033149171271,0.4737768206528875,4.3630573248407645
13s non-causal avg,0.61,181,156,391,951.9250000000001,764,0.861878453038674,0.4107466449562728,4.897435897435898
13s non-causal avg,0.62,181,155,333,951.9250000000001,864,0.856353591160221,0.34981747511621186,5.574193548387097
13s non-causal avg,0.63,181,152,284,951.9250000000001,835,0.8397790055248618,0.2983428316306431,5.493421052631579
13s non-causal avg,0.64,181,150,264,951.9250000000001,862,0.8287292817679558,0.2773327730651049,5.746666666666667
13s non-causal avg,0.65,181,150,234,951.9250000000001,896,0.8287292817679558,0.24581768521679753,5.973333333333334
13s non-causal avg,0.66,181,150,205,951.9250000000001,939,0.8287292817679558,0.21535310029676707,6.26
13s non-causal avg,0.67,181,149,189,951.9250000000001,1007,0.8232044198895028,0.19854505344433646,6.758389261744966
13s non-causal avg,0.68,181,147,169,951.9250000000001,1054,0.8121546961325967,0.1775349948787982,7.170068027210885
13s non-causal avg,0.69,181,143,146,951.9250000000001,1081,0.7900552486187845,0.15337342752842922,7.559440559440559
13s non-causal avg,0.7,181,142,119,951.9250000000001,1114,0.7845303867403315,0.12500984846495258,7.845070422535211
13s non-causal avg,0.71,181,139,101,951.9250000000001,1151,0.7679558011049724,0.10610079575596816,8.280575539568344
13s non-causal avg,0.72,181,137,90,951.9250000000001,1210,0.7569060773480663,0.09454526354492213,8.832116788321168
13s non-causal avg,0.73,181,134,76,951.9250000000001,1173,0.7403314917127072,0.07983822254904535,8.753731343283581
13s non-causal avg,0.74,181,127,66,951.9250000000001,1092,0.7016574585635359,0.06933319326627622,8.598425196850394
13s non-causal avg,0.75,181,127,59,951.9250000000001,1158,0.7016574585635359,0.06197967276833784,9.118110236220472
13s non-causal avg,0.76,181,126,52,951.9250000000001,1263,0.6961325966850829,0.05462615227039945,10.023809523809524
13s non-causal avg,0.77,181,124,46,951.9250000000001,1839,0.6850828729281768,0.04832313470073798,14.830645161290322
13s non-causal avg,0.78,181,124,45,951.9250000000001,1940,0.6850828729281768,0.04727263177246106,15.64516129032258
13s non-causal avg,0.79,181,121,34,951.9250000000001,2050,0.6685082872928176,0.03571709956141503,16.94214876033058
13s non-causal avg,0.8,181,113,29,951.9250000000001,2016,0.6243093922651933,0.03046458492003046,17.84070796460177
13s non-causal avg,0.81,181,105,22,951.9250000000001,1899,0.580110497237569,0.023111064422092074,18.085714285714285
13s non-causal avg,0.82,181,101,18,951.9250000000001,2080,0.5580110497237569,0.018909052708984426,20.594059405940595
13s non-causal avg,0.83,181,96,15,951.9250000000001,2076,0.5303867403314917,0.015757543924153686,21.625
13s non-causal avg,0.84,181,92,15,951.9250000000001,2216,0.5082872928176796,0.015757543924153686,24.08695652173913
13s non-causal avg,0.85,181,77,14,951.9250000000001,1363,0.425414364640884,0.014707040995876774,17.7012987012987
13s non-causal avg,0.86,181,68,14,951.9250000000001,1354,0.3756906077348066,0.014707040995876774,19.91176470588235
13s non-causal avg,0.87,181,59,12,951.9250000000001,1107,0.3259668508287293,0.01260603513932295,18.76271186440678
13s non-causal avg,0.88,181,48,11,951.9250000000001,953,0.26519337016574585,0.011555532211046037,19.854166666666668
13s non-causal avg,0.89,181,44,11,951.9250000000001,998,0.2430939226519337,0.011555532211046037,22.681818181818183
13s non-causal avg,0.9,181,32,12,951.9250000000001,647,0.17679558011049723,0.01260603513932295,20.21875
13s non-causal avg,0.91,181,23,11,951.9250000000001,557,0.1270718232044199,0.011555532211046037,24.217391304347824
13s non-causal avg,0.92,181,19,9,951.9250000000001,433,0.10497237569060773,0.009454526354492213,22.789473684210527
13s non-causal avg,0.93,181,15,7,951.9250000000001,503,0.08287292817679558,0.007353520497938387,33.53333333333333
13s non-causal avg,0.94,181,9,5,951.9250000000001,400,0.049723756906077346,0.0052525146413845624,44.44444444444444
13s non-causal avg,0.95,181,8,3,951.9250000000001,383,0.04419889502762431,0.0031515087848307376,47.875
13s non-causal avg,0.96,181,4,3,951.9250000000001,157,0.022099447513812154,0.0031515087848307376,39.25
13s non-causal avg,0.97,181,2,3,951.9250000000001,140,0.011049723756906077,0.0031515087848307376,70.0
13s non-causal avg,0.98,181,0,1,951.9250000000001,0,0.0,0.0010505029282769124,
13s non-causal avg,0.99,181,0,0,951.9250000000001,0,0.0,0.0,
29s causal,0.01,181,181,5264,951.9250000000001,4,1.0,5.529847414449668,0.022099447513812154
29s causal,0.02,181,181,11886,951.9250000000001,5,1.0,12.486277805499382,0.027624309392265192
29s causal,0.03,181,181,18293,951.9250000000001,23,1.0,19.21685006696956,0.1270718232044199
29s causal,0.04,181,181,23940,951.9250000000001,39,1.0,25.149040102949286,0.2154696132596685
29s causal,0.05,181,181,28959,951.9250000000001,41,1.0,30.421514299971108,0.2265193370165746
29s causal,0.06,181,181,32262,951.9250000000001,54,1.0,33.89132547206975,0.2983425414364641
29s causal,0.07,181,181,34228,951.9250000000001,59,1.0,35.95661422906216,0.3259668508287293
29s causal,0.08,181,181,34900,951.9250000000001,79,1.0,36.66255219686425,0.43646408839779005
29s causal,0.09,181,181,34394,951.9250000000001,95,1.0,36.13099771515613,0.5248618784530387
29s causal,0.1,181,181,33397,951.9250000000001,121,1.0,35.083646295664046,0.6685082872928176
29s causal,0.11,181,181,32165,951.9250000000001,162,1.0,33.78942668802689,0.8950276243093923
29s causal,0.12,181,181,30701,951.9250000000001,183,1.0,32.25149040102949,1.011049723756906
29s causal,0.13,181,181,29154,951.9250000000001,197,1.0,30.626362370985106,1.0883977900552486
29s causal,0.14,181,181,27621,951.9250000000001,218,1.0,29.0159413819366,1.2044198895027625
29s causal,0.15,181,181,26286,951.9250000000001,251,1.0,27.613519972686923,1.3867403314917126
29s causal,0.16,181,181,25189,951.9250000000001,305,1.0,26.461118260367147,1.6850828729281768
29s causal,0.17,181,181,23607,951.9250000000001,375,1.0,24.799222627833075,2.0718232044198897
29s causal,0.18,181,181,22030,951.9250000000001,404,1.0,23.142579509940383,2.2320441988950277
29s causal,0.19,181,181,20410,951.9250000000001,423,1.0,21.440764766131785,2.3370165745856353
29s causal,0.2,181,181,18978,951.9250000000001,438,1.0,19.936444572839246,2.4198895027624308
29s causal,0.21,181,180,17864,951.9250000000001,458,0.994475138121547,18.766184310738765,2.5444444444444443
29s causal,0.22,181,179,17318,951.9250000000001,490,0.988950276243094,18.19260971189957,2.7374301675977653
29s causal,0.23,181,177,16144,951.9250000000001,521,0.9779005524861878,16.959319274102477,2.943502824858757
29s causal,0.24,181,176,15194,951.9250000000001,545,0.9723756906077348,15.96134149223941,3.096590909090909
29s causal,0.25,181,175,13937,951.9250000000001,539,0.9668508287292817,14.64085931139533,3.08
29s causal,0.26,181,175,12621,951.9250000000001,587,0.9668508287292817,13.258397457782912,3.354285714285714
29s causal,0.27,181,175,11365,951.9250000000001,622,0.9668508287292817,11.938965779867111,3.5542857142857143
29s causal,0.28,181,174,10227,951.9250000000001,651,0.9613259668508287,10.743493447487984,3.7413793103448274
29s causal,0.29,181,173,9229,951.9250000000001,624,0.9558011049723757,9.695091525067625,3.606936416184971
29s causal,0.3,181,172,8328,951.9250000000001,641,0.9502762430939227,8.748588386690127,3.7267441860465116
29s causal,0.31,181,172,7483,951.9250000000001,670,0.9502762430939227,7.860913412296136,3.895348837209302
29s causal,0.32,181,172,6735,951.9250000000001,703,0.9502762430939227,7.075137221945005,4.087209302325581
29s causal,0.33,181,172,6106,951.9250000000001,732,0.9502762430939227,6.4143708800588275,4.255813953488372
29s causal,0.34,181,172,5514,951.9250000000001,756,0.9502762430939227,5.792473146518896,4.395348837209302
29s causal,0.35,181,172,5003,951.9250000000001,794,0.9502762430939227,5.255666150169393,4.616279069767442
29s causal,0.36,181,172,4527,951.9250000000001,811,0.9502762430939227,4.755626756309583,4.715116279069767
29s causal,0.37,181,170,4088,951.9250000000001,898,0.9392265193370166,4.294455970796018,5.2823529411764705
29s causal,0.38,181,169,3679,951.9250000000001,910,0.9337016574585635,3.864800273130761,5.384615384615385
29s causal,0.39,181,167,3349,951.9250000000001,887,0.9226519337016574,3.51813430679938,5.311377245508982
29s causal,0.4,181,165,3041,951.9250000000001,885,0.9116022099447514,3.194579404890091,5.363636363636363
29s causal,0.41,181,163,2792,951.9250000000001,875,0.9005524861878453,2.9330041757491396,5.368098159509202
29s causal,0.42,181,161,2551,951.9250000000001,886,0.8895027624309392,2.6798329700344037,5.503105590062112
29s causal,0.43,181,160,2338,951.9250000000001,896,0.8839779005524862,2.4560758463114216,5.6
29s causal,0.44,181,159,2146,951.9250000000001,900,0.8784530386740331,2.2543792840822543,5.660377358490566
29s causal,0.45,181,159,1956,951.9250000000001,923,0.8784530386740331,2.054783727709641,5.80503144654088
29s causal,0.46,181,159,1799,951.9250000000001,954,0.8784530386740331,1.8898547679701656,6.0
29s causal,0.47,181,159,1627,951.9250000000001,976,0.8784530386740331,1.7091682643065367,6.138364779874214
29s causal,0.48,181,159,1519,951.9250000000001,995,0.8784530386740331,1.5957139480526301,6.2578616352201255
29s causal,0.49,181,158,1391,951.9250000000001,968,0.8729281767955801,1.4612495732331854,6.1265822784810124
29s causal,0.5,181,157,1277,951.9250000000001,1035,0.8674033149171271,1.3414922394096171,6.592356687898089
29s causal,0.51,181,156,1170,951.9250000000001,1053,0.861878453038674,1.2290884260839876,6.75
29s causal,0.52,181,153,1078,951.9250000000001,1027,0.8453038674033149,1.1324421566825116,6.712418300653595
29s causal,0.53,181,151,992,951.9250000000001,1068,0.8342541436464088,1.0420989048506972,7.072847682119205
29s causal,0.54,181,150,920,951.9250000000001,1031,0.8287292817679558,0.9664626940147595,6.873333333333333
29s causal,0.55,181,148,844,951.9250000000001,989,0.8176795580110497,0.8866244714657141,6.6824324324324325
29s causal,0.56,181,148,770,951.9250000000001,1025,0.8176795580110497,0.8088872547732227,6.925675675675675
29s causal,0.57,181,147,703,951.9250000000001,1020,0.8121546961325967,0.7385035585786695,6.938775510204081
29s causal,0.58,181,147,641,951.9250000000001,1042,0.8121546961325967,0.6733723770255009,7.08843537414966
29s causal,0.59,181,146,588,951.9250000000001,1097,0.8066298342541437,0.6176957218268245,7.513698630136986
29s causal,0.6,181,144,543,951.9250000000001,1021,0.7955801104972375,0.5704230900543635,7.090277777777778
29s causal,0.61,181,144,487,951.9250000000001,1056,0.7955801104972375,0.5115949260708564,7.333333333333333
29s causal,0.62,181,144,445,951.9250000000001,1133,0.7955801104972375,0.46747380308322606,7.868055555555555
29s causal,0.63,181,140,391,951.9250000000001,1069,0.7734806629834254,0.4107466449562728,7.635714285714286
29s causal,0.64,181,136,343,951.9250000000001,991,0.7513812154696132,0.360322504398981,7.286764705882353
29s causal,0.65,181,133,316,951.9250000000001,989,0.7348066298342542,0.33195892533550436,7.43609022556391
29s causal,0.66,181,132,277,951.9250000000001,1037,0.7292817679558011,0.29098931113270476,7.856060606060606
29s causal,0.67,181,131,249,951.9250000000001,1084,0.7237569060773481,0.2615752291409512,8.274809160305344
29s causal,0.68,181,129,233,951.9250000000001,1072,0.712707182320442,0.24476718228852062,8.310077519379846
29s causal,0.69,181,127,210,951.9250000000001,1077,0.7016574585635359,0.22060561493815162,8.48031496062992
29s causal,0.7,181,125,184,951.9250000000001,1111,0.6906077348066298,0.1932925388029519,8.888
29s causal,0.71,181,119,164,951.9250000000001,1091,0.6574585635359116,0.17228248023741366,9.168067226890756
29s causal,0.72,181,116,143,951.9250000000001,1182,0.6408839779005525,0.1502219187435985,10.189655172413794
29s causal,0.73,181,112,126,951.9250000000001,1213,0.6187845303867403,0.13236336896289097,10.830357142857142
29s causal,0.74,181,108,109,951.9250000000001,1223,0.5966850828729282,0.11450481918218346,11.324074074074074
29s causal,0.75,181,102,99,951.9250000000001,1072,0.56353591160221,0.10399978989941434,10.509803921568627
29s causal,0.76,181,99,89,951.9250000000001,1063,0.5469613259668509,0.09349476061664522,10.737373737373737
29s causal,0.77,181,96,78,951.9250000000001,1133,0.5303867403314917,0.08193922840559917,11.802083333333334
29s causal,0.78,181,90,72,951.9250000000001,1129,0.4972375690607735,0.0756362108359377,12.544444444444444
29s causal,0.79,181,83,64,951.9250000000001,969,0.4585635359116022,0.0672321874097224,11.674698795180722
29s causal,0.8,181,79,54,951.9250000000001,1261,0.43646408839779005,0.056727158126953274,15.962025316455696
29s causal,0.81,181,76,55,951.9250000000001,1433,0.4198895027624309,0.05777766105523019,18.855263157894736
29s causal,0.82,181,71,46,951.9250000000001,1441,0.39226519337016574,0.04832313470073798,20.295774647887324
29s causal,0.83,181,61,34,951.9250000000001,1387,0.3370165745856354,0.03571709956141503,22.737704918032787
29s causal,0.84,181,54,24,951.9250000000001,1354,0.2983425414364641,0.0252120702786459,25.074074074074073
29s causal,0.85,181,51,20,951.9250000000001,832,0.281767955801105,0.02101005856553825,16.313725490196077
29s causal,0.86,181,44,20,951.9250000000001,654,0.2430939226519337,0.02101005856553825,14.863636363636363
29s causal,0.87,181,38,18,951.9250000000001,553,0.20994475138121546,0.018909052708984426,14.552631578947368
29s causal,0.88,181,33,17,951.9250000000001,555,0.18232044198895028,0.017858549780707514,16.818181818181817
29s causal,0.89,181,28,15,951.9250000000001,495,0.15469613259668508,0.015757543924153686,17.678571428571427
29s causal,0.9,181,27,10,951.9250000000001,515,0.14917127071823205,0.010505029282769125,19.074074074074073
29s causal,0.91,181,23,9,951.9250000000001,412,0.1270718232044199,0.009454526354492213,17.91304347826087
29s causal,0.92,181,21,7,951.9250000000001,426,0.11602209944751381,0.007353520497938387,20.285714285714285
29s causal,0.93,181,21,7,951.9250000000001,481,0.11602209944751381,0.007353520497938387,22.904761904761905
29s causal,0.94,181,16,5,951.9250000000001,318,0.08839779005524862,0.0052525146413845624,19.875
29s causal,0.95,181,13,6,951.9250000000001,284,0.0718232044198895,0.006303017569661475,21.846153846153847
29s causal,0.96,181,11,4,951.9250000000001,284,0.06077348066298342,0.00420201171310765,25.818181818181817
29s causal,0.97,181,6,5,951.9250000000001,77,0.03314917127071823,0.0052525146413845624,12.833333333333334
29s causal,0.98,181,5,7,951.9250000000001,155,0.027624309392265192,0.007353520497938387,31.0
29s causal,0.99,181,0,1,951.9250000000001,0,0.0,0.0010505029282769124,
29s causal avg,0.01,181,181,638,951.9250000000001,0,1.0,0.6702208682406702,0.0
29s causal avg,0.02,181,181,1076,951.9250000000001,0,1.0,1.1303411508259578,0.0
29s causal avg,0.03,181,181,1845,951.9250000000001,0,1.0,1.9381779026709036,0.0
29s causal avg,0.04,181,181,2607,951.9250000000001,0,1.0,2.738661134017911,0.0
29s causal avg,0.05,181,181,3355,951.9250000000001,0,1.0,3.5244373243690412,0.0
29s causal avg,0.06,181,181,3989,951.9250000000001,4,1.0,4.190456180896604,0.022099447513812154
29s causal avg,0.07,181,181,4684,951.9250000000001,7,1.0,4.9205557160490585,0.03867403314917127
29s causal avg,0.08,181,181,5409,951.9250000000001,7,1.0,5.6821703390498195,0.03867403314917127
29s causal avg,0.09,181,181,5939,951.9250000000001,14,1.0,6.238936891036583,0.07734806629834254
29s causal avg,0.1,181,181,6520,951.9250000000001,17,1.0,6.849279092365469,0.09392265193370165
29s causal avg,0.11,181,181,7084,951.9250000000001,30,1.0,7.441762743913648,0.16574585635359115
29s causal avg,0.12,181,181,7659,951.9250000000001,43,1.0,8.045801927672873,0.23756906077348067
29s causal avg,0.13,181,181,8348,951.9250000000001,70,1.0,8.769598445255665,0.3867403314917127
29s causal avg,0.14,181,181,9038,951.9250000000001,80,1.0,9.494445465766734,0.4419889502762431
29s causal avg,0.15,181,181,9449,951.9250000000001,96,1.0,9.926202169288546,0.5303867403314917
29s causal avg,0.16,181,181,9762,951.9250000000001,113,1.0,10.25500958583922,0.6243093922651933
29s causal avg,0.17,181,181,10108,951.9250000000001,131,1.0,10.618483599023032,0.7237569060773481
29s causal avg,0.18,181,180,10493,951.9250000000001,135,0.994475138121547,11.022927226409642,0.75
29s causal avg,0.19,181,180,10732,951.9250000000001,170,0.994475138121547,11.273997426267824,0.9444444444444444
29s causal avg,0.2,181,180,10858,951.9250000000001,204,0.994475138121547,11.406360795230716,1.1333333333333333
29s causal avg,0.21,181,180,10707,951.9250000000001,235,0.994475138121547,11.247734853060901,1.3055555555555556
29s causal avg,0.22,181,180,10517,951.9250000000001,271,0.994475138121547,11.048139296688289,1.5055555555555555
29s causal avg,0.23,181,180,10290,951.9250000000001,309,0.994475138121547,10.80967513196943,1.7166666666666666
29s causal avg,0.24,181,180,9976,951.9250000000001,352,0.994475138121547,10.47981721249048,1.9555555555555555
29s causal avg,0.25,181,180,9676,951.9250000000001,384,0.994475138121547,10.164666334007405,2.1333333333333333
29s causal avg,0.26,181,179,9359,951.9250000000001,408,0.988950276243094,9.831656905743625,2.2793296089385473
29s causal avg,0.27,181,179,8988,951.9250000000001,475,0.988950276243094,9.441920319352889,2.653631284916201
29s causal avg,0.28,181,179,8634,951.9250000000001,552,0.988950276243094,9.070042282742863,3.083798882681564
29s causal avg,0.29,181,179,8253,951.9250000000001,643,0.988950276243094,8.669800667069358,3.5921787709497206
29s causal avg,0.3,181,179,7859,951.9250000000001,732,0.988950276243094,8.255902513328255,4.089385474860335
29s causal avg,0.31,181,178,7365,951.9250000000001,764,0.9834254143646409,7.736954066759461,4.292134831460674
29s causal avg,0.32,181,177,6922,951.9250000000001,835,0.9779005524861878,7.271581269532788,4.7175141242937855
29s causal avg,0.33,181,176,6411,951.9250000000001,875,0.9723756906077348,6.734774273183286,4.971590909090909
29s causal avg,0.34,181,176,5987,951.9250000000001,954,0.9723756906077348,6.2893610315938755,5.420454545454546
29s causal avg,0.35,181,176,5630,951.9250000000001,1007,0.9723756906077348,5.914331486199018,5.721590909090909
29s causal avg,0.36,181,175,5120,951.9250000000001,1082,0.9668508287292817,5.378574992777792,6.182857142857143
29s causal avg,0.37,181,174,4696,951.9250000000001,1135,0.9613259668508287,4.933161751188381,6.522988505747127
29s causal avg,0.38,181,174,4288,951.9250000000001,1228,0.9613259668508287,4.5045565564514005,7.057471264367816
29s causal avg,0.39,181,173,3902,951.9250000000001,1315,0.9558011049723757,4.099062426136513,7.601156069364162
29s causal avg,0.4,181,171,3725,951.9250000000001,1392,0.9447513812154696,3.913123407831499,8.140350877192983
29s causal avg,0.41,181,169,3449,951.9250000000001,1488,0.9337016574585635,3.6231845996270713,8.804733727810651
29s causal avg,0.42,181,167,3134,951.9250000000001,1556,0.9226519337016574,3.292276177219844,9.317365269461078
29s causal avg,0.43,181,167,2627,951.9250000000001,1659,0.9226519337016574,2.759671192583449,9.934131736526947
29s causal avg,0.44,181,165,2182,951.9250000000001,1708,0.9116022099447514,2.292197389500223,10.351515151515152
29s causal avg,0.45,181,161,1718,951.9250000000001,1779,0.8895027624309392,1.8047640307797357,11.049689440993788
29s causal avg,0.46,181,159,1385,951.9250000000001,1872,0.8784530386740331,1.4549465556635237,11.773584905660377
29s causal avg,0.47,181,157,1155,951.9250000000001,1916,0.8674033149171271,1.2133308821598339,12.203821656050955
29s causal avg,0.48,181,155,969,951.9250000000001,1990,0.856353591160221,1.0179373375003282,12.838709677419354
29s causal avg,0.49,181,154,868,951.9250000000001,2068,0.850828729281768,0.91183654174436,13.428571428571429
29s causal avg,0.5,181,153,758,951.9250000000001,2140,0.8453038674033149,0.7962812196338996,13.986928104575163
29s causal avg,0.51,181,150,611,951.9250000000001,2163,0.8287292817679558,0.6418572891771935,14.42
29s causal avg,0.52,181,147,486,951.9250000000001,2197,0.8121546961325967,0.5105444231425795,14.945578231292517
29s causal avg,0.53,181,146,399,951.9250000000001,2262,0.8066298342541437,0.4191506683824881,15.493150684931507
29s causal avg,0.54,181,144,322,951.9250000000001,2320,0.7955801104972375,0.3382619429051658,16.11111111111111
29s causal avg,0.55,181,140,279,951.9250000000001,2364,0.7734806629834254,0.2930903169892586,16.885714285714286
29s causal avg,0.56,181,138,239,951.9250000000001,2393,0.7624309392265194,0.2510701998581821,17.340579710144926
29s causal avg,0.57,181,138,211,951.9250000000001,2502,0.7624309392265194,0.22165611786642853,18.130434782608695
29s causal avg,0.58,181,135,175,951.9250000000001,2538,0.7458563535911602,0.18383801244845968,18.8
29s causal avg,0.59,181,131,152,951.9250000000001,2572,0.7237569060773481,0.1596764450980907,19.633587786259543
29s causal avg,0.6,181,127,147,951.9250000000001,2507,0.7016574585635359,0.15442393045670613,19.74015748031496
29s causal avg,0.61,181,126,121,951.9250000000001,2582,0.6961325966850829,0.1271108543215064,20.49206349206349
29s causal avg,0.62,181,122,114,951.9250000000001,2429,0.6740331491712708,0.11975733382356803,19.90983606557377
29s causal avg,0.63,181,121,100,951.9250000000001,2481,0.6685082872928176,0.10505029282769125,20.50413223140496
29s causal avg,0.64,181,118,95,951.9250000000001,2469,0.6519337016574586,0.09979777818630668,20.923728813559322
29s causal avg,0.65,181,115,79,951.9250000000001,2446,0.6353591160220995,0.08298973133387609,21.269565217391303
29s causal avg,0.66,181,114,69,951.9250000000001,2495,0.6298342541436464,0.07248470205110696,21.885964912280702
29s causal avg,0.67,181,112,63,951.9250000000001,2508,0.6187845303867403,0.06618168448144549,22.392857142857142
29s causal avg,0.68,181,111,55,951.9250000000001,2557,0.6132596685082873,0.05777766105523019,23.036036036036037
29s causal avg,0.69,181,109,45,951.9250000000001,2595,0.6022099447513812,0.04727263177246106,23.807339449541285
29s causal avg,0.7,181,108,39,951.9250000000001,2635,0.5966850828729282,0.040969614202799584,24.39814814814815
29s causal avg,0.71,181,108,32,951.9250000000001,2714,0.5966850828729282,0.0336160937048612,25.12962962962963
29s causal avg,0.72,181,107,27,951.9250000000001,2755,0.5911602209944752,0.028363579063476637,25.747663551401867
29s causal avg,0.73,181,102,25,951.9250000000001,3151,0.56353591160221,0.026262573206922813,30.892156862745097
29s causal avg,0.74,181,99,25,951.9250000000001,3191,0.5469613259668509,0.026262573206922813,32.23232323232323
29s causal avg,0.75,181,97,26,951.9250000000001,3205,0.5359116022099447,0.027313076135199725,33.04123711340206
29s causal avg,0.76,181,93,27,951.9250000000001,3148,0.5138121546961326,0.028363579063476637,33.8494623655914
29s causal avg,0.77,181,87,24,951.9250000000001,3089,0.48066298342541436,0.0252120702786459,35.50574712643678
29s causal avg,0.78,181,86,18,951.9250000000001,3168,0.47513812154696133,0.018909052708984426,36.83720930232558
29s causal avg,0.79,181,81,17,951.9250000000001,2983,0.44751381215469616,0.017858549780707514,36.82716049382716
29s causal avg,0.8,181,73,16,951.9250000000001,2709,0.40331491712707185,0.0168080468524306,37.10958904109589
29s causal avg,0.81,181,70,18,951.9250000000001,2821,0.3867403314917127,0.018909052708984426,40.3
29s causal avg,0.82,181,61,18,951.9250000000001,2074,0.3370165745856354,0.018909052708984426,34.0
29s causal avg,0.83,181,55,16,951.9250000000001,1967,0.30386740331491713,0.0168080468524306,35.763636363636365
29s causal avg,0.84,181,46,15,951.9250000000001,1591,0.2541436464088398,0.015757543924153686,34.58695652173913
29s causal avg,0.85,181,43,16,951.9250000000001,1567,0.23756906077348067,0.0168080468524306,36.44186046511628
29s causal avg,0.86,181,37,13,951.9250000000001,1382,0.20441988950276244,0.013656538067599863,37.351351351351354
29s causal avg,0.87,181,33,15,951.9250000000001,1363,0.18232044198895028,0.015757543924153686,41.303030303030305
29s causal avg,0.88,181,25,13,951.9250000000001,1062,0.13812154696132597,0.013656538067599863,42.48
29s causal avg,0.89,181,19,11,951.9250000000001,776,0.10497237569060773,0.011555532211046037,40.8421052631579
29s causal avg,0.9,181,17,6,951.9250000000001,715,0.09392265193370165,0.006303017569661475,42.05882352941177
29s causal avg,0.91,181,14,6,951.9250000000001,658,0.07734806629834254,0.006303017569661475,47.0
29s causal avg,0.92,181,8,7,951.9250000000001,477,0.04419889502762431,0.007353520497938387,59.625
29s causal avg,0.93,181,7,5,951.9250000000001,370,0.03867403314917127,0.0052525146413845624,52.857142857142854
29s causal avg,0.94,181,5,3,951.9250000000001,288,0.027624309392265192,0.0031515087848307376,57.6
29s causal avg,0.95,181,3,3,951.9250000000001,195,0.016574585635359115,0.0031515087848307376,65.0
29s causal avg,0.96,181,2,3,951.9250000000001,121,0.011049723756906077,0.0031515087848307376,60.5
29s causal avg,0.97,181,2,2,951.9250000000001,176,0.011049723756906077,0.002101005856553825,88.0
29s causal avg,0.98,181,0,0,951.9250000000001,0,0.0,0.0,
29s causal avg,0.99,181,0,0,951.9250000000001,0,0.0,0.0,
29s non-causal,0.01,181,181,14318,951.9250000000001,5,1.0,15.041100927068833,0.027624309392265192
29s non-causal,0.02,181,181,21314,951.9250000000001,30,1.0,22.39041941329411,0.16574585635359115
29s non-causal,0.03,181,181,21496,951.9250000000001,46,1.0,22.58161094624051,0.2541436464088398
29s non-causal,0.04,181,181,20502,951.9250000000001,144,1.0,21.53741103553326,0.7955801104972375
29s non-causal,0.05,181,181,18816,951.9250000000001,165,1.0,19.766263098458385,0.9116022099447514
29s non-causal,0.06,181,180,17850,951.9250000000001,107,0.994475138121547,18.75147726974289,0.5944444444444444
29s non-causal,0.07,181,180,17791,951.9250000000001,124,0.994475138121547,18.68949759697455,0.6888888888888889
29s non-causal,0.08,181,180,17727,951.9250000000001,130,0.994475138121547,18.62226540956483,0.7222222222222222
29s non-causal,0.09,181,180,17214,951.9250000000001,143,0.994475138121547,18.083357407358772,0.7944444444444444
29s non-causal,0.1,181,180,16228,951.9250000000001,170,0.994475138121547,17.047561520077736,0.9444444444444444
29s non-causal,0.11,181,179,15284,951.9250000000001,161,0.988950276243094,16.055886755784332,0.8994413407821229
29s non-causal,0.12,181,179,14191,951.9250000000001,175,0.988950276243094,14.907687055177666,0.9776536312849162
29s non-causal,0.13,181,179,13344,951.9250000000001,182,0.988950276243094,14.01791107492712,1.0167597765363128
29s non-causal,0.14,181,179,12475,951.9250000000001,190,0.988950276243094,13.105024030254484,1.0614525139664805
29s non-causal,0.15,181,179,11601,951.9250000000001,202,0.988950276243094,12.186884470940463,1.1284916201117319
29s non-causal,0.16,181,179,10860,951.9250000000001,216,0.988950276243094,11.40846180108727,1.2067039106145252
29s non-causal,0.17,181,179,10474,951.9250000000001,217,0.988950276243094,11.002967670772382,1.2122905027932962
29s non-causal,0.18,181,179,10330,951.9250000000001,226,0.988950276243094,10.851695249100507,1.2625698324022345
29s non-causal,0.19,181,178,10408,951.9250000000001,230,0.9834254143646409,10.933634477506105,1.2921348314606742
29s non-causal,0.2,181,178,10430,951.9250000000001,247,0.9834254143646409,10.956745541928198,1.3876404494382022
29s non-causal,0.21,181,178,10480,951.9250000000001,260,0.9834254143646409,11.009270688342044,1.4606741573033708
29s non-causal,0.22,181,175,10566,951.9250000000001,272,0.9668508287292817,11.099613940173857,1.5542857142857143
29s non-causal,0.23,181,174,10038,951.9250000000001,286,0.9613259668508287,10.544948394043647,1.6436781609195403
29s non-causal,0.24,181,173,9938,951.9250000000001,302,0.9558011049723757,10.439898101215956,1.745664739884393
29s non-causal,0.25,181,173,9459,951.9250000000001,313,0.9558011049723757,9.936707198571316,1.8092485549132948
29s non-causal,0.26,181,173,8456,951.9250000000001,329,0.9558011049723757,8.883052761509573,1.9017341040462428
29s non-causal,0.27,181,173,7329,951.9250000000001,377,0.9558011049723757,7.699135961341492,2.179190751445087
29s non-causal,0.28,181,173,6433,951.9250000000001,402,0.9558011049723757,6.757885337605378,2.3236994219653178
29s non-causal,0.29,181,171,5711,951.9250000000001,376,0.9447513812154696,5.999422223389447,2.198830409356725
29s non-causal,0.3,181,171,4904,951.9250000000001,397,0.9447513812154696,5.151666360269979,2.3216374269005846
29s non-causal,0.31,181,170,4095,951.9250000000001,407,0.9392265193370166,4.301809491293957,2.3941176470588235
29s non-causal,0.32,181,169,3451,951.9250000000001,425,0.9337016574585635,3.625285605483625,2.514792899408284
29s non-causal,0.33,181,168,3007,951.9250000000001,435,0.9281767955801105,3.1588623053286757,2.5892857142857144
29s non-causal,0.34,181,167,2622,951.9250000000001,426,0.9226519337016574,2.7544186779420645,2.5508982035928143
29s non-causal,0.35,181,167,2334,951.9250000000001,449,0.9226519337016574,2.451873834598314,2.688622754491018
29s non-causal,0.36,181,167,2078,951.9250000000001,477,0.9226519337016574,2.182945084959424,2.856287425149701
29s non-causal,0.37,181,167,1858,951.9250000000001,497,0.9226519337016574,1.9518344407385033,2.9760479041916166
29s non-causal,0.38,181,166,1657,951.9250000000001,537,0.9171270718232044,1.740683352154844,3.2349397590361444
29s non-causal,0.39,181,163,1499,951.9250000000001,559,0.9005524861878453,1.5747038894870917,3.4294478527607364
29s non-causal,0.4,181,162,1376,951.9250000000001,581,0.8950276243093923,1.4454920293090316,3.5864197530864197
29s non-causal,0.41,181,158,1247,951.9250000000001,560,0.8729281767955801,1.30997715156131,3.5443037974683542
29s non-causal,0.42,181,155,1122,951.9250000000001,526,0.856353591160221,1.1786642855266958,3.393548387096774
29s non-causal,0.43,181,153,1026,951.9250000000001,511,0.8453038674033149,1.0778160044121121,3.3398692810457518
29s non-causal,0.44,181,152,925,951.9250000000001,512,0.8397790055248618,0.971715208656144,3.3684210526315788
29s non-causal,0.45,181,150,847,951.9250000000001,476,0.8287292817679558,0.8897759802505449,3.1733333333333333
29s non-causal,0.46,181,149,782,951.9250000000001,555,0.8232044198895028,0.8214932899125456,3.7248322147651005
29s non-causal,0.47,181,148,738,951.9250000000001,560,0.8176795580110497,0.7752711610683615,3.7837837837837838
29s non-causal,0.48,181,148,683,951.9250000000001,599,0.8176795580110497,0.7174935000131313,4.047297297297297
29s non-causal,0.49,181,147,643,951.9250000000001,582,0.8121546961325967,0.6754733828820547,3.9591836734693877
29s non-causal,0.5,181,146,589,951.9250000000001,595,0.8066298342541437,0.6187462247551014,4.075342465753424
29s non-causal,0.51,181,146,544,951.9250000000001,621,0.8066298342541437,0.5714735929826404,4.2534246575342465
29s non-causal,0.52,181,146,491,951.9250000000001,651,0.8066298342541437,0.5157969377839641,4.458904109589041
29s non-causal,0.53,181,145,450,951.9250000000001,657,0.8011049723756906,0.4727263177246106,4.531034482758621
29s non-causal,0.54,181,142,411,951.9250000000001,620,0.7845303867403315,0.43175670352181106,4.366197183098592
29s non-causal,0.55,181,142,383,951.9250000000001,653,0.7845303867403315,0.4023426215300575,4.598591549295775
29s non-causal,0.56,181,141,357,951.9250000000001,668,0.7790055248618785,0.3750295453948578,4.73758865248227
29s non-causal,0.57,181,140,330,951.9250000000001,652,0.7734806629834254,0.34666596633138114,4.6571428571428575
29s non-causal,0.58,181,139,303,951.9250000000001,589,0.7679558011049724,0.3183023872679045,4.237410071942446
29s non-causal,0.59,181,137,278,951.9250000000001,605,0.7569060773480663,0.2920398140609817,4.416058394160584
29s non-causal,0.6,181,137,255,951.9250000000001,652,0.7569060773480663,0.26787824671061267,4.759124087591241
29s non-causal,0.61,181,135,233,951.9250000000001,601,0.7458563535911602,0.24476718228852062,4.451851851851852
29s non-causal,0.62,181,135,215,951.9250000000001,623,0.7458563535911602,0.2258581295795362,4.614814814814815
29s non-causal,0.63,181,133,191,951.9250000000001,582,0.7348066298342542,0.2006460593008903,4.37593984962406
29s non-causal,0.64,181,132,173,951.9250000000001,600,0.7292817679558011,0.18173700659190586,4.545454545454546
29s non-causal,0.65,181,131,158,951.9250000000001,578,0.7237569060773481,0.16597946266775218,4.412213740458015
29s non-causal,0.66,181,129,152,951.9250000000001,585,0.712707182320442,0.1596764450980907,4.534883720930233
29s non-causal,0.67,181,128,131,951.9250000000001,685,0.7071823204419889,0.13761588360427554,5.3515625
29s non-causal,0.68,181,127,115,951.9250000000001,703,0.7016574585635359,0.12080783675184494,5.535433070866142
29s non-causal,0.69,181,124,113,951.9250000000001,641,0.6850828729281768,0.11870683089529112,5.169354838709677
29s non-causal,0.7,181,123,105,951.9250000000001,677,0.6795580110497238,0.11030280746907581,5.504065040650406
29s non-causal,0.71,181,121,95,951.9250000000001,705,0.6685082872928176,0.09979777818630668,5.8264462809917354
29s non-causal,0.72,181,117,88,951.9250000000001,806,0.6464088397790055,0.0924442576883683,6.888888888888889
29s non-causal,0.73,181,113,81,951.9250000000001,902,0.6243093922651933,0.08509073719042991,7.982300884955753
29s non-causal,0.74,181,110,80,951.9250000000001,842,0.6077348066298343,0.084040234262153,7.654545454545454
29s non-causal,0.75,181,106,75,951.9250000000001,1218,0.585635359116022,0.07878771962076844,11.49056603773585
29s non-causal,0.76,181,99,71,951.9250000000001,1125,0.5469613259668509,0.07458570790766078,11.363636363636363
29s non-causal,0.77,181,96,65,951.9250000000001,1137,0.5303867403314917,0.06828269033799932,11.84375
29s non-causal,0.78,181,91,59,951.9250000000001,1295,0.5027624309392266,0.06197967276833784,14.23076923076923
29s non-causal,0.79,181,81,53,951.9250000000001,1230,0.44751381215469616,0.055676655198676366,15.185185185185185
29s non-causal,0.8,181,77,48,951.9250000000001,1254,0.425414364640884,0.0504241405572918,16.285714285714285
29s non-causal,0.81,181,74,43,951.9250000000001,1263,0.4088397790055249,0.04517162591590724,17.06756756756757
29s non-causal,0.82,181,67,39,951.9250000000001,437,0.3701657458563536,0.040969614202799584,6.522388059701493
29s non-causal,0.83,181,65,34,951.9250000000001,436,0.35911602209944754,0.03571709956141503,6.707692307692308
29s non-causal,0.84,181,63,30,951.9250000000001,480,0.34806629834254144,0.03151508784830737,7.619047619047619
29s non-causal,0.85,181,58,27,951.9250000000001,422,0.32044198895027626,0.028363579063476637,7.275862068965517
29s non-causal,0.86,181,55,22,951.9250000000001,449,0.30386740331491713,0.023111064422092074,8.163636363636364
29s non-causal,0.87,181,47,19,951.9250000000001,374,0.2596685082872928,0.019959555637261338,7.957446808510638
29s non-causal,0.88,181,40,17,951.9250000000001,320,0.22099447513812154,0.017858549780707514,8.0
29s non-causal,0.89,181,40,17,951.9250000000001,384,0.22099447513812154,0.017858549780707514,9.6
29s non-causal,0.9,181,38,16,951.9250000000001,402,0.20994475138121546,0.0168080468524306,10.578947368421053
29s non-causal,0.91,181,35,14,951.9250000000001,343,0.19337016574585636,0.014707040995876774,9.8
29s non-causal,0.92,181,27,10,951.9250000000001,265,0.14917127071823205,0.010505029282769125,9.814814814814815
29s non-causal,0.93,181,26,6,951.9250000000001,277,0.143646408839779,0.006303017569661475,10.653846153846153
29s non-causal,0.94,181,26,7,951.9250000000001,327,0.143646408839779,0.007353520497938387,12.576923076923077
29s non-causal,0.95,181,23,7,951.9250000000001,415,0.1270718232044199,0.007353520497938387,18.043478260869566
29s non-causal,0.96,181,19,4,951.9250000000001,390,0.10497237569060773,0.00420201171310765,20.526315789473685
29s non-causal,0.97,181,12,3,951.9250000000001,297,0.06629834254143646,0.0031515087848307376,24.75
29s non-causal,0.98,181,6,3,951.9250000000001,140,0.03314917127071823,0.0031515087848307376,23.333333333333332
29s non-causal,0.99,181,5,2,951.9250000000001,204,0.027624309392265192,0.002101005856553825,40.8
29s non-causal avg,0.01,181,181,637,951.9250000000001,0,1.0,0.6691703653123933,0.0
29s non-causal avg,0.02,181,181,1075,951.9250000000001,0,1.0,1.129290647897681,0.0
29s non-causal avg,0.03,181,181,1841,951.9250000000001,0,1.0,1.933975890957796,0.0
29s non-causal avg,0.04,181,181,2606,951.9250000000001,0,1.0,2.737610631089634,0.0
29s non-causal avg,0.05,181,181,3353,951.9250000000001,0,1.0,3.5223363185124876,0.0
29s non-causal avg,0.06,181,181,3994,951.9250000000001,0,1.0,4.195708695537989,0.0
29s non-causal avg,0.07,181,181,4678,951.9250000000001,0,1.0,4.914252698479396,0.0
29s non-causal avg,0.08,181,181,5399,951.9250000000001,0,1.0,5.67166530976705,0.0
29s non-causal avg,0.09,181,181,5922,951.9250000000001,0,1.0,6.221078341255875,0.0
29s non-causal avg,0.1,181,181,6498,951.9250000000001,0,1.0,6.826168027943377,0.0
29s non-causal avg,0.11,181,181,7051,951.9250000000001,0,1.0,7.40709614728051,0.0
29s non-causal avg,0.12,181,181,7622,951.9250000000001,0,1.0,8.006933319326627,0.0
29s non-causal avg,0.13,181,181,8314,951.9250000000001,5,1.0,8.73388134569425,0.027624309392265192
29s non-causal avg,0.14,181,181,8992,951.9250000000001,6,1.0,9.446122331065997,0.03314917127071823
29s non-causal avg,0.15,181,181,9414,951.9250000000001,7,1.0,9.889434566798855,0.03867403314917127
29s non-causal avg,0.16,181,181,9714,951.9250000000001,7,1.0,10.204585445281928,0.03867403314917127
29s non-causal avg,0.17,181,181,10054,951.9250000000001,7,1.0,10.561756440896078,0.03867403314917127
29s non-causal avg,0.18,181,181,10425,951.9250000000001,9,1.0,10.951493027286812,0.049723756906077346
29s non-causal avg,0.19,181,181,10668,951.9250000000001,9,1.0,11.206765238858102,0.049723756906077346
29s non-causal avg,0.2,181,181,10783,951.9250000000001,11,1.0,11.327573075609948,0.06077348066298342
29s non-causal avg,0.21,181,180,10625,951.9250000000001,12,0.994475138121547,11.161593612942195,0.06666666666666667
29s non-causal avg,0.22,181,180,10432,951.9250000000001,14,0.994475138121547,10.95884654778475,0.07777777777777778
29s non-causal avg,0.23,181,180,10201,951.9250000000001,16,0.994475138121547,10.716180371352785,0.08888888888888889
29s non-causal avg,0.24,181,180,9907,951.9250000000001,25,0.994475138121547,10.407332510439373,0.1388888888888889
29s non-causal avg,0.25,181,180,9601,951.9250000000001,28,0.994475138121547,10.085878614386637,0.15555555555555556
29s non-causal avg,0.26,181,180,9275,951.9250000000001,73,0.994475138121547,9.743414659768364,0.40555555555555556
29s non-causal avg,0.27,181,180,8900,951.9250000000001,79,0.994475138121547,9.349476061664522,0.4388888888888889
29s non-causal avg,0.28,181,180,8547,951.9250000000001,91,0.994475138121547,8.978648527982772,0.5055555555555555
29s non-causal avg,0.29,181,179,8170,951.9250000000001,60,0.988950276243094,8.582608924022376,0.33519553072625696
29s non-causal avg,0.3,181,179,7770,951.9250000000001,64,0.988950276243094,8.16240775271161,0.3575418994413408
29s non-causal avg,0.31,181,179,7275,951.9250000000001,66,0.988950276243094,7.642408803214538,0.3687150837988827
29s non-causal avg,0.32,181,179,6844,951.9250000000001,73,0.988950276243094,7.189642041127189,0.40782122905027934
29s non-causal avg,0.33,181,179,6327,951.9250000000001,80,0.988950276243094,6.646532027208026,0.44692737430167595
29s non-causal avg,0.34,181,178,5905,951.9250000000001,74,0.9834254143646409,6.203219791475168,0.4157303370786517
29s non-causal avg,0.35,181,177,5550,951.9250000000001,68,0.9779005524861878,5.830291251936864,0.384180790960452
29s non-causal avg,0.36,181,177,5048,951.9250000000001,80,0.9779005524861878,5.3029387819418545,0.4519774011299435
29s non-causal avg,0.37,181,176,4634,951.9250000000001,81,0.9723756906077348,4.868030569635213,0.4602272727272727
29s non-causal avg,0.38,181,176,4223,951.9250000000001,96,0.9723756906077348,4.436273866113401,0.5454545454545454
29s non-causal avg,0.39,181,175,3838,951.9250000000001,115,0.9668508287292817,4.031830238726791,0.6571428571428571
29s non-causal avg,0.4,181,173,3666,951.9250000000001,124,0.9558011049723757,3.8511437350631614,0.7167630057803468
29s non-causal avg,0.41,181,173,3392,951.9250000000001,152,0.9558011049723757,3.5633059327152874,0.8786127167630058
29s non-causal avg,0.42,181,173,3070,951.9250000000001,177,0.9558011049723757,3.2250439898101213,1.023121387283237
29s non-causal avg,0.43,181,172,2567,951.9250000000001,207,0.9502762430939227,2.696641016886834,1.2034883720930232
29s non-causal avg,0.44,181,170,2126,951.9250000000001,206,0.9392265193370166,2.233369225516716,1.2117647058823529
29s non-causal avg,0.45,181,165,1665,951.9250000000001,233,0.9116022099447514,1.7490873755810592,1.412121212121212
29s non-causal avg,0.46,181,165,1332,951.9250000000001,279,0.9116022099447514,1.3992699004648474,1.690909090909091
29s non-causal avg,0.47,181,164,1106,951.9250000000001,313,0.9060773480662984,1.1618562386742652,1.9085365853658536
29s non-causal avg,0.48,181,162,927,951.9250000000001,341,0.8950276243093923,0.9738162145126978,2.1049382716049383
29s non-causal avg,0.49,181,162,830,951.9250000000001,394,0.8950276243093923,0.8719174304698374,2.432098765432099
29s non-causal avg,0.5,181,160,721,951.9250000000001,440,0.8839779005524862,0.7574126112876539,2.75
29s non-causal avg,0.51,181,159,573,951.9250000000001,495,0.8784530386740331,0.6019381779026709,3.1132075471698113
29s non-causal avg,0.52,181,155,452,951.9250000000001,519,0.856353591160221,0.4748273235811645,3.3483870967741933
29s non-causal avg,0.53,181,154,366,951.9250000000001,576,0.850828729281768,0.38448407174934995,3.74025974025974
29s non-causal avg,0.54,181,151,289,951.9250000000001,628,0.8342541436464088,0.3035953462720277,4.158940397350993
29s non-causal avg,0.55,181,147,246,951.9250000000001,676,0.8121546961325967,0.2584237203561205,4.598639455782313
29s non-causal avg,0.56,181,145,206,951.9250000000001,731,0.8011049723756906,0.21640360322504398,5.041379310344827
29s non-causal avg,0.57,181,141,185,951.9250000000001,769,0.7790055248618785,0.19434304173122882,5.453900709219858
29s non-causal avg,0.58,181,139,148,951.9250000000001,860,0.7679558011049724,0.15547443338498304,6.18705035971223
29s non-causal avg,0.59,181,136,127,951.9250000000001,935,0.7513812154696132,0.13341387189116788,6.875
29s non-causal avg,0.6,181,133,121,951.9250000000001,934,0.7348066298342542,0.1271108543215064,7.022556390977444
29s non-causal avg,0.61,181,129,100,951.9250000000001,968,0.712707182320442,0.10505029282769125,7.503875968992248
29s non-causal avg,0.62,181,127,92,951.9250000000001,936,0.7016574585635359,0.09664626940147596,7.3700787401574805
29s non-causal avg,0.63,181,124,86,951.9250000000001,974,0.6850828729281768,0.09034325183181448,7.854838709677419
29s non-causal avg,0.64,181,122,78,951.9250000000001,1024,0.6740331491712708,0.08193922840559917,8.39344262295082
29s non-causal avg,0.65,181,117,67,951.9250000000001,987,0.6464088397790055,0.07038369619455313,8.435897435897436
29s non-causal avg,0.66,181,116,57,951.9250000000001,1038,0.6408839779005525,0.05987866691178401,8.948275862068966
29s non-causal avg,0.67,181,114,51,951.9250000000001,1064,0.6298342541436464,0.053575649342122535,9.333333333333334
29s non-causal avg,0.68,181,112,44,951.9250000000001,1107,0.6187845303867403,0.04622212884418415,9.883928571428571
29s non-causal avg,0.69,181,111,36,951.9250000000001,1182,0.6132596685082873,0.03781810541796885,10.64864864864865
29s non-causal avg,0.7,181,109,31,951.9250000000001,1213,0.6022099447513812,0.03256559077658429,11.128440366972477
29s non-causal avg,0.71,181,109,24,951.9250000000001,1286,0.6022099447513812,0.0252120702786459,11.79816513761468
29s non-causal avg,0.72,181,108,19,951.9250000000001,1340,0.5966850828729282,0.019959555637261338,12.407407407407407
29s non-causal avg,0.73,181,103,17,951.9250000000001,1749,0.569060773480663,0.017858549780707514,16.980582524271846
29s non-causal avg,0.74,181,100,17,951.9250000000001,1834,0.5524861878453039,0.017858549780707514,18.34
29s non-causal avg,0.75,181,99,17,951.9250000000001,1911,0.5469613259668509,0.017858549780707514,19.303030303030305
29s non-causal avg,0.76,181,98,17,951.9250000000001,1973,0.5414364640883977,0.017858549780707514,20.132653061224488
29s non-causal avg,0.77,181,90,16,951.9250000000001,1929,0.4972375690607735,0.0168080468524306,21.433333333333334
29s non-causal avg,0.78,181,86,13,951.9250000000001,1969,0.47513812154696133,0.013656538067599863,22.8953488372093
29s non-causal avg,0.79,181,81,13,951.9250000000001,1853,0.44751381215469616,0.013656538067599863,22.876543209876544
29s non-causal avg,0.8,181,73,12,951.9250000000001,1691,0.40331491712707185,0.01260603513932295,23.164383561643834
29s non-causal avg,0.81,181,70,14,951.9250000000001,1844,0.3867403314917127,0.014707040995876774,26.34285714285714
29s non-causal avg,0.82,181,62,13,951.9250000000001,1231,0.3425414364640884,0.013656538067599863,19.85483870967742
29s non-causal avg,0.83,181,56,12,951.9250000000001,1205,0.30939226519337015,0.01260603513932295,21.517857142857142
29s non-causal avg,0.84,181,48,11,951.9250000000001,971,0.26519337016574585,0.011555532211046037,20.229166666666668
29s non-causal avg,0.85,181,46,11,951.9250000000001,998,0.2541436464088398,0.011555532211046037,21.695652173913043
29s non-causal avg,0.86,181,38,11,951.9250000000001,877,0.20994475138121546,0.011555532211046037,23.07894736842105
29s non-causal avg,0.87,181,36,11,951.9250000000001,965,0.19889502762430938,0.011555532211046037,26.805555555555557
29s non-causal avg,0.88,181,26,11,951.9250000000001,734,0.143646408839779,0.011555532211046037,28.23076923076923
29s non-causal avg,0.89,181,20,10,951.9250000000001,532,0.11049723756906077,0.010505029282769125,26.6
29s non-causal avg,0.9,181,17,6,951.9250000000001,477,0.09392265193370165,0.006303017569661475,28.058823529411764
29s non-causal avg,0.91,181,14,6,951.9250000000001,462,0.07734806629834254,0.006303017569661475,33.0
29s non-causal avg,0.92,181,8,6,951.9250000000001,365,0.04419889502762431,0.006303017569661475,45.625
29s non-causal avg,0.93,181,7,4,951.9250000000001,272,0.03867403314917127,0.00420201171310765,38.857142857142854
29s non-causal avg,0.94,181,5,3,951.9250000000001,218,0.027624309392265192,0.0031515087848307376,43.6
29s non-causal avg,0.95,181,3,3,951.9250000000001,153,0.016574585635359115,0.0031515087848307376,51.0
29s non-causal avg,0.96,181,2,3,951.9250000000001,93,0.011049723756906077,0.0031515087848307376,46.5
29s non-causal avg,0.97,181,2,2,951.9250000000001,148,0.011049723756906077,0.002101005856553825,74.0
29s non-causal avg,0.98,181,0,0,951.9250000000001,0,0.0,0.0,
29s non-causal avg,0.99,181,0,0,951.9250000000001,0,0.0,0.0,
61s causal,0.01,181,181,7589,951.9250000000001,4,1.0,7.972266722693489,0.022099447513812154
61s causal,0.02,181,181,14950,951.9250000000001,6,1.0,15.705018777739841,0.03314917127071823
61s causal,0.03,181,181,22470,951.9250000000001,15,1.0,23.604800798382225,0.08287292817679558
61s causal,0.04,181,181,26795,951.9250000000001,41,1.0,28.148225963179872,0.2265193370165746
61s causal,0.05,181,181,29027,951.9250000000001,49,1.0,30.492948499093938,0.27071823204419887
61s causal,0.06,181,181,30309,951.9250000000001,55,1.0,31.83969325314494,0.30386740331491713
61s causal,0.07,181,181,30435,951.9250000000001,71,1.0,31.972056622107832,0.39226519337016574
61s causal,0.08,181,181,30377,951.9250000000001,88,1.0,31.91112745226777,0.4861878453038674
61s causal,0.09,181,181,30194,951.9250000000001,110,1.0,31.718885416393096,0.6077348066298343
61s causal,0.1,181,181,29568,951.9250000000001,148,1.0,31.061270583291748,0.8176795580110497
61s causal,0.11,181,181,29095,951.9250000000001,170,1.0,30.564382698216768,0.9392265193370166
61s causal,0.12,181,181,28430,951.9250000000001,193,1.0,29.865798250912622,1.0662983425414365
61s causal,0.13,181,181,27527,951.9250000000001,225,1.0,28.917194106678572,1.2430939226519337
61s causal,0.14,181,181,26563,951.9250000000001,248,1.0,27.90450928381963,1.3701657458563536
61s causal,0.15,181,181,25390,951.9250000000001,284,1.0,26.67226934895081,1.569060773480663
61s causal,0.16,181,181,23973,951.9250000000001,297,1.0,25.183706699582423,1.6408839779005524
61s causal,0.17,181,181,22521,951.9250000000001,360,1.0,23.658376447724347,1.988950276243094
61s causal,0.18,181,181,21415,951.9250000000001,379,1.0,22.496520209050082,2.0939226519337018
61s causal,0.19,181,181,20451,951.9250000000001,411,1.0,21.48383538619114,2.270718232044199
61s causal,0.2,181,178,19475,951.9250000000001,432,0.9834254143646409,20.45854452819287,2.4269662921348316
61s causal,0.21,181,177,18320,951.9250000000001,437,0.9779005524861878,19.245213646033037,2.468926553672316
61s causal,0.22,181,177,17328,951.9250000000001,471,0.9779005524861878,18.20311474118234,2.6610169491525424
61s causal,0.23,181,177,16583,951.9250000000001,517,0.9779005524861878,17.42049005961604,2.92090395480226
61s causal,0.24,181,177,15790,951.9250000000001,533,0.9779005524861878,16.58744123749245,3.0112994350282487
61s causal,0.25,181,176,14249,951.9250000000001,536,0.9723756906077348,14.968616225017726,3.0454545454545454
61s causal,0.26,181,176,12971,951.9250000000001,592,0.9723756906077348,13.626073482679832,3.3636363636363638
61s causal,0.27,181,174,11768,951.9250000000001,566,0.9613259668508287,12.362318459962706,3.2528735632183907
61s causal,0.28,181,174,10502,951.9250000000001,607,0.9613259668508287,11.032381752764135,3.4885057471264367
61s causal,0.29,181,173,9362,951.9250000000001,637,0.9558011049723757,9.834808414528455,3.6820809248554913
61s causal,0.3,181,173,8386,951.9250000000001,663,0.9558011049723757,8.809517556530189,3.832369942196532
61s causal,0.31,181,172,7535,951.9250000000001,683,0.9502762430939227,7.915539564566536,3.9709302325581395
61s causal,0.32,181,171,6840,951.9250000000001,693,0.9447513812154696,7.185440029414082,4.052631578947368
61s causal,0.33,181,170,6227,951.9250000000001,701,0.9392265193370166,6.541481734380334,4.123529411764705
61s causal,0.34,181,170,5661,951.9250000000001,738,0.9392265193370166,5.946897076975602,4.341176470588235
61s causal,0.35,181,170,5105,951.9250000000001,766,0.9392265193370166,5.362817448853638,4.5058823529411764
61s causal,0.36,181,170,4623,951.9250000000001,804,0.9392265193370166,4.8564750374241665,4.729411764705882
61s causal,0.37,181,170,4204,951.9250000000001,845,0.9392265193370166,4.41631431047614,4.970588235294118
61s causal,0.38,181,170,3821,951.9250000000001,871,0.9392265193370166,4.013971688946083,5.123529411764705
61s causal,0.39,181,168,3428,951.9250000000001,856,0.9281767955801105,3.601124038133256,5.095238095238095
61s causal,0.4,181,163,3089,951.9250000000001,802,0.9005524861878453,3.245003545447383,4.920245398773006
61s causal,0.41,181,162,2795,951.9250000000001,806,0.8950276243093923,2.9361556845339702,4.9753086419753085
61s causal,0.42,181,162,2521,951.9250000000001,827,0.8950276243093923,2.648317882186096,5.104938271604938
61s causal,0.43,181,162,2305,951.9250000000001,841,0.8950276243093923,2.4214092496782835,5.191358024691358
61s causal,0.44,181,161,2084,951.9250000000001,866,0.8895027624309392,2.1892481025290857,5.37888198757764
61s causal,0.45,181,161,1882,951.9250000000001,897,0.8895027624309392,1.9770465110171493,5.571428571428571
61s causal,0.46,181,161,1739,951.9250000000001,934,0.8895027624309392,1.8268245922735509,5.801242236024844
61s causal,0.47,181,161,1598,951.9250000000001,1056,0.8895027624309392,1.6787036793865062,6.559006211180124
61s causal,0.48,181,161,1467,951.9250000000001,1100,0.8895027624309392,1.5410877957822307,6.832298136645963
61s causal,0.49,181,158,1312,951.9250000000001,1241,0.8729281767955801,1.3782598418993093,7.8544303797468356
61s causal,0.5,181,152,1199,951.9250000000001,1050,0.8397790055248618,1.259553011004018,6.907894736842105
61s causal,0.51,181,149,1091,951.9250000000001,1016,0.8232044198895028,1.1460986947501115,6.818791946308725
61s causal,0.52,181,146,1004,951.9250000000001,993,0.8066298342541437,1.0547049399900201,6.801369863013699
61s causal,0.53,181,144,928,951.9250000000001,955,0.7955801104972375,0.9748667174409748,6.631944444444445
61s causal,0.54,181,144,850,951.9250000000001,971,0.7955801104972375,0.8929274890353757,6.743055555555555
61s causal,0.55,181,143,770,951.9250000000001,938,0.7900552486187845,0.8088872547732227,6.559440559440559
61s causal,0.56,181,142,706,951.9250000000001,965,0.7845303867403315,0.7416550673635002,6.795774647887324
61s causal,0.57,181,138,641,951.9250000000001,932,0.7624309392265194,0.6733723770255009,6.753623188405797
61s causal,0.58,181,137,603,951.9250000000001,914,0.7569060773480663,0.6334532657509783,6.671532846715328
61s causal,0.59,181,137,558,951.9250000000001,935,0.7569060773480663,0.5861806339785172,6.824817518248175
61s causal,0.6,181,135,508,951.9250000000001,847,0.7458563535911602,0.5336554875646715,6.274074074074074
61s causal,0.61,181,134,463,951.9250000000001,845,0.7403314917127072,0.48638285579221047,6.3059701492537314
61s causal,0.62,181,134,435,951.9250000000001,871,0.7403314917127072,0.4569687738004569,6.5
61s causal,0.63,181,133,402,951.9250000000001,876,0.7348066298342542,0.4223021771673188,6.586466165413534
61s causal,0.64,181,133,369,951.9250000000001,909,0.7348066298342542,0.38763558053418073,6.834586466165414
61s causal,0.65,181,133,335,951.9250000000001,933,0.7348066298342542,0.3519184809727657,7.015037593984962
61s causal,0.66,181,133,305,951.9250000000001,954,0.7348066298342542,0.3204033931244583,7.172932330827067
61s causal,0.67,181,132,276,951.9250000000001,966,0.7292817679558011,0.28993880820442786,7.318181818181818
61s causal,0.68,181,129,242,951.9250000000001,916,0.712707182320442,0.2542217086430128,7.10077519379845
61s causal,0.69,181,129,217,951.9250000000001,991,0.712707182320442,0.22795913543609,7.682170542635659
61s causal,0.7,181,126,199,951.9250000000001,966,0.6961325966850829,0.2090500827271056,7.666666666666667
61s causal,0.71,181,124,178,951.9250000000001,958,0.6850828729281768,0.18698952123329043,7.725806451612903
61s causal,0.72,181,123,160,951.9250000000001,989,0.6795580110497238,0.168080468524306,8.040650406504065
61s causal,0.73,181,120,137,951.9250000000001,1008,0.6629834254143646,0.14391890117393702,8.4
61s causal,0.74,181,116,129,951.9250000000001,1000,0.6408839779005525,0.13551487774772172,8.620689655172415
61s causal,0.75,181,115,116,951.9250000000001,1033,0.6353591160220995,0.12185833968012184,8.982608695652173
61s causal,0.76,181,112,106,951.9250000000001,1041,0.6187845303867403,0.11135331039735273,9.294642857142858
61s causal,0.77,181,109,95,951.9250000000001,1045,0.6022099447513812,0.09979777818630668,9.587155963302752
61s causal,0.78,181,104,87,951.9250000000001,1060,0.574585635359116,0.09139375476009139,10.192307692307692
61s causal,0.79,181,101,74,951.9250000000001,1098,0.5580110497237569,0.07773721669249152,10.871287128712872
61s causal,0.8,181,96,62,951.9250000000001,1617,0.5303867403314917,0.06513118155316858,16.84375
61s causal,0.81,181,88,56,951.9250000000001,1818,0.4861878453038674,0.0588281639835071,20.65909090909091
61s causal,0.82,181,79,46,951.9250000000001,1798,0.43646408839779005,0.04832313470073798,22.759493670886076
61s causal,0.83,181,68,42,951.9250000000001,826,0.3756906077348066,0.044121122987630323,12.147058823529411
61s causal,0.84,181,60,33,951.9250000000001,732,0.3314917127071823,0.03466659663313811,12.2
61s causal,0.85,181,55,22,951.9250000000001,709,0.30386740331491713,0.023111064422092074,12.89090909090909
61s causal,0.86,181,49,16,951.9250000000001,687,0.27071823204419887,0.0168080468524306,14.020408163265307
61s causal,0.87,181,41,15,951.9250000000001,529,0.2265193370165746,0.015757543924153686,12.902439024390244
61s causal,0.88,181,38,15,951.9250000000001,567,0.20994475138121546,0.015757543924153686,14.921052631578947
61s causal,0.89,181,35,14,951.9250000000001,535,0.19337016574585636,0.014707040995876774,15.285714285714286
61s causal,0.9,181,34,11,951.9250000000001,593,0.1878453038674033,0.011555532211046037,17.441176470588236
61s causal,0.91,181,30,9,951.9250000000001,501,0.16574585635359115,0.009454526354492213,16.7
61s causal,0.92,181,26,7,951.9250000000001,469,0.143646408839779,0.007353520497938387,18.03846153846154
61s causal,0.93,181,23,7,951.9250000000001,443,0.1270718232044199,0.007353520497938387,19.26086956521739
61s causal,0.94,181,18,6,951.9250000000001,323,0.09944751381215469,0.006303017569661475,17.944444444444443
61s causal,0.95,181,16,6,951.9250000000001,305,0.08839779005524862,0.006303017569661475,19.0625
61s causal,0.96,181,14,5,951.9250000000001,283,0.07734806629834254,0.0052525146413845624,20.214285714285715
61s causal,0.97,181,9,4,951.9250000000001,204,0.049723756906077346,0.00420201171310765,22.666666666666668
61s causal,0.98,181,5,5,951.9250000000001,144,0.027624309392265192,0.0052525146413845624,28.8
61s causal,0.99,181,1,1,951.9250000000001,89,0.0055248618784530384,0.0010505029282769124,89.0
61s causal avg,0.01,181,181,573,951.9250000000001,0,1.0,0.6019381779026709,0.0
61s causal avg,0.02,181,181,760,951.9250000000001,0,1.0,0.7983822254904535,0.0
61s causal avg,0.03,181,181,1175,951.9250000000001,0,1.0,1.2343409407253723,0.0
61s causal avg,0.04,181,181,1600,951.9250000000001,0,1.0,1.68080468524306,0.0
61s causal avg,0.05,181,181,2031,951.9250000000001,0,1.0,2.1335714473304095,0.0
61s causal avg,0.06,181,181,2372,951.9250000000001,1,1.0,2.4917929458728363,0.0055248618784530384
61s causal avg,0.07,181,181,2683,951.9250000000001,10,1.0,2.818499356566956,0.055248618784530384
61s causal avg,0.08,181,181,3068,951.9250000000001,12,1.0,3.2229429839535677,0.06629834254143646
61s causal avg,0.09,181,181,3356,951.9250000000001,31,1.0,3.5254878272973182,0.1712707182320442
61s causal avg,0.1,181,181,3643,951.9250000000001,41,1.0,3.826982167712792,0.2265193370165746
61s causal avg,0.11,181,181,3907,951.9250000000001,52,1.0,4.104314940777897,0.287292817679558
61s causal avg,0.12,181,180,4222,951.9250000000001,55,0.994475138121547,4.435223363185124,0.3055555555555556
61s causal avg,0.13,181,180,4574,951.9250000000001,90,0.994475138121547,4.805000393938598,0.5
61s causal avg,0.14,181,180,4944,951.9250000000001,116,0.994475138121547,5.193686477401055,0.6444444444444445
61s causal avg,0.15,181,180,5173,951.9250000000001,158,0.994475138121547,5.434251647976469,0.8777777777777778
61s causal avg,0.16,181,180,5265,951.9250000000001,188,0.994475138121547,5.530897917377945,1.0444444444444445
61s causal avg,0.17,181,179,5495,951.9250000000001,223,0.988950276243094,5.772513590881634,1.2458100558659218
61s causal avg,0.18,181,179,5686,951.9250000000001,266,0.988950276243094,5.973159650182525,1.4860335195530727
61s causal avg,0.19,181,179,5814,951.9250000000001,315,0.988950276243094,6.107624025001969,1.7597765363128492
61s causal avg,0.2,181,179,5726,951.9250000000001,370,0.988950276243094,6.015179767313601,2.0670391061452515
61s causal avg,0.21,181,179,5680,951.9250000000001,428,0.988950276243094,5.966856632612863,2.3910614525139664
61s causal avg,0.22,181,179,5566,951.9250000000001,491,0.988950276243094,5.847099298789295,2.7430167597765363
61s causal avg,0.23,181,177,5396,951.9250000000001,520,0.9779005524861878,5.66851380098222,2.937853107344633
61s causal avg,0.24,181,177,5249,951.9250000000001,640,0.9779005524861878,5.514089870525514,3.615819209039548
61s causal avg,0.25,181,175,5120,951.9250000000001,659,0.9668508287292817,5.378574992777792,3.7657142857142856
61s causal avg,0.26,181,175,4775,951.9250000000001,767,0.9668508287292817,5.0161514825222575,4.382857142857143
61s causal avg,0.27,181,175,4457,951.9250000000001,868,0.9668508287292817,4.682091551330199,4.96
61s causal avg,0.28,181,175,4275,951.9250000000001,976,0.9668508287292817,4.490900018383801,5.577142857142857
61s causal avg,0.29,181,174,4119,951.9250000000001,1051,0.9613259668508287,4.327021561572603,6.040229885057471
61s causal avg,0.3,181,172,3893,951.9250000000001,1212,0.9502762430939227,4.08960789978202,7.046511627906977
61s causal avg,0.31,181,169,3655,951.9250000000001,1287,0.9337016574585635,3.839588202852115,7.615384615384615
61s causal avg,0.32,181,168,3488,951.9250000000001,1400,0.9281767955801105,3.6641542138298706,8.333333333333334
61s causal avg,0.33,181,166,3140,951.9250000000001,1501,0.9171270718232044,3.298579194789505,9.042168674698795
61s causal avg,0.34,181,165,2950,951.9250000000001,1626,0.9116022099447514,3.098983638416892,9.854545454545455
61s causal avg,0.35,181,165,2701,951.9250000000001,1781,0.9116022099447514,2.8374084092759406,10.793939393939393
61s causal avg,0.36,181,165,2450,951.9250000000001,1938,0.9116022099447514,2.573732174278436,11.745454545454546
61s causal avg,0.37,181,164,2158,951.9250000000001,2087,0.9060773480662984,2.266985319221577,12.725609756097562
61s causal avg,0.38,181,163,1940,951.9250000000001,2248,0.9005524861878453,2.03797568085721,13.791411042944786
61s causal avg,0.39,181,161,1691,951.9250000000001,2423,0.8895027624309392,1.776400451716259,15.049689440993788
61s causal avg,0.4,181,157,1718,951.9250000000001,2543,0.8674033149171271,1.8047640307797357,16.197452229299362
61s causal avg,0.41,181,152,1638,951.9250000000001,2643,0.8397790055248618,1.7207237965175826,17.388157894736842
61s causal avg,0.42,181,147,1458,951.9250000000001,2741,0.8121546961325967,1.5316332694277384,18.64625850340136
61s causal avg,0.43,181,144,1205,951.9250000000001,2813,0.7955801104972375,1.2658560285736795,19.53472222222222
61s causal avg,0.44,181,141,927,951.9250000000001,2915,0.7790055248618785,0.9738162145126978,20.673758865248228
61s causal avg,0.45,181,133,732,951.9250000000001,2912,0.7348066298342542,0.7689681434986999,21.894736842105264
61s causal avg,0.46,181,130,584,951.9250000000001,3029,0.7182320441988951,0.6134937101137169,23.3
61s causal avg,0.47,181,127,493,951.9250000000001,3136,0.7016574585635359,0.5178979436405179,24.69291338582677
61s causal avg,0.48,181,122,390,951.9250000000001,3181,0.6740331491712708,0.40969614202799587,26.07377049180328
61s causal avg,0.49,181,116,387,951.9250000000001,3192,0.6408839779005525,0.40654463324316514,27.517241379310345
61s causal avg,0.5,181,111,311,951.9250000000001,3174,0.6132596685082873,0.32670641069411976,28.594594594594593
61s causal avg,0.51,181,107,216,951.9250000000001,3188,0.5911602209944752,0.2269086325078131,29.794392523364486
61s causal avg,0.52,181,105,181,951.9250000000001,3257,0.580110497237569,0.19014103001812116,31.01904761904762
61s causal avg,0.53,181,103,146,951.9250000000001,3215,0.569060773480663,0.15337342752842922,31.21359223300971
61s causal avg,0.54,181,103,126,951.9250000000001,3314,0.569060773480663,0.13236336896289097,32.1747572815534
61s causal avg,0.55,181,102,112,951.9250000000001,3394,0.56353591160221,0.1176563279670142,33.27450980392157
61s causal avg,0.56,181,101,111,951.9250000000001,3508,0.5580110497237569,0.11660582503873729,34.73267326732673
61s causal avg,0.57,181,96,96,951.9250000000001,3410,0.5303867403314917,0.1008482811145836,35.520833333333336
61s causal avg,0.58,181,94,93,951.9250000000001,3432,0.5193370165745856,0.09769677232975287,36.51063829787234
61s causal avg,0.59,181,89,81,951.9250000000001,3330,0.49171270718232046,0.08509073719042991,37.41573033707865
61s causal avg,0.6,181,87,78,951.9250000000001,3362,0.48066298342541436,0.08193922840559917,38.64367816091954
61s causal avg,0.61,181,83,73,951.9250000000001,3284,0.4585635359116022,0.07668671376421461,39.566265060240966
61s causal avg,0.62,181,81,70,951.9250000000001,3295,0.44751381215469616,0.07353520497938387,40.67901234567901
61s causal avg,0.63,181,80,62,951.9250000000001,3328,0.4419889502762431,0.06513118155316858,41.6
61s causal avg,0.64,181,77,60,951.9250000000001,3275,0.425414364640884,0.06303017569661475,42.532467532467535
61s causal avg,0.65,181,76,48,951.9250000000001,3330,0.4198895027624309,0.0504241405572918,43.81578947368421
61s causal avg,0.66,181,70,43,951.9250000000001,3135,0.3867403314917127,0.04517162591590724,44.785714285714285
61s causal avg,0.67,181,69,40,951.9250000000001,3160,0.3812154696132597,0.0420201171310765,45.79710144927536
61s causal avg,0.68,181,65,41,951.9250000000001,3034,0.35911602209944754,0.043070620059353415,46.676923076923075
61s causal avg,0.69,181,63,32,951.9250000000001,3473,0.34806629834254144,0.0336160937048612,55.12698412698413
61s causal avg,0.7,181,60,31,951.9250000000001,3407,0.3314917127071823,0.03256559077658429,56.78333333333333
61s causal avg,0.71,181,58,30,951.9250000000001,3358,0.32044198895027626,0.03151508784830737,57.89655172413793
61s causal avg,0.72,181,58,27,951.9250000000001,3435,0.32044198895027626,0.028363579063476637,59.224137931034484
61s causal avg,0.73,181,55,26,951.9250000000001,3389,0.30386740331491713,0.027313076135199725,61.61818181818182
61s causal avg,0.74,181,52,23,951.9250000000001,3277,0.287292817679558,0.02416156735036899,63.01923076923077
61s causal avg,0.75,181,50,21,951.9250000000001,3151,0.27624309392265195,0.022060561493815162,63.02
61s causal avg,0.76,181,47,19,951.9250000000001,3045,0.2596685082872928,0.019959555637261338,64.7872340425532
61s causal avg,0.77,181,42,17,951.9250000000001,2806,0.23204419889502761,0.017858549780707514,66.80952380952381
61s causal avg,0.78,181,39,12,951.9250000000001,2758,0.2154696132596685,0.01260603513932295,70.71794871794872
61s causal avg,0.79,181,37,13,951.9250000000001,2717,0.20441988950276244,0.013656538067599863,73.43243243243244
61s causal avg,0.8,181,35,14,951.9250000000001,2682,0.19337016574585636,0.014707040995876774,76.62857142857143
61s causal avg,0.81,181,30,14,951.9250000000001,2428,0.16574585635359115,0.014707040995876774,80.93333333333334
61s causal avg,0.82,181,26,14,951.9250000000001,1580,0.143646408839779,0.014707040995876774,60.76923076923077
61s causal avg,0.83,181,23,10,951.9250000000001,1385,0.1270718232044199,0.010505029282769125,60.21739130434783
61s causal avg,0.84,181,20,8,951.9250000000001,1223,0.11049723756906077,0.0084040234262153,61.15
61s causal avg,0.85,181,20,8,951.9250000000001,1296,0.11049723756906077,0.0084040234262153,64.8
61s causal avg,0.86,181,18,8,951.9250000000001,1183,0.09944751381215469,0.0084040234262153,65.72222222222223
61s causal avg,0.87,181,16,7,951.9250000000001,1073,0.08839779005524862,0.007353520497938387,67.0625
61s causal avg,0.88,181,13,7,951.9250000000001,910,0.0718232044198895,0.007353520497938387,70.0
61s causal avg,0.89,181,9,7,951.9250000000001,716,0.049723756906077346,0.007353520497938387,79.55555555555556
61s causal avg,0.9,181,8,5,951.9250000000001,624,0.04419889502762431,0.0052525146413845624,78.0
61s causal avg,0.91,181,6,5,951.9250000000001,405,0.03314917127071823,0.0052525146413845624,67.5
61s causal avg,0.92,181,5,4,951.9250000000001,349,0.027624309392265192,0.00420201171310765,69.8
61s causal avg,0.93,181,4,4,951.9250000000001,291,0.022099447513812154,0.00420201171310765,72.75
61s causal avg,0.94,181,4,3,951.9250000000001,310,0.022099447513812154,0.0031515087848307376,77.5
61s causal avg,0.95,181,1,3,951.9250000000001,57,0.0055248618784530384,0.0031515087848307376,57.0
61s causal avg,0.96,181,0,2,951.9250000000001,0,0.0,0.002101005856553825,
61s causal avg,0.97,181,0,0,951.9250000000001,0,0.0,0.0,
61s causal avg,0.98,181,0,0,951.9250000000001,0,0.0,0.0,
61s causal avg,0.99,181,0,0,951.9250000000001,0,0.0,0.0,
61s non-causal,0.01,181,181,16408,951.9250000000001,37,1.0,17.23665204716758,0.20441988950276244
61s non-causal,0.02,181,181,18826,951.9250000000001,86,1.0,19.776768127741153,0.47513812154696133
61s non-causal,0.03,181,180,17453,951.9250000000001,81,0.994475138121547,18.334427607216952,0.45
61s non-causal,0.04,181,180,15911,951.9250000000001,96,0.994475138121547,16.714552091813953,0.5333333333333333
61s non-causal,0.05,181,180,15229,951.9250000000001,101,0.994475138121547,15.9981090947291,0.5611111111111111
61s non-causal,0.06,181,180,14905,951.9250000000001,111,0.994475138121547,15.65774614596738,0.6166666666666667
61s non-causal,0.07,181,180,14637,951.9250000000001,122,0.994475138121547,15.376211361189169,0.6777777777777778
61s non-causal,0.08,181,180,13979,951.9250000000001,129,0.994475138121547,14.68498043438296,0.7166666666666667
61s non-causal,0.09,181,180,13206,951.9250000000001,143,0.994475138121547,13.872941670824906,0.7944444444444444
61s non-causal,0.1,181,180,12772,951.9250000000001,149,0.994475138121547,13.417023399952726,0.8277777777777777
61s non-causal,0.11,181,179,12021,951.9250000000001,154,0.988950276243094,12.628095700816765,0.8603351955307262
61s non-causal,0.12,181,179,11428,951.9250000000001,162,0.988950276243094,12.005147464348555,0.9050279329608939
61s non-causal,0.13,181,179,10909,951.9250000000001,182,0.988950276243094,11.459936444572838,1.0167597765363128
61s non-causal,0.14,181,179,10363,951.9250000000001,188,0.988950276243094,10.886361845733644,1.0502793296089385
61s non-causal,0.15,181,179,9881,951.9250000000001,201,0.988950276243094,10.380019434304172,1.1229050279329609
61s non-causal,0.16,181,179,9421,951.9250000000001,205,0.988950276243094,9.896788087296793,1.1452513966480447
61s non-causal,0.17,181,179,9050,951.9250000000001,214,0.988950276243094,9.507051500906059,1.1955307262569832
61s non-causal,0.18,181,179,8756,951.9250000000001,228,0.988950276243094,9.198203639992645,1.2737430167597765
61s non-causal,0.19,181,179,8508,951.9250000000001,238,0.988950276243094,8.93767891377997,1.329608938547486
61s non-causal,0.2,181,177,8770,951.9250000000001,250,0.9779005524861878,9.212910680988523,1.4124293785310735
61s non-causal,0.21,181,174,8220,951.9250000000001,258,0.9613259668508287,8.635134070436221,1.4827586206896552
61s non-causal,0.22,181,174,7829,951.9250000000001,272,0.9613259668508287,8.224387425479948,1.5632183908045978
61s non-causal,0.23,181,173,7523,951.9250000000001,315,0.9558011049723757,7.902933529427212,1.8208092485549132
61s non-causal,0.24,181,173,7140,951.9250000000001,326,0.9558011049723757,7.5005909078971555,1.884393063583815
61s non-causal,0.25,181,172,6701,951.9250000000001,325,0.9502762430939227,7.039420122383591,1.8895348837209303
61s non-causal,0.26,181,171,5929,951.9250000000001,296,0.9447513812154696,6.228431861753815,1.7309941520467835
61s non-causal,0.27,181,170,5125,951.9250000000001,312,0.9392265193370166,5.383827507419176,1.8352941176470587
61s non-causal,0.28,181,169,4372,951.9250000000001,329,0.9337016574585635,4.592798802426661,1.9467455621301775
61s non-causal,0.29,181,169,3739,951.9250000000001,346,0.9337016574585635,3.927830448827376,2.0473372781065087
61s non-causal,0.3,181,169,3192,951.9250000000001,366,0.9337016574585635,3.353205347059905,2.165680473372781
61s non-causal,0.31,181,168,2709,951.9250000000001,388,0.9281767955801105,2.845812432702156,2.3095238095238093
61s non-causal,0.32,181,168,2334,951.9250000000001,412,0.9281767955801105,2.451873834598314,2.4523809523809526
61s non-causal,0.33,181,168,2017,951.9250000000001,426,0.9281767955801105,2.1188644063345325,2.5357142857142856
61s non-causal,0.34,181,167,1763,951.9250000000001,438,0.9226519337016574,1.8520366625521967,2.622754491017964
61s non-causal,0.35,181,166,1550,951.9250000000001,445,0.9171270718232044,1.6282795388292144,2.680722891566265
61s non-causal,0.36,181,165,1387,951.9250000000001,456,0.9116022099447514,1.4570475615200775,2.7636363636363637
61s non-causal,0.37,181,164,1233,951.9250000000001,463,0.9060773480662984,1.2952701105654332,2.823170731707317
61s non-causal,0.38,181,164,1091,951.9250000000001,510,0.9060773480662984,1.1460986947501115,3.1097560975609757
61s non-causal,0.39,181,164,963,951.9250000000001,542,0.9060773480662984,1.0116343199306668,3.3048780487804876
61s non-causal,0.4,181,163,882,951.9250000000001,599,0.9005524861878453,0.9265435827402368,3.6748466257668713
61s non-causal,0.41,181,158,800,951.9250000000001,558,0.8729281767955801,0.84040234262153,3.5316455696202533
61s non-causal,0.42,181,156,721,951.9250000000001,513,0.861878453038674,0.7574126112876539,3.2884615384615383
61s non-causal,0.43,181,156,637,951.9250000000001,547,0.861878453038674,0.6691703653123933,3.5064102564102564
61s non-causal,0.44,181,155,577,951.9250000000001,535,0.856353591160221,0.6061401896157785,3.4516129032258065
61s non-causal,0.45,181,154,535,951.9250000000001,556,0.850828729281768,0.5620190666281482,3.6103896103896105
61s non-causal,0.46,181,149,462,951.9250000000001,546,0.8232044198895028,0.48533235286393356,3.664429530201342
61s non-causal,0.47,181,148,408,951.9250000000001,554,0.8176795580110497,0.4286051947369803,3.7432432432432434
61s non-causal,0.48,181,148,370,951.9250000000001,595,0.8176795580110497,0.38868608346245764,4.02027027027027
61s non-causal,0.49,181,146,353,951.9250000000001,689,0.8066298342541437,0.3708275336817501,4.719178082191781
61s non-causal,0.5,181,142,330,951.9250000000001,806,0.7845303867403315,0.34666596633138114,5.676056338028169
61s non-causal,0.51,181,139,310,951.9250000000001,598,0.7679558011049724,0.32565590776584286,4.302158273381295
61s non-causal,0.52,181,138,293,951.9250000000001,642,0.7624309392265194,0.30779735798513536,4.6521739130434785
61s non-causal,0.53,181,137,262,951.9250000000001,573,0.7569060773480663,0.2752317672085511,4.182481751824818
61s non-causal,0.54,181,137,234,951.9250000000001,588,0.7569060773480663,0.24581768521679753,4.291970802919708
61s non-causal,0.55,181,137,215,951.9250000000001,622,0.7569060773480663,0.2258581295795362,4.54014598540146
61s non-causal,0.56,181,135,197,951.9250000000001,545,0.7458563535911602,0.20694907687055175,4.037037037037037
61s non-causal,0.57,181,135,180,951.9250000000001,562,0.7458563535911602,0.18909052708984425,4.162962962962963
61s non-causal,0.58,181,133,170,951.9250000000001,532,0.7348066298342542,0.1785854978070751,4.0
61s non-causal,0.59,181,133,161,951.9250000000001,621,0.7348066298342542,0.1691309714525829,4.669172932330827
61s non-causal,0.6,181,132,155,951.9250000000001,607,0.7292817679558011,0.16282795388292143,4.598484848484849
61s non-causal,0.61,181,131,145,951.9250000000001,675,0.7237569060773481,0.15232292460015232,5.152671755725191
61s non-causal,0.62,181,129,126,951.9250000000001,571,0.712707182320442,0.13236336896289097,4.426356589147287
61s non-causal,0.63,181,127,120,951.9250000000001,557,0.7016574585635359,0.1260603513932295,4.3858267716535435
61s non-causal,0.64,181,127,121,951.9250000000001,595,0.7016574585635359,0.1271108543215064,4.68503937007874
61s non-causal,0.65,181,125,112,951.9250000000001,578,0.6906077348066298,0.1176563279670142,4.624
61s non-causal,0.66,181,124,107,951.9250000000001,624,0.6850828729281768,0.11240381332562964,5.032258064516129
61s non-causal,0.67,181,122,96,951.9250000000001,610,0.6740331491712708,0.1008482811145836,5.0
61s non-causal,0.68,181,121,93,951.9250000000001,620,0.6685082872928176,0.09769677232975287,5.12396694214876
61s non-causal,0.69,181,117,88,951.9250000000001,580,0.6464088397790055,0.0924442576883683,4.957264957264957
61s non-causal,0.7,181,113,85,951.9250000000001,554,0.6243093922651933,0.08929274890353756,4.902654867256637
61s non-causal,0.71,181,111,76,951.9250000000001,1030,0.6132596685082873,0.07983822254904535,9.27927927927928
61s non-causal,0.72,181,110,73,951.9250000000001,1052,0.6077348066298343,0.07668671376421461,9.563636363636364
61s non-causal,0.73,181,109,70,951.9250000000001,1139,0.6022099447513812,0.07353520497938387,10.44954128440367
61s non-causal,0.74,181,104,69,951.9250000000001,1150,0.574585635359116,0.07248470205110696,11.057692307692308
61s non-causal,0.75,181,98,63,951.9250000000001,1258,0.5414364640883977,0.06618168448144549,12.83673469387755
61s non-causal,0.76,181,93,55,951.9250000000001,665,0.5138121546961326,0.05777766105523019,7.150537634408602
61s non-causal,0.77,181,88,55,951.9250000000001,604,0.4861878453038674,0.05777766105523019,6.863636363636363
61s non-causal,0.78,181,85,51,951.9250000000001,563,0.4696132596685083,0.053575649342122535,6.623529411764705
61s non-causal,0.79,181,83,44,951.9250000000001,786,0.4585635359116022,0.04622212884418415,9.46987951807229
61s non-causal,0.8,181,74,41,951.9250000000001,596,0.4088397790055249,0.043070620059353415,8.054054054054054
61s non-causal,0.81,181,67,33,951.9250000000001,488,0.3701657458563536,0.03466659663313811,7.2835820895522385
61s non-causal,0.82,181,63,32,951.9250000000001,408,0.34806629834254144,0.0336160937048612,6.476190476190476
61s non-causal,0.83,181,63,31,951.9250000000001,426,0.34806629834254144,0.03256559077658429,6.761904761904762
61s non-causal,0.84,181,59,28,951.9250000000001,423,0.3259668508287293,0.02941408199175355,7.169491525423729
61s non-causal,0.85,181,55,27,951.9250000000001,362,0.30386740331491713,0.028363579063476637,6.581818181818182
61s non-causal,0.86,181,51,24,951.9250000000001,335,0.281767955801105,0.0252120702786459,6.568627450980392
61s non-causal,0.87,181,48,23,951.9250000000001,337,0.26519337016574585,0.02416156735036899,7.020833333333333
61s non-causal,0.88,181,45,20,951.9250000000001,322,0.24861878453038674,0.02101005856553825,7.155555555555556
61s non-causal,0.89,181,43,17,951.9250000000001,310,0.23756906077348067,0.017858549780707514,7.209302325581396
61s non-causal,0.9,181,41,15,951.9250000000001,327,0.2265193370165746,0.015757543924153686,7.975609756097561
61s non-causal,0.91,181,38,12,951.9250000000001,335,0.20994475138121546,0.01260603513932295,8.81578947368421
61s non-causal,0.92,181,34,8,951.9250000000001,316,0.1878453038674033,0.0084040234262153,9.294117647058824
61s non-causal,0.93,181,28,8,951.9250000000001,278,0.15469613259668508,0.0084040234262153,9.928571428571429
61s non-causal,0.94,181,22,8,951.9250000000001,259,0.12154696132596685,0.0084040234262153,11.772727272727273
61s non-causal,0.95,181,22,7,951.9250000000001,291,0.12154696132596685,0.007353520497938387,13.227272727272727
61s non-causal,0.96,181,21,7,951.9250000000001,332,0.11602209944751381,0.007353520497938387,15.80952380952381
61s non-causal,0.97,181,17,5,951.9250000000001,325,0.09392265193370165,0.0052525146413845624,19.11764705882353
61s non-causal,0.98,181,11,5,951.9250000000001,207,0.06077348066298342,0.0052525146413845624,18.818181818181817
61s non-causal,0.99,181,5,7,951.9250000000001,193,0.027624309392265192,0.007353520497938387,38.6
61s non-causal avg,0.01,181,181,573,951.9250000000001,0,1.0,0.6019381779026709,0.0
61s non-causal avg,0.02,181,181,754,951.9250000000001,0,1.0,0.792079207920792,0.0
61s non-causal avg,0.03,181,181,1166,951.9250000000001,0,1.0,1.22488641437088,0.0
61s non-causal avg,0.04,181,181,1592,951.9250000000001,0,1.0,1.6724006618168448,0.0
61s non-causal avg,0.05,181,181,2019,951.9250000000001,0,1.0,2.120965412191086,0.0
61s non-causal avg,0.06,181,181,2356,951.9250000000001,0,1.0,2.4749848990204057,0.0
61s non-causal avg,0.07,181,181,2669,951.9250000000001,0,1.0,2.8037923155710796,0.0
61s non-causal avg,0.08,181,181,3046,951.9250000000001,0,1.0,3.1998319195314755,0.0
61s non-causal avg,0.09,181,181,3326,951.9250000000001,0,1.0,3.4939727394490108,0.0
61s non-causal avg,0.1,181,181,3610,951.9250000000001,0,1.0,3.792315571079654,0.0
61s non-causal avg,0.11,181,181,3869,951.9250000000001,0,1.0,4.064395829503375,0.0
61s non-causal avg,0.12,181,181,4161,951.9250000000001,3,1.0,4.371142684560233,0.016574585635359115
61s non-causal avg,0.13,181,181,4513,951.9250000000001,7,1.0,4.740919715313706,0.03867403314917127
61s non-causal avg,0.14,181,180,4864,951.9250000000001,0,0.994475138121547,5.1096462431389025,0.0
61s non-causal avg,0.15,181,180,5103,951.9250000000001,0,0.994475138121547,5.360716442997084,0.0
61s non-causal avg,0.16,181,180,5192,951.9250000000001,0,0.994475138121547,5.454211203613729,0.0
61s non-causal avg,0.17,181,180,5421,951.9250000000001,0,0.994475138121547,5.694776374189143,0.0
61s non-causal avg,0.18,181,180,5605,951.9250000000001,0,0.994475138121547,5.888068912992095,0.0
61s non-causal avg,0.19,181,180,5732,951.9250000000001,2,0.994475138121547,6.021482784883262,0.011111111111111112
61s non-causal avg,0.2,181,180,5637,951.9250000000001,11,0.994475138121547,5.921685006696956,0.06111111111111111
61s non-causal avg,0.21,181,179,5580,951.9250000000001,0,0.988950276243094,5.861806339785172,0.0
61s non-causal avg,0.22,181,179,5457,951.9250000000001,0,0.988950276243094,5.732594479607111,0.0
61s non-causal avg,0.23,181,178,5291,951.9250000000001,0,0.9834254143646409,5.558210993513144,0.0
61s non-causal avg,0.24,181,178,5145,951.9250000000001,12,0.9834254143646409,5.404837565984715,0.06741573033707865
61s non-causal avg,0.25,181,178,5009,951.9250000000001,150,0.9834254143646409,5.261969167739054,0.8426966292134831
61s non-causal avg,0.26,181,178,4670,951.9250000000001,163,0.9834254143646409,4.905848675053181,0.9157303370786517
61s non-causal avg,0.27,181,177,4351,951.9250000000001,64,0.9779005524861878,4.5707382409328465,0.3615819209039548
61s non-causal avg,0.28,181,176,4166,951.9250000000001,67,0.9723756906077348,4.3763951992016175,0.3806818181818182
61s non-causal avg,0.29,181,175,4003,951.9250000000001,84,0.9668508287292817,4.205163221892481,0.48
61s non-causal avg,0.3,181,174,3779,951.9250000000001,24,0.9613259668508287,3.969850565958452,0.13793103448275862
61s non-causal avg,0.31,181,174,3552,951.9250000000001,25,0.9613259668508287,3.731386401239593,0.14367816091954022
61s non-causal avg,0.32,181,173,3387,951.9250000000001,26,0.9558011049723757,3.5580534180739027,0.15028901734104047
61s non-causal avg,0.33,181,172,3024,951.9250000000001,27,0.9502762430939227,3.1767208551093833,0.1569767441860465
61s non-causal avg,0.34,181,172,2848,951.9250000000001,29,0.9502762430939227,2.991832339732647,0.1686046511627907
61s non-causal avg,0.35,181,172,2602,951.9250000000001,41,0.9502762430939227,2.7334086193765263,0.23837209302325582
61s non-causal avg,0.36,181,170,2362,951.9250000000001,56,0.9392265193370166,2.4812879165900674,0.32941176470588235
61s non-causal avg,0.37,181,170,2070,951.9250000000001,72,0.9392265193370166,2.174541061533209,0.4235294117647059
61s non-causal avg,0.38,181,170,1859,951.9250000000001,88,0.9392265193370166,1.9528849436667803,0.5176470588235295
61s non-causal avg,0.39,181,169,1613,951.9250000000001,124,0.9337016574585635,1.69446122331066,0.7337278106508875
61s non-causal avg,0.4,181,167,1635,951.9250000000001,136,0.9226519337016574,1.717572287732752,0.8143712574850299
61s non-causal avg,0.41,181,163,1565,951.9250000000001,147,0.9005524861878453,1.6440370827533681,0.901840490797546
61s non-causal avg,0.42,181,162,1375,951.9250000000001,211,0.8950276243093923,1.4444415263807546,1.3024691358024691
61s non-causal avg,0.43,181,156,1127,951.9250000000001,176,0.861878453038674,1.1839168001680804,1.1282051282051282
61s non-causal avg,0.44,181,154,847,951.9250000000001,238,0.850828729281768,0.8897759802505449,1.5454545454545454
61s non-causal avg,0.45,181,149,653,951.9250000000001,253,0.8232044198895028,0.6859784121648239,1.6979865771812082
61s non-causal avg,0.46,181,143,513,951.9250000000001,309,0.7900552486187845,0.5389080022060561,2.160839160839161
61s non-causal avg,0.47,181,139,431,951.9250000000001,384,0.7679558011049724,0.4527667620873493,2.762589928057554
61s non-causal avg,0.48,181,134,336,951.9250000000001,476,0.7403314917127072,0.3529689839010426,3.5522388059701493
61s non-causal avg,0.49,181,129,339,951.9250000000001,527,0.712707182320442,0.3561204926858733,4.0852713178294575
61s non-causal avg,0.5,181,122,266,951.9250000000001,564,0.6740331491712708,0.2794337789216587,4.622950819672131
61s non-causal avg,0.51,181,118,174,951.9250000000001,620,0.6519337016574586,0.18278750952018277,5.254237288135593
61s non-causal avg,0.52,181,116,141,951.9250000000001,689,0.6408839779005525,0.14812091288704465,5.939655172413793
61s non-causal avg,0.53,181,111,111,951.9250000000001,634,0.6132596685082873,0.11660582503873729,5.711711711711712
61s non-causal avg,0.54,181,110,89,951.9250000000001,682,0.6077348066298343,0.09349476061664522,6.2
61s non-causal avg,0.55,181,110,75,951.9250000000001,777,0.6077348066298343,0.07878771962076844,7.0636363636363635
61s non-causal avg,0.56,181,110,75,951.9250000000001,885,0.6077348066298343,0.07878771962076844,8.045454545454545
61s non-causal avg,0.57,181,106,63,951.9250000000001,880,0.585635359116022,0.06618168448144549,8.30188679245283
61s non-causal avg,0.58,181,104,62,951.9250000000001,954,0.574585635359116,0.06513118155316858,9.173076923076923
61s non-causal avg,0.59,181,102,48,951.9250000000001,1031,0.56353591160221,0.0504241405572918,10.107843137254902
61s non-causal avg,0.6,181,100,44,951.9250000000001,1101,0.5524861878453039,0.04622212884418415,11.01
61s non-causal avg,0.61,181,98,40,951.9250000000001,1136,0.5414364640883977,0.0420201171310765,11.591836734693878
61s non-causal avg,0.62,181,96,38,951.9250000000001,1126,0.5303867403314917,0.039919111274522676,11.729166666666666
61s non-causal avg,0.63,181,95,34,951.9250000000001,1251,0.5248618784530387,0.03571709956141503,13.16842105263158
61s non-causal avg,0.64,181,92,32,951.9250000000001,1319,0.5082872928176796,0.0336160937048612,14.33695652173913
61s non-causal avg,0.65,181,90,24,951.9250000000001,1406,0.4972375690607735,0.0252120702786459,15.622222222222222
61s non-causal avg,0.66,181,86,19,951.9250000000001,1462,0.47513812154696133,0.019959555637261338,17.0
61s non-causal avg,0.67,181,83,18,951.9250000000001,1431,0.4585635359116022,0.018909052708984426,17.240963855421686
61s non-causal avg,0.68,181,80,18,951.9250000000001,1453,0.4419889502762431,0.018909052708984426,18.1625
61s non-causal avg,0.69,181,75,13,951.9250000000001,1879,0.4143646408839779,0.013656538067599863,25.053333333333335
61s non-causal avg,0.7,181,72,12,951.9250000000001,1922,0.39779005524861877,0.01260603513932295,26.694444444444443
61s non-causal avg,0.71,181,69,12,951.9250000000001,1916,0.3812154696132597,0.01260603513932295,27.768115942028984
61s non-causal avg,0.72,181,67,12,951.9250000000001,1956,0.3701657458563536,0.01260603513932295,29.19402985074627
61s non-causal avg,0.73,181,65,10,951.9250000000001,2029,0.35911602209944754,0.010505029282769125,31.215384615384615
61s non-causal avg,0.74,181,60,10,951.9250000000001,1924,0.3314917127071823,0.010505029282769125,32.06666666666667
61s non-causal avg,0.75,181,57,9,951.9250000000001,1844,0.3149171270718232,0.009454526354492213,32.35087719298246
61s non-causal avg,0.76,181,54,8,951.9250000000001,1838,0.2983425414364641,0.0084040234262153,34.03703703703704
61s non-causal avg,0.77,181,47,8,951.9250000000001,1675,0.2596685082872928,0.0084040234262153,35.638297872340424
61s non-causal avg,0.78,181,40,7,951.9250000000001,1612,0.22099447513812154,0.007353520497938387,40.3
61s non-causal avg,0.79,181,40,7,951.9250000000001,1689,0.22099447513812154,0.007353520497938387,42.225
61s non-causal avg,0.8,181,39,7,951.9250000000001,1733,0.2154696132596685,0.007353520497938387,44.43589743589744
61s non-causal avg,0.81,181,34,6,951.9250000000001,1634,0.1878453038674033,0.006303017569661475,48.05882352941177
61s non-causal avg,0.82,181,30,6,951.9250000000001,918,0.16574585635359115,0.006303017569661475,30.6
61s non-causal avg,0.83,181,26,4,951.9250000000001,800,0.143646408839779,0.00420201171310765,30.76923076923077
61s non-causal avg,0.84,181,21,4,951.9250000000001,651,0.11602209944751381,0.00420201171310765,31.0
61s non-causal avg,0.85,181,21,4,951.9250000000001,725,0.11602209944751381,0.00420201171310765,34.523809523809526
61s non-causal avg,0.86,181,19,5,951.9250000000001,673,0.10497237569060773,0.0052525146413845624,35.421052631578945
61s non-causal avg,0.87,181,16,5,951.9250000000001,593,0.08839779005524862,0.0052525146413845624,37.0625
61s non-causal avg,0.88,181,13,5,951.9250000000001,520,0.0718232044198895,0.0052525146413845624,40.0
61s non-causal avg,0.89,181,10,5,951.9250000000001,498,0.055248618784530384,0.0052525146413845624,49.8
61s non-causal avg,0.9,181,8,4,951.9250000000001,384,0.04419889502762431,0.00420201171310765,48.0
61s non-causal avg,0.91,181,6,4,951.9250000000001,225,0.03314917127071823,0.00420201171310765,37.5
61s non-causal avg,0.92,181,5,3,951.9250000000001,199,0.027624309392265192,0.0031515087848307376,39.8
61s non-causal avg,0.93,181,4,3,951.9250000000001,171,0.022099447513812154,0.0031515087848307376,42.75
61s non-causal avg,0.94,181,4,3,951.9250000000001,190,0.022099447513812154,0.0031515087848307376,47.5
61s non-causal avg,0.95,181,1,3,951.9250000000001,27,0.0055248618784530384,0.0031515087848307376,27.0
61s non-causal avg,0.96,181,0,2,951.9250000000001,0,0.0,0.002101005856553825,
61s non-causal avg,0.97,181,0,0,951.9250000000001,0,0.0,0.0,
61s non-causal avg,0.98,181,0,0,951.9250000000001,0,0.0,0.0,
61s non-causal avg,0.99,181,0,0,951.9250000000001,0,0.0,0.0,
none,0.01,181,181,864,951.9250000000001,0,1.0,0.9076345300312524,0.0
none,0.02,181,181,1670,951.9250000000001,0,1.0,1.7543398902224439,0.0
none,0.03,181,181,3419,951.9250000000001,0,1.0,3.591669511778764,0.0
none,0.04,181,181,5140,951.9250000000001,0,1.0,5.3995850513433306,0.0
none,0.05,181,181,7265,951.9250000000001,0,1.0,7.63190377393177,0.0
none,0.06,181,181,9414,951.9250000000001,0,1.0,9.889434566798855,0.0
none,0.07,181,181,11630,951.9250000000001,0,1.0,12.217349055860492,0.0
none,0.08,181,181,13827,951.9250000000001,0,1.0,14.525303989284868,0.0
none,0.09,181,181,16178,951.9250000000001,0,1.0,16.99503637366389,0.0
none,0.1,181,181,18496,951.9250000000001,0,1.0,19.430102161409774,0.0
none,0.11,181,181,20510,951.9250000000001,0,1.0,21.545815058959477,0.0
none,0.12,181,181,22672,951.9250000000001,0,1.0,23.81700238989416,0.0
none,0.13,181,181,24827,951.9250000000001,1,1.0,26.080836200330907,0.0055248618784530384
none,0.14,181,181,27167,951.9250000000001,2,1.0,28.53901305249888,0.011049723756906077
none,0.15,181,181,29463,951.9250000000001,2,1.0,30.950967775822672,0.011049723756906077
none,0.16,181,181,31670,951.9250000000001,2,1.0,33.26942773852982,0.011049723756906077
none,0.17,181,181,33967,951.9250000000001,2,1.0,35.68243296478189,0.011049723756906077
none,0.18,181,181,36213,951.9250000000001,2,1.0,38.041862541691835,0.011049723756906077
none,0.19,181,181,38456,951.9250000000001,7,1.0,40.39814060981695,0.03867403314917127
none,0.2,181,181,40816,951.9250000000001,10,1.0,42.87732752055046,0.055248618784530384
none,0.21,181,181,42993,951.9250000000001,13,1.0,45.1642723954093,0.0718232044198895
none,0.22,181,181,45009,951.9250000000001,13,1.0,47.28208629881556,0.0718232044198895
none,0.23,181,181,46775,951.9250000000001,13,1.0,49.13727447015258,0.0718232044198895
none,0.24,181,181,48415,951.9250000000001,13,1.0,50.86009927252672,0.0718232044198895
none,0.25,181,181,49935,951.9250000000001,13,1.0,52.456863723507624,0.0718232044198895
none,0.26,181,181,51522,951.9250000000001,13,1.0,54.124011870683084,0.0718232044198895
none,0.27,181,181,52847,951.9250000000001,26,1.0,55.51592825064999,0.143646408839779
none,0.28,181,181,53955,951.9250000000001,27,1.0,56.67988549518081,0.14917127071823205
none,0.29,181,181,54943,951.9250000000001,28,1.0,57.717782388318405,0.15469613259668508
none,0.3,181,181,55913,951.9250000000001,28,1.0,58.736770228747005,0.15469613259668508
none,0.31,181,181,56629,951.9250000000001,35,1.0,59.48893032539328,0.19337016574585636
none,0.32,181,181,57189,951.9250000000001,46,1.0,60.07721196522835,0.2541436464088398
none,0.33,181,181,57820,951.9250000000001,46,1.0,60.74007931297108,0.2541436464088398
none,0.34,181,181,58266,951.9250000000001,52,1.0,61.208603618982586,0.287292817679558
none,0.35,181,181,58666,951.9250000000001,67,1.0,61.62880479029335,0.3701657458563536
none,0.36,181,181,58867,951.9250000000001,73,1.0,61.83995587887701,0.40331491712707185
none,0.37,181,181,59042,951.9250000000001,119,1.0,62.02379389132547,0.6574585635359116
none,0.38,181,181,59265,951.9250000000001,121,1.0,62.25805604433122,0.6685082872928176
none,0.39,181,181,59359,951.9250000000001,122,1.0,62.35680331958925,0.6740331491712708
none,0.4,181,181,59212,951.9250000000001,132,1.0,62.202379389132545,0.7292817679558011
none,0.41,181,181,59037,951.9250000000001,145,1.0,62.018541376684084,0.8011049723756906
none,0.42,181,181,58839,951.9250000000001,150,1.0,61.81054179688525,0.8287292817679558
none,0.43,181,181,58554,951.9250000000001,158,1.0,61.51114846232633,0.8729281767955801
none,0.44,181,181,58288,951.9250000000001,167,1.0,61.231714683404675,0.9226519337016574
none,0.45,181,181,58046,951.9250000000001,173,1.0,60.97749297476166,0.9558011049723757
none,0.46,181,181,57563,951.9250000000001,216,1.0,60.470100060403915,1.1933701657458564
none,0.47,181,181,56690,951.9250000000001,234,1.0,59.55301100401817,1.292817679558011
none,0.48,181,181,55418,951.9250000000001,241,1.0,58.21677127924994,1.3314917127071824
none,0.49,181,179,53844,951.9250000000001,261,0.988950276243094,56.56327967014207,1.458100558659218
none,0.5,181,178,52244,951.9250000000001,270,0.9834254143646409,54.88247498489902,1.5168539325842696
none,0.51,181,178,50424,951.9250000000001,283,0.9834254143646409,52.97055965543503,1.5898876404494382
none,0.52,181,177,48629,951.9250000000001,296,0.9779005524861878,51.08490689917798,1.6723163841807909
none,0.53,181,176,46599,951.9250000000001,307,0.9723756906077348,48.95238595477584,1.7443181818181819
none,0.54,181,175,44712,951.9250000000001,313,0.9668508287292817,46.970086929117315,1.7885714285714285
none,0.55,181,175,42740,951.9250000000001,363,0.9668508287292817,44.89849515455524,2.0742857142857143
none,0.56,181,173,40844,951.9250000000001,364,0.9558011049723757,42.90674160254221,2.1040462427745665
none,0.57,181,171,38776,951.9250000000001,359,0.9447513812154696,40.73430154686556,2.0994152046783627
none,0.58,181,171,36805,951.9250000000001,376,0.9447513812154696,38.663760275231766,2.198830409356725
none,0.59,181,171,34894,951.9250000000001,399,0.9447513812154696,36.65624917929458,2.3333333333333335
none,0.6,181,171,33148,951.9250000000001,432,0.9447513812154696,34.822071066523094,2.526315789473684
none,0.61,181,170,31336,951.9250000000001,436,0.9392265193370166,32.91855976048533,2.5647058823529414
none,0.62,181,169,29617,951.9250000000001,439,0.9337016574585635,31.112745226777317,2.5976331360946747
none,0.63,181,169,27743,951.9250000000001,442,0.9337016574585635,29.144102739186383,2.6153846153846154
none,0.64,181,169,26074,951.9250000000001,452,0.9337016574585635,27.390813351892216,2.6745562130177514
none,0.65,181,169,24427,951.9250000000001,493,0.9337016574585635,25.660635029020142,2.9171597633136095
none,0.66,181,168,22919,951.9250000000001,491,0.9281767955801105,24.076476613178556,2.9226190476190474
none,0.67,181,168,21402,951.9250000000001,519,0.9281767955801105,22.482863670982482,3.0892857142857144
none,0.68,181,167,19922,951.9250000000001,564,0.9226519337016574,20.92811933713265,3.377245508982036
none,0.69,181,166,18443,951.9250000000001,531,0.9171270718232044,19.374425506211097,3.1987951807228914
none,0.7,181,165,17128,951.9250000000001,509,0.9116022099447514,17.993014155526957,3.084848484848485
none,0.71,181,163,15761,951.9250000000001,508,0.9005524861878453,16.556976652572416,3.1165644171779143
none,0.72,181,162,14531,951.9250000000001,524,0.8950276243093923,15.264858050791815,3.234567901234568
none,0.73,181,161,13277,951.9250000000001,538,0.8895027624309392,13.947527378732568,3.341614906832298
none,0.74,181,158,12080,951.9250000000001,549,0.8729281767955801,12.690075373585103,3.4746835443037973
none,0.75,181,153,10969,951.9250000000001,537,0.8453038674033149,11.522966620269454,3.5098039215686274
none,0.76,181,150,9793,951.9250000000001,565,0.8287292817679558,10.287575176615803,3.7666666666666666
none,0.77,181,149,8784,951.9250000000001,575,0.8232044198895028,9.2276177219844,3.859060402684564
none,0.78,181,146,7801,951.9250000000001,570,0.8066298342541437,8.194973343488194,3.904109589041096
none,0.79,181,145,6978,951.9250000000001,581,0.8011049723756906,7.330409433516295,4.006896551724138
none,0.8,181,145,6105,951.9250000000001,657,0.8011049723756906,6.4133203771305505,4.531034482758621
none,0.81,181,144,5295,951.9250000000001,703,0.7955801104972375,5.562413005226252,4.881944444444445
none,0.82,181,142,4571,951.9250000000001,716,0.7845303867403315,4.801848885153767,5.042253521126761
none,0.83,181,140,3901,951.9250000000001,762,0.7734806629834254,4.098011923208236,5.442857142857143
none,0.84,181,136,3238,951.9250000000001,954,0.7513812154696132,3.401528481760643,7.014705882352941
none,0.85,181,132,2696,951.9250000000001,1016,0.7292817679558011,2.832155894634556,7.696969696969697
none,0.86,181,128,2206,951.9250000000001,1084,0.7071823204419889,2.317409459778869,8.46875
none,0.87,181,123,1800,951.9250000000001,1624,0.6795580110497238,1.8909052708984424,13.203252032520325
none,0.88,181,115,1457,951.9250000000001,1012,0.6353591160220995,1.5305827664994616,8.8
none,0.89,181,103,1125,951.9250000000001,1073,0.569060773480663,1.1818157943115266,10.41747572815534
none,0.9,181,96,867,951.9250000000001,1067,0.5303867403314917,0.9107860388160831,11.114583333333334
none,0.91,181,86,645,951.9250000000001,1117,0.47513812154696133,0.6775743887386085,12.988372093023257
none,0.92,181,75,444,951.9250000000001,1048,0.4143646408839779,0.46642330015494915,13.973333333333333
none,0.93,181,52,293,951.9250000000001,630,0.287292817679558,0.30779735798513536,12.115384615384615
none,0.94,181,43,176,951.9250000000001,590,0.23756906077348067,0.1848885153767366,13.720930232558139
none,0.95,181,38,101,951.9250000000001,939,0.20994475138121546,0.10610079575596816,24.710526315789473
none,0.96,181,27,38,951.9250000000001,648,0.14917127071823205,0.039919111274522676,24.0
none,0.97,181,17,17,951.9250000000001,706,0.09392265193370165,0.017858549780707514,41.529411764705884
none,0.98,181,5,7,951.9250000000001,232,0.027624309392265192,0.007353520497938387,46.4
none,0.99,181,2,1,951.9250000000001,67,0.011049723756906077,0.0010505029282769124,33.5
