patient,window_sec,segment_sec,n_segments,tcn_layers,fold,n_folds,test_recordings,n_train,n_test,best_epoch,TP,FP,TN,FN,auroc,shuf_TP,shuf_FP,shuf_TN,shuf_FN,shuf_f1,shuf_auroc,sensitivity,specificity,precision,f1,accuracy
chb01,3,1,3,0,0,5,chb01_03.edf,638,78,58,13,0,65,0,1.0,13,0,65,0,1.0,1.0,1.0,1.0,1.0,1.0,1.0
chb01,3,1,3,1,0,5,chb01_03.edf,638,78,26,12,0,65,1,1.0,13,0,65,0,1.0,1.0,0.9230769230769231,1.0,1.0,0.96,0.9871794871794872
chb01,3,1,3,2,0,5,chb01_03.edf,638,78,8,13,0,65,0,1.0,13,0,65,0,1.0,1.0,1.0,1.0,1.0,1.0,1.0
chb01,3,1,3,3,0,5,chb01_03.edf,638,78,22,13,0,65,0,1.0,13,0,65,0,1.0,1.0,1.0,1.0,1.0,1.0,1.0
chb01,3,1,3,0,1,5,chb01_21.edf,552,186,38,31,9,146,0,0.9991675338189386,31,9,146,0,0.8732394366197183,0.9991675338189386,1.0,0.9419354838709677,0.775,0.8732394366197183,0.9516129032258065
chb01,3,1,3,1,1,5,chb01_21.edf,552,186,6,31,7,148,0,0.999375650364204,31,6,149,0,0.9117647058823529,0.999375650364204,1.0,0.9548387096774194,0.8157894736842105,0.8985507246376812,0.9623655913978495
chb01,3,1,3,2,1,5,chb01_21.edf,552,186,16,31,8,147,0,0.999375650364204,31,8,147,0,0.8857142857142857,0.999375650364204,1.0,0.9483870967741935,0.7948717948717948,0.8857142857142857,0.956989247311828
chb01,3,1,3,3,1,5,chb01_21.edf,552,186,17,31,7,148,0,0.999375650364204,31,8,147,0,0.8857142857142857,0.999375650364204,1.0,0.9548387096774194,0.8157894736842105,0.8985507246376812,0.9623655913978495
chb01,3,1,3,0,2,5,chb01_26.edf,542,198,40,32,5,160,1,0.9985307621671258,32,5,160,1,0.9142857142857143,0.9985307621671258,0.9696969696969697,0.9696969696969697,0.8648648648648649,0.9142857142857143,0.9696969696969697
chb01,3,1,3,1,2,5,chb01_26.edf,542,198,5,32,3,162,1,0.9985307621671258,32,2,163,1,0.9552238805970149,0.9983471074380166,0.9696969696969697,0.9818181818181818,0.9142857142857143,0.9411764705882353,0.9797979797979798
chb01,3,1,3,2,2,5,chb01_26.edf,542,198,7,32,3,162,1,0.9983471074380166,32,2,163,1,0.9552238805970149,0.9985307621671258,0.9696969696969697,0.9818181818181818,0.9142857142857143,0.9411764705882353,0.9797979797979798
chb01,3,1,3,3,2,5,chb01_26.edf,542,198,6,32,2,163,1,0.9985307621671258,32,2,163,1,0.9552238805970149,0.9981634527089073,0.9696969696969697,0.9878787878787879,0.9411764705882353,0.9552238805970149,0.9848484848484849
chb01,3,1,3,0,3,5,chb01_15.edf;chb01_16.edf,556,180,32,29,1,149,1,0.9993333333333333,29,1,149,1,0.9666666666666667,0.9993333333333333,0.9666666666666667,0.9933333333333333,0.9666666666666667,0.9666666666666667,0.9888888888888889
chb01,3,1,3,1,3,5,chb01_15.edf;chb01_16.edf,556,180,39,28,0,150,2,0.9995555555555555,28,0,150,2,0.9655172413793104,0.9991111111111112,0.9333333333333333,1.0,1.0,0.9655172413793104,0.9888888888888889
chb01,3,1,3,2,3,5,chb01_15.edf;chb01_16.edf,556,180,42,28,0,150,2,0.9995555555555555,28,0,150,2,0.9655172413793104,0.9993333333333333,0.9333333333333333,1.0,1.0,0.9655172413793104,0.9888888888888889
chb01,3,1,3,3,3,5,chb01_15.edf;chb01_16.edf,556,180,28,28,0,150,2,0.9995555555555555,28,0,150,2,0.9655172413793104,0.9991111111111112,0.9333333333333333,1.0,1.0,0.9655172413793104,0.9888888888888889
chb01,3,1,3,0,4,5,chb01_04.edf;chb01_18.edf,513,234,41,37,2,193,2,0.9994740302432611,37,2,193,2,0.9487179487179487,0.9994740302432611,0.9487179487179487,0.9897435897435898,0.9487179487179487,0.9487179487179487,0.9829059829059829
chb01,3,1,3,1,4,5,chb01_04.edf;chb01_18.edf,513,234,34,37,3,192,2,0.9992110453648916,37,3,192,2,0.9367088607594937,0.9992110453648916,0.9487179487179487,0.9846153846153847,0.925,0.9367088607594937,0.9786324786324786
chb01,3,1,3,2,4,5,chb01_04.edf;chb01_18.edf,513,234,30,37,3,192,2,0.9992110453648916,37,3,192,2,0.9367088607594937,0.9990795529257068,0.9487179487179487,0.9846153846153847,0.925,0.9367088607594937,0.9786324786324786
chb01,3,1,3,3,4,5,chb01_04.edf;chb01_18.edf,513,234,16,37,2,193,2,0.9992110453648916,37,2,193,2,0.9487179487179487,0.9990795529257068,0.9487179487179487,0.9897435897435898,0.9487179487179487,0.9487179487179487,0.9829059829059829
chb02,3,1,3,0,0,3,chb02_16+.edf,144,162,48,20,0,135,7,0.9978052126200274,20,0,135,7,0.851063829787234,0.9978052126200274,0.7407407407407407,1.0,1.0,0.851063829787234,0.9567901234567902
chb02,3,1,3,1,0,3,chb02_16+.edf,144,162,16,19,0,135,8,0.9964334705075446,19,0,135,8,0.8260869565217391,0.9983539094650206,0.7037037037037037,1.0,1.0,0.8260869565217391,0.9506172839506173
chb02,3,1,3,2,0,3,chb02_16+.edf,144,162,14,19,0,135,8,0.9964334705075446,20,0,135,7,0.851063829787234,0.9972565157750343,0.7037037037037037,1.0,1.0,0.8260869565217391,0.9506172839506173
chb02,3,1,3,3,0,3,chb02_16+.edf,144,162,16,21,0,135,6,0.9969821673525376,21,0,135,6,0.875,0.9972565157750343,0.7777777777777778,1.0,1.0,0.875,0.9629629629629629
chb02,3,1,3,0,1,3,chb02_16.edf,144,162,95,25,4,131,2,0.9912208504801097,25,4,131,2,0.8928571428571429,0.9912208504801097,0.9259259259259259,0.9703703703703703,0.8620689655172413,0.8928571428571429,0.9629629629629629
chb02,3,1,3,1,1,3,chb02_16.edf,144,162,36,26,6,129,1,0.9920438957475994,25,8,127,2,0.8333333333333334,0.9882030178326475,0.9629629629629629,0.9555555555555556,0.8125,0.8813559322033898,0.9567901234567902
chb02,3,1,3,2,1,3,chb02_16.edf,144,162,33,25,5,130,2,0.9906721536351166,25,6,129,2,0.8620689655172413,0.9887517146776406,0.9259259259259259,0.9629629629629629,0.8333333333333334,0.8771929824561403,0.9567901234567902
chb02,3,1,3,3,1,3,chb02_16.edf,144,162,20,25,6,129,2,0.9895747599451302,25,7,128,2,0.847457627118644,0.988477366255144,0.9259259259259259,0.9555555555555556,0.8064516129032258,0.8620689655172413,0.9506172839506173
chb02,3,1,3,0,2,3,chb02_19.edf,259,18,99,3,0,15,0,1.0,3,0,15,0,1.0,1.0,1.0,1.0,1.0,1.0,1.0
chb02,3,1,3,1,2,3,chb02_19.edf,259,18,27,3,0,15,0,1.0,3,0,15,0,1.0,1.0,1.0,1.0,1.0,1.0,1.0
chb02,3,1,3,2,2,3,chb02_19.edf,259,18,14,3,0,15,0,1.0,3,0,15,0,1.0,1.0,1.0,1.0,1.0,1.0,1.0
chb02,3,1,3,3,2,3,chb02_19.edf,259,18,46,3,0,15,0,1.0,3,0,15,0,1.0,1.0,1.0,1.0,1.0,1.0,1.0
chb03,3,1,3,0,0,5,chb03_02.edf,528,126,12,19,1,104,2,0.9972789115646259,19,1,104,2,0.926829268292683,0.9972789115646259,0.9047619047619048,0.9904761904761905,0.95,0.926829268292683,0.9761904761904762
chb03,3,1,3,1,0,5,chb03_02.edf,528,126,5,19,1,104,2,0.9968253968253968,19,1,104,2,0.926829268292683,0.9954648526077098,0.9047619047619048,0.9904761904761905,0.95,0.926829268292683,0.9761904761904762
chb03,3,1,3,2,0,5,chb03_02.edf,528,126,5,19,1,104,2,0.9972789115646259,19,1,104,2,0.926829268292683,0.9954648526077098,0.9047619047619048,0.9904761904761905,0.95,0.926829268292683,0.9761904761904762
chb03,3,1,3,3,0,5,chb03_02.edf,528,126,9,19,1,104,2,0.9981859410430839,19,1,104,2,0.926829268292683,0.9981859410430839,0.9047619047619048,0.9904761904761905,0.95,0.926829268292683,0.9761904761904762
chb03,3,1,3,0,1,5,chb03_03.edf,518,138,17,23,1,114,0,1.0,23,1,114,0,0.9787234042553191,1.0,1.0,0.991304347826087,0.9583333333333334,0.9787234042553191,0.9927536231884058
chb03,3,1,3,1,1,5,chb03_03.edf,518,138,4,23,1,114,0,1.0,23,0,115,0,1.0,1.0,1.0,0.991304347826087,0.9583333333333334,0.9787234042553191,0.9927536231884058
chb03,3,1,3,2,1,5,chb03_03.edf,518,138,3,23,0,115,0,1.0,23,0,115,0,1.0,1.0,1.0,1.0,1.0,1.0,1.0
chb03,3,1,3,3,1,5,chb03_03.edf,518,138,4,23,1,114,0,1.0,23,1,114,0,0.9787234042553191,1.0,1.0,0.991304347826087,0.9583333333333334,0.9787234042553191,0.9927536231884058
chb03,3,1,3,0,2,5,chb03_35.edf,528,126,42,21,3,102,0,0.9941043083900226,21,3,102,0,0.9333333333333333,0.9941043083900226,1.0,0.9714285714285714,0.875,0.9333333333333333,0.9761904761904762
chb03,3,1,3,1,2,5,chb03_35.edf,528,126,30,20,2,103,1,0.9945578231292517,20,3,102,1,0.9090909090909091,0.9954648526077098,0.9523809523809523,0.9809523809523809,0.9090909090909091,0.9302325581395349,0.9761904761904762
chb03,3,1,3,2,2,5,chb03_35.edf,528,126,17,20,3,102,1,0.9945578231292517,20,2,103,1,0.9302325581395349,0.9954648526077098,0.9523809523809523,0.9714285714285714,0.8695652173913043,0.9090909090909091,0.9682539682539683
chb03,3,1,3,3,2,5,chb03_35.edf,528,126,6,20,3,102,1,0.9945578231292517,20,3,102,1,0.9090909090909091,0.9945578231292517,0.9523809523809523,0.9714285714285714,0.8695652173913043,0.9090909090909091,0.9682539682539683
chb03,3,1,3,0,3,5,chb03_01.edf;chb03_34.edf,475,192,29,31,9,151,1,0.9947265625,31,9,151,1,0.8611111111111112,0.9947265625,0.96875,0.94375,0.775,0.8611111111111112,0.9479166666666666
chb03,3,1,3,1,3,5,chb03_01.edf;chb03_34.edf,475,192,8,31,7,153,1,0.9951171875,31,7,153,1,0.8857142857142857,0.9943359374999999,0.96875,0.95625,0.8157894736842105,0.8857142857142857,0.9583333333333334
chb03,3,1,3,2,3,5,chb03_01.edf;chb03_34.edf,475,192,4,31,8,152,1,0.9943359375,31,8,152,1,0.8732394366197183,0.9947265625,0.96875,0.95,0.7948717948717948,0.8732394366197183,0.953125
chb03,3,1,3,3,3,5,chb03_01.edf;chb03_34.edf,475,192,6,31,6,154,1,0.9953125,31,6,154,1,0.8985507246376812,0.9943359374999999,0.96875,0.9625,0.8378378378378378,0.8985507246376812,0.9635416666666666
chb03,3,1,3,0,4,5,chb03_04.edf;chb03_36.edf,465,204,28,32,0,170,2,0.9993079584775086,32,0,170,2,0.9696969696969697,0.9993079584775086,0.9411764705882353,1.0,1.0,0.9696969696969697,0.9901960784313726
chb03,3,1,3,1,4,5,chb03_04.edf;chb03_36.edf,465,204,44,32,0,170,2,0.9994809688581314,31,0,170,3,0.9538461538461539,0.9993079584775086,0.9411764705882353,1.0,1.0,0.9696969696969697,0.9901960784313726
chb03,3,1,3,2,4,5,chb03_04.edf;chb03_36.edf,465,204,52,31,0,170,3,0.9993079584775086,31,0,170,3,0.9538461538461539,0.9993079584775086,0.9117647058823529,1.0,1.0,0.9538461538461539,0.9852941176470589
chb03,3,1,3,3,4,5,chb03_04.edf;chb03_36.edf,465,204,47,31,0,170,3,0.9994809688581314,31,0,170,3,0.9538461538461539,0.9994809688581314,0.9117647058823529,1.0,1.0,0.9538461538461539,0.9852941176470589
chb04,3,1,3,0,0,3,chb04_05.edf,523,96,16,16,57,23,0,0.296875,16,57,23,0,0.3595505617977528,0.296875,1.0,0.2875,0.2191780821917808,0.3595505617977528,0.40625
chb04,3,1,3,1,0,3,chb04_05.edf,523,96,23,16,57,23,0,0.29765625,16,57,23,0,0.3595505617977528,0.296875,1.0,0.2875,0.2191780821917808,0.3595505617977528,0.40625
chb04,3,1,3,2,0,3,chb04_05.edf,523,96,21,16,57,23,0,0.2984375,16,57,23,0,0.3595505617977528,0.2984375,1.0,0.2875,0.2191780821917808,0.3595505617977528,0.40625
chb04,3,1,3,3,0,3,chb04_05.edf,523,96,19,16,57,23,0,0.2984375,16,57,23,0,0.3595505617977528,0.2984375,1.0,0.2875,0.2191780821917808,0.3595505617977528,0.40625
chb04,3,1,3,0,1,3,chb04_08.edf,422,222,9,33,23,162,4,0.9563184806428049,33,23,162,4,0.7096774193548387,0.9563184806428049,0.8918918918918919,0.8756756756756757,0.5892857142857143,0.7096774193548387,0.8783783783783784
chb04,3,1,3,1,1,3,chb04_08.edf,422,222,4,33,13,172,4,0.9574872169466764,32,13,172,5,0.7804878048780488,0.9577794010226443,0.8918918918918919,0.9297297297297298,0.717391304347826,0.7951807228915663,0.9234234234234234
chb04,3,1,3,2,1,3,chb04_08.edf,422,222,4,32,11,174,5,0.9609934258582907,33,11,174,4,0.8148148148148148,0.9617238860482102,0.8648648648648649,0.9405405405405406,0.7441860465116279,0.8,0.9279279279279279
chb04,3,1,3,3,1,3,chb04_08.edf,422,222,3,27,11,174,10,0.9517896274653032,27,10,175,10,0.7297297297297297,0.9512052593133675,0.7297297297297297,0.9405405405405406,0.7105263157894737,0.72,0.9054054054054054
chb04,3,1,3,0,2,3,chb04_28.edf,254,432,42,17,39,321,55,0.5475694444444443,17,39,321,55,0.265625,0.5475694444444443,0.2361111111111111,0.8916666666666667,0.30357142857142855,0.265625,0.7824074074074074
chb04,3,1,3,1,2,3,chb04_28.edf,254,432,23,13,16,344,59,0.529513888888889,13,19,341,59,0.25,0.528587962962963,0.18055555555555555,0.9555555555555556,0.4482758620689655,0.25742574257425743,0.8263888888888888
chb04,3,1,3,2,2,3,chb04_28.edf,254,432,13,13,16,344,59,0.556712962962963,14,17,343,58,0.27184466019417475,0.5552469135802469,0.18055555555555555,0.9555555555555556,0.4482758620689655,0.25742574257425743,0.8263888888888888
chb04,3,1,3,3,2,3,chb04_28.edf,254,432,16,13,21,339,59,0.5211805555555555,13,22,338,59,0.24299065420560748,0.5201003086419754,0.18055555555555555,0.9416666666666667,0.38235294117647056,0.24528301886792453,0.8148148148148148
chb05,3,1,3,0,0,5,chb05_06.edf,705,228,39,36,0,190,2,0.9998614958448754,36,0,190,2,0.972972972972973,0.9998614958448754,0.9473684210526315,1.0,1.0,0.972972972972973,0.9912280701754386
chb05,3,1,3,1,0,5,chb05_06.edf,705,228,3,29,0,190,9,0.9997229916897507,30,0,190,8,0.8823529411764706,0.999584487534626,0.7631578947368421,1.0,1.0,0.8656716417910447,0.9605263157894737
chb05,3,1,3,2,0,5,chb05_06.edf,705,228,2,32,0,190,6,0.9998614958448754,32,0,190,6,0.9142857142857143,0.9997229916897507,0.8421052631578947,1.0,1.0,0.9142857142857143,0.9736842105263158
chb05,3,1,3,3,0,5,chb05_06.edf,705,228,3,33,0,190,5,0.9998614958448754,33,0,190,5,0.9295774647887324,0.9997229916897507,0.868421052631579,1.0,1.0,0.9295774647887324,0.9780701754385965
chb05,3,1,3,0,1,5,chb05_13.edf,715,216,23,36,0,180,0,1.0,36,0,180,0,1.0,1.0,1.0,1.0,1.0,1.0,1.0
chb05,3,1,3,1,1,5,chb05_13.edf,715,216,4,34,0,180,2,1.0,32,0,180,4,0.9411764705882353,1.0,0.9444444444444444,1.0,1.0,0.9714285714285714,0.9907407407407407
chb05,3,1,3,2,1,5,chb05_13.edf,715,216,3,35,0,180,1,1.0,36,0,180,0,1.0,1.0,0.9722222222222222,1.0,1.0,0.9859154929577465,0.9953703703703703
chb05,3,1,3,3,1,5,chb05_13.edf,715,216,2,32,0,180,4,1.0,32,0,180,4,0.9411764705882353,1.0,0.8888888888888888,1.0,1.0,0.9411764705882353,0.9814814814814815
chb05,3,1,3,0,2,5,chb05_16.edf,734,192,49,29,0,160,3,1.0,29,0,160,3,0.9508196721311475,1.0,0.90625,1.0,1.0,0.9508196721311475,0.984375
chb05,3,1,3,1,2,5,chb05_16.edf,734,192,13,28,0,160,4,0.9998046875000001,28,0,160,4,0.9333333333333333,1.0,0.875,1.0,1.0,0.9333333333333333,0.9791666666666666
chb05,3,1,3,2,2,5,chb05_16.edf,734,192,8,28,0,160,4,0.9998046875000001,28,0,160,4,0.9333333333333333,0.9998046875000001,0.875,1.0,1.0,0.9333333333333333,0.9791666666666666
chb05,3,1,3,3,2,5,chb05_16.edf,734,192,5,28,0,160,4,0.9998046875000001,28,0,160,4,0.9333333333333333,0.9998046875000001,0.875,1.0,1.0,0.9333333333333333,0.9791666666666666
chb05,3,1,3,0,3,5,chb05_17.edf,696,240,37,40,2,198,0,0.999,40,2,198,0,0.975609756097561,0.999,1.0,0.99,0.9523809523809523,0.975609756097561,0.9916666666666667
chb05,3,1,3,1,3,5,chb05_17.edf,696,240,4,36,1,199,4,0.998625,37,1,199,3,0.9487179487179487,0.998875,0.9,0.995,0.972972972972973,0.935064935064935,0.9791666666666666
chb05,3,1,3,2,3,5,chb05_17.edf,696,240,3,38,2,198,2,0.99825,38,1,199,2,0.9620253164556962,0.998625,0.95,0.99,0.95,0.95,0.9833333333333333
chb05,3,1,3,3,3,5,chb05_17.edf,696,240,2,35,1,199,5,0.998625,35,1,199,5,0.9210526315789473,0.9984999999999999,0.875,0.995,0.9722222222222222,0.9210526315789473,0.975
chb05,3,1,3,0,4,5,chb05_22.edf,700,234,25,39,16,179,0,0.9886916502301117,39,16,179,0,0.8297872340425532,0.9886916502301117,1.0,0.9179487179487179,0.7090909090909091,0.8297872340425532,0.9316239316239316
chb05,3,1,3,1,4,5,chb05_22.edf,700,234,3,37,9,186,2,0.9904010519395134,36,10,185,3,0.8470588235294118,0.9898750821827745,0.9487179487179487,0.9538461538461539,0.8043478260869565,0.8705882352941177,0.9529914529914529
chb05,3,1,3,2,4,5,chb05_22.edf,700,234,2,37,12,183,2,0.9900065746219593,37,11,184,2,0.8505747126436781,0.9904010519395136,0.9487179487179487,0.9384615384615385,0.7551020408163265,0.8409090909090909,0.9401709401709402
chb05,3,1,3,3,4,5,chb05_22.edf,700,234,2,37,9,186,2,0.989612097304405,37,11,184,2,0.8505747126436781,0.9896120973044049,0.9487179487179487,0.9538461538461539,0.8043478260869565,0.8705882352941177,0.9529914529914529
chb06,3,1,3,0,0,5,chb06_13.edf,211,24,32,4,0,20,0,1.0,4,0,20,0,1.0,1.0,1.0,1.0,1.0,1.0,1.0
chb06,3,1,3,1,0,5,chb06_13.edf,211,24,9,3,0,20,1,1.0,3,0,20,1,0.8571428571428571,1.0,0.75,1.0,1.0,0.8571428571428571,0.9583333333333334
chb06,3,1,3,2,0,5,chb06_13.edf,211,24,7,3,0,20,1,1.0,3,0,20,1,0.8571428571428571,1.0,0.75,1.0,1.0,0.8571428571428571,0.9583333333333334
chb06,3,1,3,3,0,5,chb06_13.edf,211,24,7,3,0,20,1,1.0,3,0,20,1,0.8571428571428571,1.0,0.75,1.0,1.0,0.8571428571428571,0.9583333333333334
chb06,3,1,3,0,1,5,chb06_09.edf,206,30,64,4,1,24,1,0.9760000000000001,4,1,24,1,0.8,0.9760000000000001,0.8,0.96,0.8,0.8,0.9333333333333333
chb06,3,1,3,1,1,5,chb06_09.edf,206,30,34,3,1,24,2,0.9760000000000001,4,1,24,1,0.8,0.9760000000000001,0.6,0.96,0.75,0.6666666666666666,0.9
chb06,3,1,3,2,1,5,chb06_09.edf,206,30,26,3,1,24,2,0.9760000000000001,3,1,24,2,0.6666666666666666,0.9760000000000001,0.6,0.96,0.75,0.6666666666666666,0.9
chb06,3,1,3,3,1,5,chb06_09.edf,206,30,24,3,0,25,2,0.9760000000000001,3,0,25,2,0.75,0.9760000000000001,0.6,1.0,1.0,0.75,0.9333333333333333
chb06,3,1,3,0,2,5,chb06_01.edf;chb06_24.edf,139,114,53,19,7,88,0,0.9950138504155125,19,7,88,0,0.8444444444444444,0.9950138504155125,1.0,0.9263157894736842,0.7307692307692307,0.8444444444444444,0.9385964912280702
chb06,3,1,3,1,2,5,chb06_01.edf;chb06_24.edf,139,114,14,18,2,93,1,0.9944598337950139,17,2,93,2,0.8947368421052632,0.9961218836565098,0.9473684210526315,0.9789473684210527,0.9,0.9230769230769231,0.9736842105263158
chb06,3,1,3,2,2,5,chb06_01.edf;chb06_24.edf,139,114,10,18,2,93,1,0.9944598337950139,18,3,92,1,0.9,0.9950138504155125,0.9473684210526315,0.9789473684210527,0.9,0.9230769230769231,0.9736842105263158
chb06,3,1,3,3,2,5,chb06_01.edf;chb06_24.edf,139,114,8,17,1,94,2,0.9955678670360111,16,1,94,3,0.8888888888888888,0.9950138504155125,0.8947368421052632,0.9894736842105263,0.9444444444444444,0.918918918918919,0.9736842105263158
chb06,3,1,3,0,3,5,chb06_04.edf,172,72,63,9,36,24,3,0.6013888888888889,9,36,24,3,0.3157894736842105,0.6013888888888889,0.75,0.4,0.2,0.3157894736842105,0.4583333333333333
chb06,3,1,3,1,3,5,chb06_04.edf,172,72,46,8,35,25,4,0.5680555555555555,7,34,26,5,0.2641509433962264,0.5666666666666667,0.6666666666666666,0.4166666666666667,0.18604651162790697,0.2909090909090909,0.4583333333333333
chb06,3,1,3,2,3,5,chb06_04.edf,172,72,33,8,35,25,4,0.575,8,34,26,4,0.2962962962962963,0.5750000000000001,0.6666666666666666,0.4166666666666667,0.18604651162790697,0.2909090909090909,0.4583333333333333
chb06,3,1,3,3,3,5,chb06_04.edf,172,72,33,8,35,25,4,0.5722222222222222,8,34,26,4,0.2962962962962963,0.575,0.6666666666666666,0.4166666666666667,0.18604651162790697,0.2909090909090909,0.4583333333333333
chb06,3,1,3,0,4,5,chb06_10.edf;chb06_18.edf,192,48,32,7,3,37,1,0.971875,7,3,37,1,0.7777777777777778,0.971875,0.875,0.925,0.7,0.7777777777777778,0.9166666666666666
chb06,3,1,3,1,4,5,chb06_10.edf;chb06_18.edf,192,48,55,7,2,38,1,0.971875,7,2,38,1,0.8235294117647058,0.965625,0.875,0.95,0.7777777777777778,0.8235294117647058,0.9375
chb06,3,1,3,2,4,5,chb06_10.edf;chb06_18.edf,192,48,64,7,2,38,1,0.96875,7,2,38,1,0.8235294117647058,0.95625,0.875,0.95,0.7777777777777778,0.8235294117647058,0.9375
chb06,3,1,3,3,4,5,chb06_10.edf;chb06_18.edf,192,48,62,7,2,38,1,0.971875,7,2,38,1,0.8235294117647058,0.9593750000000001,0.875,0.95,0.7777777777777778,0.8235294117647058,0.9375
chb07,3,1,3,0,0,3,chb07_12.edf,379,168,77,28,4,136,0,0.9987244897959183,28,4,136,0,0.9333333333333333,0.9987244897959183,1.0,0.9714285714285714,0.875,0.9333333333333333,0.9761904761904762
chb07,3,1,3,1,0,3,chb07_12.edf,379,168,44,28,3,137,0,0.9987244897959184,28,3,137,0,0.9491525423728814,0.9987244897959183,1.0,0.9785714285714285,0.9032258064516129,0.9491525423728814,0.9821428571428571
chb07,3,1,3,2,0,3,chb07_12.edf,379,168,12,28,3,137,0,0.9994897959183674,28,3,137,0,0.9491525423728814,0.9979591836734694,1.0,0.9785714285714285,0.9032258064516129,0.9491525423728814,0.9821428571428571
chb07,3,1,3,3,0,3,chb07_12.edf,379,168,15,28,3,137,0,0.9994897959183674,28,3,137,0,0.9491525423728814,0.9982142857142857,1.0,0.9785714285714285,0.9032258064516129,0.9491525423728814,0.9821428571428571
chb07,3,1,3,0,1,3,chb07_13.edf,360,192,14,27,6,154,5,0.9880859375,27,6,154,5,0.8307692307692308,0.9880859375,0.84375,0.9625,0.8181818181818182,0.8307692307692308,0.9427083333333334
chb07,3,1,3,1,1,3,chb07_13.edf,360,192,5,26,4,156,6,0.9874999999999999,26,4,156,6,0.8387096774193549,0.9873046875,0.8125,0.975,0.8666666666666667,0.8387096774193549,0.9479166666666666
chb07,3,1,3,2,1,3,chb07_13.edf,360,192,4,24,2,158,8,0.9873046875,24,2,158,8,0.8275862068965517,0.9873046875,0.75,0.9875,0.9230769230769231,0.8275862068965517,0.9479166666666666
chb07,3,1,3,3,1,3,chb07_13.edf,360,192,4,26,4,156,6,0.9873046875,26,4,156,6,0.8387096774193549,0.98671875,0.8125,0.975,0.8666666666666667,0.8387096774193549,0.9479166666666666
chb07,3,1,3,0,2,3,chb07_19.edf,288,282,49,24,0,235,23,0.968130375735627,24,0,235,23,0.676056338028169,0.968130375735627,0.5106382978723404,1.0,1.0,0.676056338028169,0.9184397163120568
chb07,3,1,3,1,2,3,chb07_19.edf,288,282,26,22,2,233,25,0.9657763693979177,22,0,235,25,0.6376811594202898,0.9668628338614758,0.46808510638297873,0.9914893617021276,0.9166666666666666,0.6197183098591549,0.9042553191489362
chb07,3,1,3,2,2,3,chb07_19.edf,288,282,34,22,3,232,25,0.9618832050701674,22,1,234,25,0.6285714285714286,0.9625169760072431,0.46808510638297873,0.9872340425531915,0.88,0.6111111111111112,0.900709219858156
chb07,3,1,3,3,2,3,chb07_19.edf,288,282,11,22,0,235,25,0.9648709823449524,22,0,235,25,0.6376811594202898,0.9655952919873246,0.46808510638297873,1.0,1.0,0.6376811594202898,0.9113475177304965
chb08,3,1,3,0,0,5,chb08_02.edf,1190,342,23,55,10,275,2,0.989042782394583,55,10,275,2,0.9016393442622951,0.989042782394583,0.9649122807017544,0.9649122807017544,0.8461538461538461,0.9016393442622951,0.9649122807017544
chb08,3,1,3,1,0,5,chb08_02.edf,1190,342,40,54,14,271,3,0.9800554016620499,54,15,270,3,0.8571428571428571,0.9795629424438288,0.9473684210526315,0.9508771929824561,0.7941176470588235,0.864,0.9502923976608187
chb08,3,1,3,2,0,5,chb08_02.edf,1190,342,35,54,14,271,3,0.9785164666051093,55,15,270,2,0.8661417322834646,0.9822714681440443,0.9473684210526315,0.9508771929824561,0.7941176470588235,0.864,0.9502923976608187
chb08,3,1,3,3,0,5,chb08_02.edf,1190,342,29,54,15,270,3,0.9798091720529393,55,15,270,2,0.8661417322834646,0.9815943367189904,0.9473684210526315,0.9473684210526315,0.782608695652174,0.8571428571428571,0.9473684210526315
chb08,3,1,3,0,1,5,chb08_05.edf,1161,378,39,52,33,282,11,0.9524313429075333,52,33,282,11,0.7027027027027027,0.9524313429075333,0.8253968253968254,0.8952380952380953,0.611764705882353,0.7027027027027027,0.8835978835978836
chb08,3,1,3,1,1,5,chb08_05.edf,1161,378,4,53,45,270,10,0.948299319727891,54,41,274,9,0.6835443037974683,0.9493071302595112,0.8412698412698413,0.8571428571428571,0.5408163265306123,0.6583850931677019,0.8544973544973545
chb08,3,1,3,2,1,5,chb08_05.edf,1161,378,12,53,44,271,10,0.9452758881330311,53,39,276,10,0.6838709677419355,0.9479465860418241,0.8412698412698413,0.8603174603174604,0.5463917525773195,0.6625,0.8571428571428571
chb08,3,1,3,3,1,5,chb08_05.edf,1161,378,1,52,39,276,11,0.9455782312925171,52,36,279,11,0.6887417218543046,0.9472411186696901,0.8253968253968254,0.8761904761904762,0.5714285714285714,0.6753246753246753,0.8677248677248677
chb08,3,1,3,0,2,5,chb08_11.edf,1252,264,30,41,6,214,3,0.9902892561983471,41,6,214,3,0.9010989010989011,0.9902892561983471,0.9318181818181818,0.9727272727272728,0.8723404255319149,0.9010989010989011,0.9659090909090909
chb08,3,1,3,1,2,5,chb08_11.edf,1252,264,6,41,6,214,3,0.9897727272727274,41,7,213,3,0.8913043478260869,0.9900826446280993,0.9318181818181818,0.9727272727272728,0.8723404255319149,0.9010989010989011,0.9659090909090909
chb08,3,1,3,2,2,5,chb08_11.edf,1252,264,3,41,7,213,3,0.9891528925619835,41,7,213,3,0.8913043478260869,0.9896694214876033,0.9318181818181818,0.9681818181818181,0.8541666666666666,0.8913043478260869,0.9621212121212122
chb08,3,1,3,3,2,5,chb08_11.edf,1252,264,9,41,9,211,3,0.9898760330578513,41,10,210,3,0.8631578947368421,0.9902892561983471,0.9318181818181818,0.9590909090909091,0.82,0.8723404255319149,0.9545454545454546
chb08,3,1,3,0,3,5,chb08_13.edf,1209,318,54,51,8,257,2,0.9955144179423283,51,8,257,2,0.9107142857142857,0.9955144179423283,0.9622641509433962,0.969811320754717,0.864406779661017,0.9107142857142857,0.9685534591194969
chb08,3,1,3,1,3,5,chb08_13.edf,1209,318,2,48,5,260,5,0.9949448202207192,47,5,260,6,0.8952380952380953,0.9953008187967248,0.9056603773584906,0.9811320754716981,0.9056603773584906,0.9056603773584906,0.9685534591194969
chb08,3,1,3,2,3,5,chb08_13.edf,1209,318,4,50,7,258,3,0.9949448202207192,51,6,259,2,0.9272727272727272,0.9947312210751158,0.9433962264150944,0.9735849056603774,0.8771929824561403,0.9090909090909091,0.9685534591194969
chb08,3,1,3,3,3,5,chb08_13.edf,1209,318,4,49,6,259,4,0.9951584193663225,50,6,259,3,0.9174311926605505,0.9954432182271271,0.9245283018867925,0.9773584905660377,0.8909090909090909,0.9074074074074074,0.9685534591194969
chb08,3,1,3,0,4,5,chb08_21.edf,1041,528,30,70,18,422,18,0.9705061983471074,70,18,422,18,0.7954545454545454,0.9705061983471074,0.7954545454545454,0.9590909090909091,0.7954545454545454,0.7954545454545454,0.9318181818181818
chb08,3,1,3,1,4,5,chb08_21.edf,1041,528,5,70,20,420,18,0.9701962809917355,71,20,420,17,0.7932960893854749,0.9700154958677686,0.7954545454545454,0.9545454545454546,0.7777777777777778,0.7865168539325843,0.928030303030303
chb08,3,1,3,2,4,5,chb08_21.edf,1041,528,6,71,19,421,17,0.9709710743801653,71,20,420,17,0.7932960893854749,0.9703770661157025,0.8068181818181818,0.9568181818181818,0.7888888888888889,0.797752808988764,0.9318181818181818
chb08,3,1,3,3,4,5,chb08_21.edf,1041,528,7,73,21,419,15,0.9712293388429751,73,22,418,15,0.7978142076502732,0.9705578512396694,0.8295454545454546,0.9522727272727273,0.776595744680851,0.8021978021978022,0.9318181818181818
chb09,3,1,3,0,0,3,chb09_06.edf,331,126,31,18,8,97,3,0.980952380952381,18,8,97,3,0.7659574468085106,0.980952380952381,0.8571428571428571,0.9238095238095239,0.6923076923076923,0.7659574468085106,0.9126984126984127
chb09,3,1,3,1,0,3,chb09_06.edf,331,126,9,18,3,102,3,0.9791383219954648,18,3,102,3,0.8571428571428571,0.981859410430839,0.8571428571428571,0.9714285714285714,0.8571428571428571,0.8571428571428571,0.9523809523809523
chb09,3,1,3,2,0,3,chb09_06.edf,331,126,6,18,6,99,3,0.98140589569161,18,5,100,3,0.8181818181818182,0.982766439909297,0.8571428571428571,0.9428571428571428,0.75,0.8,0.9285714285714286
chb09,3,1,3,3,0,3,chb09_06.edf,331,126,16,18,7,98,3,0.9791383219954648,18,7,98,3,0.782608695652174,0.981859410430839,0.8571428571428571,0.9333333333333333,0.72,0.782608695652174,0.9206349206349206
chb09,3,1,3,0,1,3,chb09_08.edf,196,294,60,46,7,238,3,0.9939192003331945,46,7,238,3,0.9019607843137255,0.9939192003331945,0.9387755102040817,0.9714285714285714,0.8679245283018868,0.9019607843137255,0.9659863945578231
chb09,3,1,3,1,1,3,chb09_08.edf,196,294,12,47,9,236,2,0.9934194085797584,46,7,238,3,0.9019607843137255,0.9947521865889213,0.9591836734693877,0.963265306122449,0.8392857142857143,0.8952380952380953,0.9625850340136054
chb09,3,1,3,2,1,3,chb09_08.edf,196,294,10,47,15,230,2,0.9931695127030404,47,15,230,2,0.8468468468468469,0.9939192003331945,0.9591836734693877,0.9387755102040817,0.7580645161290323,0.8468468468468469,0.9421768707482994
chb09,3,1,3,3,1,3,chb09_08.edf,196,294,9,44,5,240,5,0.9932528113286131,44,5,240,5,0.8979591836734694,0.9933361099541858,0.8979591836734694,0.9795918367346939,0.8979591836734694,0.8979591836734694,0.9659863945578231
chb09,3,1,3,0,2,3,chb09_19.edf,336,120,20,18,7,93,2,0.9355,18,7,93,2,0.8,0.9355,0.9,0.93,0.72,0.8,0.925
chb09,3,1,3,1,2,3,chb09_19.edf,336,120,6,16,1,99,4,0.9335,16,1,99,4,0.8648648648648649,0.925,0.8,0.99,0.9411764705882353,0.8648648648648649,0.9583333333333334
chb09,3,1,3,2,2,3,chb09_19.edf,336,120,4,16,4,96,4,0.9315,16,4,96,4,0.8,0.9275,0.8,0.96,0.8,0.8,0.9333333333333333
chb09,3,1,3,3,2,3,chb09_19.edf,336,120,16,18,5,95,2,0.9335,18,6,94,2,0.8181818181818182,0.9239999999999999,0.9,0.95,0.782608695652174,0.8372093023255814,0.9416666666666667
chb10,3,1,3,0,0,5,chb10_38.edf,561,174,71,28,0,145,1,1.0,28,0,145,1,0.9824561403508771,1.0,0.9655172413793104,1.0,1.0,0.9824561403508771,0.9942528735632183
chb10,3,1,3,1,0,5,chb10_38.edf,561,174,45,28,0,145,1,1.0,28,0,145,1,0.9824561403508771,1.0,0.9655172413793104,1.0,1.0,0.9824561403508771,0.9942528735632183
chb10,3,1,3,2,0,5,chb10_38.edf,561,174,8,28,0,145,1,1.0,28,0,145,1,0.9824561403508771,1.0,0.9655172413793104,1.0,1.0,0.9824561403508771,0.9942528735632183
chb10,3,1,3,3,0,5,chb10_38.edf,561,174,8,28,0,145,1,1.0,28,0,145,1,0.9824561403508771,1.0,0.9655172413793104,1.0,1.0,0.9824561403508771,0.9942528735632183
chb10,3,1,3,0,1,5,chb10_89.edf,614,108,25,15,0,90,3,0.9382716049382717,15,0,90,3,0.9090909090909091,0.9382716049382717,0.8333333333333334,1.0,1.0,0.9090909090909091,0.9722222222222222
chb10,3,1,3,1,1,5,chb10_89.edf,614,108,5,15,0,90,3,0.932716049382716,15,0,90,3,0.9090909090909091,0.9246913580246913,0.8333333333333334,1.0,1.0,0.9090909090909091,0.9722222222222222
chb10,3,1,3,2,1,5,chb10_89.edf,614,108,3,13,0,90,5,0.9277777777777778,13,0,90,5,0.8387096774193549,0.928395061728395,0.7222222222222222,1.0,1.0,0.8387096774193549,0.9537037037037037
chb10,3,1,3,3,1,5,chb10_89.edf,614,108,3,15,0,90,3,0.9314814814814815,15,0,90,3,0.9090909090909091,0.9302469135802469,0.8333333333333334,1.0,1.0,0.9090909090909091,0.9722222222222222
chb10,3,1,3,0,2,5,chb10_20.edf;chb10_31.edf,470,288,71,47,48,192,1,0.984375,47,48,192,1,0.6573426573426573,0.984375,0.9791666666666666,0.8,0.49473684210526314,0.6573426573426573,0.8298611111111112
chb10,3,1,3,1,2,5,chb10_20.edf;chb10_31.edf,470,288,8,47,40,200,1,0.984375,47,38,202,1,0.706766917293233,0.9838541666666667,0.9791666666666666,0.8333333333333334,0.5402298850574713,0.6962962962962963,0.8576388888888888
chb10,3,1,3,2,2,5,chb10_20.edf;chb10_31.edf,470,288,16,47,39,201,1,0.9848090277777777,47,39,201,1,0.7014925373134329,0.9842013888888889,0.9791666666666666,0.8375,0.5465116279069767,0.7014925373134329,0.8611111111111112
chb10,3,1,3,3,2,5,chb10_20.edf;chb10_31.edf,470,288,4,47,38,202,1,0.9832465277777778,47,39,201,1,0.7014925373134329,0.9822916666666666,0.9791666666666666,0.8416666666666667,0.5529411764705883,0.706766917293233,0.8645833333333334
chb10,3,1,3,0,3,5,chb10_12.edf;chb10_30.edf,556,180,46,29,0,150,1,0.9997777777777778,29,0,150,1,0.9830508474576272,0.9997777777777778,0.9666666666666667,1.0,1.0,0.9830508474576272,0.9944444444444445
chb10,3,1,3,1,3,5,chb10_12.edf;chb10_30.edf,556,180,21,29,0,150,1,0.9997777777777778,29,0,150,1,0.9830508474576272,1.0,0.9666666666666667,1.0,1.0,0.9830508474576272,0.9944444444444445
chb10,3,1,3,2,3,5,chb10_12.edf;chb10_30.edf,556,180,19,29,0,150,1,0.9997777777777778,29,0,150,1,0.9830508474576272,1.0,0.9666666666666667,1.0,1.0,0.9830508474576272,0.9944444444444445
chb10,3,1,3,3,3,5,chb10_12.edf;chb10_30.edf,556,180,11,29,0,150,1,0.9997777777777778,29,0,150,1,0.9830508474576272,1.0,0.9666666666666667,1.0,1.0,0.9830508474576272,0.9944444444444445
chb10,3,1,3,0,4,5,chb10_27.edf,600,126,29,20,0,105,1,1.0,20,0,105,1,0.975609756097561,1.0,0.9523809523809523,1.0,1.0,0.975609756097561,0.9920634920634921
chb10,3,1,3,1,4,5,chb10_27.edf,600,126,4,20,0,105,1,1.0,20,0,105,1,0.975609756097561,1.0,0.9523809523809523,1.0,1.0,0.975609756097561,0.9920634920634921
chb10,3,1,3,2,4,5,chb10_27.edf,600,126,8,20,0,105,1,1.0,20,0,105,1,0.975609756097561,1.0,0.9523809523809523,1.0,1.0,0.975609756097561,0.9920634920634921
chb10,3,1,3,3,4,5,chb10_27.edf,600,126,7,20,0,105,1,1.0,20,0,105,1,0.975609756097561,1.0,0.9523809523809523,1.0,1.0,0.975609756097561,0.9920634920634921
chb11,3,1,3,0,0,3,chb11_82.edf,808,42,39,7,0,35,0,1.0,7,0,35,0,1.0,1.0,1.0,1.0,1.0,1.0,1.0
chb11,3,1,3,1,0,3,chb11_82.edf,808,42,4,7,0,35,0,1.0,7,0,35,0,1.0,1.0,1.0,1.0,1.0,1.0,1.0
chb11,3,1,3,2,0,3,chb11_82.edf,808,42,5,7,0,35,0,1.0,7,0,35,0,1.0,1.0,1.0,1.0,1.0,1.0,1.0
chb11,3,1,3,3,0,3,chb11_82.edf,808,42,4,7,0,35,0,1.0,7,0,35,0,1.0,1.0,1.0,1.0,1.0,1.0,1.0
chb11,3,1,3,0,1,3,chb11_92.edf,794,60,24,10,0,50,0,1.0,10,0,50,0,1.0,1.0,1.0,1.0,1.0,1.0,1.0
chb11,3,1,3,1,1,3,chb11_92.edf,794,60,3,9,0,50,1,1.0,9,0,50,1,0.9473684210526315,1.0,0.9,1.0,1.0,0.9473684210526315,0.9833333333333333
chb11,3,1,3,2,1,3,chb11_92.edf,794,60,3,9,0,50,1,1.0,9,0,50,1,0.9473684210526315,1.0,0.9,1.0,1.0,0.9473684210526315,0.9833333333333333
chb11,3,1,3,3,1,3,chb11_92.edf,794,60,2,9,0,50,1,1.0,8,0,50,2,0.8888888888888888,1.0,0.9,1.0,1.0,0.9473684210526315,0.9833333333333333
chb11,3,1,3,0,2,3,chb11_99.edf,81,951,95,205,93,608,45,0.9336034236804565,205,93,608,45,0.7481751824817519,0.9336034236804565,0.82,0.8673323823109843,0.6879194630872483,0.7481751824817519,0.8548895899053628
chb11,3,1,3,1,2,3,chb11_99.edf,81,951,98,207,95,606,43,0.9313723252496434,204,97,604,46,0.7404718693284936,0.9309900142653351,0.828,0.8644793152639088,0.6854304635761589,0.75,0.8548895899053628
chb11,3,1,3,2,2,3,chb11_99.edf,81,951,39,206,99,602,44,0.9326504992867333,207,101,600,43,0.7419354838709677,0.9329300998573465,0.824,0.8587731811697575,0.6754098360655738,0.7423423423423423,0.8496319663512093
chb11,3,1,3,3,2,3,chb11_99.edf,81,951,35,211,111,590,39,0.9332781740370899,210,109,592,40,0.7381370826010545,0.932713266761769,0.844,0.8416547788873039,0.65527950310559,0.7377622377622378,0.8422712933753943
chb12,3,1,3,0,0,5,chb12_42.edf,1286,300,23,45,13,237,5,0.98472,45,13,237,5,0.8333333333333334,0.98472,0.9,0.948,0.7758620689655172,0.8333333333333334,0.94
chb12,3,1,3,1,0,5,chb12_42.edf,1286,300,15,44,11,239,6,0.9843999999999999,44,15,235,6,0.8073394495412844,0.98408,0.88,0.956,0.8,0.8380952380952381,0.9433333333333334
chb12,3,1,3,2,0,5,chb12_42.edf,1286,300,1,46,18,232,4,0.9820800000000001,46,18,232,4,0.8070175438596491,0.98304,0.92,0.928,0.71875,0.8070175438596491,0.9266666666666666
chb12,3,1,3,3,0,5,chb12_42.edf,1286,300,1,45,12,238,5,0.98336,43,11,239,7,0.8269230769230769,0.98296,0.9,0.952,0.7894736842105263,0.8411214953271028,0.9433333333333334
chb12,3,1,3,0,1,5,chb12_08.edf,1406,150,37,19,2,123,6,0.93312,19,2,123,6,0.8260869565217391,0.93312,0.76,0.984,0.9047619047619048,0.8260869565217391,0.9466666666666667
chb12,3,1,3,1,1,5,chb12_08.edf,1406,150,8,21,8,117,4,0.93248,21,9,116,4,0.7636363636363637,0.9296000000000001,0.84,0.936,0.7241379310344828,0.7777777777777778,0.92
chb12,3,1,3,2,1,5,chb12_08.edf,1406,150,1,19,3,122,6,0.9286400000000001,19,4,121,6,0.7916666666666666,0.92608,0.76,0.976,0.8636363636363636,0.8085106382978723,0.94
chb12,3,1,3,3,1,5,chb12_08.edf,1406,150,1,19,0,125,6,0.93312,19,0,125,6,0.8636363636363636,0.93152,0.76,1.0,1.0,0.8636363636363636,0.96
chb12,3,1,3,0,2,5,chb12_09.edf;chb12_10.edf,1310,270,31,39,2,223,6,0.9929876543209877,39,2,223,6,0.9069767441860465,0.9929876543209877,0.8666666666666667,0.9911111111111112,0.9512195121951219,0.9069767441860465,0.9703703703703703
chb12,3,1,3,1,2,5,chb12_09.edf;chb12_10.edf,1310,270,2,39,3,222,6,0.9920987654320987,39,3,222,6,0.896551724137931,0.9925925925925926,0.8666666666666667,0.9866666666666667,0.9285714285714286,0.896551724137931,0.9666666666666667
chb12,3,1,3,2,2,5,chb12_09.edf;chb12_10.edf,1310,270,1,40,3,222,5,0.9935802469135803,41,3,222,4,0.9213483146067416,0.9934814814814814,0.8888888888888888,0.9866666666666667,0.9302325581395349,0.9090909090909091,0.9703703703703703
chb12,3,1,3,3,2,5,chb12_09.edf;chb12_10.edf,1310,270,4,39,3,222,6,0.9926913580246914,39,3,222,6,0.896551724137931,0.9935802469135802,0.8666666666666667,0.9866666666666667,0.9285714285714286,0.896551724137931,0.9666666666666667
chb12,3,1,3,0,3,5,chb12_11.edf;chb12_23.edf;chb12_36.edf,1084,552,31,62,8,452,30,0.942249527410208,62,8,452,30,0.7654320987654321,0.942249527410208,0.6739130434782609,0.9826086956521739,0.8857142857142857,0.7654320987654321,0.9311594202898551
chb12,3,1,3,1,3,5,chb12_11.edf;chb12_23.edf;chb12_36.edf,1084,552,2,56,4,456,36,0.9376890359168242,58,3,457,34,0.7581699346405228,0.9357986767485822,0.6086956521739131,0.991304347826087,0.9333333333333333,0.7368421052631579,0.927536231884058
chb12,3,1,3,2,3,5,chb12_11.edf;chb12_23.edf;chb12_36.edf,1084,552,1,52,2,458,40,0.9400047258979206,51,2,458,41,0.7034482758620689,0.9374763705103969,0.5652173913043478,0.9956521739130435,0.9629629629629629,0.7123287671232876,0.9239130434782609
chb12,3,1,3,3,3,5,chb12_11.edf;chb12_23.edf;chb12_36.edf,1084,552,2,71,21,439,21,0.938397920604915,71,21,439,21,0.7717391304347826,0.938492438563327,0.7717391304347826,0.9543478260869566,0.7717391304347826,0.7717391304347826,0.9239130434782609
chb12,3,1,3,0,4,5,chb12_06.edf;chb12_33.edf;chb12_38.edf,1017,636,21,85,13,517,21,0.9561409754360981,85,13,517,21,0.8333333333333334,0.9561409754360981,0.8018867924528302,0.9754716981132076,0.8673469387755102,0.8333333333333334,0.9465408805031447
chb12,3,1,3,1,4,5,chb12_06.edf;chb12_33.edf;chb12_38.edf,1017,636,23,88,22,508,18,0.9578319686721253,88,27,503,18,0.7963800904977375,0.95687077251691,0.8301886792452831,0.9584905660377359,0.8,0.8148148148148148,0.9371069182389937
chb12,3,1,3,2,4,5,chb12_06.edf;chb12_33.edf;chb12_38.edf,1017,636,15,88,20,510,18,0.9572979708081167,88,23,507,18,0.8110599078341014,0.9552865788536845,0.8301886792452831,0.9622641509433962,0.8148148148148148,0.822429906542056,0.940251572327044
chb12,3,1,3,3,4,5,chb12_06.edf;chb12_33.edf;chb12_38.edf,1017,636,13,88,20,510,18,0.9562655749377003,88,24,506,18,0.8073394495412844,0.9544677821288715,0.8301886792452831,0.9622641509433962,0.8148148148148148,0.822429906542056,0.940251572327044
chb13,3,1,3,0,0,5,chb13_19.edf,614,84,33,13,1,69,1,0.9989795918367348,13,1,69,1,0.9285714285714286,0.9989795918367348,0.9285714285714286,0.9857142857142858,0.9285714285714286,0.9285714285714286,0.9761904761904762
chb13,3,1,3,1,0,5,chb13_19.edf,614,84,37,14,1,69,0,0.9969387755102042,14,3,67,0,0.9032258064516129,0.9959183673469387,1.0,0.9857142857142858,0.9333333333333333,0.9655172413793104,0.9880952380952381
chb13,3,1,3,2,0,5,chb13_19.edf,614,84,33,14,2,68,0,0.9969387755102042,14,3,67,0,0.9032258064516129,0.9959183673469387,1.0,0.9714285714285714,0.875,0.9333333333333333,0.9761904761904762
chb13,3,1,3,3,0,5,chb13_19.edf,614,84,31,14,1,69,0,0.9989795918367348,14,2,68,0,0.9333333333333333,0.9979591836734694,1.0,0.9857142857142858,0.9333333333333333,0.9655172413793104,0.9880952380952381
chb13,3,1,3,0,1,5,chb13_55.edf,624,72,19,9,4,56,3,0.9180555555555555,9,4,56,3,0.72,0.9180555555555555,0.75,0.9333333333333333,0.6923076923076923,0.72,0.9027777777777778
chb13,3,1,3,1,1,5,chb13_55.edf,624,72,3,9,4,56,3,0.9166666666666666,9,4,56,3,0.72,0.913888888888889,0.75,0.9333333333333333,0.6923076923076923,0.72,0.9027777777777778
chb13,3,1,3,2,1,5,chb13_55.edf,624,72,3,9,6,54,3,0.9208333333333333,9,6,54,3,0.6666666666666666,0.9222222222222223,0.75,0.9,0.6,0.6666666666666666,0.875
chb13,3,1,3,3,1,5,chb13_55.edf,624,72,2,9,4,56,3,0.9222222222222223,9,4,56,3,0.72,0.9222222222222223,0.75,0.9333333333333333,0.6923076923076923,0.72,0.9027777777777778
chb13,3,1,3,0,2,5,chb13_62.edf,388,366,59,38,21,284,23,0.6849234076861058,38,21,284,23,0.6333333333333333,0.6849234076861058,0.6229508196721312,0.9311475409836065,0.6440677966101694,0.6333333333333333,0.8797814207650273
chb13,3,1,3,1,2,5,chb13_62.edf,388,366,15,38,21,284,23,0.68277344799785,38,21,284,23,0.6333333333333333,0.6835259338887395,0.6229508196721312,0.9311475409836065,0.6440677966101694,0.6333333333333333,0.8797814207650273
chb13,3,1,3,2,2,5,chb13_62.edf,388,366,9,38,21,284,23,0.677076054823972,38,20,285,23,0.6386554621848739,0.6785810266057511,0.6229508196721312,0.9311475409836065,0.6440677966101694,0.6333333333333333,0.8797814207650273
chb13,3,1,3,3,2,5,chb13_62.edf,388,366,10,38,21,284,23,0.6787960225745767,38,20,285,23,0.6386554621848739,0.6818597151303412,0.6229508196721312,0.9311475409836065,0.6440677966101694,0.6333333333333333,0.8797814207650273
chb13,3,1,3,0,3,5,chb13_58.edf;chb13_59.edf,561,150,65,21,4,121,4,0.97056,21,4,121,4,0.84,0.97056,0.84,0.968,0.84,0.84,0.9466666666666667
chb13,3,1,3,1,3,5,chb13_58.edf;chb13_59.edf,561,150,6,21,4,121,4,0.9756800000000001,22,4,121,3,0.8627450980392157,0.976,0.84,0.968,0.84,0.84,0.9466666666666667
chb13,3,1,3,2,3,5,chb13_58.edf;chb13_59.edf,561,150,3,22,5,120,3,0.9776,22,5,120,3,0.8461538461538461,0.9763200000000001,0.88,0.96,0.8148148148148148,0.8461538461538461,0.9466666666666667
chb13,3,1,3,3,3,5,chb13_58.edf;chb13_59.edf,561,150,5,22,6,119,3,0.9772799999999999,22,5,120,3,0.8461538461538461,0.97792,0.88,0.952,0.7857142857142857,0.8301886792452831,0.94
chb13,3,1,3,0,4,5,chb13_21.edf;chb13_60.edf,537,180,28,18,1,149,12,0.964,18,1,149,12,0.7346938775510204,0.964,0.6,0.9933333333333333,0.9473684210526315,0.7346938775510204,0.9277777777777778
chb13,3,1,3,1,4,5,chb13_21.edf;chb13_60.edf,537,180,3,18,1,149,12,0.9588888888888888,18,1,149,12,0.7346938775510204,0.9608888888888889,0.6,0.9933333333333333,0.9473684210526315,0.7346938775510204,0.9277777777777778
chb13,3,1,3,2,4,5,chb13_21.edf;chb13_60.edf,537,180,2,18,1,149,12,0.9631111111111111,17,1,149,13,0.7083333333333334,0.9635555555555555,0.6,0.9933333333333333,0.9473684210526315,0.7346938775510204,0.9277777777777778
chb13,3,1,3,3,4,5,chb13_21.edf;chb13_60.edf,537,180,2,18,1,149,12,0.9622222222222222,18,1,149,12,0.7346938775510204,0.9644444444444445,0.6,0.9933333333333333,0.9473684210526315,0.7346938775510204,0.9277777777777778
chb14,3,1,3,0,0,5,chb14_11.edf,187,78,23,7,0,65,6,0.9928994082840237,7,0,65,6,0.7,0.9928994082840237,0.5384615384615384,1.0,1.0,0.7,0.9230769230769231
chb14,3,1,3,1,0,5,chb14_11.edf,187,78,15,9,0,65,4,0.9964497041420118,9,0,65,4,0.8181818181818182,0.9928994082840237,0.6923076923076923,1.0,1.0,0.8181818181818182,0.9487179487179487
chb14,3,1,3,2,0,5,chb14_11.edf,187,78,21,8,0,65,5,0.9952662721893492,8,0,65,5,0.7619047619047619,0.9881656804733728,0.6153846153846154,1.0,1.0,0.7619047619047619,0.9358974358974359
chb14,3,1,3,3,0,5,chb14_11.edf,187,78,47,8,0,65,5,0.9881656804733727,9,0,65,4,0.8181818181818182,0.9408284023668639,0.6153846153846154,1.0,1.0,0.7619047619047619,0.9358974358974359
chb14,3,1,3,0,1,5,chb14_18.edf,216,42,29,6,0,35,1,0.963265306122449,6,0,35,1,0.9230769230769231,0.963265306122449,0.8571428571428571,1.0,1.0,0.9230769230769231,0.9761904761904762
chb14,3,1,3,1,1,5,chb14_18.edf,216,42,7,6,0,35,1,0.963265306122449,6,0,35,1,0.9230769230769231,0.9673469387755103,0.8571428571428571,1.0,1.0,0.9230769230769231,0.9761904761904762
chb14,3,1,3,2,1,5,chb14_18.edf,216,42,7,6,0,35,1,0.963265306122449,6,0,35,1,0.9230769230769231,0.963265306122449,0.8571428571428571,1.0,1.0,0.9230769230769231,0.9761904761904762
chb14,3,1,3,3,1,5,chb14_18.edf,216,42,6,6,0,35,1,0.9551020408163264,6,0,35,1,0.9230769230769231,0.9591836734693877,0.8571428571428571,1.0,1.0,0.9230769230769231,0.9761904761904762
chb14,3,1,3,0,2,5,chb14_03.edf;chb14_04.edf,168,102,17,15,4,81,2,0.9923875432525953,15,4,81,2,0.8333333333333334,0.9923875432525953,0.8823529411764706,0.9529411764705882,0.7894736842105263,0.8333333333333334,0.9411764705882353
chb14,3,1,3,1,2,5,chb14_03.edf;chb14_04.edf,168,102,11,16,5,80,1,0.9923875432525952,15,4,81,2,0.8333333333333334,0.9916955017301038,0.9411764705882353,0.9411764705882353,0.7619047619047619,0.8421052631578947,0.9411764705882353
chb14,3,1,3,2,2,5,chb14_03.edf;chb14_04.edf,168,102,9,15,4,81,2,0.9923875432525952,15,4,81,2,0.8333333333333334,0.9916955017301038,0.8823529411764706,0.9529411764705882,0.7894736842105263,0.8333333333333334,0.9411764705882353
chb14,3,1,3,3,2,5,chb14_03.edf;chb14_04.edf,168,102,8,16,4,81,1,0.9923875432525952,15,4,81,2,0.8333333333333334,0.9923875432525952,0.9411764705882353,0.9529411764705882,0.8,0.8648648648648649,0.9509803921568627
chb14,3,1,3,0,3,5,chb14_06.edf,230,24,37,2,2,18,2,0.9125,2,2,18,2,0.5,0.9125,0.5,0.9,0.5,0.5,0.8333333333333334
chb14,3,1,3,1,3,5,chb14_06.edf,230,24,9,3,2,18,1,0.9125,2,2,18,2,0.5,0.9249999999999999,0.75,0.9,0.6,0.6666666666666666,0.875
chb14,3,1,3,2,3,5,chb14_06.edf,230,24,7,3,2,18,1,0.9249999999999999,3,2,18,1,0.6666666666666666,0.9249999999999999,0.75,0.9,0.6,0.6666666666666666,0.875
chb14,3,1,3,3,3,5,chb14_06.edf,230,24,8,4,3,17,0,0.9375,4,2,18,0,0.8,0.9375,1.0,0.85,0.5714285714285714,0.7272727272727273,0.875
chb14,3,1,3,0,4,5,chb14_17.edf;chb14_27.edf,196,66,71,9,0,55,2,0.9355371900826446,9,0,55,2,0.9,0.9355371900826446,0.8181818181818182,1.0,1.0,0.9,0.9696969696969697
chb14,3,1,3,1,4,5,chb14_17.edf;chb14_27.edf,196,66,27,9,0,55,2,0.9272727272727272,9,0,55,2,0.9,0.9256198347107437,0.8181818181818182,1.0,1.0,0.9,0.9696969696969697
chb14,3,1,3,2,4,5,chb14_17.edf;chb14_27.edf,196,66,17,9,0,55,2,0.9272727272727272,9,0,55,2,0.9,0.9223140495867768,0.8181818181818182,1.0,1.0,0.9,0.9696969696969697
chb14,3,1,3,3,4,5,chb14_17.edf;chb14_27.edf,196,66,15,9,0,55,2,0.9289256198347107,9,0,55,2,0.9,0.9206611570247933,0.8181818181818182,1.0,1.0,0.9,0.9696969696969697
chb15,3,1,3,0,0,5,chb15_62.edf,2976,216,18,36,2,178,0,0.9998456790123457,36,2,178,0,0.972972972972973,0.9998456790123457,1.0,0.9888888888888889,0.9473684210526315,0.972972972972973,0.9907407407407407
chb15,3,1,3,1,0,5,chb15_62.edf,2976,216,36,36,2,178,0,0.9996913580246914,36,2,178,0,0.972972972972973,1.0,1.0,0.9888888888888889,0.9473684210526315,0.972972972972973,0.9907407407407407
chb15,3,1,3,2,0,5,chb15_62.edf,2976,216,19,36,3,177,0,0.9996913580246914,36,2,178,0,0.972972972972973,0.9998456790123457,1.0,0.9833333333333333,0.9230769230769231,0.96,0.9861111111111112
chb15,3,1,3,3,0,5,chb15_62.edf,2976,216,4,36,3,177,0,0.9998456790123457,36,3,177,0,0.96,0.9998456790123457,1.0,0.9833333333333333,0.9230769230769231,0.96,0.9861111111111112
chb15,3,1,3,0,1,5,chb15_06.edf;chb15_22.edf;chb15_49.edf,2404,930,66,147,1,774,8,0.9987513007284079,147,1,774,8,0.9702970297029703,0.9987513007284079,0.9483870967741935,0.9987096774193548,0.9932432432432432,0.9702970297029703,0.9903225806451613
chb15,3,1,3,1,1,5,chb15_06.edf;chb15_22.edf;chb15_49.edf,2404,930,8,146,3,772,9,0.9986264308012487,147,4,771,8,0.9607843137254902,0.9987013527575442,0.9419354838709677,0.9961290322580645,0.9798657718120806,0.9605263157894737,0.9870967741935484
chb15,3,1,3,2,1,5,chb15_06.edf;chb15_22.edf;chb15_49.edf,2404,930,4,146,3,772,9,0.9981186264308013,147,3,772,8,0.9639344262295082,0.9982934443288242,0.9419354838709677,0.9961290322580645,0.9798657718120806,0.9605263157894737,0.9870967741935484
chb15,3,1,3,3,1,5,chb15_06.edf;chb15_22.edf;chb15_49.edf,2404,930,4,146,4,771,9,0.9980020811654526,146,5,770,9,0.954248366013072,0.9980187304890739,0.9419354838709677,0.9948387096774194,0.9733333333333334,0.9573770491803278,0.986021505376344
chb15,3,1,3,0,2,5,chb15_10.edf;chb15_17.edf;chb15_52.edf,2937,264,30,44,4,216,0,0.9994834710743802,44,4,216,0,0.9565217391304348,0.9994834710743802,1.0,0.9818181818181818,0.9166666666666666,0.9565217391304348,0.9848484848484849
chb15,3,1,3,1,2,5,chb15_10.edf;chb15_17.edf;chb15_52.edf,2937,264,2,44,13,207,0,0.9997933884297521,44,11,209,0,0.8888888888888888,0.9997933884297521,1.0,0.9409090909090909,0.7719298245614035,0.8712871287128713,0.9507575757575758
chb15,3,1,3,2,2,5,chb15_10.edf;chb15_17.edf;chb15_52.edf,2937,264,3,44,18,202,0,0.9996900826446281,44,15,205,0,0.8543689320388349,0.9997933884297521,1.0,0.9181818181818182,0.7096774193548387,0.8301886792452831,0.9318181818181818
chb15,3,1,3,3,2,5,chb15_10.edf;chb15_17.edf;chb15_52.edf,2937,264,0,44,9,211,0,0.9995867768595041,44,7,213,0,0.9263157894736842,0.9996900826446281,1.0,0.9590909090909091,0.8301886792452831,0.9072164948453608,0.9659090909090909
chb15,3,1,3,0,3,5,chb15_15.edf;chb15_31.edf;chb15_40.edf;chb15_54.edf,1684,1830,50,278,17,1508,27,0.9918624025799516,278,17,1508,27,0.9266666666666666,0.9918624025799516,0.9114754098360656,0.9888524590163934,0.9423728813559322,0.9266666666666666,0.9759562841530055
chb15,3,1,3,1,3,5,chb15_15.edf;chb15_31.edf;chb15_40.edf;chb15_54.edf,1684,1830,6,281,28,1497,24,0.9920128997581296,281,27,1498,24,0.9168026101141925,0.9918108035474336,0.921311475409836,0.981639344262295,0.9093851132686084,0.9153094462540716,0.9715846994535519
chb15,3,1,3,2,3,5,chb15_15.edf;chb15_31.edf;chb15_40.edf;chb15_54.edf,1684,1830,21,285,43,1482,20,0.992208546089761,287,42,1483,18,0.9053627760252366,0.9919978500403117,0.9344262295081968,0.9718032786885246,0.8689024390243902,0.9004739336492891,0.9655737704918033
chb15,3,1,3,3,3,5,chb15_15.edf;chb15_31.edf;chb15_40.edf;chb15_54.edf,1684,1830,10,282,32,1493,23,0.9923289438323032,284,31,1494,21,0.9161290322580645,0.9917162053211503,0.9245901639344263,0.9790163934426229,0.8980891719745223,0.9111470113085622,0.9699453551912568
chb15,3,1,3,0,4,5,chb15_20.edf;chb15_28.edf;chb15_46.edf,2592,696,47,109,0,580,7,0.9934898929845423,109,0,580,7,0.9688888888888889,0.9934898929845423,0.9396551724137931,1.0,1.0,0.9688888888888889,0.9899425287356322
chb15,3,1,3,1,4,5,chb15_20.edf;chb15_28.edf;chb15_46.edf,2592,696,15,111,8,572,5,0.9858799048751485,111,7,573,5,0.9487179487179487,0.9861474435196195,0.9568965517241379,0.9862068965517241,0.9327731092436975,0.9446808510638298,0.9813218390804598
chb15,3,1,3,2,4,5,chb15_20.edf;chb15_28.edf;chb15_46.edf,2592,696,4,112,10,570,4,0.9885552913198573,112,8,572,4,0.9491525423728814,0.9898632580261594,0.9655172413793104,0.9827586206896551,0.9180327868852459,0.9411764705882353,0.9798850574712644
chb15,3,1,3,3,4,5,chb15_20.edf;chb15_28.edf;chb15_46.edf,2592,696,6,112,4,576,4,0.9876040428061831,112,5,575,4,0.9613733905579399,0.9886444708680143,0.9655172413793104,0.993103448275862,0.9655172413793104,0.9655172413793104,0.9885057471264368
chb16,3,1,3,0,0,5,chb16_10.edf,86,18,25,2,0,15,1,1.0,2,0,15,1,0.8,1.0,0.6666666666666666,1.0,1.0,0.8,0.9444444444444444
chb16,3,1,3,1,0,5,chb16_10.edf,86,18,5,0,0,15,3,0.9777777777777777,0,0,15,3,0.0,0.9777777777777777,0.0,1.0,,0.0,0.8333333333333334
chb16,3,1,3,2,0,5,chb16_10.edf,86,18,3,0,0,15,3,0.9111111111111112,0,0,15,3,0.0,0.8666666666666667,0.0,1.0,,0.0,0.8333333333333334
chb16,3,1,3,3,0,5,chb16_10.edf,86,18,8,0,0,15,3,0.9777777777777777,0,0,15,3,0.0,0.9555555555555556,0.0,1.0,,0.0,0.8333333333333334
chb16,3,1,3,0,1,5,chb16_11.edf,86,18,35,2,0,15,1,1.0,2,0,15,1,0.8,1.0,0.6666666666666666,1.0,1.0,0.8,0.9444444444444444
chb16,3,1,3,1,1,5,chb16_11.edf,86,18,15,1,0,15,2,1.0,1,0,15,2,0.5,1.0,0.3333333333333333,1.0,1.0,0.5,0.8888888888888888
chb16,3,1,3,2,1,5,chb16_11.edf,86,18,15,1,0,15,2,1.0,1,0,15,2,0.5,0.9555555555555556,0.3333333333333333,1.0,1.0,0.5,0.8888888888888888
chb16,3,1,3,3,1,5,chb16_11.edf,86,18,13,1,0,15,2,0.9777777777777777,1,0,15,2,0.5,0.9555555555555556,0.3333333333333333,1.0,1.0,0.5,0.8888888888888888
chb16,3,1,3,0,2,5,chb16_14.edf,81,24,83,3,5,15,1,0.6625,3,5,15,1,0.5,0.6625,0.75,0.75,0.375,0.5,0.75
chb16,3,1,3,1,2,5,chb16_14.edf,81,24,38,2,5,15,2,0.6625,2,5,15,2,0.36363636363636365,0.6625,0.5,0.75,0.2857142857142857,0.36363636363636365,0.7083333333333334
chb16,3,1,3,2,2,5,chb16_14.edf,81,24,37,2,4,16,2,0.6625,2,4,16,2,0.4,0.6625,0.5,0.8,0.3333333333333333,0.4,0.75
chb16,3,1,3,3,2,5,chb16_14.edf,81,24,19,2,5,15,2,0.6625,2,5,15,2,0.36363636363636365,0.6625,0.5,0.75,0.2857142857142857,0.36363636363636365,0.7083333333333334
chb16,3,1,3,0,3,5,chb16_16.edf,91,12,1,0,0,10,2,0.6,0,0,10,2,0.0,0.6,0.0,1.0,,0.0,0.8333333333333334
chb16,3,1,3,1,3,5,chb16_16.edf,91,12,2,0,0,10,2,0.9500000000000001,0,0,10,2,0.0,0.9,0.0,1.0,,0.0,0.8333333333333334
chb16,3,1,3,2,3,5,chb16_16.edf,91,12,1,0,0,10,2,0.65,0,0,10,2,0.0,0.55,0.0,1.0,,0.0,0.8333333333333334
chb16,3,1,3,3,3,5,chb16_16.edf,91,12,2,0,0,10,2,0.75,0,0,10,2,0.0,0.8500000000000001,0.0,1.0,,0.0,0.8333333333333334
chb16,3,1,3,0,4,5,chb16_17.edf,57,54,46,4,1,44,5,0.8716049382716049,4,1,44,5,0.5714285714285714,0.8716049382716049,0.4444444444444444,0.9777777777777777,0.8,0.5714285714285714,0.8888888888888888
chb16,3,1,3,1,4,5,chb16_17.edf,57,54,25,4,1,44,5,0.8765432098765432,5,1,44,4,0.6666666666666666,0.874074074074074,0.4444444444444444,0.9777777777777777,0.8,0.5714285714285714,0.8888888888888888
chb16,3,1,3,2,4,5,chb16_17.edf,57,54,22,4,1,44,5,0.8888888888888888,4,1,44,5,0.5714285714285714,0.8839506172839506,0.4444444444444444,0.9777777777777777,0.8,0.5714285714285714,0.8888888888888888
chb16,3,1,3,3,4,5,chb16_17.edf,57,54,19,3,1,44,6,0.8691358024691357,4,1,44,5,0.5714285714285714,0.8691358024691358,0.3333333333333333,0.9777777777777777,0.75,0.46153846153846156,0.8703703703703703
chb17,3,1,3,0,0,3,chb17a_03.edf,321,180,61,27,1,149,3,0.9955555555555555,27,1,149,3,0.9310344827586207,0.9955555555555555,0.9,0.9933333333333333,0.9642857142857143,0.9310344827586207,0.9777777777777777
chb17,3,1,3,1,0,3,chb17a_03.edf,321,180,41,27,1,149,3,0.9955555555555555,27,0,150,3,0.9473684210526315,0.9955555555555555,0.9,0.9933333333333333,0.9642857142857143,0.9310344827586207,0.9777777777777777
chb17,3,1,3,2,0,3,chb17a_03.edf,321,180,15,26,1,149,4,0.9957777777777778,27,1,149,3,0.9310344827586207,0.996,0.8666666666666667,0.9933333333333333,0.9629629629629629,0.9122807017543859,0.9722222222222222
chb17,3,1,3,3,0,3,chb17a_03.edf,321,180,42,27,1,149,3,0.9955555555555555,27,0,150,3,0.9473684210526315,0.9953333333333333,0.9,0.9933333333333333,0.9642857142857143,0.9310344827586207,0.9777777777777777
chb17,3,1,3,0,1,3,chb17a_04.edf,283,228,30,38,4,186,0,0.9984764542936287,38,4,186,0,0.95,0.9984764542936287,1.0,0.9789473684210527,0.9047619047619048,0.95,0.9824561403508771
chb17,3,1,3,1,1,3,chb17a_04.edf,283,228,12,36,1,189,2,0.9987534626038782,35,1,189,3,0.9459459459459459,0.9981994459833795,0.9473684210526315,0.9947368421052631,0.972972972972973,0.96,0.9868421052631579
chb17,3,1,3,2,1,3,chb17a_04.edf,283,228,7,34,1,189,4,0.9984764542936289,34,1,189,4,0.9315068493150684,0.9981994459833795,0.8947368421052632,0.9947368421052631,0.9714285714285714,0.9315068493150684,0.9780701754385965
chb17,3,1,3,3,1,3,chb17a_04.edf,283,228,9,35,2,188,3,0.9981994459833795,35,2,188,3,0.9333333333333333,0.9980609418282549,0.9210526315789473,0.9894736842105263,0.9459459459459459,0.9333333333333333,0.9780701754385965
chb17,3,1,3,0,2,3,chb17b_63.edf,326,174,43,22,4,141,7,0.9719381688466111,22,4,141,7,0.8,0.9719381688466111,0.7586206896551724,0.9724137931034482,0.8461538461538461,0.8,0.9367816091954023
chb17,3,1,3,1,2,3,chb17b_63.edf,326,174,7,20,3,142,9,0.9688466111771701,19,3,142,10,0.7450980392156863,0.9717003567181927,0.6896551724137931,0.9793103448275862,0.8695652173913043,0.7692307692307693,0.9310344827586207
chb17,3,1,3,2,2,3,chb17b_63.edf,326,174,16,22,4,141,7,0.9688466111771701,21,4,141,8,0.7777777777777778,0.9700356718192629,0.7586206896551724,0.9724137931034482,0.8461538461538461,0.8,0.9367816091954023
chb17,3,1,3,3,2,3,chb17b_63.edf,326,174,12,22,3,142,7,0.9702734839476812,21,3,142,8,0.7924528301886793,0.9712247324613555,0.7586206896551724,0.9793103448275862,0.88,0.8148148148148148,0.9425287356321839
chb18,3,1,3,0,0,5,chb18_36.edf,422,90,22,15,6,69,0,0.9991111111111112,15,6,69,0,0.8333333333333334,0.9991111111111112,1.0,0.92,0.7142857142857143,0.8333333333333334,0.9333333333333333
chb18,3,1,3,1,0,5,chb18_36.edf,422,90,6,15,3,72,0,0.9991111111111112,15,2,73,0,0.9375,0.9991111111111112,1.0,0.96,0.8333333333333334,0.9090909090909091,0.9666666666666667
chb18,3,1,3,2,0,5,chb18_36.edf,422,90,19,15,8,67,0,0.9991111111111112,15,8,67,0,0.7894736842105263,0.9982222222222222,1.0,0.8933333333333333,0.6521739130434783,0.7894736842105263,0.9111111111111111
chb18,3,1,3,3,0,5,chb18_36.edf,422,90,19,15,6,69,0,0.9991111111111112,15,6,69,0,0.8333333333333334,0.9991111111111112,1.0,0.92,0.7142857142857143,0.8333333333333334,0.9333333333333333
chb18,3,1,3,0,1,5,chb18_35.edf,388,132,55,21,0,110,1,0.9987603305785124,21,0,110,1,0.9767441860465116,0.9987603305785124,0.9545454545454546,1.0,1.0,0.9767441860465116,0.9924242424242424
chb18,3,1,3,1,1,5,chb18_35.edf,388,132,20,21,4,106,1,0.9983471074380165,22,5,105,0,0.8979591836734694,0.9983471074380166,0.9545454545454546,0.9636363636363636,0.84,0.8936170212765957,0.9621212121212122
chb18,3,1,3,2,1,5,chb18_35.edf,388,132,5,20,0,110,2,0.9979338842975206,20,0,110,2,0.9523809523809523,0.9983471074380166,0.9090909090909091,1.0,1.0,0.9523809523809523,0.9848484848484849
chb18,3,1,3,3,1,5,chb18_35.edf,388,132,6,20,0,110,2,0.9975206611570249,20,0,110,2,0.9523809523809523,0.9975206611570249,0.9090909090909091,1.0,1.0,0.9523809523809523,0.9848484848484849
chb18,3,1,3,0,2,5,chb18_29.edf;chb18_31.edf,312,228,17,38,3,187,0,0.9994459833795013,38,3,187,0,0.9620253164556962,0.9994459833795013,1.0,0.9842105263157894,0.926829268292683,0.9620253164556962,0.9868421052631579
chb18,3,1,3,1,2,5,chb18_29.edf;chb18_31.edf,312,228,5,34,1,189,4,0.9980609418282549,34,1,189,4,0.9315068493150684,0.9986149584487535,0.8947368421052632,0.9947368421052631,0.9714285714285714,0.9315068493150684,0.9780701754385965
chb18,3,1,3,2,2,5,chb18_29.edf;chb18_31.edf,312,228,4,36,2,188,2,0.9991689750692522,37,3,187,1,0.9487179487179487,0.9988919667590028,0.9473684210526315,0.9894736842105263,0.9473684210526315,0.9473684210526315,0.9824561403508771
chb18,3,1,3,3,2,5,chb18_29.edf;chb18_31.edf,312,228,4,36,4,186,2,0.9988919667590028,37,4,186,1,0.9367088607594937,0.9986149584487535,0.9473684210526315,0.9789473684210527,0.9,0.9230769230769231,0.9736842105263158
chb18,3,1,3,0,3,5,chb18_30.edf,446,60,25,3,0,50,7,0.66,3,0,50,7,0.46153846153846156,0.66,0.3,1.0,1.0,0.46153846153846156,0.8833333333333333
chb18,3,1,3,1,3,5,chb18_30.edf,446,60,6,2,0,50,8,0.6539999999999999,2,0,50,8,0.3333333333333333,0.658,0.2,1.0,1.0,0.3333333333333333,0.8666666666666667
chb18,3,1,3,2,3,5,chb18_30.edf,446,60,5,3,0,50,7,0.6559999999999999,3,0,50,7,0.46153846153846156,0.656,0.3,1.0,1.0,0.46153846153846156,0.8833333333333333
chb18,3,1,3,3,3,5,chb18_30.edf,446,60,5,3,0,50,7,0.6499999999999999,3,0,50,7,0.46153846153846156,0.6519999999999999,0.3,1.0,1.0,0.46153846153846156,0.8833333333333333
chb18,3,1,3,0,4,5,chb18_32.edf,408,108,37,18,0,90,0,1.0,18,0,90,0,1.0,1.0,1.0,1.0,1.0,1.0,1.0
chb18,3,1,3,1,4,5,chb18_32.edf,408,108,6,18,0,90,0,1.0,18,0,90,0,1.0,1.0,1.0,1.0,1.0,1.0,1.0
chb18,3,1,3,2,4,5,chb18_32.edf,408,108,4,18,0,90,0,1.0,18,0,90,0,1.0,1.0,1.0,1.0,1.0,1.0,1.0
chb18,3,1,3,3,4,5,chb18_32.edf,408,108,3,18,0,90,0,1.0,18,0,90,0,1.0,1.0,1.0,1.0,1.0,1.0,1.0
chb19,3,1,3,0,0,3,chb19_28.edf,249,156,65,15,4,126,11,0.8911242603550297,15,4,126,11,0.6666666666666666,0.8911242603550297,0.5769230769230769,0.9692307692307692,0.7894736842105263,0.6666666666666666,0.9038461538461539
chb19,3,1,3,1,0,3,chb19_28.edf,249,156,33,13,3,127,13,0.8772189349112427,14,3,127,12,0.6511627906976745,0.8769230769230769,0.5,0.9769230769230769,0.8125,0.6190476190476191,0.8974358974358975
chb19,3,1,3,2,0,3,chb19_28.edf,249,156,7,14,3,127,12,0.8997041420118342,15,3,127,11,0.6818181818181818,0.9002958579881658,0.5384615384615384,0.9769230769230769,0.8235294117647058,0.6511627906976745,0.9038461538461539
chb19,3,1,3,3,0,3,chb19_28.edf,249,156,7,12,3,127,14,0.8940828402366865,12,3,127,14,0.5853658536585366,0.8946745562130176,0.46153846153846156,0.9769230769230769,0.8,0.5853658536585366,0.8910256410256411
chb19,3,1,3,0,1,3,chb19_29.edf,254,150,41,23,12,113,2,0.97952,23,12,113,2,0.7666666666666667,0.97952,0.92,0.904,0.6571428571428571,0.7666666666666667,0.9066666666666666
chb19,3,1,3,1,1,3,chb19_29.edf,254,150,10,22,10,115,3,0.97504,23,10,115,2,0.7931034482758621,0.97696,0.88,0.92,0.6875,0.7719298245614035,0.9133333333333333
chb19,3,1,3,2,1,3,chb19_29.edf,254,150,8,23,10,115,2,0.97536,23,10,115,2,0.7931034482758621,0.97664,0.92,0.92,0.696969696969697,0.7931034482758621,0.92
chb19,3,1,3,3,1,3,chb19_29.edf,254,150,7,22,10,115,3,0.97472,23,10,115,2,0.7931034482758621,0.97472,0.88,0.92,0.6875,0.7719298245614035,0.9133333333333333
chb19,3,1,3,0,2,3,chb19_30.edf,244,162,45,21,0,135,6,0.9994513031550069,21,0,135,6,0.875,0.9994513031550069,0.7777777777777778,1.0,1.0,0.875,0.9629629629629629
chb19,3,1,3,1,2,3,chb19_30.edf,244,162,7,19,0,135,8,0.9991769547325102,19,0,135,8,0.8260869565217391,0.9983539094650206,0.7037037037037037,1.0,1.0,0.8260869565217391,0.9506172839506173
chb19,3,1,3,2,2,3,chb19_30.edf,244,162,6,19,0,135,8,0.9994513031550069,19,0,135,8,0.8260869565217391,0.9994513031550069,0.7037037037037037,1.0,1.0,0.8260869565217391,0.9506172839506173
chb19,3,1,3,3,2,3,chb19_30.edf,244,162,5,19,0,135,8,0.9989026063100137,19,0,135,8,0.8260869565217391,0.9989026063100137,0.7037037037037037,1.0,1.0,0.8260869565217391,0.9506172839506173
chb20,3,1,3,0,0,5,chb20_15.edf,326,162,31,21,3,132,6,0.9810699588477366,21,3,132,6,0.8235294117647058,0.9810699588477366,0.7777777777777778,0.9777777777777777,0.875,0.8235294117647058,0.9444444444444444
chb20,3,1,3,1,0,5,chb20_15.edf,326,162,7,22,4,131,5,0.9758573388203018,22,5,130,5,0.8148148148148148,0.9783264746227709,0.8148148148148148,0.9703703703703703,0.8461538461538461,0.8301886792452831,0.9444444444444444
chb20,3,1,3,2,0,5,chb20_15.edf,326,162,6,21,4,131,6,0.9766803840877915,21,3,132,6,0.8235294117647058,0.980246913580247,0.7777777777777778,0.9703703703703703,0.84,0.8076923076923077,0.9382716049382716
chb20,3,1,3,3,0,5,chb20_15.edf,326,162,5,22,4,131,5,0.9769547325102881,22,4,131,5,0.8301886792452831,0.9794238683127572,0.8148148148148148,0.9703703703703703,0.8461538461538461,0.8301886792452831,0.9444444444444444
chb20,3,1,3,0,1,5,chb20_14.edf,398,72,40,11,1,59,1,0.9972222222222221,11,1,59,1,0.9166666666666666,0.9972222222222221,0.9166666666666666,0.9833333333333333,0.9166666666666666,0.9166666666666666,0.9722222222222222
chb20,3,1,3,1,1,5,chb20_14.edf,398,72,10,10,1,59,2,0.9972222222222221,10,1,59,2,0.8695652173913043,0.9972222222222221,0.8333333333333334,0.9833333333333333,0.9090909090909091,0.8695652173913043,0.9583333333333334
chb20,3,1,3,2,1,5,chb20_14.edf,398,72,7,11,1,59,1,0.9972222222222221,11,1,59,1,0.9166666666666666,0.9972222222222221,0.9166666666666666,0.9833333333333333,0.9166666666666666,0.9166666666666666,0.9722222222222222
chb20,3,1,3,3,1,5,chb20_14.edf,398,72,14,10,1,59,2,0.9972222222222221,10,1,59,2,0.8695652173913043,0.9972222222222221,0.8333333333333334,0.9833333333333333,0.9090909090909091,0.8695652173913043,0.9583333333333334
chb20,3,1,3,0,2,5,chb20_12.edf,412,54,17,9,0,45,0,1.0,9,0,45,0,1.0,1.0,1.0,1.0,1.0,1.0,1.0
chb20,3,1,3,1,2,5,chb20_12.edf,412,54,16,9,0,45,0,1.0,9,0,45,0,1.0,1.0,1.0,1.0,1.0,1.0,1.0
chb20,3,1,3,2,2,5,chb20_12.edf,412,54,21,9,0,45,0,1.0,9,0,45,0,1.0,1.0,1.0,1.0,1.0,1.0,1.0
chb20,3,1,3,3,2,5,chb20_12.edf,412,54,3,9,0,45,0,1.0,9,0,45,0,1.0,1.0,1.0,1.0,1.0,1.0,1.0
chb20,3,1,3,0,3,5,chb20_13.edf,345,138,22,23,1,114,0,0.9988657844990548,23,1,114,0,0.9787234042553191,0.9988657844990548,1.0,0.991304347826087,0.9583333333333334,0.9787234042553191,0.9927536231884058
chb20,3,1,3,1,3,5,chb20_13.edf,345,138,5,23,1,114,0,0.9988657844990548,23,1,114,0,0.9787234042553191,0.9984877126654065,1.0,0.991304347826087,0.9583333333333334,0.9787234042553191,0.9927536231884058
chb20,3,1,3,2,3,5,chb20_13.edf,345,138,4,23,1,114,0,0.9988657844990548,23,1,114,0,0.9787234042553191,0.9988657844990548,1.0,0.991304347826087,0.9583333333333334,0.9787234042553191,0.9927536231884058
chb20,3,1,3,3,3,5,chb20_13.edf,345,138,5,23,1,114,0,0.9988657844990548,23,1,114,0,0.9787234042553191,0.9984877126654065,1.0,0.991304347826087,0.9583333333333334,0.9787234042553191,0.9927536231884058
chb20,3,1,3,0,4,5,chb20_16.edf;chb20_68.edf,340,144,30,18,5,115,6,0.9458333333333334,18,5,115,6,0.7659574468085106,0.9458333333333334,0.75,0.9583333333333334,0.782608695652174,0.7659574468085106,0.9236111111111112
chb20,3,1,3,1,4,5,chb20_16.edf;chb20_68.edf,340,144,19,19,4,116,5,0.9468749999999999,21,4,116,3,0.8571428571428571,0.9447916666666667,0.7916666666666666,0.9666666666666667,0.8260869565217391,0.8085106382978723,0.9375
chb20,3,1,3,2,4,5,chb20_16.edf;chb20_68.edf,340,144,6,18,4,116,6,0.9479166666666666,18,4,116,6,0.782608695652174,0.9493055555555555,0.75,0.9666666666666667,0.8181818181818182,0.782608695652174,0.9305555555555556
chb20,3,1,3,3,4,5,chb20_16.edf;chb20_68.edf,340,144,6,18,4,116,6,0.9486111111111112,18,4,116,6,0.782608695652174,0.9458333333333333,0.75,0.9666666666666667,0.8181818181818182,0.782608695652174,0.9305555555555556
chb21,3,1,3,0,0,4,chb21_19.edf,225,108,32,18,3,87,0,0.9882716049382716,18,3,87,0,0.9230769230769231,0.9882716049382716,1.0,0.9666666666666667,0.8571428571428571,0.9230769230769231,0.9722222222222222
chb21,3,1,3,1,0,4,chb21_19.edf,225,108,12,16,2,88,2,0.9888888888888889,15,2,88,3,0.8571428571428571,0.9851851851851853,0.8888888888888888,0.9777777777777777,0.8888888888888888,0.8888888888888888,0.9629629629629629
chb21,3,1,3,2,0,4,chb21_19.edf,225,108,8,17,2,88,1,0.987037037037037,17,3,87,1,0.8947368421052632,0.987037037037037,0.9444444444444444,0.9777777777777777,0.8947368421052632,0.918918918918919,0.9722222222222222
chb21,3,1,3,3,0,4,chb21_19.edf,225,108,8,17,2,88,1,0.987037037037037,17,3,87,1,0.8947368421052632,0.9864197530864197,0.9444444444444444,0.9777777777777777,0.8947368421052632,0.918918918918919,0.9722222222222222
chb21,3,1,3,0,1,4,chb21_20.edf,235,96,31,15,4,76,1,0.9734375,15,4,76,1,0.8571428571428571,0.9734375,0.9375,0.95,0.7894736842105263,0.8571428571428571,0.9479166666666666
chb21,3,1,3,1,1,4,chb21_20.edf,235,96,16,14,3,77,2,0.9757812499999999,14,3,77,2,0.8484848484848485,0.975,0.875,0.9625,0.8235294117647058,0.8484848484848485,0.9479166666666666
chb21,3,1,3,2,1,4,chb21_20.edf,235,96,17,14,3,77,2,0.9765625,14,3,77,2,0.8484848484848485,0.975,0.875,0.9625,0.8235294117647058,0.8484848484848485,0.9479166666666666
chb21,3,1,3,3,1,4,chb21_20.edf,235,96,13,15,3,77,1,0.9773437500000001,14,3,77,2,0.8484848484848485,0.97421875,0.9375,0.9625,0.8333333333333334,0.8823529411764706,0.9583333333333334
chb21,3,1,3,0,2,4,chb21_21.edf,182,162,33,24,9,126,3,0.9728395061728394,24,9,126,3,0.8,0.9728395061728394,0.8888888888888888,0.9333333333333333,0.7272727272727273,0.8,0.9259259259259259
chb21,3,1,3,1,2,4,chb21_21.edf,182,162,13,24,6,129,3,0.9733882030178326,24,7,128,3,0.8275862068965517,0.9703703703703703,0.8888888888888888,0.9555555555555556,0.8,0.8421052631578947,0.9444444444444444
chb21,3,1,3,2,2,4,chb21_21.edf,182,162,11,24,5,130,3,0.9725651577503429,24,6,129,3,0.8421052631578947,0.9700960219478738,0.8888888888888888,0.9629629629629629,0.8275862068965517,0.8571428571428571,0.9506172839506173
chb21,3,1,3,3,2,4,chb21_21.edf,182,162,9,24,6,129,3,0.9717421124828532,24,7,128,3,0.8275862068965517,0.9717421124828531,0.8888888888888888,0.9555555555555556,0.8,0.8421052631578947,0.9444444444444444
chb21,3,1,3,0,3,4,chb21_22.edf,292,24,21,4,0,20,0,1.0,4,0,20,0,1.0,1.0,1.0,1.0,1.0,1.0,1.0
chb21,3,1,3,1,3,4,chb21_22.edf,292,24,8,4,0,20,0,1.0,4,0,20,0,1.0,1.0,1.0,1.0,1.0,1.0,1.0
chb21,3,1,3,2,3,4,chb21_22.edf,292,24,6,4,0,20,0,1.0,4,0,20,0,1.0,1.0,1.0,1.0,1.0,1.0,1.0
chb21,3,1,3,3,3,4,chb21_22.edf,292,24,7,4,0,20,0,1.0,4,0,20,0,1.0,1.0,1.0,1.0,1.0,1.0,1.0
chb22,3,1,3,0,0,3,chb22_20.edf,230,114,24,19,0,95,0,1.0,19,0,95,0,1.0,1.0,1.0,1.0,1.0,1.0,1.0
chb22,3,1,3,1,0,3,chb22_20.edf,230,114,9,19,0,95,0,1.0,19,0,95,0,1.0,1.0,1.0,1.0,1.0,1.0,1.0
chb22,3,1,3,2,0,3,chb22_20.edf,230,114,6,19,0,95,0,1.0,19,0,95,0,1.0,1.0,1.0,1.0,1.0,1.0,1.0
chb22,3,1,3,3,0,3,chb22_20.edf,230,114,7,19,0,95,0,1.0,19,0,95,0,1.0,1.0,1.0,1.0,1.0,1.0,1.0
chb22,3,1,3,0,1,3,chb22_25.edf,206,144,42,24,3,117,0,0.9989583333333333,24,3,117,0,0.9411764705882353,0.9989583333333333,1.0,0.975,0.8888888888888888,0.9411764705882353,0.9791666666666666
chb22,3,1,3,1,1,3,chb22_25.edf,206,144,23,23,4,116,1,0.9979166666666667,23,4,116,1,0.9019607843137255,0.9982638888888888,0.9583333333333334,0.9666666666666667,0.8518518518518519,0.9019607843137255,0.9652777777777778
chb22,3,1,3,2,1,3,chb22_25.edf,206,144,12,23,3,117,1,0.9989583333333333,23,3,117,1,0.92,0.9989583333333333,0.9583333333333334,0.975,0.8846153846153846,0.92,0.9722222222222222
chb22,3,1,3,3,1,3,chb22_25.edf,206,144,9,23,1,119,1,0.9989583333333333,23,1,119,1,0.9583333333333334,0.9989583333333333,0.9583333333333334,0.9916666666666667,0.9583333333333334,0.9583333333333334,0.9861111111111112
chb22,3,1,3,0,2,3,chb22_38.edf,206,144,36,19,0,120,5,0.992361111111111,19,0,120,5,0.8837209302325582,0.992361111111111,0.7916666666666666,1.0,1.0,0.8837209302325582,0.9652777777777778
chb22,3,1,3,1,2,3,chb22_38.edf,206,144,12,20,0,120,4,0.9930555555555556,19,0,120,5,0.8837209302325582,0.9916666666666667,0.8333333333333334,1.0,1.0,0.9090909090909091,0.9722222222222222
chb22,3,1,3,2,2,3,chb22_38.edf,206,144,21,19,0,120,5,0.9913194444444444,18,0,120,6,0.8571428571428571,0.9916666666666667,0.7916666666666666,1.0,1.0,0.8837209302325582,0.9652777777777778
chb22,3,1,3,3,2,3,chb22_38.edf,206,144,25,19,0,120,5,0.9909722222222221,19,0,120,5,0.8837209302325582,0.9920138888888889,0.7916666666666666,1.0,1.0,0.8837209302325582,0.9652777777777778
chb23,3,1,3,0,0,3,chb23_06.edf,484,222,20,37,9,176,0,0.997808619430241,37,9,176,0,0.891566265060241,0.997808619430241,1.0,0.9513513513513514,0.8043478260869565,0.891566265060241,0.9594594594594594
chb23,3,1,3,1,0,3,chb23_06.edf,484,222,4,37,9,176,0,0.9973703433162893,37,9,176,0,0.891566265060241,0.9972242512783054,1.0,0.9513513513513514,0.8043478260869565,0.891566265060241,0.9594594594594594
chb23,3,1,3,2,0,3,chb23_06.edf,484,222,3,37,9,176,0,0.9975164353542731,37,11,174,0,0.8705882352941177,0.9970781592403214,1.0,0.9513513513513514,0.8043478260869565,0.891566265060241,0.9594594594594594
chb23,3,1,3,3,0,3,chb23_06.edf,484,222,3,37,9,176,0,0.9975164353542731,37,9,176,0,0.891566265060241,0.9973703433162893,1.0,0.9513513513513514,0.8043478260869565,0.891566265060241,0.9594594594594594
chb23,3,1,3,0,1,3,chb23_08.edf,561,126,50,21,0,105,0,1.0,21,0,105,0,1.0,1.0,1.0,1.0,1.0,1.0,1.0
chb23,3,1,3,1,1,3,chb23_08.edf,561,126,6,21,0,105,0,1.0,21,0,105,0,1.0,1.0,1.0,1.0,1.0,1.0,1.0
chb23,3,1,3,2,1,3,chb23_08.edf,561,126,6,21,0,105,0,1.0,21,0,105,0,1.0,1.0,1.0,1.0,1.0,1.0,1.0
chb23,3,1,3,3,1,3,chb23_08.edf,561,126,4,21,0,105,0,1.0,21,0,105,0,1.0,1.0,1.0,1.0,1.0,1.0,1.0
chb23,3,1,3,0,2,3,chb23_09.edf,278,480,64,73,4,396,7,0.99528125,73,4,396,7,0.9299363057324841,0.99528125,0.9125,0.99,0.948051948051948,0.9299363057324841,0.9770833333333333
chb23,3,1,3,1,2,3,chb23_09.edf,278,480,50,69,2,398,11,0.9964062499999999,68,4,396,12,0.8947368421052632,0.996375,0.8625,0.995,0.971830985915493,0.9139072847682119,0.9729166666666667
chb23,3,1,3,2,2,3,chb23_09.edf,278,480,18,71,4,396,9,0.996,72,4,396,8,0.9230769230769231,0.9959687500000001,0.8875,0.99,0.9466666666666667,0.9161290322580645,0.9729166666666667
chb23,3,1,3,3,2,3,chb23_09.edf,278,480,16,69,3,397,11,0.995625,68,3,397,12,0.9006622516556292,0.9960625000000001,0.8625,0.9925,0.9583333333333334,0.9078947368421053,0.9708333333333333
chb24,3,1,3,0,0,5,chb24_07.edf;chb24_21.edf,652,174,31,23,4,141,6,0.9605231866825208,23,4,141,6,0.8214285714285714,0.9605231866825208,0.7931034482758621,0.9724137931034482,0.8518518518518519,0.8214285714285714,0.9425287356321839
chb24,3,1,3,1,0,5,chb24_07.edf;chb24_21.edf,652,174,3,24,4,141,5,0.9536266349583828,23,4,141,6,0.8214285714285714,0.95410225921522,0.8275862068965517,0.9724137931034482,0.8571428571428571,0.8421052631578947,0.9482758620689655
chb24,3,1,3,2,0,5,chb24_07.edf;chb24_21.edf,652,174,2,22,4,141,7,0.958858501783591,22,4,141,7,0.8,0.9609988109393579,0.7586206896551724,0.9724137931034482,0.8461538461538461,0.8,0.9367816091954023
chb24,3,1,3,3,0,5,chb24_07.edf;chb24_21.edf,652,174,2,23,4,141,6,0.956718192627824,23,4,141,6,0.8214285714285714,0.9598097502972652,0.7931034482758621,0.9724137931034482,0.8518518518518519,0.8214285714285714,0.9425287356321839
chb24,3,1,3,0,1,5,chb24_01.edf;chb24_04.edf;chb24_13.edf,571,276,18,36,14,216,10,0.915500945179584,36,14,216,10,0.75,0.915500945179584,0.782608695652174,0.9391304347826087,0.72,0.75,0.9130434782608695
chb24,3,1,3,1,1,5,chb24_01.edf;chb24_04.edf;chb24_13.edf,571,276,3,35,15,215,11,0.9109640831758034,36,17,213,10,0.7272727272727273,0.9133270321361059,0.7608695652173914,0.9347826086956522,0.7,0.7291666666666666,0.9057971014492754
chb24,3,1,3,2,1,5,chb24_01.edf;chb24_04.edf;chb24_13.edf,571,276,3,37,22,208,9,0.9116257088846881,37,21,209,9,0.7115384615384616,0.9125708884688091,0.8043478260869565,0.9043478260869565,0.6271186440677966,0.7047619047619048,0.8876811594202898
chb24,3,1,3,3,1,5,chb24_01.edf;chb24_04.edf;chb24_13.edf,571,276,17,37,21,209,9,0.9167296786389414,37,21,209,9,0.7115384615384616,0.9178638941398867,0.8043478260869565,0.908695652173913,0.6379310344827587,0.7115384615384616,0.8913043478260869
chb24,3,1,3,0,2,5,chb24_03.edf;chb24_09.edf,681,138,41,19,1,114,4,0.932703213610586,19,1,114,4,0.8837209302325582,0.932703213610586,0.8260869565217391,0.991304347826087,0.95,0.8837209302325582,0.9637681159420289
chb24,3,1,3,1,2,5,chb24_03.edf;chb24_09.edf,681,138,3,19,1,114,4,0.9338374291115312,19,2,113,4,0.8636363636363636,0.9334593572778828,0.8260869565217391,0.991304347826087,0.95,0.8837209302325582,0.9637681159420289
chb24,3,1,3,2,2,5,chb24_03.edf;chb24_09.edf,681,138,3,19,7,108,4,0.9262759924385633,19,7,108,4,0.7755102040816326,0.932703213610586,0.8260869565217391,0.9391304347826087,0.7307692307692307,0.7755102040816326,0.9202898550724637
chb24,3,1,3,3,2,5,chb24_03.edf;chb24_09.edf,681,138,2,19,1,114,4,0.9330812854442344,19,2,113,4,0.8636363636363636,0.9349716446124764,0.8260869565217391,0.991304347826087,0.95,0.8837209302325582,0.9637681159420289
chb24,3,1,3,0,3,5,chb24_06.edf;chb24_14.edf;chb24_15.edf,686,132,44,16,0,110,6,0.9111570247933883,16,0,110,6,0.8421052631578947,0.9111570247933883,0.7272727272727273,1.0,1.0,0.8421052631578947,0.9545454545454546
chb24,3,1,3,1,3,5,chb24_06.edf;chb24_14.edf;chb24_15.edf,686,132,10,17,6,104,5,0.9037190082644628,17,7,103,5,0.7391304347826086,0.9165289256198347,0.7727272727272727,0.9454545454545454,0.7391304347826086,0.7555555555555555,0.9166666666666666
chb24,3,1,3,2,3,5,chb24_06.edf;chb24_14.edf;chb24_15.edf,686,132,16,17,11,99,5,0.8966942148760331,17,12,98,5,0.6666666666666666,0.9041322314049588,0.7727272727272727,0.9,0.6071428571428571,0.68,0.8787878787878788
chb24,3,1,3,3,3,5,chb24_06.edf;chb24_14.edf;chb24_15.edf,686,132,24,17,15,95,5,0.8805785123966944,17,13,97,5,0.6538461538461539,0.8892561983471073,0.7727272727272727,0.8636363636363636,0.53125,0.6296296296296297,0.8484848484848485
chb24,3,1,3,0,4,5,chb24_11.edf;chb24_17.edf,576,270,31,26,3,222,19,0.7871604938271605,26,3,222,19,0.7027027027027027,0.7871604938271605,0.5777777777777777,0.9866666666666667,0.896551724137931,0.7027027027027027,0.9185185185185185
chb24,3,1,3,1,4,5,chb24_11.edf;chb24_17.edf,576,270,8,27,3,222,18,0.7887407407407407,27,2,223,18,0.7297297297297297,0.7920987654320988,0.6,0.9866666666666667,0.9,0.72,0.9222222222222223
chb24,3,1,3,2,4,5,chb24_11.edf;chb24_17.edf,576,270,5,27,4,221,18,0.8000987654320987,27,4,221,18,0.7105263157894737,0.800395061728395,0.6,0.9822222222222222,0.8709677419354839,0.7105263157894737,0.9185185185185185
chb24,3,1,3,3,4,5,chb24_11.edf;chb24_17.edf,576,270,8,27,2,223,18,0.7901234567901234,27,3,222,18,0.72,0.7896296296296296,0.6,0.9911111111111112,0.9310344827586207,0.7297297297297297,0.9259259259259259
chb01,5,1,5,0,0,5,chb01_03.edf,379,48,49,7,1,39,1,0.9874999999999999,7,1,39,1,0.875,0.9874999999999999,0.875,0.975,0.875,0.875,0.9583333333333334
chb01,5,1,5,1,0,5,chb01_03.edf,379,48,53,7,1,39,1,0.990625,7,1,39,1,0.875,0.9874999999999999,0.875,0.975,0.875,0.875,0.9583333333333334
chb01,5,1,5,2,0,5,chb01_03.edf,379,48,13,7,1,39,1,0.9874999999999999,7,1,39,1,0.875,0.9874999999999999,0.875,0.975,0.875,0.875,0.9583333333333334
chb01,5,1,5,3,0,5,chb01_03.edf,379,48,12,7,1,39,1,0.9874999999999999,7,1,39,1,0.875,0.990625,0.875,0.975,0.875,0.875,0.9583333333333334
chb01,5,1,5,0,1,5,chb01_21.edf,331,108,55,18,1,89,0,0.9981481481481482,18,1,89,0,0.972972972972973,0.9981481481481482,1.0,0.9888888888888889,0.9473684210526315,0.972972972972973,0.9907407407407407
chb01,5,1,5,1,1,5,chb01_21.edf,331,108,17,18,2,88,0,0.9981481481481482,18,1,89,0,0.972972972972973,0.9981481481481482,1.0,0.9777777777777777,0.9,0.9473684210526315,0.9814814814814815
chb01,5,1,5,2,1,5,chb01_21.edf,331,108,13,18,2,88,0,0.9981481481481482,18,1,89,0,0.972972972972973,0.9981481481481482,1.0,0.9777777777777777,0.9,0.9473684210526315,0.9814814814814815
chb01,5,1,5,3,1,5,chb01_21.edf,331,108,10,18,2,88,0,0.9981481481481482,18,2,88,0,0.9473684210526315,0.9981481481481482,1.0,0.9777777777777777,0.9,0.9473684210526315,0.9814814814814815
chb01,5,1,5,0,2,5,chb01_26.edf,321,120,39,18,0,100,2,0.9955,18,0,100,2,0.9473684210526315,0.9955,0.9,1.0,1.0,0.9473684210526315,0.9833333333333333
chb01,5,1,5,1,2,5,chb01_26.edf,321,120,10,19,0,100,1,0.994,18,0,100,2,0.9473684210526315,0.996,0.95,1.0,1.0,0.9743589743589743,0.9916666666666667
chb01,5,1,5,2,2,5,chb01_26.edf,321,120,5,19,0,100,1,0.994,19,0,100,1,0.9743589743589743,0.9964999999999999,0.95,1.0,1.0,0.9743589743589743,0.9916666666666667
chb01,5,1,5,3,2,5,chb01_26.edf,321,120,4,19,1,99,1,0.9935,19,1,99,1,0.95,0.9955,0.95,0.99,0.95,0.95,0.9833333333333333
chb01,5,1,5,0,3,5,chb01_15.edf;chb01_16.edf,331,108,89,18,0,90,0,1.0,18,0,90,0,1.0,1.0,1.0,1.0,1.0,1.0,1.0
chb01,5,1,5,1,3,5,chb01_15.edf;chb01_16.edf,331,108,10,18,0,90,0,1.0,17,0,90,1,0.9714285714285714,1.0,1.0,1.0,1.0,1.0,1.0
chb01,5,1,5,2,3,5,chb01_15.edf;chb01_16.edf,331,108,6,18,0,90,0,1.0,17,0,90,1,0.9714285714285714,1.0,1.0,1.0,1.0,1.0,1.0
chb01,5,1,5,3,3,5,chb01_15.edf;chb01_16.edf,331,108,6,18,0,90,0,1.0,18,0,90,0,1.0,1.0,1.0,1.0,1.0,1.0,1.0
chb01,5,1,5,0,4,5,chb01_04.edf;chb01_18.edf,307,138,40,23,1,114,0,1.0,23,1,114,0,0.9787234042553191,1.0,1.0,0.991304347826087,0.9583333333333334,0.9787234042553191,0.9927536231884058
chb01,5,1,5,1,4,5,chb01_04.edf;chb01_18.edf,307,138,7,23,1,114,0,1.0,23,0,115,0,1.0,1.0,1.0,0.991304347826087,0.9583333333333334,0.9787234042553191,0.9927536231884058
chb01,5,1,5,2,4,5,chb01_04.edf;chb01_18.edf,307,138,6,23,3,112,0,1.0,23,2,113,0,0.9583333333333334,1.0,1.0,0.9739130434782609,0.8846153846153846,0.9387755102040817,0.9782608695652174
chb01,5,1,5,3,4,5,chb01_04.edf;chb01_18.edf,307,138,5,23,2,113,0,1.0,23,1,114,0,0.9787234042553191,1.0,1.0,0.9826086956521739,0.92,0.9583333333333334,0.9855072463768116
chb02,5,1,5,0,0,3,chb02_16+.edf,81,96,48,14,0,80,2,1.0,14,0,80,2,0.9333333333333333,1.0,0.875,1.0,1.0,0.9333333333333333,0.9791666666666666
chb02,5,1,5,1,0,3,chb02_16+.edf,81,96,15,12,0,80,4,1.0,13,0,80,3,0.896551724137931,1.0,0.75,1.0,1.0,0.8571428571428571,0.9583333333333334
chb02,5,1,5,2,0,3,chb02_16+.edf,81,96,11,13,0,80,3,1.0,13,0,80,3,0.896551724137931,1.0,0.8125,1.0,1.0,0.896551724137931,0.96875
chb02,5,1,5,3,0,3,chb02_16+.edf,81,96,11,12,0,80,4,1.0,12,0,80,4,0.8571428571428571,1.0,0.75,1.0,1.0,0.8571428571428571,0.9583333333333334
chb02,5,1,5,0,1,3,chb02_16.edf,81,96,91,15,0,80,1,0.975,15,0,80,1,0.967741935483871,0.975,0.9375,1.0,1.0,0.967741935483871,0.9895833333333334
chb02,5,1,5,1,1,3,chb02_16.edf,81,96,22,15,4,76,1,0.971875,15,4,76,1,0.8571428571428571,0.971875,0.9375,0.95,0.7894736842105263,0.8571428571428571,0.9479166666666666
chb02,5,1,5,2,1,3,chb02_16.edf,81,96,24,15,1,79,1,0.9734375,15,1,79,1,0.9375,0.97265625,0.9375,0.9875,0.9375,0.9375,0.9791666666666666
chb02,5,1,5,3,1,3,chb02_16.edf,81,96,20,15,0,80,1,0.96875,15,0,80,1,0.967741935483871,0.97109375,0.9375,1.0,1.0,0.967741935483871,0.9895833333333334
chb02,5,1,5,0,2,3,chb02_19.edf,153,6,90,1,0,5,0,1.0,1,0,5,0,1.0,1.0,1.0,1.0,1.0,1.0,1.0
chb02,5,1,5,1,2,3,chb02_19.edf,153,6,40,1,0,5,0,1.0,1,0,5,0,1.0,1.0,1.0,1.0,1.0,1.0,1.0
chb02,5,1,5,2,2,3,chb02_19.edf,153,6,22,1,0,5,0,1.0,1,0,5,0,1.0,1.0,1.0,1.0,1.0,1.0,1.0
chb02,5,1,5,3,2,3,chb02_19.edf,153,6,18,1,0,5,0,1.0,1,0,5,0,1.0,1.0,1.0,1.0,1.0,1.0,1.0
chb03,5,1,5,0,0,5,chb03_03.edf,307,78,71,13,0,65,0,1.0,13,0,65,0,1.0,1.0,1.0,1.0,1.0,1.0,1.0
chb03,5,1,5,1,0,5,chb03_03.edf,307,78,8,13,0,65,0,1.0,13,0,65,0,1.0,1.0,1.0,1.0,1.0,1.0,1.0
chb03,5,1,5,2,0,5,chb03_03.edf,307,78,6,13,0,65,0,1.0,13,0,65,0,1.0,1.0,1.0,1.0,1.0,1.0,1.0
chb03,5,1,5,3,0,5,chb03_03.edf,307,78,5,13,0,65,0,1.0,13,0,65,0,1.0,1.0,1.0,1.0,1.0,1.0,1.0
chb03,5,1,5,0,1,5,chb03_04.edf;chb03_34.edf,278,114,52,18,2,93,1,0.9977839335180055,18,2,93,1,0.9230769230769231,0.9977839335180055,0.9473684210526315,0.9789473684210527,0.9,0.9230769230769231,0.9736842105263158
chb03,5,1,5,1,1,5,chb03_04.edf;chb03_34.edf,278,114,40,18,2,93,1,0.9961218836565098,18,2,93,1,0.9230769230769231,0.997229916897507,0.9473684210526315,0.9789473684210527,0.9,0.9230769230769231,0.9736842105263158
chb03,5,1,5,2,1,5,chb03_04.edf;chb03_34.edf,278,114,18,18,2,93,1,0.9966759002770084,18,2,93,1,0.9230769230769231,0.9966759002770084,0.9473684210526315,0.9789473684210527,0.9,0.9230769230769231,0.9736842105263158
chb03,5,1,5,3,1,5,chb03_04.edf;chb03_34.edf,278,114,14,18,2,93,1,0.9961218836565098,18,2,93,1,0.9230769230769231,0.9966759002770084,0.9473684210526315,0.9789473684210527,0.9,0.9230769230769231,0.9736842105263158
chb03,5,1,5,0,2,5,chb03_02.edf,307,78,28,13,0,65,0,1.0,13,0,65,0,1.0,1.0,1.0,1.0,1.0,1.0,1.0
chb03,5,1,5,1,2,5,chb03_02.edf,307,78,7,13,0,65,0,1.0,12,0,65,1,0.96,1.0,1.0,1.0,1.0,1.0,1.0
chb03,5,1,5,2,2,5,chb03_02.edf,307,78,5,12,0,65,1,1.0,12,0,65,1,0.96,1.0,0.9230769230769231,1.0,1.0,0.96,0.9871794871794872
chb03,5,1,5,3,2,5,chb03_02.edf,307,78,4,12,0,65,1,1.0,12,0,65,1,0.96,1.0,0.9230769230769231,1.0,1.0,0.96,0.9871794871794872
chb03,5,1,5,0,3,5,chb03_35.edf,312,72,39,12,1,59,0,1.0,12,1,59,0,0.96,1.0,1.0,0.9833333333333333,0.9230769230769231,0.96,0.9861111111111112
chb03,5,1,5,1,3,5,chb03_35.edf,312,72,7,12,1,59,0,1.0,12,0,60,0,1.0,1.0,1.0,0.9833333333333333,0.9230769230769231,0.96,0.9861111111111112
chb03,5,1,5,2,3,5,chb03_35.edf,312,72,5,12,1,59,0,1.0,12,1,59,0,0.96,1.0,1.0,0.9833333333333333,0.9230769230769231,0.96,0.9861111111111112
chb03,5,1,5,3,3,5,chb03_35.edf,312,72,5,12,1,59,0,1.0,12,1,59,0,0.96,1.0,1.0,0.9833333333333333,0.9230769230769231,0.96,0.9861111111111112
chb03,5,1,5,0,4,5,chb03_01.edf;chb03_36.edf,273,120,44,20,4,96,0,0.999,20,4,96,0,0.9090909090909091,0.999,1.0,0.96,0.8333333333333334,0.9090909090909091,0.9666666666666667
chb03,5,1,5,1,4,5,chb03_01.edf;chb03_36.edf,273,120,8,19,1,99,1,0.9984999999999999,19,2,98,1,0.926829268292683,0.999,0.95,0.99,0.95,0.95,0.9833333333333333
chb03,5,1,5,2,4,5,chb03_01.edf;chb03_36.edf,273,120,5,19,1,99,1,0.998,19,2,98,1,0.926829268292683,0.9984999999999999,0.95,0.99,0.95,0.95,0.9833333333333333
chb03,5,1,5,3,4,5,chb03_01.edf;chb03_36.edf,273,120,5,19,1,99,1,0.9984999999999999,19,1,99,1,0.95,0.9984999999999999,0.95,0.99,0.95,0.95,0.9833333333333333
chb04,5,1,5,0,0,3,chb04_05.edf,312,54,27,9,33,12,0,0.28888888888888886,9,33,12,0,0.35294117647058826,0.28888888888888886,1.0,0.26666666666666666,0.21428571428571427,0.35294117647058826,0.3888888888888889
chb04,5,1,5,1,0,3,chb04_05.edf,312,54,7,9,32,13,0,0.28888888888888886,9,32,13,0,0.36,0.28888888888888886,1.0,0.28888888888888886,0.21951219512195122,0.36,0.4074074074074074
chb04,5,1,5,2,0,3,chb04_05.edf,312,54,5,9,32,13,0,0.28888888888888886,9,32,13,0,0.36,0.28888888888888886,1.0,0.28888888888888886,0.21951219512195122,0.36,0.4074074074074074
chb04,5,1,5,3,0,3,chb04_05.edf,312,54,4,9,32,13,0,0.28888888888888886,9,32,13,0,0.36,0.28888888888888886,1.0,0.28888888888888886,0.21951219512195122,0.36,0.4074074074074074
chb04,5,1,5,0,1,3,chb04_08.edf,249,132,19,21,13,97,1,0.971900826446281,21,13,97,1,0.75,0.971900826446281,0.9545454545454546,0.8818181818181818,0.6176470588235294,0.75,0.8939393939393939
chb04,5,1,5,1,1,3,chb04_08.edf,249,132,6,20,9,101,2,0.9599173553719009,20,9,101,2,0.7843137254901961,0.9603305785123967,0.9090909090909091,0.9181818181818182,0.6896551724137931,0.7843137254901961,0.9166666666666666
chb04,5,1,5,2,1,3,chb04_08.edf,249,132,5,17,7,103,5,0.9632231404958678,17,6,104,5,0.7555555555555555,0.9640495867768595,0.7727272727272727,0.9363636363636364,0.7083333333333334,0.7391304347826086,0.9090909090909091
chb04,5,1,5,3,1,3,chb04_08.edf,249,132,5,20,5,105,2,0.9685950413223141,19,6,104,3,0.8085106382978723,0.9677685950413223,0.9090909090909091,0.9545454545454546,0.8,0.851063829787234,0.946969696969697
chb04,5,1,5,0,2,3,chb04_28.edf,148,258,44,10,6,209,33,0.6515954570037857,10,6,209,33,0.3389830508474576,0.6515954570037857,0.23255813953488372,0.9720930232558139,0.625,0.3389830508474576,0.8488372093023255
chb04,5,1,5,1,2,3,chb04_28.edf,148,258,39,6,1,214,37,0.6355868036776636,3,1,214,40,0.1276595744680851,0.6414277988101675,0.13953488372093023,0.9953488372093023,0.8571428571428571,0.24,0.8527131782945736
chb04,5,1,5,2,2,3,chb04_28.edf,148,258,17,10,4,211,33,0.6749594375338019,9,5,210,34,0.3157894736842105,0.6696592752839373,0.23255813953488372,0.9813953488372092,0.7142857142857143,0.3508771929824561,0.8565891472868217
chb04,5,1,5,3,2,3,chb04_28.edf,148,258,39,7,3,212,36,0.6509464575446187,6,1,214,37,0.24,0.6467279610600325,0.16279069767441862,0.986046511627907,0.7,0.2641509433962264,0.8488372093023255
chb05,5,1,5,0,0,5,chb05_06.edf,422,138,58,17,0,115,6,0.9996219281663516,17,0,115,6,0.85,0.9996219281663516,0.7391304347826086,1.0,1.0,0.85,0.9565217391304348
chb05,5,1,5,1,0,5,chb05_06.edf,422,138,6,17,0,115,6,0.9996219281663516,17,0,115,6,0.85,0.9992438563327032,0.7391304347826086,1.0,1.0,0.85,0.9565217391304348
chb05,5,1,5,2,0,5,chb05_06.edf,422,138,9,18,0,115,5,0.9992438563327032,17,0,115,6,0.85,0.9992438563327032,0.782608695652174,1.0,1.0,0.8780487804878049,0.9637681159420289
chb05,5,1,5,3,0,5,chb05_06.edf,422,138,12,18,0,115,5,0.9996219281663516,18,0,115,5,0.8780487804878049,0.9992438563327032,0.782608695652174,1.0,1.0,0.8780487804878049,0.9637681159420289
chb05,5,1,5,0,1,5,chb05_13.edf,427,132,60,22,0,110,0,1.0,22,0,110,0,1.0,1.0,1.0,1.0,1.0,1.0,1.0
chb05,5,1,5,1,1,5,chb05_13.edf,427,132,36,22,0,110,0,1.0,22,0,110,0,1.0,1.0,1.0,1.0,1.0,1.0,1.0
chb05,5,1,5,2,1,5,chb05_13.edf,427,132,13,22,0,110,0,1.0,22,0,110,0,1.0,1.0,1.0,1.0,1.0,1.0,1.0
chb05,5,1,5,3,1,5,chb05_13.edf,427,132,11,22,0,110,0,1.0,22,0,110,0,1.0,1.0,1.0,1.0,1.0,1.0,1.0
chb05,5,1,5,0,2,5,chb05_16.edf,441,114,33,16,0,95,3,1.0,16,0,95,3,0.9142857142857143,1.0,0.8421052631578947,1.0,1.0,0.9142857142857143,0.9736842105263158
chb05,5,1,5,1,2,5,chb05_16.edf,441,114,18,16,0,95,3,1.0,16,0,95,3,0.9142857142857143,1.0,0.8421052631578947,1.0,1.0,0.9142857142857143,0.9736842105263158
chb05,5,1,5,2,2,5,chb05_16.edf,441,114,29,16,0,95,3,1.0,16,0,95,3,0.9142857142857143,1.0,0.8421052631578947,1.0,1.0,0.9142857142857143,0.9736842105263158
chb05,5,1,5,3,2,5,chb05_16.edf,441,114,7,16,0,95,3,1.0,16,0,95,3,0.9142857142857143,1.0,0.8421052631578947,1.0,1.0,0.9142857142857143,0.9736842105263158
chb05,5,1,5,0,3,5,chb05_17.edf,417,144,68,23,0,120,1,1.0,23,0,120,1,0.9787234042553191,1.0,0.9583333333333334,1.0,1.0,0.9787234042553191,0.9930555555555556
chb05,5,1,5,1,3,5,chb05_17.edf,417,144,23,22,0,120,2,1.0,22,0,120,2,0.9565217391304348,1.0,0.9166666666666666,1.0,1.0,0.9565217391304348,0.9861111111111112
chb05,5,1,5,2,3,5,chb05_17.edf,417,144,19,20,0,120,4,1.0,20,0,120,4,0.9090909090909091,0.9996527777777778,0.8333333333333334,1.0,1.0,0.9090909090909091,0.9722222222222222
chb05,5,1,5,3,3,5,chb05_17.edf,417,144,8,21,0,120,3,1.0,22,0,120,2,0.9565217391304348,1.0,0.875,1.0,1.0,0.9333333333333333,0.9791666666666666
chb05,5,1,5,0,4,5,chb05_22.edf,422,138,37,23,5,110,0,0.9973534971644613,23,5,110,0,0.9019607843137255,0.9973534971644613,1.0,0.9565217391304348,0.8214285714285714,0.9019607843137255,0.9637681159420289
chb05,5,1,5,1,4,5,chb05_22.edf,422,138,5,22,2,113,1,0.9965973534971645,22,2,113,1,0.9361702127659575,0.9977315689981097,0.9565217391304348,0.9826086956521739,0.9166666666666666,0.9361702127659575,0.9782608695652174
chb05,5,1,5,2,4,5,chb05_22.edf,422,138,14,23,8,107,0,0.9965973534971644,23,8,107,0,0.8518518518518519,0.9965973534971644,1.0,0.9304347826086956,0.7419354838709677,0.8518518518518519,0.9420289855072463
chb05,5,1,5,3,4,5,chb05_22.edf,422,138,11,23,4,111,0,0.996219281663516,23,4,111,0,0.92,0.9965973534971644,1.0,0.9652173913043478,0.8518518518518519,0.92,0.9710144927536232
chb06,5,1,5,0,0,5,chb06_09.edf,120,18,54,3,1,14,0,1.0,3,1,14,0,0.8571428571428571,1.0,1.0,0.9333333333333333,0.75,0.8571428571428571,0.9444444444444444
chb06,5,1,5,1,0,5,chb06_09.edf,120,18,26,3,0,15,0,1.0,3,0,15,0,1.0,1.0,1.0,1.0,1.0,1.0,1.0
chb06,5,1,5,2,0,5,chb06_09.edf,120,18,35,3,0,15,0,1.0,3,0,15,0,1.0,1.0,1.0,1.0,1.0,1.0,1.0
chb06,5,1,5,3,0,5,chb06_09.edf,120,18,28,3,0,15,0,1.0,3,0,15,0,1.0,1.0,1.0,1.0,1.0,1.0,1.0
chb06,5,1,5,0,1,5,chb06_13.edf,124,12,38,2,0,10,0,1.0,2,0,10,0,1.0,1.0,1.0,1.0,1.0,1.0,1.0
chb06,5,1,5,1,1,5,chb06_13.edf,124,12,19,2,0,10,0,1.0,1,0,10,1,0.6666666666666666,1.0,1.0,1.0,1.0,1.0,1.0
chb06,5,1,5,2,1,5,chb06_13.edf,124,12,18,2,0,10,0,1.0,2,0,10,0,1.0,1.0,1.0,1.0,1.0,1.0,1.0
chb06,5,1,5,3,1,5,chb06_13.edf,124,12,20,2,0,10,0,1.0,2,0,10,0,1.0,1.0,1.0,1.0,1.0,1.0,1.0
chb06,5,1,5,0,2,5,chb06_01.edf;chb06_24.edf,81,66,39,7,1,54,4,0.9917355371900827,7,1,54,4,0.7368421052631579,0.9917355371900827,0.6363636363636364,0.9818181818181818,0.875,0.7368421052631579,0.9242424242424242
chb06,5,1,5,1,2,5,chb06_01.edf;chb06_24.edf,81,66,18,11,1,54,0,0.9950413223140496,10,1,54,1,0.9090909090909091,0.9933884297520661,1.0,0.9818181818181818,0.9166666666666666,0.9565217391304348,0.9848484848484849
chb06,5,1,5,2,2,5,chb06_01.edf;chb06_24.edf,81,66,17,11,1,54,0,0.9950413223140496,11,2,53,0,0.9166666666666666,0.9933884297520661,1.0,0.9818181818181818,0.9166666666666666,0.9565217391304348,0.9848484848484849
chb06,5,1,5,3,2,5,chb06_01.edf;chb06_24.edf,81,66,14,10,1,54,1,0.9917355371900827,9,1,54,2,0.8571428571428571,0.9917355371900827,0.9090909090909091,0.9818181818181818,0.9090909090909091,0.9090909090909091,0.9696969696969697
chb06,5,1,5,0,3,5,chb06_04.edf,96,48,98,6,19,21,2,0.578125,6,19,21,2,0.36363636363636365,0.578125,0.75,0.525,0.24,0.36363636363636365,0.5625
chb06,5,1,5,1,3,5,chb06_04.edf,96,48,56,4,19,21,4,0.56875,3,19,21,5,0.2,0.565625,0.5,0.525,0.17391304347826086,0.25806451612903225,0.5208333333333334
chb06,5,1,5,2,3,5,chb06_04.edf,96,48,35,4,19,21,4,0.58125,4,19,21,4,0.25806451612903225,0.571875,0.5,0.525,0.17391304347826086,0.25806451612903225,0.5208333333333334
chb06,5,1,5,3,3,5,chb06_04.edf,96,48,40,5,19,21,3,0.571875,5,19,21,3,0.3125,0.55625,0.625,0.525,0.20833333333333334,0.3125,0.5416666666666666
chb06,5,1,5,0,4,5,chb06_10.edf;chb06_18.edf,115,24,63,4,1,19,0,0.9874999999999999,4,1,19,0,0.8888888888888888,0.9874999999999999,1.0,0.95,0.8,0.8888888888888888,0.9583333333333334
chb06,5,1,5,1,4,5,chb06_10.edf;chb06_18.edf,115,24,19,4,1,19,0,0.9874999999999999,3,1,19,1,0.75,0.9874999999999999,1.0,0.95,0.8,0.8888888888888888,0.9583333333333334
chb06,5,1,5,2,4,5,chb06_10.edf;chb06_18.edf,115,24,12,4,1,19,0,0.9874999999999999,3,1,19,1,0.75,0.9874999999999999,1.0,0.95,0.8,0.8888888888888888,0.9583333333333334
chb06,5,1,5,3,4,5,chb06_10.edf;chb06_18.edf,115,24,12,4,1,19,0,0.9874999999999999,3,1,19,1,0.75,0.9874999999999999,1.0,0.95,0.8,0.8888888888888888,0.9583333333333334
chb07,5,1,5,0,0,3,chb07_12.edf,225,102,31,17,6,79,0,1.0,17,6,79,0,0.85,1.0,1.0,0.9294117647058824,0.7391304347826086,0.85,0.9411764705882353
chb07,5,1,5,1,0,3,chb07_12.edf,225,102,12,17,6,79,0,1.0,17,6,79,0,0.85,1.0,1.0,0.9294117647058824,0.7391304347826086,0.85,0.9411764705882353
chb07,5,1,5,2,0,3,chb07_12.edf,225,102,17,17,3,82,0,1.0,17,3,82,0,0.918918918918919,1.0,1.0,0.9647058823529412,0.85,0.918918918918919,0.9705882352941176
chb07,5,1,5,3,0,3,chb07_12.edf,225,102,18,17,2,83,0,1.0,17,3,82,0,0.918918918918919,1.0,1.0,0.9764705882352941,0.8947368421052632,0.9444444444444444,0.9803921568627451
chb07,5,1,5,0,1,3,chb07_13.edf,216,114,25,17,0,95,2,0.9994459833795013,17,0,95,2,0.9444444444444444,0.9994459833795013,0.8947368421052632,1.0,1.0,0.9444444444444444,0.9824561403508771
chb07,5,1,5,1,1,3,chb07_13.edf,216,114,8,17,0,95,2,0.9988919667590028,15,0,95,4,0.8823529411764706,0.9988919667590028,0.8947368421052632,1.0,1.0,0.9444444444444444,0.9824561403508771
chb07,5,1,5,2,1,3,chb07_13.edf,216,114,7,17,0,95,2,0.9988919667590028,17,0,95,2,0.9444444444444444,0.9988919667590028,0.8947368421052632,1.0,1.0,0.9444444444444444,0.9824561403508771
chb07,5,1,5,3,1,3,chb07_13.edf,216,114,6,15,0,95,4,0.9988919667590028,15,0,95,4,0.8823529411764706,0.9994459833795013,0.7894736842105263,1.0,1.0,0.8823529411764706,0.9649122807017544
chb07,5,1,5,0,2,3,chb07_19.edf,172,168,86,16,4,136,12,0.9563775510204082,16,4,136,12,0.6666666666666666,0.9563775510204082,0.5714285714285714,0.9714285714285714,0.8,0.6666666666666666,0.9047619047619048
chb07,5,1,5,1,2,3,chb07_19.edf,172,168,24,13,2,138,15,0.9487244897959184,15,2,138,13,0.6666666666666666,0.9568877551020409,0.4642857142857143,0.9857142857142858,0.8666666666666667,0.6046511627906976,0.8988095238095238
chb07,5,1,5,2,2,3,chb07_19.edf,172,168,15,12,2,138,16,0.9502551020408163,12,2,138,16,0.5714285714285714,0.9528061224489797,0.42857142857142855,0.9857142857142858,0.8571428571428571,0.5714285714285714,0.8928571428571429
chb07,5,1,5,3,2,3,chb07_19.edf,172,168,9,14,2,138,14,0.951530612244898,15,2,138,13,0.6666666666666666,0.9512755102040816,0.5,0.9857142857142858,0.875,0.6363636363636364,0.9047619047619048
chb08,5,1,5,0,0,5,chb08_02.edf,710,204,11,33,24,146,1,0.9811418685121107,33,24,146,1,0.7252747252747253,0.9811418685121107,0.9705882352941176,0.8588235294117647,0.5789473684210527,0.7252747252747253,0.8774509803921569
chb08,5,1,5,1,0,5,chb08_02.edf,710,204,49,32,11,159,2,0.9837370242214533,32,13,157,2,0.810126582278481,0.9842560553633217,0.9411764705882353,0.9352941176470588,0.7441860465116279,0.8311688311688312,0.9362745098039216
chb08,5,1,5,2,0,5,chb08_02.edf,710,204,49,32,18,152,2,0.9851211072664361,33,20,150,1,0.7586206896551724,0.9823529411764707,0.9411764705882353,0.8941176470588236,0.64,0.7619047619047619,0.9019607843137255
chb08,5,1,5,3,0,5,chb08_02.edf,710,204,8,32,21,149,2,0.9826989619377163,33,22,148,1,0.7415730337078652,0.9825259515570934,0.9411764705882353,0.8764705882352941,0.6037735849056604,0.735632183908046,0.8872549019607843
chb08,5,1,5,0,1,5,chb08_05.edf,691,228,41,31,42,148,7,0.9389196675900277,31,42,148,7,0.5585585585585585,0.9389196675900277,0.8157894736842105,0.7789473684210526,0.4246575342465753,0.5585585585585585,0.7850877192982456
chb08,5,1,5,1,1,5,chb08_05.edf,691,228,3,31,30,160,7,0.9394736842105263,31,25,165,7,0.6595744680851063,0.9378116343490304,0.8157894736842105,0.8421052631578947,0.5081967213114754,0.6262626262626263,0.8377192982456141
chb08,5,1,5,2,1,5,chb08_05.edf,691,228,2,31,25,165,7,0.9368421052631579,31,19,171,7,0.7045454545454546,0.932825484764543,0.8157894736842105,0.868421052631579,0.5535714285714286,0.6595744680851063,0.8596491228070176
chb08,5,1,5,3,1,5,chb08_05.edf,691,228,2,31,31,159,7,0.9353185595567867,31,36,154,7,0.5904761904761905,0.9349030470914126,0.8157894736842105,0.8368421052631579,0.5,0.62,0.8333333333333334
chb08,5,1,5,0,2,5,chb08_11.edf,748,156,34,24,0,130,2,0.9923076923076923,24,0,130,2,0.96,0.9923076923076923,0.9230769230769231,1.0,1.0,0.96,0.9871794871794872
chb08,5,1,5,1,2,5,chb08_11.edf,748,156,2,24,1,129,2,0.9911242603550295,24,1,129,2,0.9411764705882353,0.992603550295858,0.9230769230769231,0.9923076923076923,0.96,0.9411764705882353,0.9807692307692307
chb08,5,1,5,2,2,5,chb08_11.edf,748,156,1,24,3,127,2,0.991715976331361,24,2,128,2,0.9230769230769231,0.992603550295858,0.9230769230769231,0.9769230769230769,0.8888888888888888,0.9056603773584906,0.967948717948718
chb08,5,1,5,3,2,5,chb08_11.edf,748,156,1,24,3,127,2,0.9923076923076923,24,3,127,2,0.9056603773584906,0.9931952662721893,0.9230769230769231,0.9769230769230769,0.8888888888888888,0.9056603773584906,0.967948717948718
chb08,5,1,5,0,3,5,chb08_13.edf,720,192,45,30,2,158,2,0.9978515625000001,30,2,158,2,0.9375,0.9978515625000001,0.9375,0.9875,0.9375,0.9375,0.9791666666666666
chb08,5,1,5,1,3,5,chb08_13.edf,720,192,10,30,4,156,2,0.9966796875,30,2,158,2,0.9375,0.99765625,0.9375,0.975,0.8823529411764706,0.9090909090909091,0.96875
chb08,5,1,5,2,3,5,chb08_13.edf,720,192,12,30,4,156,2,0.9968750000000001,31,2,158,1,0.9538461538461539,0.99765625,0.9375,0.975,0.8823529411764706,0.9090909090909091,0.96875
chb08,5,1,5,3,3,5,chb08_13.edf,720,192,11,30,2,158,2,0.9968750000000001,30,3,157,2,0.9230769230769231,0.9974609375,0.9375,0.9875,0.9375,0.9375,0.9791666666666666
chb08,5,1,5,0,4,5,chb08_21.edf,624,312,25,48,24,236,4,0.967603550295858,48,24,236,4,0.7741935483870968,0.967603550295858,0.9230769230769231,0.9076923076923077,0.6666666666666666,0.7741935483870968,0.9102564102564102
chb08,5,1,5,1,4,5,chb08_21.edf,624,312,3,42,11,249,10,0.9673076923076922,42,12,248,10,0.7924528301886793,0.9671597633136095,0.8076923076923077,0.9576923076923077,0.7924528301886793,0.8,0.9326923076923077
chb08,5,1,5,2,4,5,chb08_21.edf,624,312,7,42,13,247,10,0.9675295857988165,42,12,248,10,0.7924528301886793,0.9670118343195265,0.8076923076923077,0.95,0.7636363636363637,0.7850467289719626,0.9262820512820513
chb08,5,1,5,3,4,5,chb08_21.edf,624,312,2,43,15,245,9,0.9678994082840237,42,15,245,10,0.7706422018348624,0.967603550295858,0.8269230769230769,0.9423076923076923,0.7413793103448276,0.7818181818181819,0.9230769230769231
chb09,5,1,5,0,0,3,chb09_06.edf,196,72,63,10,5,55,2,0.975,10,5,55,2,0.7407407407407407,0.975,0.8333333333333334,0.9166666666666666,0.6666666666666666,0.7407407407407407,0.9027777777777778
chb09,5,1,5,1,0,3,chb09_06.edf,196,72,45,10,5,55,2,0.9736111111111112,10,5,55,2,0.7407407407407407,0.9736111111111111,0.8333333333333334,0.9166666666666666,0.6666666666666666,0.7407407407407407,0.9027777777777778
chb09,5,1,5,2,0,3,chb09_06.edf,196,72,27,10,5,55,2,0.9819444444444444,10,5,55,2,0.7407407407407407,0.9805555555555556,0.8333333333333334,0.9166666666666666,0.6666666666666666,0.7407407407407407,0.9027777777777778
chb09,5,1,5,3,0,3,chb09_06.edf,196,72,31,10,5,55,2,0.9763888888888889,10,5,55,2,0.7407407407407407,0.9750000000000001,0.8333333333333334,0.9166666666666666,0.6666666666666666,0.7407407407407407,0.9027777777777778
chb09,5,1,5,0,1,3,chb09_08.edf,115,174,82,27,2,143,2,0.9980975029726515,27,2,143,2,0.9310344827586207,0.9980975029726515,0.9310344827586207,0.9862068965517241,0.9310344827586207,0.9310344827586207,0.9770114942528736
chb09,5,1,5,1,1,3,chb09_08.edf,115,174,21,27,2,143,2,0.9988109393579072,28,2,143,1,0.9491525423728814,0.9985731272294887,0.9310344827586207,0.9862068965517241,0.9310344827586207,0.9310344827586207,0.9770114942528736
chb09,5,1,5,2,1,3,chb09_08.edf,115,174,57,28,2,143,1,0.9980975029726515,28,2,143,1,0.9491525423728814,0.9983353151010701,0.9655172413793104,0.9862068965517241,0.9333333333333333,0.9491525423728814,0.9827586206896551
chb09,5,1,5,3,1,3,chb09_08.edf,115,174,27,27,2,143,2,0.9980975029726515,27,2,143,2,0.9310344827586207,0.9985731272294887,0.9310344827586207,0.9862068965517241,0.9310344827586207,0.9310344827586207,0.9770114942528736
chb09,5,1,5,0,2,3,chb09_19.edf,196,72,89,11,1,59,1,0.9569444444444444,11,1,59,1,0.9166666666666666,0.9569444444444444,0.9166666666666666,0.9833333333333333,0.9166666666666666,0.9166666666666666,0.9722222222222222
chb09,5,1,5,1,2,3,chb09_19.edf,196,72,13,11,1,59,1,0.9166666666666666,11,1,59,1,0.9166666666666666,0.9166666666666666,0.9166666666666666,0.9833333333333333,0.9166666666666666,0.9166666666666666,0.9722222222222222
chb09,5,1,5,2,2,3,chb09_19.edf,196,72,9,11,1,59,1,0.9166666666666666,11,1,59,1,0.9166666666666666,0.9166666666666666,0.9166666666666666,0.9833333333333333,0.9166666666666666,0.9166666666666666,0.9722222222222222
chb09,5,1,5,3,2,3,chb09_19.edf,196,72,35,11,1,59,1,0.9166666666666666,11,1,59,1,0.9166666666666666,0.9166666666666666,0.9166666666666666,0.9833333333333333,0.9166666666666666,0.9166666666666666,0.9722222222222222
chb10,5,1,5,0,0,5,chb10_38.edf,336,102,38,17,0,85,0,1.0,17,0,85,0,1.0,1.0,1.0,1.0,1.0,1.0,1.0
chb10,5,1,5,1,0,5,chb10_38.edf,336,102,48,16,0,85,1,1.0,16,0,85,1,0.9696969696969697,1.0,0.9411764705882353,1.0,1.0,0.9696969696969697,0.9901960784313726
chb10,5,1,5,2,0,5,chb10_38.edf,336,102,25,16,0,85,1,1.0,16,0,85,1,0.9696969696969697,1.0,0.9411764705882353,1.0,1.0,0.9696969696969697,0.9901960784313726
chb10,5,1,5,3,0,5,chb10_38.edf,336,102,29,16,0,85,1,1.0,16,0,85,1,0.9696969696969697,1.0,0.9411764705882353,1.0,1.0,0.9696969696969697,0.9901960784313726
chb10,5,1,5,0,1,5,chb10_27.edf,355,78,37,13,0,65,0,1.0,13,0,65,0,1.0,1.0,1.0,1.0,1.0,1.0,1.0
chb10,5,1,5,1,1,5,chb10_27.edf,355,78,7,13,0,65,0,1.0,13,0,65,0,1.0,1.0,1.0,1.0,1.0,1.0,1.0
chb10,5,1,5,2,1,5,chb10_27.edf,355,78,8,13,0,65,0,1.0,13,0,65,0,1.0,1.0,1.0,1.0,1.0,1.0,1.0
chb10,5,1,5,3,1,5,chb10_27.edf,355,78,22,13,0,65,0,1.0,13,0,65,0,1.0,1.0,1.0,1.0,1.0,1.0,1.0
chb10,5,1,5,0,2,5,chb10_89.edf,369,60,49,10,0,50,0,1.0,10,0,50,0,1.0,1.0,1.0,1.0,1.0,1.0,1.0
chb10,5,1,5,1,2,5,chb10_89.edf,369,60,6,9,0,50,1,1.0,9,0,50,1,0.9473684210526315,1.0,0.9,1.0,1.0,0.9473684210526315,0.9833333333333333
chb10,5,1,5,2,2,5,chb10_89.edf,369,60,4,9,0,50,1,1.0,9,0,50,1,0.9473684210526315,1.0,0.9,1.0,1.0,0.9473684210526315,0.9833333333333333
chb10,5,1,5,3,2,5,chb10_89.edf,369,60,11,10,0,50,0,1.0,10,0,50,0,1.0,1.0,1.0,1.0,1.0,1.0,1.0
chb10,5,1,5,0,3,5,chb10_20.edf;chb10_31.edf,278,174,24,28,17,128,1,0.9876337693222355,28,17,128,1,0.7567567567567568,0.9876337693222355,0.9655172413793104,0.8827586206896552,0.6222222222222222,0.7567567567567568,0.896551724137931
chb10,5,1,5,1,3,5,chb10_20.edf;chb10_31.edf,278,174,8,28,19,126,1,0.9864447086801427,28,15,130,1,0.7777777777777778,0.9859690844233056,0.9655172413793104,0.8689655172413793,0.5957446808510638,0.7368421052631579,0.8850574712643678
chb10,5,1,5,2,3,5,chb10_20.edf;chb10_31.edf,278,174,20,28,14,131,1,0.9885850178359097,28,14,131,1,0.7887323943661971,0.9866825208085612,0.9655172413793104,0.903448275862069,0.6666666666666666,0.7887323943661971,0.9137931034482759
chb10,5,1,5,3,3,5,chb10_20.edf;chb10_31.edf,278,174,13,28,17,128,1,0.9883472057074911,28,16,129,1,0.7671232876712328,0.9864447086801427,0.9655172413793104,0.8827586206896552,0.6222222222222222,0.7567567567567568,0.896551724137931
chb10,5,1,5,0,4,5,chb10_12.edf;chb10_30.edf,331,108,31,18,0,90,0,1.0,18,0,90,0,1.0,1.0,1.0,1.0,1.0,1.0,1.0
chb10,5,1,5,1,4,5,chb10_12.edf;chb10_30.edf,331,108,9,17,0,90,1,1.0,18,0,90,0,1.0,1.0,0.9444444444444444,1.0,1.0,0.9714285714285714,0.9907407407407407
chb10,5,1,5,2,4,5,chb10_12.edf;chb10_30.edf,331,108,11,17,0,90,1,1.0,18,0,90,0,1.0,1.0,0.9444444444444444,1.0,1.0,0.9714285714285714,0.9907407407407407
chb10,5,1,5,3,4,5,chb10_12.edf;chb10_30.edf,331,108,24,17,0,90,1,1.0,18,0,90,0,1.0,1.0,0.9444444444444444,1.0,1.0,0.9714285714285714,0.9907407407407407
chb11,5,1,5,0,0,3,chb11_82.edf,484,24,33,4,0,20,0,1.0,4,0,20,0,1.0,1.0,1.0,1.0,1.0,1.0,1.0
chb11,5,1,5,1,0,3,chb11_82.edf,484,24,6,4,0,20,0,1.0,4,0,20,0,1.0,1.0,1.0,1.0,1.0,1.0,1.0
chb11,5,1,5,2,0,3,chb11_82.edf,484,24,14,4,0,20,0,1.0,4,0,20,0,1.0,1.0,1.0,1.0,1.0,1.0,1.0
chb11,5,1,5,3,0,3,chb11_82.edf,484,24,12,4,0,20,0,1.0,4,0,20,0,1.0,1.0,1.0,1.0,1.0,1.0,1.0
chb11,5,1,5,0,1,3,chb11_92.edf,475,36,20,6,0,30,0,1.0,6,0,30,0,1.0,1.0,1.0,1.0,1.0,1.0,1.0
chb11,5,1,5,1,1,3,chb11_92.edf,475,36,4,6,0,30,0,1.0,5,0,30,1,0.9090909090909091,1.0,1.0,1.0,1.0,1.0,1.0
chb11,5,1,5,2,1,3,chb11_92.edf,475,36,5,6,0,30,0,1.0,6,0,30,0,1.0,1.0,1.0,1.0,1.0,1.0,1.0
chb11,5,1,5,3,1,3,chb11_92.edf,475,36,5,6,0,30,0,1.0,6,0,30,0,1.0,1.0,1.0,1.0,1.0,1.0,1.0
chb11,5,1,5,0,2,3,chb11_99.edf,48,570,97,117,30,390,33,0.9511904761904761,117,30,390,33,0.7878787878787878,0.9511904761904761,0.78,0.9285714285714286,0.7959183673469388,0.7878787878787878,0.8894736842105263
chb11,5,1,5,1,2,3,chb11_99.edf,48,570,57,118,37,383,32,0.9491904761904763,119,35,385,31,0.7828947368421053,0.9505238095238095,0.7866666666666666,0.9119047619047619,0.7612903225806451,0.7737704918032787,0.8789473684210526
chb11,5,1,5,2,2,3,chb11_99.edf,48,570,55,117,30,390,33,0.9503809523809524,117,30,390,33,0.7878787878787878,0.952126984126984,0.78,0.9285714285714286,0.7959183673469388,0.7878787878787878,0.8894736842105263
chb11,5,1,5,3,2,3,chb11_99.edf,48,570,48,120,39,381,30,0.9504285714285714,122,41,379,28,0.7795527156549521,0.9515555555555555,0.8,0.9071428571428571,0.7547169811320755,0.7766990291262136,0.8789473684210526
chb12,5,1,5,0,0,5,chb12_08.edf,835,90,97,11,0,75,4,0.9902222222222221,11,0,75,4,0.8461538461538461,0.9902222222222221,0.7333333333333333,1.0,1.0,0.8461538461538461,0.9555555555555556
chb12,5,1,5,1,0,5,chb12_08.edf,835,90,40,13,0,75,2,0.9866666666666667,12,0,75,3,0.8888888888888888,0.9928888888888889,0.8666666666666667,1.0,1.0,0.9285714285714286,0.9777777777777777
chb12,5,1,5,2,0,5,chb12_08.edf,835,90,49,13,0,75,2,0.9893333333333333,10,0,75,5,0.8,0.992,0.8666666666666667,1.0,1.0,0.9285714285714286,0.9777777777777777
chb12,5,1,5,3,0,5,chb12_08.edf,835,90,15,12,0,75,3,0.9884444444444445,10,0,75,5,0.8,0.992,0.8,1.0,1.0,0.8888888888888888,0.9666666666666667
chb12,5,1,5,0,1,5,chb12_10.edf;chb12_23.edf,628,348,51,38,1,289,20,0.9536266349583828,38,1,289,20,0.7835051546391752,0.9536266349583828,0.6551724137931034,0.996551724137931,0.9743589743589743,0.7835051546391752,0.9396551724137931
chb12,5,1,5,1,1,5,chb12_10.edf;chb12_23.edf,628,348,4,36,1,289,22,0.9542806183115339,36,0,290,22,0.7659574468085106,0.9536266349583828,0.6206896551724138,0.996551724137931,0.972972972972973,0.7578947368421053,0.9339080459770115
chb12,5,1,5,2,1,5,chb12_10.edf;chb12_23.edf,628,348,3,34,1,289,24,0.9529726516052319,34,0,290,24,0.7391304347826086,0.9539833531510106,0.5862068965517241,0.996551724137931,0.9714285714285714,0.7311827956989247,0.9281609195402298
chb12,5,1,5,3,1,5,chb12_10.edf;chb12_23.edf,628,348,2,37,1,289,21,0.9524970273483948,36,0,290,22,0.7659574468085106,0.9522592152199763,0.6379310344827587,0.996551724137931,0.9736842105263158,0.7708333333333334,0.9367816091954023
chb12,5,1,5,0,2,5,chb12_42.edf,768,174,47,26,1,144,3,0.9890606420927468,26,1,144,3,0.9285714285714286,0.9890606420927468,0.896551724137931,0.993103448275862,0.9629629629629629,0.9285714285714286,0.9770114942528736
chb12,5,1,5,1,2,5,chb12_42.edf,768,174,3,27,3,142,2,0.9890606420927468,28,5,140,1,0.9032258064516129,0.9890606420927467,0.9310344827586207,0.9793103448275862,0.9,0.9152542372881356,0.9712643678160919
chb12,5,1,5,2,2,5,chb12_42.edf,768,174,2,28,7,138,1,0.9888228299643281,28,6,139,1,0.8888888888888888,0.9871581450653983,0.9655172413793104,0.9517241379310345,0.8,0.875,0.9540229885057471
chb12,5,1,5,3,2,5,chb12_42.edf,768,174,7,28,7,138,1,0.9916765755053507,28,7,138,1,0.875,0.9897740784780024,0.9655172413793104,0.9517241379310345,0.8,0.875,0.9540229885057471
chb12,5,1,5,0,3,5,chb12_06.edf;chb12_09.edf;chb12_38.edf,585,402,77,59,8,327,8,0.9799064379594565,59,8,327,8,0.8805970149253731,0.9799064379594565,0.8805970149253731,0.9761194029850746,0.8805970149253731,0.8805970149253731,0.9601990049751243
chb12,5,1,5,1,3,5,chb12_06.edf;chb12_09.edf;chb12_38.edf,585,402,10,62,17,318,5,0.9820004455335264,62,13,322,5,0.8732394366197183,0.9799064379594564,0.9253731343283582,0.9492537313432836,0.7848101265822784,0.8493150684931506,0.945273631840796
chb12,5,1,5,2,3,5,chb12_06.edf;chb12_09.edf;chb12_38.edf,585,402,6,62,16,319,5,0.9813766985965694,62,15,320,5,0.8611111111111112,0.9795054577856983,0.9253731343283582,0.9522388059701492,0.7948717948717948,0.8551724137931035,0.9477611940298507
chb12,5,1,5,3,3,5,chb12_06.edf;chb12_09.edf;chb12_38.edf,585,402,5,62,15,320,5,0.9813321452439296,62,14,321,5,0.8671328671328671,0.9799064379594564,0.9253731343283582,0.9552238805970149,0.8051948051948052,0.8611111111111112,0.9502487562189055
chb12,5,1,5,0,4,5,chb12_11.edf;chb12_33.edf;chb12_36.edf,811,120,60,17,0,100,3,0.962,17,0,100,3,0.918918918918919,0.962,0.85,1.0,1.0,0.918918918918919,0.975
chb12,5,1,5,1,4,5,chb12_11.edf;chb12_33.edf;chb12_36.edf,811,120,6,17,0,100,3,0.959,17,0,100,3,0.918918918918919,0.956,0.85,1.0,1.0,0.918918918918919,0.975
chb12,5,1,5,2,4,5,chb12_11.edf;chb12_33.edf;chb12_36.edf,811,120,7,17,0,100,3,0.9575,17,0,100,3,0.918918918918919,0.9545,0.85,1.0,1.0,0.918918918918919,0.975
chb12,5,1,5,3,4,5,chb12_11.edf;chb12_33.edf;chb12_36.edf,811,120,13,17,0,100,3,0.9550000000000001,17,0,100,3,0.918918918918919,0.9535,0.85,1.0,1.0,0.918918918918919,0.975
chb13,5,1,5,0,0,5,chb13_19.edf,369,48,31,8,1,39,0,1.0,8,1,39,0,0.9411764705882353,1.0,1.0,0.975,0.8888888888888888,0.9411764705882353,0.9791666666666666
chb13,5,1,5,1,0,5,chb13_19.edf,369,48,6,8,1,39,0,1.0,8,1,39,0,0.9411764705882353,1.0,1.0,0.975,0.8888888888888888,0.9411764705882353,0.9791666666666666
chb13,5,1,5,2,0,5,chb13_19.edf,369,48,4,8,1,39,0,1.0,8,2,38,0,0.8888888888888888,1.0,1.0,0.975,0.8888888888888888,0.9411764705882353,0.9791666666666666
chb13,5,1,5,3,0,5,chb13_19.edf,369,48,3,8,1,39,0,1.0,8,1,39,0,0.9411764705882353,1.0,1.0,0.975,0.8888888888888888,0.9411764705882353,0.9791666666666666
chb13,5,1,5,0,1,5,chb13_55.edf,374,42,29,3,1,34,4,0.946938775510204,3,1,34,4,0.5454545454545454,0.946938775510204,0.42857142857142855,0.9714285714285714,0.75,0.5454545454545454,0.8809523809523809
chb13,5,1,5,1,1,5,chb13_55.edf,374,42,9,5,2,33,2,0.9428571428571428,5,2,33,2,0.7142857142857143,0.9387755102040816,0.7142857142857143,0.9428571428571428,0.7142857142857143,0.7142857142857143,0.9047619047619048
chb13,5,1,5,2,1,5,chb13_55.edf,374,42,8,5,2,33,2,0.9428571428571428,6,2,33,1,0.8,0.9346938775510204,0.7142857142857143,0.9428571428571428,0.7142857142857143,0.7142857142857143,0.9047619047619048
chb13,5,1,5,3,1,5,chb13_55.edf,374,42,8,4,2,33,3,0.9428571428571428,5,2,33,2,0.7142857142857143,0.9387755102040816,0.5714285714285714,0.9428571428571428,0.6666666666666666,0.6153846153846154,0.8809523809523809
chb13,5,1,5,0,2,5,chb13_62.edf,230,222,25,23,9,176,14,0.6850255661066472,23,9,176,14,0.6666666666666666,0.6850255661066472,0.6216216216216216,0.9513513513513514,0.71875,0.6666666666666666,0.8963963963963963
chb13,5,1,5,1,2,5,chb13_62.edf,230,222,12,23,10,175,14,0.681227173119065,23,11,174,14,0.647887323943662,0.6841490138787436,0.6216216216216216,0.9459459459459459,0.696969696969697,0.6571428571428571,0.8918918918918919
chb13,5,1,5,2,2,5,chb13_62.edf,230,222,7,23,9,176,14,0.6756756756756758,23,9,176,14,0.6666666666666666,0.6775748721694668,0.6216216216216216,0.9513513513513514,0.71875,0.6666666666666666,0.8963963963963963
chb13,5,1,5,3,2,5,chb13_62.edf,230,222,7,23,11,174,14,0.6860482103725347,23,11,174,14,0.647887323943662,0.687655222790358,0.6216216216216216,0.9405405405405406,0.6764705882352942,0.647887323943662,0.8873873873873874
chb13,5,1,5,0,3,5,chb13_58.edf;chb13_59.edf,336,90,21,14,6,69,1,0.9768888888888889,14,6,69,1,0.8,0.9768888888888889,0.9333333333333333,0.92,0.7,0.8,0.9222222222222223
chb13,5,1,5,1,3,5,chb13_58.edf;chb13_59.edf,336,90,6,14,4,71,1,0.9768888888888889,14,4,71,1,0.8484848484848485,0.9751111111111112,0.9333333333333333,0.9466666666666667,0.7777777777777778,0.8484848484848485,0.9444444444444444
chb13,5,1,5,2,3,5,chb13_58.edf;chb13_59.edf,336,90,13,14,10,65,1,0.9777777777777779,14,11,64,1,0.7,0.975111111111111,0.9333333333333333,0.8666666666666667,0.5833333333333334,0.717948717948718,0.8777777777777778
chb13,5,1,5,3,3,5,chb13_58.edf;chb13_59.edf,336,90,8,14,10,65,1,0.9768888888888889,14,9,66,1,0.7368421052631579,0.976,0.9333333333333333,0.8666666666666667,0.5833333333333334,0.717948717948718,0.8777777777777778
chb13,5,1,5,0,4,5,chb13_21.edf;chb13_60.edf,321,108,38,12,2,88,6,0.9827160493827161,12,2,88,6,0.75,0.9827160493827161,0.6666666666666666,0.9777777777777777,0.8571428571428571,0.75,0.9259259259259259
chb13,5,1,5,1,4,5,chb13_21.edf;chb13_60.edf,321,108,92,11,2,88,7,0.9746913580246913,11,1,89,7,0.7333333333333333,0.9734567901234569,0.6111111111111112,0.9777777777777777,0.8461538461538461,0.7096774193548387,0.9166666666666666
chb13,5,1,5,2,4,5,chb13_21.edf;chb13_60.edf,321,108,50,12,3,87,6,0.9783950617283951,12,1,89,6,0.7741935483870968,0.980246913580247,0.6666666666666666,0.9666666666666667,0.8,0.7272727272727273,0.9166666666666666
chb13,5,1,5,3,4,5,chb13_21.edf;chb13_60.edf,321,108,46,12,3,87,6,0.9808641975308642,12,1,89,6,0.7741935483870968,0.980246913580247,0.6666666666666666,0.9666666666666667,0.8,0.7272727272727273,0.9166666666666666
chb14,5,1,5,0,0,5,chb14_11.edf,110,48,22,3,0,40,5,1.0,3,0,40,5,0.5454545454545454,1.0,0.375,1.0,1.0,0.5454545454545454,0.8958333333333334
chb14,5,1,5,1,0,5,chb14_11.edf,110,48,24,5,0,40,3,1.0,5,0,40,3,0.7692307692307693,1.0,0.625,1.0,1.0,0.7692307692307693,0.9375
chb14,5,1,5,2,0,5,chb14_11.edf,110,48,25,5,0,40,3,1.0,5,0,40,3,0.7692307692307693,1.0,0.625,1.0,1.0,0.7692307692307693,0.9375
chb14,5,1,5,3,0,5,chb14_11.edf,110,48,85,5,0,40,3,1.0,5,0,40,3,0.7692307692307693,1.0,0.625,1.0,1.0,0.7692307692307693,0.9375
chb14,5,1,5,0,1,5,chb14_18.edf,129,24,54,4,1,19,0,1.0,4,1,19,0,0.8888888888888888,1.0,1.0,0.95,0.8,0.8888888888888888,0.9583333333333334
chb14,5,1,5,1,1,5,chb14_18.edf,129,24,19,4,3,17,0,1.0,4,3,17,0,0.7272727272727273,1.0,1.0,0.85,0.5714285714285714,0.7272727272727273,0.875
chb14,5,1,5,2,1,5,chb14_18.edf,129,24,12,4,1,19,0,1.0,4,1,19,0,0.8888888888888888,1.0,1.0,0.95,0.8,0.8888888888888888,0.9583333333333334
chb14,5,1,5,3,1,5,chb14_18.edf,129,24,14,4,1,19,0,1.0,4,1,19,0,0.8888888888888888,1.0,1.0,0.95,0.8,0.8888888888888888,0.9583333333333334
chb14,5,1,5,0,2,5,chb14_06.edf,139,12,20,2,3,7,0,0.9500000000000001,2,3,7,0,0.5714285714285714,0.9500000000000001,1.0,0.7,0.4,0.5714285714285714,0.75
chb14,5,1,5,1,2,5,chb14_06.edf,139,12,11,1,2,8,1,0.9,2,2,8,0,0.6666666666666666,0.9,0.5,0.8,0.3333333333333333,0.4,0.75
chb14,5,1,5,2,2,5,chb14_06.edf,139,12,9,2,3,7,0,0.9,2,3,7,0,0.5714285714285714,0.9500000000000001,1.0,0.7,0.4,0.5714285714285714,0.75
chb14,5,1,5,3,2,5,chb14_06.edf,139,12,15,2,3,7,0,0.9,2,3,7,0,0.5714285714285714,0.9,1.0,0.7,0.4,0.5714285714285714,0.75
chb14,5,1,5,0,3,5,chb14_17.edf;chb14_27.edf,115,42,46,5,0,35,2,0.9795918367346939,5,0,35,2,0.8333333333333334,0.9795918367346939,0.7142857142857143,1.0,1.0,0.8333333333333334,0.9523809523809523
chb14,5,1,5,1,3,5,chb14_17.edf;chb14_27.edf,115,42,31,5,0,35,2,0.9836734693877551,5,1,34,2,0.7692307692307693,0.9795918367346939,0.7142857142857143,1.0,1.0,0.8333333333333334,0.9523809523809523
chb14,5,1,5,2,3,5,chb14_17.edf;chb14_27.edf,115,42,16,5,2,33,2,0.9795918367346939,5,1,34,2,0.7692307692307693,0.9795918367346939,0.7142857142857143,0.9428571428571428,0.7142857142857143,0.7142857142857143,0.9047619047619048
chb14,5,1,5,3,3,5,chb14_17.edf;chb14_27.edf,115,42,28,5,2,33,2,0.9755102040816326,5,1,34,2,0.7692307692307693,0.9795918367346939,0.7142857142857143,0.9428571428571428,0.7142857142857143,0.7142857142857143,0.9047619047619048
chb14,5,1,5,0,4,5,chb14_03.edf;chb14_04.edf,100,60,41,10,0,50,0,1.0,10,0,50,0,1.0,1.0,1.0,1.0,1.0,1.0,1.0
chb14,5,1,5,1,4,5,chb14_03.edf;chb14_04.edf,100,60,45,10,1,49,0,1.0,10,0,50,0,1.0,1.0,1.0,0.98,0.9090909090909091,0.9523809523809523,0.9833333333333333
chb14,5,1,5,2,4,5,chb14_03.edf;chb14_04.edf,100,60,24,10,0,50,0,1.0,10,0,50,0,1.0,1.0,1.0,1.0,1.0,1.0,1.0
chb14,5,1,5,3,4,5,chb14_03.edf;chb14_04.edf,100,60,90,10,0,50,0,1.0,10,0,50,0,1.0,1.0,1.0,1.0,1.0,1.0,1.0
chb15,5,1,5,0,0,5,chb15_62.edf,1790,126,60,21,0,105,0,1.0,21,0,105,0,1.0,1.0,1.0,1.0,1.0,1.0,1.0
chb15,5,1,5,1,0,5,chb15_62.edf,1790,126,11,21,0,105,0,1.0,21,0,105,0,1.0,1.0,1.0,1.0,1.0,1.0,1.0
chb15,5,1,5,2,0,5,chb15_62.edf,1790,126,7,21,1,104,0,1.0,21,1,104,0,0.9767441860465116,1.0,1.0,0.9904761904761905,0.9545454545454546,0.9767441860465116,0.9920634920634921
chb15,5,1,5,3,0,5,chb15_62.edf,1790,126,5,21,1,104,0,1.0,21,1,104,0,0.9767441860465116,1.0,1.0,0.9904761904761905,0.9545454545454546,0.9767441860465116,0.9920634920634921
chb15,5,1,5,0,1,5,chb15_15.edf;chb15_40.edf;chb15_54.edf,1132,948,37,147,18,772,11,0.995297228008332,147,18,772,11,0.9102167182662538,0.995297228008332,0.930379746835443,0.9772151898734177,0.8909090909090909,0.9102167182662538,0.9694092827004219
chb15,5,1,5,1,1,5,chb15_15.edf;chb15_40.edf;chb15_54.edf,1132,948,2,147,13,777,11,0.9949286973241468,146,15,775,12,0.9153605015673981,0.9955616087165517,0.930379746835443,0.9835443037974684,0.91875,0.9245283018867925,0.9746835443037974
chb15,5,1,5,2,1,5,chb15_15.edf;chb15_40.edf;chb15_54.edf,1132,948,4,151,25,765,7,0.9950568819099503,151,24,766,7,0.9069069069069069,0.9955776317897773,0.9556962025316456,0.9683544303797469,0.8579545454545454,0.9041916167664671,0.9662447257383966
chb15,5,1,5,3,1,5,chb15_15.edf;chb15_40.edf;chb15_54.edf,1132,948,2,150,24,766,8,0.9949046627143086,151,22,768,7,0.9123867069486404,0.995529562570101,0.9493670886075949,0.9696202531645569,0.8620689655172413,0.9036144578313253,0.9662447257383966
chb15,5,1,5,0,2,5,chb15_10.edf;chb15_17.edf;chb15_52.edf,1761,162,34,26,1,134,1,0.9994513031550069,26,1,134,1,0.9629629629629629,0.9994513031550069,0.9629629629629629,0.9925925925925926,0.9629629629629629,0.9629629629629629,0.9876543209876543
chb15,5,1,5,1,2,5,chb15_10.edf;chb15_17.edf;chb15_52.edf,1761,162,1,27,2,133,0,0.9994513031550069,27,1,134,0,0.9818181818181818,0.9997256515775034,1.0,0.9851851851851852,0.9310344827586207,0.9642857142857143,0.9876543209876543
chb15,5,1,5,2,2,5,chb15_10.edf;chb15_17.edf;chb15_52.edf,1761,162,32,27,3,132,0,0.9994513031550069,27,2,133,0,0.9642857142857143,0.9994513031550069,1.0,0.9777777777777777,0.9,0.9473684210526315,0.9814814814814815
chb15,5,1,5,3,2,5,chb15_10.edf;chb15_17.edf;chb15_52.edf,1761,162,65,27,2,133,0,0.9991769547325102,27,2,133,0,0.9642857142857143,0.9994513031550069,1.0,0.9851851851851852,0.9310344827586207,0.9642857142857143,0.9876543209876543
chb15,5,1,5,0,3,5,chb15_20.edf;chb15_28.edf;chb15_46.edf,1555,420,54,68,2,348,2,0.9987755102040816,68,2,348,2,0.9714285714285714,0.9987755102040816,0.9714285714285714,0.9942857142857143,0.9714285714285714,0.9714285714285714,0.9904761904761905
chb15,5,1,5,1,3,5,chb15_20.edf;chb15_28.edf;chb15_46.edf,1555,420,29,69,7,343,1,0.9986530612244897,69,7,343,1,0.9452054794520548,0.9982857142857143,0.9857142857142858,0.98,0.9078947368421053,0.9452054794520548,0.9809523809523809
chb15,5,1,5,2,3,5,chb15_20.edf;chb15_28.edf;chb15_46.edf,1555,420,8,69,9,341,1,0.9984489795918368,69,8,342,1,0.9387755102040817,0.9983673469387755,0.9857142857142858,0.9742857142857143,0.8846153846153846,0.9324324324324325,0.9761904761904762
chb15,5,1,5,3,3,5,chb15_20.edf;chb15_28.edf;chb15_46.edf,1555,420,10,69,6,344,1,0.9984897959183674,68,5,345,2,0.951048951048951,0.9982040816326531,0.9857142857142858,0.9828571428571429,0.92,0.9517241379310345,0.9833333333333333
chb15,5,1,5,0,4,5,chb15_06.edf;chb15_22.edf;chb15_31.edf;chb15_49.edf,1324,708,49,101,0,590,17,0.9975581729388107,101,0,590,17,0.9223744292237442,0.9975581729388107,0.8559322033898306,1.0,1.0,0.9223744292237442,0.9759887005649718
chb15,5,1,5,1,4,5,chb15_06.edf;chb15_22.edf;chb15_31.edf;chb15_49.edf,1324,708,9,108,1,589,10,0.9979747199080724,108,1,589,10,0.9515418502202643,0.9977161735133582,0.9152542372881356,0.9983050847457627,0.9908256880733946,0.9515418502202643,0.9844632768361582
chb15,5,1,5,2,4,5,chb15_06.edf;chb15_22.edf;chb15_31.edf;chb15_49.edf,1324,708,8,108,1,589,10,0.9979890835966676,108,0,590,10,0.9557522123893806,0.9976443550703821,0.9152542372881356,0.9983050847457627,0.9908256880733946,0.9515418502202643,0.9844632768361582
chb15,5,1,5,3,4,5,chb15_06.edf;chb15_22.edf;chb15_31.edf;chb15_49.edf,1324,708,13,109,1,589,9,0.9981470841712151,109,0,590,9,0.960352422907489,0.9977879919563344,0.923728813559322,0.9983050847457627,0.990909090909091,0.956140350877193,0.9858757062146892
chb16,5,1,5,0,0,5,chb16_10.edf,38,6,4,0,0,5,1,1.0,0,0,5,1,0.0,1.0,0.0,1.0,,0.0,0.8333333333333334
chb16,5,1,5,1,0,5,chb16_10.edf,38,6,6,0,0,5,1,1.0,0,0,5,1,0.0,1.0,0.0,1.0,,0.0,0.8333333333333334
chb16,5,1,5,2,0,5,chb16_10.edf,38,6,0,0,0,5,1,0.6,0,0,5,1,0.0,0.6,0.0,1.0,,0.0,0.8333333333333334
chb16,5,1,5,3,0,5,chb16_10.edf,38,6,3,0,0,5,1,0.8,0,0,5,1,0.0,0.6,0.0,1.0,,0.0,0.8333333333333334
chb16,5,1,5,0,1,5,chb16_11.edf,38,6,46,1,0,5,0,1.0,1,0,5,0,1.0,1.0,1.0,1.0,1.0,1.0,1.0
chb16,5,1,5,1,1,5,chb16_11.edf,38,6,47,1,0,5,0,1.0,1,0,5,0,1.0,1.0,1.0,1.0,1.0,1.0,1.0
chb16,5,1,5,2,1,5,chb16_11.edf,38,6,33,1,0,5,0,1.0,1,0,5,0,1.0,1.0,1.0,1.0,1.0,1.0,1.0
chb16,5,1,5,3,1,5,chb16_11.edf,38,6,36,1,0,5,0,1.0,1,0,5,0,1.0,1.0,1.0,1.0,1.0,1.0,1.0
chb16,5,1,5,0,2,5,chb16_14.edf,33,12,69,0,2,8,2,0.4,0,2,8,2,0.0,0.4,0.0,0.8,0.0,0.0,0.6666666666666666
chb16,5,1,5,1,2,5,chb16_14.edf,33,12,46,0,2,8,2,0.4,0,2,8,2,0.0,0.4,0.0,0.8,0.0,0.0,0.6666666666666666
chb16,5,1,5,2,2,5,chb16_14.edf,33,12,69,0,2,8,2,0.4,0,2,8,2,0.0,0.4,0.0,0.8,0.0,0.0,0.6666666666666666
chb16,5,1,5,3,2,5,chb16_14.edf,33,12,56,0,2,8,2,0.4,0,2,8,2,0.0,0.3,0.0,0.8,0.0,0.0,0.6666666666666666
chb16,5,1,5,0,3,5,chb16_16.edf,38,6,24,0,0,5,1,0.8,0,0,5,1,0.0,0.8,0.0,1.0,,0.0,0.8333333333333334
chb16,5,1,5,1,3,5,chb16_16.edf,38,6,37,0,1,4,1,0.8,0,1,4,1,0.0,0.8,0.0,0.8,0.0,0.0,0.6666666666666666
chb16,5,1,5,2,3,5,chb16_16.edf,38,6,26,0,1,4,1,0.6,0,1,4,1,0.0,0.6,0.0,0.8,0.0,0.0,0.6666666666666666
chb16,5,1,5,3,3,5,chb16_16.edf,38,6,38,0,1,4,1,0.8,1,1,4,0,0.6666666666666666,0.8,0.0,0.8,0.0,0.0,0.6666666666666666
chb16,5,1,5,0,4,5,chb16_17.edf,24,24,10,0,0,20,4,0.675,0,0,20,4,0.0,0.675,0.0,1.0,,0.0,0.8333333333333334
chb16,5,1,5,1,4,5,chb16_17.edf,24,24,35,0,1,19,4,0.725,0,1,19,4,0.0,0.7,0.0,0.95,0.0,0.0,0.7916666666666666
chb16,5,1,5,2,4,5,chb16_17.edf,24,24,24,1,2,18,3,0.7625,0,1,19,4,0.0,0.675,0.25,0.9,0.3333333333333333,0.2857142857142857,0.7916666666666666
chb16,5,1,5,3,4,5,chb16_17.edf,24,24,31,2,6,14,2,0.725,2,7,13,2,0.3076923076923077,0.65,0.5,0.7,0.25,0.3333333333333333,0.6666666666666666
chb17,5,1,5,0,0,3,chb17a_03.edf,192,108,35,16,2,88,2,0.9919753086419753,16,2,88,2,0.8888888888888888,0.9919753086419753,0.8888888888888888,0.9777777777777777,0.8888888888888888,0.8888888888888888,0.9629629629629629
chb17,5,1,5,1,0,3,chb17a_03.edf,192,108,52,16,2,88,2,0.9864197530864198,15,2,88,3,0.8571428571428571,0.9895061728395061,0.8888888888888888,0.9777777777777777,0.8888888888888888,0.8888888888888888,0.9629629629629629
chb17,5,1,5,2,0,3,chb17a_03.edf,192,108,50,15,2,88,3,0.9901234567901235,15,2,88,3,0.8571428571428571,0.9925925925925926,0.8333333333333334,0.9777777777777777,0.8823529411764706,0.8571428571428571,0.9537037037037037
chb17,5,1,5,3,0,3,chb17a_03.edf,192,108,26,15,2,88,3,0.9895061728395061,15,2,88,3,0.8571428571428571,0.9919753086419754,0.8333333333333334,0.9777777777777777,0.8823529411764706,0.8571428571428571,0.9537037037037037
chb17,5,1,5,0,1,3,chb17a_04.edf,168,138,34,23,1,114,0,0.9996219281663516,23,1,114,0,0.9787234042553191,0.9996219281663516,1.0,0.991304347826087,0.9583333333333334,0.9787234042553191,0.9927536231884058
chb17,5,1,5,1,1,3,chb17a_04.edf,168,138,14,22,0,115,1,0.9996219281663516,22,1,114,1,0.9565217391304348,0.9996219281663516,0.9565217391304348,1.0,1.0,0.9777777777777777,0.9927536231884058
chb17,5,1,5,2,1,3,chb17a_04.edf,168,138,11,22,0,115,1,0.9996219281663516,22,1,114,1,0.9565217391304348,0.9992438563327033,0.9565217391304348,1.0,1.0,0.9777777777777777,0.9927536231884058
chb17,5,1,5,3,1,3,chb17a_04.edf,168,138,10,22,0,115,1,0.9996219281663516,22,1,114,1,0.9565217391304348,0.9996219281663516,0.9565217391304348,1.0,1.0,0.9777777777777777,0.9927536231884058
chb17,5,1,5,0,2,3,chb17b_63.edf,196,102,64,14,0,85,3,0.9951557093425605,14,0,85,3,0.9032258064516129,0.9951557093425605,0.8235294117647058,1.0,1.0,0.9032258064516129,0.9705882352941176
chb17,5,1,5,1,2,3,chb17b_63.edf,196,102,20,15,1,84,2,0.9937716262975779,15,1,84,2,0.9090909090909091,0.9944636678200692,0.8823529411764706,0.9882352941176471,0.9375,0.9090909090909091,0.9705882352941176
chb17,5,1,5,2,2,3,chb17b_63.edf,196,102,14,15,0,85,2,0.9937716262975778,15,1,84,2,0.9090909090909091,0.9944636678200692,0.8823529411764706,1.0,1.0,0.9375,0.9803921568627451
chb17,5,1,5,3,2,3,chb17b_63.edf,196,102,79,15,1,84,2,0.9958477508650518,15,1,84,2,0.9090909090909091,0.9958477508650518,0.8823529411764706,0.9882352941176471,0.9375,0.9090909090909091,0.9705882352941176
chb18,5,1,5,0,0,5,chb18_36.edf,254,54,65,9,3,42,0,1.0,9,3,42,0,0.8571428571428571,1.0,1.0,0.9333333333333333,0.75,0.8571428571428571,0.9444444444444444
chb18,5,1,5,1,0,5,chb18_36.edf,254,54,69,9,4,41,0,0.9975308641975308,9,4,41,0,0.8181818181818182,0.9975308641975308,1.0,0.9111111111111111,0.6923076923076923,0.8181818181818182,0.9259259259259259
chb18,5,1,5,2,0,5,chb18_36.edf,254,54,7,9,4,41,0,0.9975308641975308,9,4,41,0,0.8181818181818182,1.0,1.0,0.9111111111111111,0.6923076923076923,0.8181818181818182,0.9259259259259259
chb18,5,1,5,3,0,5,chb18_36.edf,254,54,68,9,6,39,0,0.9975308641975308,9,5,40,0,0.782608695652174,0.9975308641975308,1.0,0.8666666666666667,0.6,0.75,0.8888888888888888
chb18,5,1,5,0,1,5,chb18_32.edf,244,66,28,11,0,55,0,1.0,11,0,55,0,1.0,1.0,1.0,1.0,1.0,1.0,1.0
chb18,5,1,5,1,1,5,chb18_32.edf,244,66,9,11,0,55,0,1.0,11,0,55,0,1.0,1.0,1.0,1.0,1.0,1.0,1.0
chb18,5,1,5,2,1,5,chb18_32.edf,244,66,7,11,0,55,0,1.0,11,0,55,0,1.0,1.0,1.0,1.0,1.0,1.0,1.0
chb18,5,1,5,3,1,5,chb18_32.edf,244,66,5,11,0,55,0,1.0,11,0,55,0,1.0,1.0,1.0,1.0,1.0,1.0,1.0
chb18,5,1,5,0,2,5,chb18_35.edf,235,78,31,12,1,64,1,0.9988165680473373,12,1,64,1,0.9230769230769231,0.9988165680473373,0.9230769230769231,0.9846153846153847,0.9230769230769231,0.9230769230769231,0.9743589743589743
chb18,5,1,5,1,2,5,chb18_35.edf,235,78,7,12,0,65,1,0.9988165680473373,12,0,65,1,0.96,0.9988165680473373,0.9230769230769231,1.0,1.0,0.96,0.9871794871794872
chb18,5,1,5,2,2,5,chb18_35.edf,235,78,6,12,0,65,1,0.9988165680473373,12,0,65,1,0.96,0.9988165680473373,0.9230769230769231,1.0,1.0,0.96,0.9871794871794872
chb18,5,1,5,3,2,5,chb18_35.edf,235,78,5,12,0,65,1,0.9988165680473373,12,0,65,1,0.96,0.9988165680473373,0.9230769230769231,1.0,1.0,0.96,0.9871794871794872
chb18,5,1,5,0,3,5,chb18_30.edf,268,36,70,2,0,30,4,0.7166666666666667,2,0,30,4,0.5,0.7166666666666667,0.3333333333333333,1.0,1.0,0.5,0.8888888888888888
chb18,5,1,5,1,3,5,chb18_30.edf,268,36,10,2,0,30,4,0.6944444444444444,2,0,30,4,0.5,0.7166666666666667,0.3333333333333333,1.0,1.0,0.5,0.8888888888888888
chb18,5,1,5,2,3,5,chb18_30.edf,268,36,7,2,0,30,4,0.7,2,0,30,4,0.5,0.6888888888888889,0.3333333333333333,1.0,1.0,0.5,0.8888888888888888
chb18,5,1,5,3,3,5,chb18_30.edf,268,36,7,2,0,30,4,0.6944444444444444,2,0,30,4,0.5,0.6944444444444444,0.3333333333333333,1.0,1.0,0.5,0.8888888888888888
chb18,5,1,5,0,4,5,chb18_29.edf;chb18_31.edf,187,138,51,23,0,115,0,1.0,23,0,115,0,1.0,1.0,1.0,1.0,1.0,1.0,1.0
chb18,5,1,5,1,4,5,chb18_29.edf;chb18_31.edf,187,138,16,23,0,115,0,1.0,23,0,115,0,1.0,1.0,1.0,1.0,1.0,1.0,1.0
chb18,5,1,5,2,4,5,chb18_29.edf;chb18_31.edf,187,138,9,23,0,115,0,1.0,23,0,115,0,1.0,1.0,1.0,1.0,1.0,1.0,1.0
chb18,5,1,5,3,4,5,chb18_29.edf;chb18_31.edf,187,138,22,23,0,115,0,1.0,23,0,115,0,1.0,1.0,1.0,1.0,1.0,1.0,1.0
chb19,5,1,5,0,0,3,chb19_28.edf,148,90,85,9,2,73,6,0.9173333333333333,9,2,73,6,0.6923076923076923,0.9173333333333333,0.6,0.9733333333333334,0.8181818181818182,0.6923076923076923,0.9111111111111111
chb19,5,1,5,1,0,3,chb19_28.edf,148,90,32,9,2,73,6,0.9093333333333332,9,2,73,6,0.6923076923076923,0.9057777777777778,0.6,0.9733333333333334,0.8181818181818182,0.6923076923076923,0.9111111111111111
chb19,5,1,5,2,0,3,chb19_28.edf,148,90,33,8,2,73,7,0.9075555555555556,8,1,74,7,0.6666666666666666,0.9013333333333334,0.5333333333333333,0.9733333333333334,0.8,0.64,0.9
chb19,5,1,5,3,0,3,chb19_28.edf,148,90,28,7,1,74,8,0.9048888888888889,8,1,74,7,0.6666666666666666,0.8915555555555555,0.4666666666666667,0.9866666666666667,0.875,0.6086956521739131,0.9
chb19,5,1,5,0,1,3,chb19_29.edf,148,90,59,14,3,72,1,0.9946666666666666,14,3,72,1,0.875,0.9946666666666666,0.9333333333333333,0.96,0.8235294117647058,0.875,0.9555555555555556
chb19,5,1,5,1,1,3,chb19_29.edf,148,90,13,14,2,73,1,0.9937777777777778,13,2,73,2,0.8666666666666667,0.9928888888888888,0.9333333333333333,0.9733333333333334,0.875,0.9032258064516129,0.9666666666666667
chb19,5,1,5,2,1,3,chb19_29.edf,148,90,18,14,3,72,1,0.9946666666666666,14,2,73,1,0.9032258064516129,0.9937777777777778,0.9333333333333333,0.96,0.8235294117647058,0.875,0.9555555555555556
chb19,5,1,5,3,1,3,chb19_29.edf,148,90,23,15,3,72,0,0.9946666666666666,15,3,72,0,0.9090909090909091,0.9937777777777778,1.0,0.96,0.8333333333333334,0.9090909090909091,0.9666666666666667
chb19,5,1,5,0,2,3,chb19_30.edf,144,96,71,14,2,78,2,0.9874999999999999,14,2,78,2,0.875,0.9874999999999999,0.875,0.975,0.875,0.875,0.9583333333333334
chb19,5,1,5,1,2,3,chb19_30.edf,144,96,18,13,2,78,3,0.98671875,13,2,78,3,0.8387096774193549,0.98828125,0.8125,0.975,0.8666666666666667,0.8387096774193549,0.9479166666666666
chb19,5,1,5,2,2,3,chb19_30.edf,144,96,25,12,1,79,4,0.98828125,12,1,79,4,0.8275862068965517,0.98828125,0.75,0.9875,0.9230769230769231,0.8275862068965517,0.9479166666666666
chb19,5,1,5,3,2,3,chb19_30.edf,144,96,21,12,2,78,4,0.9874999999999999,12,2,78,4,0.8,0.9874999999999999,0.75,0.975,0.8571428571428571,0.8,0.9375
chb20,5,1,5,0,0,5,chb20_15.edf,187,96,41,15,1,79,1,0.99765625,15,1,79,1,0.9375,0.99765625,0.9375,0.9875,0.9375,0.9375,0.9791666666666666
chb20,5,1,5,1,0,5,chb20_15.edf,187,96,12,13,1,79,3,0.99609375,13,1,79,3,0.8666666666666667,0.9953124999999999,0.8125,0.9875,0.9285714285714286,0.8666666666666667,0.9583333333333334
chb20,5,1,5,2,0,5,chb20_15.edf,187,96,8,13,1,79,3,0.9953124999999999,14,1,79,2,0.9032258064516129,0.9953124999999999,0.8125,0.9875,0.9285714285714286,0.8666666666666667,0.9583333333333334
chb20,5,1,5,3,0,5,chb20_15.edf,187,96,8,13,1,79,3,0.9953124999999999,13,1,79,3,0.8666666666666667,0.99609375,0.8125,0.9875,0.9285714285714286,0.8666666666666667,0.9583333333333334
chb20,5,1,5,0,1,5,chb20_14.edf,230,42,38,7,0,35,0,1.0,7,0,35,0,1.0,1.0,1.0,1.0,1.0,1.0,1.0
chb20,5,1,5,1,1,5,chb20_14.edf,230,42,59,7,0,35,0,1.0,7,0,35,0,1.0,1.0,1.0,1.0,1.0,1.0,1.0
chb20,5,1,5,2,1,5,chb20_14.edf,230,42,52,7,0,35,0,1.0,7,0,35,0,1.0,1.0,1.0,1.0,1.0,1.0,1.0
chb20,5,1,5,3,1,5,chb20_14.edf,230,42,46,7,0,35,0,1.0,7,0,35,0,1.0,1.0,1.0,1.0,1.0,1.0,1.0
chb20,5,1,5,0,2,5,chb20_12.edf;chb20_16.edf,206,72,35,12,5,55,0,1.0,12,5,55,0,0.8275862068965517,1.0,1.0,0.9166666666666666,0.7058823529411765,0.8275862068965517,0.9305555555555556
chb20,5,1,5,1,2,5,chb20_12.edf;chb20_16.edf,206,72,7,12,3,57,0,1.0,12,3,57,0,0.8888888888888888,1.0,1.0,0.95,0.8,0.8888888888888888,0.9583333333333334
chb20,5,1,5,2,2,5,chb20_12.edf;chb20_16.edf,206,72,6,12,5,55,0,0.998611111111111,12,5,55,0,0.8275862068965517,1.0,1.0,0.9166666666666666,0.7058823529411765,0.8275862068965517,0.9305555555555556
chb20,5,1,5,3,2,5,chb20_12.edf;chb20_16.edf,206,72,4,12,3,57,0,1.0,12,3,57,0,0.8888888888888888,1.0,1.0,0.95,0.8,0.8888888888888888,0.9583333333333334
chb20,5,1,5,0,3,5,chb20_13.edf,201,78,43,13,2,63,0,0.9988165680473373,13,2,63,0,0.9285714285714286,0.9988165680473373,1.0,0.9692307692307692,0.8666666666666667,0.9285714285714286,0.9743589743589743
chb20,5,1,5,1,3,5,chb20_13.edf,201,78,12,13,2,63,0,0.9976331360946746,13,2,63,0,0.9285714285714286,0.9940828402366865,1.0,0.9692307692307692,0.8666666666666667,0.9285714285714286,0.9743589743589743
chb20,5,1,5,2,3,5,chb20_13.edf,201,78,16,13,1,64,0,0.9988165680473373,13,1,64,0,0.9629629629629629,0.9952662721893492,1.0,0.9846153846153847,0.9285714285714286,0.9629629629629629,0.9871794871794872
chb20,5,1,5,3,3,5,chb20_13.edf,201,78,10,13,1,64,0,0.9976331360946746,13,1,64,0,0.9629629629629629,0.9940828402366865,1.0,0.9846153846153847,0.9285714285714286,0.9629629629629629,0.9871794871794872
chb20,5,1,5,0,4,5,chb20_68.edf,230,42,53,4,0,35,3,0.9714285714285715,4,0,35,3,0.7272727272727273,0.9714285714285715,0.5714285714285714,1.0,1.0,0.7272727272727273,0.9285714285714286
chb20,5,1,5,1,4,5,chb20_68.edf,230,42,88,3,0,35,4,0.9551020408163265,2,0,35,5,0.4444444444444444,0.8775510204081632,0.42857142857142855,1.0,1.0,0.6,0.9047619047619048
chb20,5,1,5,2,4,5,chb20_68.edf,230,42,29,2,0,35,5,0.9306122448979592,3,0,35,4,0.6,0.9183673469387755,0.2857142857142857,1.0,1.0,0.4444444444444444,0.8809523809523809
chb20,5,1,5,3,4,5,chb20_68.edf,230,42,12,2,0,35,5,0.9591836734693878,2,0,35,5,0.4444444444444444,0.9510204081632654,0.2857142857142857,1.0,1.0,0.4444444444444444,0.8809523809523809
chb21,5,1,5,0,0,4,chb21_19.edf,134,66,98,11,0,55,0,1.0,11,0,55,0,1.0,1.0,1.0,1.0,1.0,1.0,1.0
chb21,5,1,5,1,0,4,chb21_19.edf,134,66,50,11,2,53,0,1.0,11,1,54,0,0.9565217391304348,1.0,1.0,0.9636363636363636,0.8461538461538461,0.9166666666666666,0.9696969696969697
chb21,5,1,5,2,0,4,chb21_19.edf,134,66,17,11,1,54,0,1.0,11,0,55,0,1.0,1.0,1.0,0.9818181818181818,0.9166666666666666,0.9565217391304348,0.9848484848484849
chb21,5,1,5,3,0,4,chb21_19.edf,134,66,19,11,0,55,0,1.0,11,0,55,0,1.0,1.0,1.0,1.0,1.0,1.0,1.0
chb21,5,1,5,0,1,4,chb21_20.edf,139,60,61,10,0,50,0,1.0,10,0,50,0,1.0,1.0,1.0,1.0,1.0,1.0,1.0
chb21,5,1,5,1,1,4,chb21_20.edf,139,60,22,10,0,50,0,1.0,10,0,50,0,1.0,1.0,1.0,1.0,1.0,1.0,1.0
chb21,5,1,5,2,1,4,chb21_20.edf,139,60,39,10,0,50,0,1.0,10,0,50,0,1.0,1.0,1.0,1.0,1.0,1.0,1.0
chb21,5,1,5,3,1,4,chb21_20.edf,139,60,35,10,0,50,0,1.0,10,0,50,0,1.0,1.0,1.0,1.0,1.0,1.0,1.0
chb21,5,1,5,0,2,4,chb21_21.edf,110,96,46,15,4,76,1,0.9921875,15,4,76,1,0.8571428571428571,0.9921875,0.9375,0.95,0.7894736842105263,0.8571428571428571,0.9479166666666666
chb21,5,1,5,1,2,4,chb21_21.edf,110,96,36,15,3,77,1,0.9921875,15,3,77,1,0.8823529411764706,0.9929687500000001,0.9375,0.9625,0.8333333333333334,0.8823529411764706,0.9583333333333334
chb21,5,1,5,2,2,4,chb21_21.edf,110,96,48,15,3,77,1,0.9937499999999999,15,3,77,1,0.8823529411764706,0.99375,0.9375,0.9625,0.8333333333333334,0.8823529411764706,0.9583333333333334
chb21,5,1,5,3,2,4,chb21_21.edf,110,96,31,15,3,77,1,0.99296875,15,3,77,1,0.8823529411764706,0.99375,0.9375,0.9625,0.8333333333333334,0.8823529411764706,0.9583333333333334
chb21,5,1,5,0,3,4,chb21_22.edf,177,12,47,2,0,10,0,1.0,2,0,10,0,1.0,1.0,1.0,1.0,1.0,1.0,1.0
chb21,5,1,5,1,3,4,chb21_22.edf,177,12,21,2,0,10,0,1.0,2,0,10,0,1.0,1.0,1.0,1.0,1.0,1.0,1.0
chb21,5,1,5,2,3,4,chb21_22.edf,177,12,47,2,0,10,0,1.0,2,0,10,0,1.0,1.0,1.0,1.0,1.0,1.0,1.0
chb21,5,1,5,3,3,4,chb21_22.edf,177,12,40,2,0,10,0,1.0,2,0,10,0,1.0,1.0,1.0,1.0,1.0,1.0,1.0
chb22,5,1,5,0,0,3,chb22_20.edf,134,66,79,11,1,54,0,1.0,11,1,54,0,0.9565217391304348,1.0,1.0,0.9818181818181818,0.9166666666666666,0.9565217391304348,0.9848484848484849
chb22,5,1,5,1,0,3,chb22_20.edf,134,66,17,11,0,55,0,1.0,11,0,55,0,1.0,1.0,1.0,1.0,1.0,1.0,1.0
chb22,5,1,5,2,0,3,chb22_20.edf,134,66,9,11,0,55,0,1.0,11,0,55,0,1.0,1.0,1.0,1.0,1.0,1.0,1.0
chb22,5,1,5,3,0,3,chb22_20.edf,134,66,10,11,0,55,0,1.0,11,1,54,0,0.9565217391304348,1.0,1.0,1.0,1.0,1.0,1.0
chb22,5,1,5,0,1,3,chb22_25.edf,120,84,42,13,0,70,1,1.0,13,0,70,1,0.9629629629629629,1.0,0.9285714285714286,1.0,1.0,0.9629629629629629,0.9880952380952381
chb22,5,1,5,1,1,3,chb22_25.edf,120,84,21,13,0,70,1,1.0,13,0,70,1,0.9629629629629629,0.9989795918367348,0.9285714285714286,1.0,1.0,0.9629629629629629,0.9880952380952381
chb22,5,1,5,2,1,3,chb22_25.edf,120,84,49,13,0,70,1,1.0,13,0,70,1,0.9629629629629629,0.9989795918367348,0.9285714285714286,1.0,1.0,0.9629629629629629,0.9880952380952381
chb22,5,1,5,3,1,3,chb22_25.edf,120,84,40,13,0,70,1,1.0,13,0,70,1,0.9629629629629629,1.0,0.9285714285714286,1.0,1.0,0.9629629629629629,0.9880952380952381
chb22,5,1,5,0,2,3,chb22_38.edf,120,84,53,12,0,70,2,0.9989795918367348,12,0,70,2,0.9230769230769231,0.9989795918367348,0.8571428571428571,1.0,1.0,0.9230769230769231,0.9761904761904762
chb22,5,1,5,1,2,3,chb22_38.edf,120,84,34,12,0,70,2,0.9959183673469387,12,0,70,2,0.9230769230769231,0.9989795918367348,0.8571428571428571,1.0,1.0,0.9230769230769231,0.9761904761904762
chb22,5,1,5,2,2,3,chb22_38.edf,120,84,16,12,0,70,2,0.9938775510204081,12,0,70,2,0.9230769230769231,0.9969387755102042,0.8571428571428571,1.0,1.0,0.9230769230769231,0.9761904761904762
chb22,5,1,5,3,2,3,chb22_38.edf,120,84,15,12,0,70,2,0.9959183673469387,12,0,70,2,0.9230769230769231,0.9989795918367348,0.8571428571428571,1.0,1.0,0.9230769230769231,0.9761904761904762
chb23,5,1,5,0,0,3,chb23_06.edf,288,132,43,22,4,106,0,0.9975206611570248,22,4,106,0,0.9166666666666666,0.9975206611570248,1.0,0.9636363636363636,0.8461538461538461,0.9166666666666666,0.9696969696969697
chb23,5,1,5,1,0,3,chb23_06.edf,288,132,21,21,3,107,1,0.9979338842975207,22,3,107,0,0.9361702127659575,0.9979338842975207,0.9545454545454546,0.9727272727272728,0.875,0.9130434782608695,0.9696969696969697
chb23,5,1,5,2,0,3,chb23_06.edf,288,132,6,22,3,107,0,0.9983471074380166,22,3,107,0,0.9361702127659575,0.9983471074380166,1.0,0.9727272727272728,0.88,0.9361702127659575,0.9772727272727273
chb23,5,1,5,3,0,3,chb23_06.edf,288,132,5,22,4,106,0,0.9983471074380166,22,4,106,0,0.9166666666666666,0.9983471074380166,1.0,0.9636363636363636,0.8461538461538461,0.9166666666666666,0.9696969696969697
chb23,5,1,5,0,1,3,chb23_08.edf,331,78,27,13,2,63,0,0.9798816568047337,13,2,63,0,0.9285714285714286,0.9798816568047337,1.0,0.9692307692307692,0.8666666666666667,0.9285714285714286,0.9743589743589743
chb23,5,1,5,1,1,3,chb23_08.edf,331,78,16,12,2,63,1,0.9834319526627219,13,2,63,0,0.9285714285714286,0.9834319526627219,0.9230769230769231,0.9692307692307692,0.8571428571428571,0.8888888888888888,0.9615384615384616
chb23,5,1,5,2,1,3,chb23_08.edf,331,78,6,13,2,63,0,0.9810650887573964,13,2,63,0,0.9285714285714286,0.9810650887573964,1.0,0.9692307692307692,0.8666666666666667,0.9285714285714286,0.9743589743589743
chb23,5,1,5,3,1,3,chb23_08.edf,331,78,4,13,2,63,0,0.9822485207100592,13,2,63,0,0.9285714285714286,0.9834319526627219,1.0,0.9692307692307692,0.8666666666666667,0.9285714285714286,0.9743589743589743
chb23,5,1,5,0,2,3,chb23_09.edf,168,282,64,44,2,233,3,0.9980081484834766,44,2,233,3,0.946236559139785,0.9980081484834766,0.9361702127659575,0.9914893617021276,0.9565217391304348,0.946236559139785,0.9822695035460993
chb23,5,1,5,1,2,3,chb23_09.edf,168,282,18,39,1,234,8,0.9981892258940697,38,1,234,9,0.8837209302325582,0.9982797645993663,0.8297872340425532,0.9957446808510638,0.975,0.896551724137931,0.9680851063829787
chb23,5,1,5,2,2,3,chb23_09.edf,168,282,29,35,0,235,12,0.9980081484834766,36,0,235,11,0.8674698795180723,0.9985513807152557,0.7446808510638298,1.0,1.0,0.8536585365853658,0.9574468085106383
chb23,5,1,5,3,2,3,chb23_09.edf,168,282,23,40,1,234,7,0.9982797645993662,40,1,234,7,0.9090909090909091,0.9980986871887731,0.851063829787234,0.9957446808510638,0.975609756097561,0.9090909090909091,0.9716312056737588
chb24,5,1,5,0,0,5,chb24_01.edf;chb24_15.edf,398,78,46,10,1,64,3,0.9940828402366865,10,1,64,3,0.8333333333333334,0.9940828402366865,0.7692307692307693,0.9846153846153847,0.9090909090909091,0.8333333333333334,0.9487179487179487
chb24,5,1,5,1,0,5,chb24_01.edf;chb24_15.edf,398,78,6,10,1,64,3,0.9893491124260354,11,1,64,2,0.88,0.9893491124260354,0.7692307692307693,0.9846153846153847,0.9090909090909091,0.8333333333333334,0.9487179487179487
chb24,5,1,5,2,0,5,chb24_01.edf;chb24_15.edf,398,78,4,10,1,64,3,0.9917159763313609,11,1,64,2,0.88,0.9928994082840237,0.7692307692307693,0.9846153846153847,0.9090909090909091,0.8333333333333334,0.9487179487179487
chb24,5,1,5,3,0,5,chb24_01.edf;chb24_15.edf,398,78,24,11,1,64,2,0.9917159763313609,11,1,64,2,0.88,0.9905325443786982,0.8461538461538461,0.9846153846153847,0.9166666666666666,0.88,0.9615384615384616
chb24,5,1,5,0,1,5,chb24_07.edf;chb24_13.edf;chb24_14.edf,403,72,14,10,7,53,2,0.9208333333333334,10,7,53,2,0.6896551724137931,0.9208333333333334,0.8333333333333334,0.8833333333333333,0.5882352941176471,0.6896551724137931,0.875
chb24,5,1,5,1,1,5,chb24_07.edf;chb24_13.edf;chb24_14.edf,403,72,32,10,7,53,2,0.9305555555555555,10,8,52,2,0.6666666666666666,0.9166666666666667,0.8333333333333334,0.8833333333333333,0.5882352941176471,0.6896551724137931,0.875
chb24,5,1,5,2,1,5,chb24_07.edf;chb24_13.edf;chb24_14.edf,403,72,64,11,4,56,1,0.9458333333333332,10,4,56,2,0.7692307692307693,0.9041666666666667,0.9166666666666666,0.9333333333333333,0.7333333333333333,0.8148148148148148,0.9305555555555556
chb24,5,1,5,3,1,5,chb24_07.edf;chb24_13.edf;chb24_14.edf,403,72,40,11,7,53,1,0.9402777777777777,10,8,52,2,0.6666666666666666,0.9222222222222223,0.9166666666666666,0.8833333333333333,0.6111111111111112,0.7333333333333333,0.8888888888888888
chb24,5,1,5,0,2,5,chb24_03.edf;chb24_09.edf,398,78,30,10,0,65,3,0.9988165680473373,10,0,65,3,0.8695652173913043,0.9988165680473373,0.7692307692307693,1.0,1.0,0.8695652173913043,0.9615384615384616
chb24,5,1,5,1,2,5,chb24_03.edf;chb24_09.edf,398,78,5,10,0,65,3,1.0,12,0,65,1,0.96,1.0,0.7692307692307693,1.0,1.0,0.8695652173913043,0.9615384615384616
chb24,5,1,5,2,2,5,chb24_03.edf;chb24_09.edf,398,78,2,9,0,65,4,1.0,10,0,65,3,0.8695652173913043,1.0,0.6923076923076923,1.0,1.0,0.8181818181818182,0.9487179487179487
chb24,5,1,5,3,2,5,chb24_03.edf;chb24_09.edf,398,78,15,12,0,65,1,1.0,12,0,65,1,0.96,1.0,0.9230769230769231,1.0,1.0,0.96,0.9871794871794872
chb24,5,1,5,0,3,5,chb24_04.edf;chb24_06.edf;chb24_21.edf,312,186,34,29,16,139,2,0.9837669094693029,29,16,139,2,0.7631578947368421,0.9837669094693029,0.9354838709677419,0.896774193548387,0.6444444444444445,0.7631578947368421,0.9032258064516129
chb24,5,1,5,1,3,5,chb24_04.edf;chb24_06.edf;chb24_21.edf,312,186,5,25,4,151,6,0.981477627471384,27,5,150,4,0.8571428571428571,0.9837669094693029,0.8064516129032258,0.9741935483870968,0.8620689655172413,0.8333333333333334,0.946236559139785
chb24,5,1,5,2,3,5,chb24_04.edf;chb24_06.edf;chb24_21.edf,312,186,3,25,3,152,6,0.9839750260145681,26,4,151,5,0.8524590163934426,0.9835587929240375,0.8064516129032258,0.9806451612903225,0.8928571428571429,0.847457627118644,0.9516129032258065
chb24,5,1,5,3,3,5,chb24_04.edf;chb24_06.edf;chb24_21.edf,312,186,4,24,3,152,7,0.9831425598335067,24,3,152,7,0.8275862068965517,0.9833506763787722,0.7741935483870968,0.9806451612903225,0.8888888888888888,0.8275862068965517,0.946236559139785
chb24,5,1,5,0,4,5,chb24_11.edf;chb24_17.edf,331,162,40,15,0,135,12,0.8183813443072703,15,0,135,12,0.7142857142857143,0.8183813443072703,0.5555555555555556,1.0,1.0,0.7142857142857143,0.9259259259259259
chb24,5,1,5,1,4,5,chb24_11.edf;chb24_17.edf,331,162,46,17,2,133,10,0.8285322359396433,16,2,133,11,0.7111111111111111,0.846639231824417,0.6296296296296297,0.9851851851851852,0.8947368421052632,0.7391304347826086,0.9259259259259259
chb24,5,1,5,2,4,5,chb24_11.edf;chb24_17.edf,331,162,56,15,0,135,12,0.8351165980795611,15,1,134,12,0.6976744186046512,0.8320987654320987,0.5555555555555556,1.0,1.0,0.7142857142857143,0.9259259259259259
chb24,5,1,5,3,4,5,chb24_11.edf;chb24_17.edf,331,162,40,16,0,135,11,0.8290809327846365,15,1,134,12,0.6976744186046512,0.8268861454046639,0.5925925925925926,1.0,1.0,0.7441860465116279,0.9320987654320988
chb01,8,1,8,0,0,5,chb01_03.edf,230,30,75,5,0,25,0,1.0,5,0,25,0,1.0,1.0,1.0,1.0,1.0,1.0,1.0
chb01,8,1,8,1,0,5,chb01_03.edf,230,30,11,4,0,25,1,1.0,5,0,25,0,1.0,1.0,0.8,1.0,1.0,0.8888888888888888,0.9666666666666667
chb01,8,1,8,2,0,5,chb01_03.edf,230,30,8,4,0,25,1,1.0,4,0,25,1,0.8888888888888888,1.0,0.8,1.0,1.0,0.8888888888888888,0.9666666666666667
chb01,8,1,8,3,0,5,chb01_03.edf,230,30,10,4,0,25,1,1.0,4,0,25,1,0.8888888888888888,1.0,0.8,1.0,1.0,0.8888888888888888,0.9666666666666667
chb01,8,2,4,0,0,5,chb01_03.edf,230,30,76,4,0,25,1,1.0,4,0,25,1,0.8888888888888888,1.0,0.8,1.0,1.0,0.8888888888888888,0.9666666666666667
chb01,8,2,4,1,0,5,chb01_03.edf,230,30,11,4,0,25,1,1.0,4,0,25,1,0.8888888888888888,1.0,0.8,1.0,1.0,0.8888888888888888,0.9666666666666667
chb01,8,2,4,2,0,5,chb01_03.edf,230,30,15,4,0,25,1,1.0,4,0,25,1,0.8888888888888888,1.0,0.8,1.0,1.0,0.8888888888888888,0.9666666666666667
chb01,8,2,4,3,0,5,chb01_03.edf,230,30,27,4,0,25,1,1.0,4,0,25,1,0.8888888888888888,1.0,0.8,1.0,1.0,0.8888888888888888,0.9666666666666667
chb01,8,1,8,0,1,5,chb01_21.edf,201,66,59,11,2,53,0,1.0,11,2,53,0,0.9166666666666666,1.0,1.0,0.9636363636363636,0.8461538461538461,0.9166666666666666,0.9696969696969697
chb01,8,1,8,1,1,5,chb01_21.edf,201,66,25,11,1,54,0,1.0,11,1,54,0,0.9565217391304348,1.0,1.0,0.9818181818181818,0.9166666666666666,0.9565217391304348,0.9848484848484849
chb01,8,1,8,2,1,5,chb01_21.edf,201,66,12,11,1,54,0,1.0,11,1,54,0,0.9565217391304348,1.0,1.0,0.9818181818181818,0.9166666666666666,0.9565217391304348,0.9848484848484849
chb01,8,1,8,3,1,5,chb01_21.edf,201,66,13,11,2,53,0,1.0,11,1,54,0,0.9565217391304348,1.0,1.0,0.9636363636363636,0.8461538461538461,0.9166666666666666,0.9696969696969697
chb01,8,2,4,0,1,5,chb01_21.edf,201,66,61,11,2,53,0,1.0,11,2,53,0,0.9166666666666666,1.0,1.0,0.9636363636363636,0.8461538461538461,0.9166666666666666,0.9696969696969697
chb01,8,2,4,1,1,5,chb01_21.edf,201,66,25,11,1,54,0,1.0,11,1,54,0,0.9565217391304348,1.0,1.0,0.9818181818181818,0.9166666666666666,0.9565217391304348,0.9848484848484849
chb01,8,2,4,2,1,5,chb01_21.edf,201,66,13,11,1,54,0,1.0,11,1,54,0,0.9565217391304348,1.0,1.0,0.9818181818181818,0.9166666666666666,0.9565217391304348,0.9848484848484849
chb01,8,2,4,3,1,5,chb01_21.edf,201,66,28,11,1,54,0,1.0,11,1,54,0,0.9565217391304348,1.0,1.0,0.9818181818181818,0.9166666666666666,0.9565217391304348,0.9848484848484849
chb01,8,1,8,0,2,5,chb01_26.edf,196,72,94,12,0,60,0,1.0,12,0,60,0,1.0,1.0,1.0,1.0,1.0,1.0,1.0
chb01,8,1,8,1,2,5,chb01_26.edf,196,72,32,11,0,60,1,1.0,12,0,60,0,1.0,1.0,0.9166666666666666,1.0,1.0,0.9565217391304348,0.9861111111111112
chb01,8,1,8,2,2,5,chb01_26.edf,196,72,27,12,0,60,0,1.0,12,0,60,0,1.0,1.0,1.0,1.0,1.0,1.0,1.0
chb01,8,1,8,3,2,5,chb01_26.edf,196,72,15,12,0,60,0,1.0,12,1,59,0,0.96,1.0,1.0,1.0,1.0,1.0,1.0
chb01,8,2,4,0,2,5,chb01_26.edf,196,72,99,12,1,59,0,1.0,12,1,59,0,0.96,1.0,1.0,0.9833333333333333,0.9230769230769231,0.96,0.9861111111111112
chb01,8,2,4,1,2,5,chb01_26.edf,196,72,89,12,1,59,0,1.0,12,1,59,0,0.96,1.0,1.0,0.9833333333333333,0.9230769230769231,0.96,0.9861111111111112
chb01,8,2,4,2,2,5,chb01_26.edf,196,72,27,12,1,59,0,1.0,12,1,59,0,0.96,1.0,1.0,0.9833333333333333,0.9230769230769231,0.96,0.9861111111111112
chb01,8,2,4,3,2,5,chb01_26.edf,196,72,28,12,1,59,0,1.0,12,1,59,0,0.96,1.0,1.0,0.9833333333333333,0.9230769230769231,0.96,0.9861111111111112
chb01,8,1,8,0,3,5,chb01_15.edf;chb01_16.edf,201,66,82,11,0,55,0,1.0,11,0,55,0,1.0,1.0,1.0,1.0,1.0,1.0,1.0
chb01,8,1,8,1,3,5,chb01_15.edf;chb01_16.edf,201,66,10,11,0,55,0,1.0,11,0,55,0,1.0,1.0,1.0,1.0,1.0,1.0,1.0
chb01,8,1,8,2,3,5,chb01_15.edf;chb01_16.edf,201,66,25,11,0,55,0,1.0,11,0,55,0,1.0,1.0,1.0,1.0,1.0,1.0,1.0
chb01,8,1,8,3,3,5,chb01_15.edf;chb01_16.edf,201,66,9,11,0,55,0,1.0,11,0,55,0,1.0,1.0,1.0,1.0,1.0,1.0,1.0
chb01,8,2,4,0,3,5,chb01_15.edf;chb01_16.edf,201,66,73,11,0,55,0,1.0,11,0,55,0,1.0,1.0,1.0,1.0,1.0,1.0,1.0
chb01,8,2,4,1,3,5,chb01_15.edf;chb01_16.edf,201,66,22,11,0,55,0,1.0,11,0,55,0,1.0,1.0,1.0,1.0,1.0,1.0,1.0
chb01,8,2,4,2,3,5,chb01_15.edf;chb01_16.edf,201,66,12,11,0,55,0,1.0,11,0,55,0,1.0,1.0,1.0,1.0,1.0,1.0,1.0
chb01,8,2,4,3,3,5,chb01_15.edf;chb01_16.edf,201,66,30,11,0,55,0,1.0,11,0,55,0,1.0,1.0,1.0,1.0,1.0,1.0,1.0
chb01,8,1,8,0,4,5,chb01_04.edf;chb01_18.edf,187,84,97,14,0,70,0,1.0,14,0,70,0,1.0,1.0,1.0,1.0,1.0,1.0,1.0
chb01,8,1,8,1,4,5,chb01_04.edf;chb01_18.edf,187,84,83,14,0,70,0,1.0,14,1,69,0,0.9655172413793104,1.0,1.0,1.0,1.0,1.0,1.0
chb01,8,1,8,2,4,5,chb01_04.edf;chb01_18.edf,187,84,26,14,1,69,0,1.0,14,1,69,0,0.9655172413793104,1.0,1.0,0.9857142857142858,0.9333333333333333,0.9655172413793104,0.9880952380952381
chb01,8,1,8,3,4,5,chb01_04.edf;chb01_18.edf,187,84,18,14,1,69,0,1.0,14,1,69,0,0.9655172413793104,1.0,1.0,0.9857142857142858,0.9333333333333333,0.9655172413793104,0.9880952380952381
chb01,8,2,4,0,4,5,chb01_04.edf;chb01_18.edf,187,84,54,14,0,70,0,1.0,14,0,70,0,1.0,1.0,1.0,1.0,1.0,1.0,1.0
chb01,8,2,4,1,4,5,chb01_04.edf;chb01_18.edf,187,84,71,14,0,70,0,1.0,14,0,70,0,1.0,1.0,1.0,1.0,1.0,1.0,1.0
chb01,8,2,4,2,4,5,chb01_04.edf;chb01_18.edf,187,84,31,14,0,70,0,1.0,14,0,70,0,1.0,1.0,1.0,1.0,1.0,1.0,1.0
chb01,8,2,4,3,4,5,chb01_04.edf;chb01_18.edf,187,84,20,14,0,70,0,1.0,14,0,70,0,1.0,1.0,1.0,1.0,1.0,1.0,1.0
chb02,8,1,8,0,0,3,chb02_16+.edf,52,60,58,5,0,50,5,1.0,5,0,50,5,0.6666666666666666,1.0,0.5,1.0,1.0,0.6666666666666666,0.9166666666666666
chb02,8,1,8,1,0,3,chb02_16+.edf,52,60,40,5,0,50,5,1.0,7,0,50,3,0.8235294117647058,1.0,0.5,1.0,1.0,0.6666666666666666,0.9166666666666666
chb02,8,1,8,2,0,3,chb02_16+.edf,52,60,66,7,0,50,3,1.0,7,0,50,3,0.8235294117647058,1.0,0.7,1.0,1.0,0.8235294117647058,0.95
chb02,8,1,8,3,0,3,chb02_16+.edf,52,60,47,7,0,50,3,1.0,7,0,50,3,0.8235294117647058,1.0,0.7,1.0,1.0,0.8235294117647058,0.95
chb02,8,2,4,0,0,3,chb02_16+.edf,52,60,54,4,0,50,6,0.998,4,0,50,6,0.5714285714285714,0.998,0.4,1.0,1.0,0.5714285714285714,0.9
chb02,8,2,4,1,0,3,chb02_16+.edf,52,60,75,7,0,50,3,0.998,7,0,50,3,0.8235294117647058,0.998,0.7,1.0,1.0,0.8235294117647058,0.95
chb02,8,2,4,2,0,3,chb02_16+.edf,52,60,55,7,0,50,3,0.998,7,0,50,3,0.8235294117647058,0.998,0.7,1.0,1.0,0.8235294117647058,0.95
chb02,8,2,4,3,0,3,chb02_16+.edf,52,60,60,7,0,50,3,0.998,7,0,50,3,0.8235294117647058,0.998,0.7,1.0,1.0,0.8235294117647058,0.95
chb02,8,1,8,0,1,3,chb02_16.edf,52,60,68,9,4,46,1,0.986,9,4,46,1,0.782608695652174,0.986,0.9,0.92,0.6923076923076923,0.782608695652174,0.9166666666666666
chb02,8,1,8,1,1,3,chb02_16.edf,52,60,70,9,3,47,1,0.986,9,1,49,1,0.9,0.976,0.9,0.94,0.75,0.8181818181818182,0.9333333333333333
chb02,8,1,8,2,1,3,chb02_16.edf,52,60,45,9,3,47,1,0.986,9,1,49,1,0.9,0.9800000000000001,0.9,0.94,0.75,0.8181818181818182,0.9333333333333333
chb02,8,1,8,3,1,3,chb02_16.edf,52,60,60,9,3,47,1,0.978,9,1,49,1,0.9,0.9800000000000001,0.9,0.94,0.75,0.8181818181818182,0.9333333333333333
chb02,8,2,4,0,1,3,chb02_16.edf,52,60,99,9,1,49,1,0.998,9,1,49,1,0.9,0.998,0.9,0.98,0.9,0.9,0.9666666666666667
chb02,8,2,4,1,1,3,chb02_16.edf,52,60,91,9,1,49,1,0.994,9,1,49,1,0.9,0.998,0.9,0.98,0.9,0.9,0.9666666666666667
chb02,8,2,4,2,1,3,chb02_16.edf,52,60,66,9,1,49,1,0.998,9,1,49,1,0.9,0.998,0.9,0.98,0.9,0.9,0.9666666666666667
chb02,8,2,4,3,1,3,chb02_16.edf,52,60,69,9,1,49,1,0.994,10,1,49,0,0.9523809523809523,0.998,0.9,0.98,0.9,0.9,0.9666666666666667
chb02,8,1,8,0,2,3,chb02_19.edf,96,6,99,1,0,5,0,1.0,1,0,5,0,1.0,1.0,1.0,1.0,1.0,1.0,1.0
chb02,8,1,8,1,2,3,chb02_19.edf,96,6,78,1,0,5,0,1.0,1,0,5,0,1.0,1.0,1.0,1.0,1.0,1.0,1.0
chb02,8,1,8,2,2,3,chb02_19.edf,96,6,36,1,0,5,0,1.0,1,0,5,0,1.0,1.0,1.0,1.0,1.0,1.0,1.0
chb02,8,1,8,3,2,3,chb02_19.edf,96,6,30,1,0,5,0,1.0,1,0,5,0,1.0,1.0,1.0,1.0,1.0,1.0,1.0
chb02,8,2,4,0,2,3,chb02_19.edf,96,6,98,1,0,5,0,1.0,1,0,5,0,1.0,1.0,1.0,1.0,1.0,1.0,1.0
chb02,8,2,4,1,2,3,chb02_19.edf,96,6,83,1,0,5,0,1.0,1,0,5,0,1.0,1.0,1.0,1.0,1.0,1.0,1.0
chb02,8,2,4,2,2,3,chb02_19.edf,96,6,41,1,0,5,0,1.0,1,0,5,0,1.0,1.0,1.0,1.0,1.0,1.0,1.0
chb02,8,2,4,3,2,3,chb02_19.edf,96,6,32,1,0,5,0,1.0,1,0,5,0,1.0,1.0,1.0,1.0,1.0,1.0,1.0
chb03,8,1,8,0,0,5,chb03_02.edf,187,48,96,8,0,40,0,1.0,8,0,40,0,1.0,1.0,1.0,1.0,1.0,1.0,1.0
chb03,8,1,8,1,0,5,chb03_02.edf,187,48,43,8,0,40,0,1.0,8,0,40,0,1.0,1.0,1.0,1.0,1.0,1.0,1.0
chb03,8,1,8,2,0,5,chb03_02.edf,187,48,22,8,0,40,0,1.0,8,0,40,0,1.0,1.0,1.0,1.0,1.0,1.0,1.0
chb03,8,1,8,3,0,5,chb03_02.edf,187,48,19,8,0,40,0,1.0,8,0,40,0,1.0,1.0,1.0,1.0,1.0,1.0,1.0
chb03,8,2,4,0,0,5,chb03_02.edf,187,48,98,8,0,40,0,1.0,8,0,40,0,1.0,1.0,1.0,1.0,1.0,1.0,1.0
chb03,8,2,4,1,0,5,chb03_02.edf,187,48,55,8,0,40,0,1.0,8,0,40,0,1.0,1.0,1.0,1.0,1.0,1.0,1.0
chb03,8,2,4,2,0,5,chb03_02.edf,187,48,25,8,0,40,0,1.0,8,0,40,0,1.0,1.0,1.0,1.0,1.0,1.0,1.0
chb03,8,2,4,3,0,5,chb03_02.edf,187,48,22,8,0,40,0,1.0,8,0,40,0,1.0,1.0,1.0,1.0,1.0,1.0,1.0
chb03,8,1,8,0,1,5,chb03_03.edf,187,48,79,8,1,39,0,1.0,8,1,39,0,0.9411764705882353,1.0,1.0,0.975,0.8888888888888888,0.9411764705882353,0.9791666666666666
chb03,8,1,8,1,1,5,chb03_03.edf,187,48,81,8,1,39,0,1.0,8,1,39,0,0.9411764705882353,1.0,1.0,0.975,0.8888888888888888,0.9411764705882353,0.9791666666666666
chb03,8,1,8,2,1,5,chb03_03.edf,187,48,36,8,1,39,0,1.0,8,1,39,0,0.9411764705882353,1.0,1.0,0.975,0.8888888888888888,0.9411764705882353,0.9791666666666666
chb03,8,1,8,3,1,5,chb03_03.edf,187,48,21,8,1,39,0,1.0,8,1,39,0,0.9411764705882353,1.0,1.0,0.975,0.8888888888888888,0.9411764705882353,0.9791666666666666
chb03,8,2,4,0,1,5,chb03_03.edf,187,48,98,8,0,40,0,1.0,8,0,40,0,1.0,1.0,1.0,1.0,1.0,1.0,1.0
chb03,8,2,4,1,1,5,chb03_03.edf,187,48,36,8,1,39,0,1.0,8,1,39,0,0.9411764705882353,1.0,1.0,0.975,0.8888888888888888,0.9411764705882353,0.9791666666666666
chb03,8,2,4,2,1,5,chb03_03.edf,187,48,23,8,1,39,0,1.0,8,1,39,0,0.9411764705882353,1.0,1.0,0.975,0.8888888888888888,0.9411764705882353,0.9791666666666666
chb03,8,2,4,3,1,5,chb03_03.edf,187,48,21,8,1,39,0,1.0,8,1,39,0,0.9411764705882353,1.0,1.0,0.975,0.8888888888888888,0.9411764705882353,0.9791666666666666
chb03,8,1,8,0,2,5,chb03_35.edf,187,48,73,8,0,40,0,1.0,8,0,40,0,1.0,1.0,1.0,1.0,1.0,1.0,1.0
chb03,8,1,8,1,2,5,chb03_35.edf,187,48,54,8,0,40,0,1.0,8,0,40,0,1.0,1.0,1.0,1.0,1.0,1.0,1.0
chb03,8,1,8,2,2,5,chb03_35.edf,187,48,23,8,0,40,0,1.0,8,0,40,0,1.0,1.0,1.0,1.0,1.0,1.0,1.0
chb03,8,1,8,3,2,5,chb03_35.edf,187,48,17,8,0,40,0,1.0,8,0,40,0,1.0,1.0,1.0,1.0,1.0,1.0,1.0
chb03,8,2,4,0,2,5,chb03_35.edf,187,48,54,8,0,40,0,1.0,8,0,40,0,1.0,1.0,1.0,1.0,1.0,1.0,1.0
chb03,8,2,4,1,2,5,chb03_35.edf,187,48,21,8,0,40,0,1.0,8,0,40,0,1.0,1.0,1.0,1.0,1.0,1.0,1.0
chb03,8,2,4,2,2,5,chb03_35.edf,187,48,25,8,0,40,0,1.0,8,0,40,0,1.0,1.0,1.0,1.0,1.0,1.0,1.0
chb03,8,2,4,3,2,5,chb03_35.edf,187,48,27,8,0,40,0,1.0,8,0,40,0,1.0,1.0,1.0,1.0,1.0,1.0,1.0
chb03,8,1,8,0,3,5,chb03_01.edf;chb03_34.edf,172,66,82,11,0,55,0,1.0,11,0,55,0,1.0,1.0,1.0,1.0,1.0,1.0,1.0
chb03,8,1,8,1,3,5,chb03_01.edf;chb03_34.edf,172,66,94,11,0,55,0,1.0,11,0,55,0,1.0,1.0,1.0,1.0,1.0,1.0,1.0
chb03,8,1,8,2,3,5,chb03_01.edf;chb03_34.edf,172,66,34,11,0,55,0,1.0,11,0,55,0,1.0,1.0,1.0,1.0,1.0,1.0,1.0
chb03,8,1,8,3,3,5,chb03_01.edf;chb03_34.edf,172,66,21,11,0,55,0,1.0,11,0,55,0,1.0,1.0,1.0,1.0,1.0,1.0,1.0
chb03,8,2,4,0,3,5,chb03_01.edf;chb03_34.edf,172,66,55,11,0,55,0,1.0,11,0,55,0,1.0,1.0,1.0,1.0,1.0,1.0,1.0
chb03,8,2,4,1,3,5,chb03_01.edf;chb03_34.edf,172,66,30,11,0,55,0,1.0,11,0,55,0,1.0,1.0,1.0,1.0,1.0,1.0,1.0
chb03,8,2,4,2,3,5,chb03_01.edf;chb03_34.edf,172,66,20,11,0,55,0,1.0,11,0,55,0,1.0,1.0,1.0,1.0,1.0,1.0,1.0
chb03,8,2,4,3,3,5,chb03_01.edf;chb03_34.edf,172,66,22,11,0,55,0,1.0,11,0,55,0,1.0,1.0,1.0,1.0,1.0,1.0,1.0
chb03,8,1,8,0,4,5,chb03_04.edf;chb03_36.edf,168,72,34,11,1,59,1,0.998611111111111,11,1,59,1,0.9166666666666666,0.998611111111111,0.9166666666666666,0.9833333333333333,0.9166666666666666,0.9166666666666666,0.9722222222222222
chb03,8,1,8,1,4,5,chb03_04.edf;chb03_36.edf,168,72,12,11,0,60,1,0.9972222222222222,11,1,59,1,0.9166666666666666,0.998611111111111,0.9166666666666666,1.0,1.0,0.9565217391304348,0.9861111111111112
chb03,8,1,8,2,4,5,chb03_04.edf;chb03_36.edf,168,72,20,11,0,60,1,0.9972222222222222,11,0,60,1,0.9565217391304348,0.998611111111111,0.9166666666666666,1.0,1.0,0.9565217391304348,0.9861111111111112
chb03,8,1,8,3,4,5,chb03_04.edf;chb03_36.edf,168,72,19,11,0,60,1,0.9972222222222222,11,0,60,1,0.9565217391304348,0.998611111111111,0.9166666666666666,1.0,1.0,0.9565217391304348,0.9861111111111112
chb03,8,2,4,0,4,5,chb03_04.edf;chb03_36.edf,168,72,36,11,1,59,1,0.998611111111111,11,1,59,1,0.9166666666666666,0.998611111111111,0.9166666666666666,0.9833333333333333,0.9166666666666666,0.9166666666666666,0.9722222222222222
chb03,8,2,4,1,4,5,chb03_04.edf;chb03_36.edf,168,72,14,11,0,60,1,0.998611111111111,11,0,60,1,0.9565217391304348,0.998611111111111,0.9166666666666666,1.0,1.0,0.9565217391304348,0.9861111111111112
chb03,8,2,4,2,4,5,chb03_04.edf;chb03_36.edf,168,72,10,11,0,60,1,0.998611111111111,11,0,60,1,0.9565217391304348,0.998611111111111,0.9166666666666666,1.0,1.0,0.9565217391304348,0.9861111111111112
chb03,8,2,4,3,4,5,chb03_04.edf;chb03_36.edf,168,72,7,11,0,60,1,0.998611111111111,11,0,60,1,0.9565217391304348,0.998611111111111,0.9166666666666666,1.0,1.0,0.9565217391304348,0.9861111111111112
chb04,8,1,8,0,0,3,chb04_05.edf,187,36,57,6,19,11,0,0.3777777777777778,6,19,11,0,0.3870967741935484,0.3777777777777778,1.0,0.36666666666666664,0.24,0.3870967741935484,0.4722222222222222
chb04,8,1,8,1,0,3,chb04_05.edf,187,36,11,6,19,11,0,0.3666666666666667,6,19,11,0,0.3870967741935484,0.3666666666666667,1.0,0.36666666666666664,0.24,0.3870967741935484,0.4722222222222222
chb04,8,1,8,2,0,3,chb04_05.edf,187,36,7,6,19,11,0,0.3666666666666667,6,19,11,0,0.3870967741935484,0.3666666666666667,1.0,0.36666666666666664,0.24,0.3870967741935484,0.4722222222222222
chb04,8,1,8,3,0,3,chb04_05.edf,187,36,7,6,19,11,0,0.37222222222222223,6,19,11,0,0.3870967741935484,0.37222222222222223,1.0,0.36666666666666664,0.24,0.3870967741935484,0.4722222222222222
chb04,8,2,4,0,0,3,chb04_05.edf,187,36,30,6,20,10,0,0.3666666666666667,6,20,10,0,0.375,0.3666666666666667,1.0,0.3333333333333333,0.23076923076923078,0.375,0.4444444444444444
chb04,8,2,4,1,0,3,chb04_05.edf,187,36,12,6,19,11,0,0.3666666666666667,6,19,11,0,0.3870967741935484,0.3666666666666667,1.0,0.36666666666666664,0.24,0.3870967741935484,0.4722222222222222
chb04,8,2,4,2,0,3,chb04_05.edf,187,36,8,6,19,11,0,0.3666666666666667,6,20,10,0,0.375,0.3666666666666667,1.0,0.36666666666666664,0.24,0.3870967741935484,0.4722222222222222
chb04,8,2,4,3,0,3,chb04_05.edf,187,36,9,6,19,11,0,0.3666666666666667,6,20,10,0,0.375,0.3666666666666667,1.0,0.36666666666666664,0.24,0.3870967741935484,0.4722222222222222
chb04,8,1,8,0,1,3,chb04_08.edf,153,78,68,13,2,63,0,0.9988165680473373,13,2,63,0,0.9285714285714286,0.9988165680473373,1.0,0.9692307692307692,0.8666666666666667,0.9285714285714286,0.9743589743589743
chb04,8,1,8,1,1,3,chb04_08.edf,153,78,11,13,3,62,0,0.9976331360946746,13,3,62,0,0.896551724137931,0.9964497041420118,1.0,0.9538461538461539,0.8125,0.896551724137931,0.9615384615384616
chb04,8,1,8,2,1,3,chb04_08.edf,153,78,10,13,3,62,0,1.0,13,3,62,0,0.896551724137931,0.9976331360946745,1.0,0.9538461538461539,0.8125,0.896551724137931,0.9615384615384616
chb04,8,1,8,3,1,3,chb04_08.edf,153,78,9,13,3,62,0,0.9976331360946745,13,3,62,0,0.896551724137931,0.9976331360946745,1.0,0.9538461538461539,0.8125,0.896551724137931,0.9615384615384616
chb04,8,2,4,0,1,3,chb04_08.edf,153,78,65,12,1,64,1,0.9988165680473373,12,1,64,1,0.9230769230769231,0.9988165680473373,0.9230769230769231,0.9846153846153847,0.9230769230769231,0.9230769230769231,0.9743589743589743
chb04,8,2,4,1,1,3,chb04_08.edf,153,78,12,13,2,63,0,0.9976331360946745,13,1,64,0,0.9629629629629629,0.9988165680473373,1.0,0.9692307692307692,0.8666666666666667,0.9285714285714286,0.9743589743589743
chb04,8,2,4,2,1,3,chb04_08.edf,153,78,11,13,2,63,0,0.9988165680473373,13,1,64,0,0.9629629629629629,0.9988165680473373,1.0,0.9692307692307692,0.8666666666666667,0.9285714285714286,0.9743589743589743
chb04,8,2,4,3,1,3,chb04_08.edf,153,78,11,13,2,63,0,0.9976331360946745,12,1,64,1,0.9230769230769231,0.9988165680473373,1.0,0.9692307692307692,0.8666666666666667,0.9285714285714286,0.9743589743589743
chb04,8,1,8,0,2,3,chb04_28.edf,91,156,97,4,1,129,22,0.7387573964497042,4,1,129,22,0.25806451612903225,0.7387573964497042,0.15384615384615385,0.9923076923076923,0.8,0.25806451612903225,0.8525641025641025
chb04,8,1,8,1,2,3,chb04_28.edf,91,156,54,4,1,129,22,0.7411242603550295,4,1,129,22,0.25806451612903225,0.7284023668639054,0.15384615384615385,0.9923076923076923,0.8,0.25806451612903225,0.8525641025641025
chb04,8,1,8,2,2,3,chb04_28.edf,91,156,35,6,1,129,20,0.7316568047337279,5,1,129,21,0.3125,0.7292899408284024,0.23076923076923078,0.9923076923076923,0.8571428571428571,0.36363636363636365,0.8653846153846154
chb04,8,1,8,3,2,3,chb04_28.edf,91,156,27,4,1,129,22,0.7281065088757396,4,1,129,22,0.25806451612903225,0.7210059171597633,0.15384615384615385,0.9923076923076923,0.8,0.25806451612903225,0.8525641025641025
chb04,8,2,4,0,2,3,chb04_28.edf,91,156,74,2,2,128,24,0.5068047337278107,2,2,128,24,0.13333333333333333,0.5068047337278107,0.07692307692307693,0.9846153846153847,0.5,0.13333333333333333,0.8333333333333334
chb04,8,2,4,1,2,3,chb04_28.edf,91,156,99,2,3,127,24,0.49437869822485214,2,3,127,24,0.12903225806451613,0.4795857988165681,0.07692307692307693,0.9769230769230769,0.4,0.12903225806451613,0.8269230769230769
chb04,8,2,4,2,2,3,chb04_28.edf,91,156,35,2,3,127,24,0.48846153846153845,2,3,127,24,0.12903225806451613,0.48994082840236686,0.07692307692307693,0.9769230769230769,0.4,0.12903225806451613,0.8269230769230769
chb04,8,2,4,3,2,3,chb04_28.edf,91,156,29,2,3,127,24,0.48254437869822486,2,3,127,24,0.12903225806451613,0.47988165680473377,0.07692307692307693,0.9769230769230769,0.4,0.12903225806451613,0.8269230769230769
chb05,8,1,8,0,0,5,chb05_06.edf,259,84,77,12,0,70,2,1.0,12,0,70,2,0.9230769230769231,1.0,0.8571428571428571,1.0,1.0,0.9230769230769231,0.9761904761904762
chb05,8,1,8,1,0,5,chb05_06.edf,259,84,15,12,0,70,2,1.0,12,0,70,2,0.9230769230769231,1.0,0.8571428571428571,1.0,1.0,0.9230769230769231,0.9761904761904762
chb05,8,1,8,2,0,5,chb05_06.edf,259,84,57,12,0,70,2,1.0,11,0,70,3,0.88,1.0,0.8571428571428571,1.0,1.0,0.9230769230769231,0.9761904761904762
chb05,8,1,8,3,0,5,chb05_06.edf,259,84,51,12,0,70,2,1.0,12,0,70,2,0.9230769230769231,1.0,0.8571428571428571,1.0,1.0,0.9230769230769231,0.9761904761904762
chb05,8,2,4,0,0,5,chb05_06.edf,259,84,98,12,0,70,2,1.0,12,0,70,2,0.9230769230769231,1.0,0.8571428571428571,1.0,1.0,0.9230769230769231,0.9761904761904762
chb05,8,2,4,1,0,5,chb05_06.edf,259,84,67,11,0,70,3,1.0,12,0,70,2,0.9230769230769231,1.0,0.7857142857142857,1.0,1.0,0.88,0.9642857142857143
chb05,8,2,4,2,0,5,chb05_06.edf,259,84,59,11,0,70,3,1.0,12,0,70,2,0.9230769230769231,1.0,0.7857142857142857,1.0,1.0,0.88,0.9642857142857143
chb05,8,2,4,3,0,5,chb05_06.edf,259,84,28,12,0,70,2,1.0,12,0,70,2,0.9230769230769231,1.0,0.8571428571428571,1.0,1.0,0.9230769230769231,0.9761904761904762
chb05,8,1,8,0,1,5,chb05_13.edf,264,78,96,13,0,65,0,1.0,13,0,65,0,1.0,1.0,1.0,1.0,1.0,1.0,1.0
chb05,8,1,8,1,1,5,chb05_13.edf,264,78,15,13,0,65,0,1.0,13,0,65,0,1.0,1.0,1.0,1.0,1.0,1.0,1.0
chb05,8,1,8,2,1,5,chb05_13.edf,264,78,7,13,0,65,0,1.0,13,0,65,0,1.0,1.0,1.0,1.0,1.0,1.0,1.0
chb05,8,1,8,3,1,5,chb05_13.edf,264,78,6,13,0,65,0,1.0,13,0,65,0,1.0,1.0,1.0,1.0,1.0,1.0,1.0
chb05,8,2,4,0,1,5,chb05_13.edf,264,78,58,13,0,65,0,1.0,13,0,65,0,1.0,1.0,1.0,1.0,1.0,1.0,1.0
chb05,8,2,4,1,1,5,chb05_13.edf,264,78,14,13,0,65,0,1.0,13,0,65,0,1.0,1.0,1.0,1.0,1.0,1.0,1.0
chb05,8,2,4,2,1,5,chb05_13.edf,264,78,9,13,0,65,0,1.0,13,0,65,0,1.0,1.0,1.0,1.0,1.0,1.0,1.0
chb05,8,2,4,3,1,5,chb05_13.edf,264,78,16,13,0,65,0,1.0,13,0,65,0,1.0,1.0,1.0,1.0,1.0,1.0,1.0
chb05,8,1,8,0,2,5,chb05_16.edf,268,72,56,10,0,60,2,1.0,10,0,60,2,0.9090909090909091,1.0,0.8333333333333334,1.0,1.0,0.9090909090909091,0.9722222222222222
chb05,8,1,8,1,2,5,chb05_16.edf,268,72,9,11,0,60,1,1.0,10,0,60,2,0.9090909090909091,1.0,0.9166666666666666,1.0,1.0,0.9565217391304348,0.9861111111111112
chb05,8,1,8,2,2,5,chb05_16.edf,268,72,6,10,0,60,2,1.0,10,0,60,2,0.9090909090909091,1.0,0.8333333333333334,1.0,1.0,0.9090909090909091,0.9722222222222222
chb05,8,1,8,3,2,5,chb05_16.edf,268,72,5,11,0,60,1,1.0,11,0,60,1,0.9565217391304348,1.0,0.9166666666666666,1.0,1.0,0.9565217391304348,0.9861111111111112
chb05,8,2,4,0,2,5,chb05_16.edf,268,72,41,10,0,60,2,1.0,10,0,60,2,0.9090909090909091,1.0,0.8333333333333334,1.0,1.0,0.9090909090909091,0.9722222222222222
chb05,8,2,4,1,2,5,chb05_16.edf,268,72,21,10,0,60,2,1.0,10,0,60,2,0.9090909090909091,1.0,0.8333333333333334,1.0,1.0,0.9090909090909091,0.9722222222222222
chb05,8,2,4,2,2,5,chb05_16.edf,268,72,47,10,0,60,2,1.0,10,0,60,2,0.9090909090909091,1.0,0.8333333333333334,1.0,1.0,0.9090909090909091,0.9722222222222222
chb05,8,2,4,3,2,5,chb05_16.edf,268,72,35,10,0,60,2,1.0,10,0,60,2,0.9090909090909091,1.0,0.8333333333333334,1.0,1.0,0.9090909090909091,0.9722222222222222
chb05,8,1,8,0,3,5,chb05_17.edf,254,90,60,14,2,73,1,0.9920000000000001,14,2,73,1,0.9032258064516129,0.9920000000000001,0.9333333333333333,0.9733333333333334,0.875,0.9032258064516129,0.9666666666666667
chb05,8,1,8,1,3,5,chb05_17.edf,254,90,20,14,2,73,1,0.9920000000000001,14,2,73,1,0.9032258064516129,0.9911111111111112,0.9333333333333333,0.9733333333333334,0.875,0.9032258064516129,0.9666666666666667
chb05,8,1,8,2,3,5,chb05_17.edf,254,90,16,14,1,74,1,0.9920000000000001,14,2,73,1,0.9032258064516129,0.9911111111111112,0.9333333333333333,0.9866666666666667,0.9333333333333333,0.9333333333333333,0.9777777777777777
chb05,8,1,8,3,3,5,chb05_17.edf,254,90,15,13,1,74,2,0.9920000000000001,13,2,73,2,0.8666666666666667,0.9911111111111112,0.8666666666666667,0.9866666666666667,0.9285714285714286,0.896551724137931,0.9666666666666667
chb05,8,2,4,0,3,5,chb05_17.edf,254,90,86,13,2,73,2,0.9911111111111112,13,2,73,2,0.8666666666666667,0.9911111111111112,0.8666666666666667,0.9733333333333334,0.8666666666666667,0.8666666666666667,0.9555555555555556
chb05,8,2,4,1,3,5,chb05_17.edf,254,90,24,15,2,73,0,0.9920000000000001,15,2,73,0,0.9375,0.9911111111111112,1.0,0.9733333333333334,0.8823529411764706,0.9375,0.9777777777777777
chb05,8,2,4,2,3,5,chb05_17.edf,254,90,44,15,3,72,0,0.9911111111111112,15,3,72,0,0.9090909090909091,0.9911111111111112,1.0,0.96,0.8333333333333334,0.9090909090909091,0.9666666666666667
chb05,8,2,4,3,3,5,chb05_17.edf,254,90,20,14,2,73,1,0.9920000000000001,13,2,73,2,0.8666666666666667,0.9911111111111112,0.9333333333333333,0.9733333333333334,0.875,0.9032258064516129,0.9666666666666667
chb05,8,1,8,0,4,5,chb05_22.edf,259,84,77,14,4,66,0,0.9989795918367348,14,4,66,0,0.875,0.9989795918367348,1.0,0.9428571428571428,0.7777777777777778,0.875,0.9523809523809523
chb05,8,1,8,1,4,5,chb05_22.edf,259,84,15,14,5,65,0,0.9979591836734695,14,4,66,0,0.875,0.9989795918367348,1.0,0.9285714285714286,0.7368421052631579,0.8484848484848485,0.9404761904761905
chb05,8,1,8,2,4,5,chb05_22.edf,259,84,15,14,5,65,0,0.9989795918367348,14,5,65,0,0.8484848484848485,0.9989795918367348,1.0,0.9285714285714286,0.7368421052631579,0.8484848484848485,0.9404761904761905
chb05,8,1,8,3,4,5,chb05_22.edf,259,84,13,14,5,65,0,0.9989795918367348,14,4,66,0,0.875,0.9989795918367348,1.0,0.9285714285714286,0.7368421052631579,0.8484848484848485,0.9404761904761905
chb05,8,2,4,0,4,5,chb05_22.edf,259,84,80,14,5,65,0,0.9979591836734695,14,5,65,0,0.8484848484848485,0.9979591836734695,1.0,0.9285714285714286,0.7368421052631579,0.8484848484848485,0.9404761904761905
chb05,8,2,4,1,4,5,chb05_22.edf,259,84,15,14,4,66,0,0.9989795918367348,14,5,65,0,0.8484848484848485,0.9989795918367348,1.0,0.9428571428571428,0.7777777777777778,0.875,0.9523809523809523
chb05,8,2,4,2,4,5,chb05_22.edf,259,84,15,14,7,63,0,0.9989795918367348,14,6,64,0,0.8235294117647058,0.9989795918367348,1.0,0.9,0.6666666666666666,0.8,0.9166666666666666
chb05,8,2,4,3,4,5,chb05_22.edf,259,84,19,14,5,65,0,0.9979591836734695,14,5,65,0,0.8484848484848485,0.9979591836734695,1.0,0.9285714285714286,0.7368421052631579,0.8484848484848485,0.9404761904761905
chb06,8,1,8,0,0,5,chb06_09.edf,57,12,50,2,0,10,0,1.0,2,0,10,0,1.0,1.0,1.0,1.0,1.0,1.0,1.0
chb06,8,1,8,1,0,5,chb06_09.edf,57,12,32,2,0,10,0,1.0,2,0,10,0,1.0,1.0,1.0,1.0,1.0,1.0,1.0
chb06,8,1,8,2,0,5,chb06_09.edf,57,12,28,1,0,10,1,1.0,1,0,10,1,0.6666666666666666,1.0,0.5,1.0,1.0,0.6666666666666666,0.9166666666666666
chb06,8,1,8,3,0,5,chb06_09.edf,57,12,27,1,0,10,1,1.0,1,0,10,1,0.6666666666666666,1.0,0.5,1.0,1.0,0.6666666666666666,0.9166666666666666
chb06,8,2,4,0,0,5,chb06_09.edf,57,12,66,2,0,10,0,1.0,2,0,10,0,1.0,1.0,1.0,1.0,1.0,1.0,1.0
chb06,8,2,4,1,0,5,chb06_09.edf,57,12,34,2,0,10,0,1.0,2,0,10,0,1.0,1.0,1.0,1.0,1.0,1.0,1.0
chb06,8,2,4,2,0,5,chb06_09.edf,57,12,28,2,0,10,0,1.0,2,0,10,0,1.0,1.0,1.0,1.0,1.0,1.0,1.0
chb06,8,2,4,3,0,5,chb06_09.edf,57,12,26,2,0,10,0,1.0,2,0,10,0,1.0,1.0,1.0,1.0,1.0,1.0,1.0
chb06,8,1,8,0,1,5,chb06_13.edf,62,6,48,1,0,5,0,1.0,1,0,5,0,1.0,1.0,1.0,1.0,1.0,1.0,1.0
chb06,8,1,8,1,1,5,chb06_13.edf,62,6,29,1,0,5,0,1.0,1,0,5,0,1.0,1.0,1.0,1.0,1.0,1.0,1.0
chb06,8,1,8,2,1,5,chb06_13.edf,62,6,24,1,0,5,0,1.0,1,0,5,0,1.0,1.0,1.0,1.0,1.0,1.0,1.0
chb06,8,1,8,3,1,5,chb06_13.edf,62,6,17,0,0,5,1,1.0,0,0,5,1,0.0,1.0,0.0,1.0,,0.0,0.8333333333333334
chb06,8,2,4,0,1,5,chb06_13.edf,62,6,38,0,0,5,1,1.0,0,0,5,1,0.0,1.0,0.0,1.0,,0.0,0.8333333333333334
chb06,8,2,4,1,1,5,chb06_13.edf,62,6,33,1,0,5,0,1.0,0,0,5,1,0.0,1.0,1.0,1.0,1.0,1.0,1.0
chb06,8,2,4,2,1,5,chb06_13.edf,62,6,28,1,0,5,0,1.0,0,0,5,1,0.0,1.0,1.0,1.0,1.0,1.0,1.0
chb06,8,2,4,3,1,5,chb06_13.edf,62,6,22,0,0,5,1,1.0,0,0,5,1,0.0,1.0,0.0,1.0,,0.0,0.8333333333333334
chb06,8,1,8,0,2,5,chb06_01.edf;chb06_24.edf,43,30,43,5,1,24,0,1.0,5,1,24,0,0.9090909090909091,1.0,1.0,0.96,0.8333333333333334,0.9090909090909091,0.9666666666666667
chb06,8,1,8,1,2,5,chb06_01.edf;chb06_24.edf,43,30,30,5,1,24,0,0.992,5,0,25,0,1.0,1.0,1.0,0.96,0.8333333333333334,0.9090909090909091,0.9666666666666667
chb06,8,1,8,2,2,5,chb06_01.edf;chb06_24.edf,43,30,25,5,1,24,0,0.992,5,0,25,0,1.0,1.0,1.0,0.96,0.8333333333333334,0.9090909090909091,0.9666666666666667
chb06,8,1,8,3,2,5,chb06_01.edf;chb06_24.edf,43,30,20,5,1,24,0,0.992,5,0,25,0,1.0,1.0,1.0,0.96,0.8333333333333334,0.9090909090909091,0.9666666666666667
chb06,8,2,4,0,2,5,chb06_01.edf;chb06_24.edf,43,30,38,5,0,25,0,1.0,5,0,25,0,1.0,1.0,1.0,1.0,1.0,1.0,1.0
chb06,8,2,4,1,2,5,chb06_01.edf;chb06_24.edf,43,30,28,3,0,25,2,0.984,4,0,25,1,0.8888888888888888,1.0,0.6,1.0,1.0,0.75,0.9333333333333333
chb06,8,2,4,2,2,5,chb06_01.edf;chb06_24.edf,43,30,27,4,2,23,1,0.9760000000000001,5,0,25,0,1.0,1.0,0.8,0.92,0.6666666666666666,0.7272727272727273,0.9
chb06,8,2,4,3,2,5,chb06_01.edf;chb06_24.edf,43,30,18,3,0,25,2,0.992,4,0,25,1,0.8888888888888888,1.0,0.6,1.0,1.0,0.75,0.9333333333333333
chb06,8,1,8,0,3,5,chb06_04.edf,48,24,47,2,6,14,2,0.7,2,6,14,2,0.3333333333333333,0.7,0.5,0.7,0.25,0.3333333333333333,0.6666666666666666
chb06,8,1,8,1,3,5,chb06_04.edf,48,24,46,2,6,14,2,0.7,2,6,14,2,0.3333333333333333,0.7,0.5,0.7,0.25,0.3333333333333333,0.6666666666666666
chb06,8,1,8,2,3,5,chb06_04.edf,48,24,67,2,6,14,2,0.7,2,6,14,2,0.3333333333333333,0.7,0.5,0.7,0.25,0.3333333333333333,0.6666666666666666
chb06,8,1,8,3,3,5,chb06_04.edf,48,24,64,2,6,14,2,0.7,2,6,14,2,0.3333333333333333,0.7,0.5,0.7,0.25,0.3333333333333333,0.6666666666666666
chb06,8,2,4,0,3,5,chb06_04.edf,48,24,50,2,6,14,2,0.7,2,6,14,2,0.3333333333333333,0.7,0.5,0.7,0.25,0.3333333333333333,0.6666666666666666
chb06,8,2,4,1,3,5,chb06_04.edf,48,24,56,2,6,14,2,0.7,2,6,14,2,0.3333333333333333,0.7,0.5,0.7,0.25,0.3333333333333333,0.6666666666666666
chb06,8,2,4,2,3,5,chb06_04.edf,48,24,56,2,6,14,2,0.7,2,6,14,2,0.3333333333333333,0.7,0.5,0.7,0.25,0.3333333333333333,0.6666666666666666
chb06,8,2,4,3,3,5,chb06_04.edf,48,24,47,2,6,14,2,0.7,2,6,14,2,0.3333333333333333,0.7,0.5,0.7,0.25,0.3333333333333333,0.6666666666666666
chb06,8,1,8,0,4,5,chb06_10.edf;chb06_18.edf,57,12,89,2,0,10,0,1.0,2,0,10,0,1.0,1.0,1.0,1.0,1.0,1.0,1.0
chb06,8,1,8,1,4,5,chb06_10.edf;chb06_18.edf,57,12,44,2,0,10,0,1.0,2,0,10,0,1.0,1.0,1.0,1.0,1.0,1.0,1.0
chb06,8,1,8,2,4,5,chb06_10.edf;chb06_18.edf,57,12,56,2,0,10,0,1.0,2,0,10,0,1.0,1.0,1.0,1.0,1.0,1.0,1.0
chb06,8,1,8,3,4,5,chb06_10.edf;chb06_18.edf,57,12,39,2,0,10,0,1.0,2,0,10,0,1.0,1.0,1.0,1.0,1.0,1.0,1.0
chb06,8,2,4,0,4,5,chb06_10.edf;chb06_18.edf,57,12,54,2,0,10,0,1.0,2,0,10,0,1.0,1.0,1.0,1.0,1.0,1.0,1.0
chb06,8,2,4,1,4,5,chb06_10.edf;chb06_18.edf,57,12,33,2,0,10,0,1.0,1,0,10,1,0.6666666666666666,1.0,1.0,1.0,1.0,1.0,1.0
chb06,8,2,4,2,4,5,chb06_10.edf;chb06_18.edf,57,12,30,2,0,10,0,1.0,1,0,10,1,0.6666666666666666,1.0,1.0,1.0,1.0,1.0,1.0
chb06,8,2,4,3,4,5,chb06_10.edf;chb06_18.edf,57,12,24,2,0,10,0,1.0,1,0,10,1,0.6666666666666666,1.0,1.0,1.0,1.0,1.0,1.0
chb07,8,1,8,0,0,3,chb07_12.edf,139,60,83,10,2,48,0,1.0,10,2,48,0,0.9090909090909091,1.0,1.0,0.96,0.8333333333333334,0.9090909090909091,0.9666666666666667
chb07,8,1,8,1,0,3,chb07_12.edf,139,60,23,10,1,49,0,1.0,10,1,49,0,0.9523809523809523,1.0,1.0,0.98,0.9090909090909091,0.9523809523809523,0.9833333333333333
chb07,8,1,8,2,0,3,chb07_12.edf,139,60,20,10,1,49,0,1.0,10,1,49,0,0.9523809523809523,1.0,1.0,0.98,0.9090909090909091,0.9523809523809523,0.9833333333333333
chb07,8,1,8,3,0,3,chb07_12.edf,139,60,31,10,1,49,0,1.0,10,1,49,0,0.9523809523809523,1.0,1.0,0.98,0.9090909090909091,0.9523809523809523,0.9833333333333333
chb07,8,2,4,0,0,3,chb07_12.edf,139,60,61,10,3,47,0,1.0,10,3,47,0,0.8695652173913043,1.0,1.0,0.94,0.7692307692307693,0.8695652173913043,0.95
chb07,8,2,4,1,0,3,chb07_12.edf,139,60,22,10,2,48,0,1.0,10,2,48,0,0.9090909090909091,1.0,1.0,0.96,0.8333333333333334,0.9090909090909091,0.9666666666666667
chb07,8,2,4,2,0,3,chb07_12.edf,139,60,25,10,2,48,0,1.0,10,2,48,0,0.9090909090909091,1.0,1.0,0.96,0.8333333333333334,0.9090909090909091,0.9666666666666667
chb07,8,2,4,3,0,3,chb07_12.edf,139,60,27,10,2,48,0,1.0,10,2,48,0,0.9090909090909091,1.0,1.0,0.96,0.8333333333333334,0.9090909090909091,0.9666666666666667
chb07,8,1,8,0,1,3,chb07_13.edf,129,72,19,1,0,60,11,0.8888888888888888,1,0,60,11,0.15384615384615385,0.8888888888888888,0.08333333333333333,1.0,1.0,0.15384615384615385,0.8472222222222222
chb07,8,1,8,1,1,3,chb07_13.edf,129,72,70,10,6,54,2,0.8999999999999999,10,7,53,2,0.6896551724137931,0.9111111111111111,0.8333333333333334,0.9,0.625,0.7142857142857143,0.8888888888888888
chb07,8,1,8,2,1,3,chb07_13.edf,129,72,86,10,6,54,2,0.9138888888888889,10,7,53,2,0.6896551724137931,0.9097222222222221,0.8333333333333334,0.9,0.625,0.7142857142857143,0.8888888888888888
chb07,8,1,8,3,1,3,chb07_13.edf,129,72,50,8,5,55,4,0.8958333333333334,9,6,54,3,0.6666666666666666,0.9,0.6666666666666666,0.9166666666666666,0.6153846153846154,0.64,0.875
chb07,8,2,4,0,1,3,chb07_13.edf,129,72,64,11,1,59,1,0.9722222222222223,11,1,59,1,0.9166666666666666,0.9722222222222223,0.9166666666666666,0.9833333333333333,0.9166666666666666,0.9166666666666666,0.9722222222222222
chb07,8,2,4,1,1,3,chb07_13.edf,129,72,47,11,1,59,1,0.975,11,2,58,1,0.88,0.9777777777777777,0.9166666666666666,0.9833333333333333,0.9166666666666666,0.9166666666666666,0.9722222222222222
chb07,8,2,4,2,1,3,chb07_13.edf,129,72,24,11,2,58,1,0.9736111111111111,11,2,58,1,0.88,0.9736111111111111,0.9166666666666666,0.9666666666666667,0.8461538461538461,0.88,0.9583333333333334
chb07,8,2,4,3,1,3,chb07_13.edf,129,72,71,11,2,58,1,0.9750000000000001,11,3,57,1,0.8461538461538461,0.9777777777777779,0.9166666666666666,0.9666666666666667,0.8461538461538461,0.88,0.9583333333333334
chb07,8,1,8,0,2,3,chb07_19.edf,105,102,76,12,0,85,5,0.9847750865051903,12,0,85,5,0.8275862068965517,0.9847750865051903,0.7058823529411765,1.0,1.0,0.8275862068965517,0.9509803921568627
chb07,8,1,8,1,2,3,chb07_19.edf,105,102,23,7,0,85,10,0.9820069204152249,7,0,85,10,0.5833333333333334,0.9778546712802768,0.4117647058823529,1.0,1.0,0.5833333333333334,0.9019607843137255
chb07,8,1,8,2,2,3,chb07_19.edf,105,102,20,8,0,85,9,0.988235294117647,8,0,85,9,0.64,0.9868512110726644,0.47058823529411764,1.0,1.0,0.64,0.9117647058823529
chb07,8,1,8,3,2,3,chb07_19.edf,105,102,14,9,0,85,8,0.984083044982699,10,0,85,7,0.7407407407407407,0.9840830449826989,0.5294117647058824,1.0,1.0,0.6923076923076923,0.9215686274509803
chb07,8,2,4,0,2,3,chb07_19.edf,105,102,44,6,1,84,11,0.9370242214532871,6,1,84,11,0.5,0.9370242214532871,0.35294117647058826,0.9882352941176471,0.8571428571428571,0.5,0.8823529411764706
chb07,8,2,4,1,2,3,chb07_19.edf,105,102,18,5,1,84,12,0.9072664359861591,5,1,84,12,0.43478260869565216,0.903114186851211,0.29411764705882354,0.9882352941176471,0.8333333333333334,0.43478260869565216,0.8725490196078431
chb07,8,2,4,2,2,3,chb07_19.edf,105,102,14,6,1,84,11,0.9162629757785467,6,1,84,11,0.5,0.9252595155709342,0.35294117647058826,0.9882352941176471,0.8571428571428571,0.5,0.8823529411764706
chb07,8,2,4,3,2,3,chb07_19.edf,105,102,9,5,1,84,12,0.9155709342560554,5,1,84,12,0.43478260869565216,0.9238754325259516,0.29411764705882354,0.9882352941176471,0.8333333333333334,0.43478260869565216,0.8725490196078431
chb08,8,1,8,0,0,5,chb08_02.edf,441,126,68,21,5,100,0,0.9954648526077098,21,5,100,0,0.8936170212765957,0.9954648526077098,1.0,0.9523809523809523,0.8076923076923077,0.8936170212765957,0.9603174603174603
chb08,8,1,8,1,0,5,chb08_02.edf,441,126,14,21,4,101,0,0.9950113378684807,21,4,101,0,0.9130434782608695,0.9954648526077098,1.0,0.9619047619047619,0.84,0.9130434782608695,0.9682539682539683
chb08,8,1,8,2,0,5,chb08_02.edf,441,126,25,19,4,101,2,0.9936507936507937,21,4,101,0,0.9130434782608695,0.9959183673469387,0.9047619047619048,0.9619047619047619,0.8260869565217391,0.8636363636363636,0.9523809523809523
chb08,8,1,8,3,0,5,chb08_02.edf,441,126,25,19,4,101,2,0.9931972789115646,21,4,101,0,0.9130434782608695,0.9959183673469387,0.9047619047619048,0.9619047619047619,0.8260869565217391,0.8636363636363636,0.9523809523809523
chb08,8,2,4,0,0,5,chb08_02.edf,441,126,90,21,7,98,0,0.9863945578231292,21,7,98,0,0.8571428571428571,0.9863945578231292,1.0,0.9333333333333333,0.75,0.8571428571428571,0.9444444444444444
chb08,8,2,4,1,0,5,chb08_02.edf,441,126,14,20,7,98,1,0.9850340136054422,20,6,99,1,0.851063829787234,0.9863945578231293,0.9523809523809523,0.9333333333333333,0.7407407407407407,0.8333333333333334,0.9365079365079365
chb08,8,2,4,2,0,5,chb08_02.edf,441,126,48,19,5,100,2,0.9854875283446711,19,4,101,2,0.8636363636363636,0.9863945578231292,0.9047619047619048,0.9523809523809523,0.7916666666666666,0.8444444444444444,0.9444444444444444
chb08,8,2,4,3,0,5,chb08_02.edf,441,126,53,19,4,101,2,0.9854875283446712,19,4,101,2,0.8636363636363636,0.9859410430839002,0.9047619047619048,0.9619047619047619,0.8260869565217391,0.8636363636363636,0.9523809523809523
chb08,8,1,8,0,1,5,chb08_05.edf,432,138,16,19,24,91,4,0.9224952741020793,19,24,91,4,0.5757575757575758,0.9224952741020793,0.8260869565217391,0.7913043478260869,0.4418604651162791,0.5757575757575758,0.7971014492753623
chb08,8,1,8,1,1,5,chb08_05.edf,432,138,4,19,23,92,4,0.920226843100189,19,23,92,4,0.5846153846153846,0.9190926275992438,0.8260869565217391,0.8,0.4523809523809524,0.5846153846153846,0.8043478260869565
chb08,8,1,8,2,1,5,chb08_05.edf,432,138,3,19,23,92,4,0.9172022684310019,19,25,90,4,0.5671641791044776,0.914555765595463,0.8260869565217391,0.8,0.4523809523809524,0.5846153846153846,0.8043478260869565
chb08,8,1,8,3,1,5,chb08_05.edf,432,138,2,19,23,92,4,0.9172022684310018,19,25,90,4,0.5671641791044776,0.9156899810964083,0.8260869565217391,0.8,0.4523809523809524,0.5846153846153846,0.8043478260869565
chb08,8,2,4,0,1,5,chb08_05.edf,432,138,37,18,18,97,5,0.9372400756143666,18,18,97,5,0.6101694915254238,0.9372400756143666,0.782608695652174,0.8434782608695652,0.5,0.6101694915254238,0.8333333333333334
chb08,8,2,4,1,1,5,chb08_05.edf,432,138,5,18,18,97,5,0.9308128544423442,18,16,99,5,0.631578947368421,0.9349716446124763,0.782608695652174,0.8434782608695652,0.5,0.6101694915254238,0.8333333333333334
chb08,8,2,4,2,1,5,chb08_05.edf,432,138,4,17,14,101,6,0.9293005671077503,18,14,101,5,0.6545454545454545,0.9327032136105861,0.7391304347826086,0.8782608695652174,0.5483870967741935,0.6296296296296297,0.855072463768116
chb08,8,2,4,3,1,5,chb08_05.edf,432,138,4,17,14,101,6,0.9296786389413989,17,12,103,6,0.6538461538461539,0.9311909262759924,0.7391304347826086,0.8782608695652174,0.5483870967741935,0.6296296296296297,0.855072463768116
chb08,8,1,8,0,2,5,chb08_11.edf,465,96,80,15,1,79,1,0.9953125,15,1,79,1,0.9375,0.9953125,0.9375,0.9875,0.9375,0.9375,0.9791666666666666
chb08,8,1,8,1,2,5,chb08_11.edf,465,96,13,15,1,79,1,0.99453125,15,1,79,1,0.9375,0.99453125,0.9375,0.9875,0.9375,0.9375,0.9791666666666666
chb08,8,1,8,2,2,5,chb08_11.edf,465,96,41,15,1,79,1,0.99453125,15,1,79,1,0.9375,0.9953125,0.9375,0.9875,0.9375,0.9375,0.9791666666666666
chb08,8,1,8,3,2,5,chb08_11.edf,465,96,39,15,1,79,1,0.99453125,15,2,78,1,0.9090909090909091,0.99453125,0.9375,0.9875,0.9375,0.9375,0.9791666666666666
chb08,8,2,4,0,2,5,chb08_11.edf,465,96,63,15,1,79,1,0.9953125,15,1,79,1,0.9375,0.9953125,0.9375,0.9875,0.9375,0.9375,0.9791666666666666
chb08,8,2,4,1,2,5,chb08_11.edf,465,96,5,15,1,79,1,0.99453125,15,1,79,1,0.9375,0.9953125,0.9375,0.9875,0.9375,0.9375,0.9791666666666666
chb08,8,2,4,2,2,5,chb08_11.edf,465,96,63,15,1,79,1,0.9945312500000001,15,1,79,1,0.9375,0.996875,0.9375,0.9875,0.9375,0.9375,0.9791666666666666
chb08,8,2,4,3,2,5,chb08_11.edf,465,96,52,15,1,79,1,0.99375,15,1,79,1,0.9375,0.99765625,0.9375,0.9875,0.9375,0.9375,0.9791666666666666
chb08,8,1,8,0,3,5,chb08_13.edf,446,120,78,20,1,99,0,1.0,20,1,99,0,0.975609756097561,1.0,1.0,0.99,0.9523809523809523,0.975609756097561,0.9916666666666667
chb08,8,1,8,1,3,5,chb08_13.edf,446,120,6,20,2,98,0,0.9994999999999999,20,2,98,0,0.9523809523809523,1.0,1.0,0.98,0.9090909090909091,0.9523809523809523,0.9833333333333333
chb08,8,1,8,2,3,5,chb08_13.edf,446,120,19,20,2,98,0,1.0,20,1,99,0,0.975609756097561,1.0,1.0,0.98,0.9090909090909091,0.9523809523809523,0.9833333333333333
chb08,8,1,8,3,3,5,chb08_13.edf,446,120,36,20,3,97,0,1.0,20,1,99,0,0.975609756097561,1.0,1.0,0.97,0.8695652173913043,0.9302325581395349,0.975
chb08,8,2,4,0,3,5,chb08_13.edf,446,120,72,20,3,97,0,0.997,20,3,97,0,0.9302325581395349,0.997,1.0,0.97,0.8695652173913043,0.9302325581395349,0.975
chb08,8,2,4,1,3,5,chb08_13.edf,446,120,7,20,3,97,0,0.9974999999999999,20,3,97,0,0.9302325581395349,0.9974999999999999,1.0,0.97,0.8695652173913043,0.9302325581395349,0.975
chb08,8,2,4,2,3,5,chb08_13.edf,446,120,5,20,2,98,0,0.9974999999999999,19,2,98,1,0.926829268292683,0.998,1.0,0.98,0.9090909090909091,0.9523809523809523,0.9833333333333333
chb08,8,2,4,3,3,5,chb08_13.edf,446,120,14,20,3,97,0,0.9974999999999999,20,3,97,0,0.9302325581395349,0.9974999999999999,1.0,0.97,0.8695652173913043,0.9302325581395349,0.975
chb08,8,1,8,0,4,5,chb08_21.edf,384,198,10,28,5,160,5,0.9808999081726355,28,5,160,5,0.8484848484848485,0.9808999081726355,0.8484848484848485,0.9696969696969697,0.8484848484848485,0.8484848484848485,0.9494949494949495
chb08,8,1,8,1,4,5,chb08_21.edf,384,198,3,26,3,162,7,0.9785123966942149,26,3,162,7,0.8387096774193549,0.9805325987144169,0.7878787878787878,0.9818181818181818,0.896551724137931,0.8387096774193549,0.9494949494949495
chb08,8,1,8,2,4,5,chb08_21.edf,384,198,2,28,3,162,5,0.9807162534435262,28,3,162,5,0.875,0.9816345270890725,0.8484848484848485,0.9818181818181818,0.9032258064516129,0.875,0.9595959595959596
chb08,8,1,8,3,4,5,chb08_21.edf,384,198,8,30,10,155,3,0.9803489439853077,30,10,155,3,0.821917808219178,0.9808999081726354,0.9090909090909091,0.9393939393939394,0.75,0.821917808219178,0.9343434343434344
chb08,8,2,4,0,4,5,chb08_21.edf,384,198,12,30,8,157,3,0.9808999081726355,30,8,157,3,0.8450704225352113,0.9808999081726355,0.9090909090909091,0.9515151515151515,0.7894736842105263,0.8450704225352113,0.9444444444444444
chb08,8,2,4,1,4,5,chb08_21.edf,384,198,5,29,5,160,4,0.9796143250688706,29,4,161,4,0.8787878787878788,0.9797979797979798,0.8787878787878788,0.9696969696969697,0.8529411764705882,0.8656716417910447,0.9545454545454546
chb08,8,2,4,2,4,5,chb08_21.edf,384,198,3,27,4,161,6,0.9799816345270891,27,4,161,6,0.84375,0.9807162534435262,0.8181818181818182,0.9757575757575757,0.8709677419354839,0.84375,0.9494949494949495
chb08,8,2,4,3,4,5,chb08_21.edf,384,198,9,29,8,157,4,0.9805325987144169,29,6,159,4,0.8529411764705882,0.9803489439853076,0.8787878787878788,0.9515151515151515,0.7837837837837838,0.8285714285714286,0.9393939393939394
chb09,8,1,8,0,0,3,chb09_06.edf,115,48,59,7,1,39,1,0.9874999999999999,7,1,39,1,0.875,0.9874999999999999,0.875,0.975,0.875,0.875,0.9583333333333334
chb09,8,1,8,1,0,3,chb09_06.edf,115,48,18,7,1,39,1,0.990625,7,1,39,1,0.875,0.990625,0.875,0.975,0.875,0.875,0.9583333333333334
chb09,8,1,8,2,0,3,chb09_06.edf,115,48,12,7,1,39,1,0.984375,7,1,39,1,0.875,0.9874999999999999,0.875,0.975,0.875,0.875,0.9583333333333334
chb09,8,1,8,3,0,3,chb09_06.edf,115,48,11,7,1,39,1,0.990625,7,1,39,1,0.875,0.990625,0.875,0.975,0.875,0.875,0.9583333333333334
chb09,8,2,4,0,0,3,chb09_06.edf,115,48,49,7,1,39,1,0.9656250000000001,7,1,39,1,0.875,0.9656250000000001,0.875,0.975,0.875,0.875,0.9583333333333334
chb09,8,2,4,1,0,3,chb09_06.edf,115,48,18,7,1,39,1,0.971875,7,1,39,1,0.875,0.9625,0.875,0.975,0.875,0.875,0.9583333333333334
chb09,8,2,4,2,0,3,chb09_06.edf,115,48,13,7,1,39,1,0.96875,7,1,39,1,0.875,0.9625,0.875,0.975,0.875,0.875,0.9583333333333334
chb09,8,2,4,3,0,3,chb09_06.edf,115,48,13,7,1,39,1,0.9718749999999999,7,1,39,1,0.875,0.9625,0.875,0.975,0.875,0.875,0.9583333333333334
chb09,8,1,8,0,1,3,chb09_08.edf,72,102,67,17,1,84,0,1.0,17,1,84,0,0.9714285714285714,1.0,1.0,0.9882352941176471,0.9444444444444444,0.9714285714285714,0.9901960784313726
chb09,8,1,8,1,1,3,chb09_08.edf,72,102,19,17,0,85,0,1.0,17,0,85,0,1.0,1.0,1.0,1.0,1.0,1.0,1.0
chb09,8,1,8,2,1,3,chb09_08.edf,72,102,15,17,0,85,0,1.0,17,0,85,0,1.0,1.0,1.0,1.0,1.0,1.0,1.0
chb09,8,1,8,3,1,3,chb09_08.edf,72,102,17,17,2,83,0,1.0,17,2,83,0,0.9444444444444444,1.0,1.0,0.9764705882352941,0.8947368421052632,0.9444444444444444,0.9803921568627451
chb09,8,2,4,0,1,3,chb09_08.edf,72,102,74,17,0,85,0,1.0,17,0,85,0,1.0,1.0,1.0,1.0,1.0,1.0,1.0
chb09,8,2,4,1,1,3,chb09_08.edf,72,102,26,17,2,83,0,1.0,17,3,82,0,0.918918918918919,1.0,1.0,0.9764705882352941,0.8947368421052632,0.9444444444444444,0.9803921568627451
chb09,8,2,4,2,1,3,chb09_08.edf,72,102,23,17,5,80,0,1.0,17,5,80,0,0.8717948717948718,1.0,1.0,0.9411764705882353,0.7727272727272727,0.8717948717948718,0.9509803921568627
chb09,8,2,4,3,1,3,chb09_08.edf,72,102,20,17,1,84,0,1.0,17,2,83,0,0.9444444444444444,1.0,1.0,0.9882352941176471,0.9444444444444444,0.9714285714285714,0.9901960784313726
chb09,8,1,8,0,2,3,chb09_19.edf,120,42,47,7,0,35,0,1.0,7,0,35,0,1.0,1.0,1.0,1.0,1.0,1.0,1.0
chb09,8,1,8,1,2,3,chb09_19.edf,120,42,17,7,0,35,0,1.0,7,0,35,0,1.0,1.0,1.0,1.0,1.0,1.0,1.0
chb09,8,1,8,2,2,3,chb09_19.edf,120,42,12,7,0,35,0,1.0,7,0,35,0,1.0,1.0,1.0,1.0,1.0,1.0,1.0
chb09,8,1,8,3,2,3,chb09_19.edf,120,42,11,7,0,35,0,1.0,7,0,35,0,1.0,1.0,1.0,1.0,1.0,1.0,1.0
chb09,8,2,4,0,2,3,chb09_19.edf,120,42,47,7,1,34,0,1.0,7,1,34,0,0.9333333333333333,1.0,1.0,0.9714285714285714,0.875,0.9333333333333333,0.9761904761904762
chb09,8,2,4,1,2,3,chb09_19.edf,120,42,17,6,0,35,1,1.0,7,1,34,0,0.9333333333333333,1.0,0.8571428571428571,1.0,1.0,0.9230769230769231,0.9761904761904762
chb09,8,2,4,2,2,3,chb09_19.edf,120,42,14,7,0,35,0,1.0,7,1,34,0,0.9333333333333333,1.0,1.0,1.0,1.0,1.0,1.0
chb09,8,2,4,3,2,3,chb09_19.edf,120,42,12,6,0,35,1,1.0,7,0,35,0,1.0,1.0,0.8571428571428571,1.0,1.0,0.9230769230769231,0.9761904761904762
chb10,8,1,8,0,0,5,chb10_38.edf,201,66,76,10,0,55,1,1.0,10,0,55,1,0.9523809523809523,1.0,0.9090909090909091,1.0,1.0,0.9523809523809523,0.9848484848484849
chb10,8,1,8,1,0,5,chb10_38.edf,201,66,21,10,0,55,1,1.0,10,0,55,1,0.9523809523809523,1.0,0.9090909090909091,1.0,1.0,0.9523809523809523,0.9848484848484849
chb10,8,1,8,2,0,5,chb10_38.edf,201,66,17,10,0,55,1,1.0,10,0,55,1,0.9523809523809523,1.0,0.9090909090909091,1.0,1.0,0.9523809523809523,0.9848484848484849
chb10,8,1,8,3,0,5,chb10_38.edf,201,66,14,11,0,55,0,1.0,11,0,55,0,1.0,1.0,1.0,1.0,1.0,1.0,1.0
chb10,8,2,4,0,0,5,chb10_38.edf,201,66,77,10,0,55,1,1.0,10,0,55,1,0.9523809523809523,1.0,0.9090909090909091,1.0,1.0,0.9523809523809523,0.9848484848484849
chb10,8,2,4,1,0,5,chb10_38.edf,201,66,39,10,0,55,1,1.0,10,0,55,1,0.9523809523809523,1.0,0.9090909090909091,1.0,1.0,0.9523809523809523,0.9848484848484849
chb10,8,2,4,2,0,5,chb10_38.edf,201,66,18,10,0,55,1,1.0,10,0,55,1,0.9523809523809523,1.0,0.9090909090909091,1.0,1.0,0.9523809523809523,0.9848484848484849
chb10,8,2,4,3,0,5,chb10_38.edf,201,66,32,10,0,55,1,1.0,10,0,55,1,0.9523809523809523,1.0,0.9090909090909091,1.0,1.0,0.9523809523809523,0.9848484848484849
chb10,8,1,8,0,1,5,chb10_89.edf,225,36,47,6,0,30,0,1.0,6,0,30,0,1.0,1.0,1.0,1.0,1.0,1.0,1.0
chb10,8,1,8,1,1,5,chb10_89.edf,225,36,10,6,0,30,0,1.0,6,0,30,0,1.0,1.0,1.0,1.0,1.0,1.0,1.0
chb10,8,1,8,2,1,5,chb10_89.edf,225,36,21,6,0,30,0,1.0,6,0,30,0,1.0,1.0,1.0,1.0,1.0,1.0,1.0
chb10,8,1,8,3,1,5,chb10_89.edf,225,36,13,6,0,30,0,1.0,6,0,30,0,1.0,1.0,1.0,1.0,1.0,1.0,1.0
chb10,8,2,4,0,1,5,chb10_89.edf,225,36,34,6,0,30,0,1.0,6,0,30,0,1.0,1.0,1.0,1.0,1.0,1.0,1.0
chb10,8,2,4,1,1,5,chb10_89.edf,225,36,26,6,0,30,0,1.0,6,0,30,0,1.0,1.0,1.0,1.0,1.0,1.0,1.0
chb10,8,2,4,2,1,5,chb10_89.edf,225,36,18,6,0,30,0,1.0,6,0,30,0,1.0,1.0,1.0,1.0,1.0,1.0,1.0
chb10,8,2,4,3,1,5,chb10_89.edf,225,36,14,6,0,30,0,1.0,6,0,30,0,1.0,1.0,1.0,1.0,1.0,1.0,1.0
chb10,8,1,8,0,2,5,chb10_20.edf;chb10_31.edf,172,102,66,17,2,83,0,1.0,17,2,83,0,0.9444444444444444,1.0,1.0,0.9764705882352941,0.8947368421052632,0.9444444444444444,0.9803921568627451
chb10,8,1,8,1,2,5,chb10_20.edf;chb10_31.edf,172,102,33,17,3,82,0,1.0,17,1,84,0,0.9714285714285714,1.0,1.0,0.9647058823529412,0.85,0.918918918918919,0.9705882352941176
chb10,8,1,8,2,2,5,chb10_20.edf;chb10_31.edf,172,102,16,17,3,82,0,1.0,17,1,84,0,0.9714285714285714,1.0,1.0,0.9647058823529412,0.85,0.918918918918919,0.9705882352941176
chb10,8,1,8,3,2,5,chb10_20.edf;chb10_31.edf,172,102,19,17,3,82,0,0.9993079584775086,17,1,84,0,0.9714285714285714,1.0,1.0,0.9647058823529412,0.85,0.918918918918919,0.9705882352941176
chb10,8,2,4,0,2,5,chb10_20.edf;chb10_31.edf,172,102,64,17,6,79,0,1.0,17,6,79,0,0.85,1.0,1.0,0.9294117647058824,0.7391304347826086,0.85,0.9411764705882353
chb10,8,2,4,1,2,5,chb10_20.edf;chb10_31.edf,172,102,43,17,3,82,0,0.9993079584775086,17,3,82,0,0.918918918918919,1.0,1.0,0.9647058823529412,0.85,0.918918918918919,0.9705882352941176
chb10,8,2,4,2,2,5,chb10_20.edf;chb10_31.edf,172,102,17,17,5,80,0,0.9993079584775086,17,5,80,0,0.8717948717948718,1.0,1.0,0.9411764705882353,0.7727272727272727,0.8717948717948718,0.9509803921568627
chb10,8,2,4,3,2,5,chb10_20.edf;chb10_31.edf,172,102,29,17,4,81,0,0.9979238754325259,17,4,81,0,0.8947368421052632,1.0,1.0,0.9529411764705882,0.8095238095238095,0.8947368421052632,0.9607843137254902
chb10,8,1,8,0,3,5,chb10_27.edf,216,48,73,8,0,40,0,1.0,8,0,40,0,1.0,1.0,1.0,1.0,1.0,1.0,1.0
chb10,8,1,8,1,3,5,chb10_27.edf,216,48,39,8,0,40,0,1.0,8,0,40,0,1.0,1.0,1.0,1.0,1.0,1.0,1.0
chb10,8,1,8,2,3,5,chb10_27.edf,216,48,29,8,0,40,0,1.0,8,0,40,0,1.0,1.0,1.0,1.0,1.0,1.0,1.0
chb10,8,1,8,3,3,5,chb10_27.edf,216,48,15,8,0,40,0,1.0,8,0,40,0,1.0,1.0,1.0,1.0,1.0,1.0,1.0
chb10,8,2,4,0,3,5,chb10_27.edf,216,48,65,8,0,40,0,1.0,8,0,40,0,1.0,1.0,1.0,1.0,1.0,1.0,1.0
chb10,8,2,4,1,3,5,chb10_27.edf,216,48,63,8,0,40,0,1.0,8,0,40,0,1.0,1.0,1.0,1.0,1.0,1.0,1.0
chb10,8,2,4,2,3,5,chb10_27.edf,216,48,19,8,0,40,0,1.0,8,0,40,0,1.0,1.0,1.0,1.0,1.0,1.0,1.0
chb10,8,2,4,3,3,5,chb10_27.edf,216,48,15,8,0,40,0,1.0,8,0,40,0,1.0,1.0,1.0,1.0,1.0,1.0,1.0
chb10,8,1,8,0,4,5,chb10_12.edf;chb10_30.edf,201,66,39,10,0,55,1,1.0,10,0,55,1,0.9523809523809523,1.0,0.9090909090909091,1.0,1.0,0.9523809523809523,0.9848484848484849
chb10,8,1,8,1,4,5,chb10_12.edf;chb10_30.edf,201,66,27,10,0,55,1,1.0,10,0,55,1,0.9523809523809523,1.0,0.9090909090909091,1.0,1.0,0.9523809523809523,0.9848484848484849
chb10,8,1,8,2,4,5,chb10_12.edf;chb10_30.edf,201,66,21,11,0,55,0,1.0,10,0,55,1,0.9523809523809523,1.0,1.0,1.0,1.0,1.0,1.0
chb10,8,1,8,3,4,5,chb10_12.edf;chb10_30.edf,201,66,15,11,0,55,0,1.0,10,0,55,1,0.9523809523809523,1.0,1.0,1.0,1.0,1.0,1.0
chb10,8,2,4,0,4,5,chb10_12.edf;chb10_30.edf,201,66,51,11,0,55,0,1.0,11,0,55,0,1.0,1.0,1.0,1.0,1.0,1.0,1.0
chb10,8,2,4,1,4,5,chb10_12.edf;chb10_30.edf,201,66,32,10,0,55,1,1.0,10,0,55,1,0.9523809523809523,1.0,0.9090909090909091,1.0,1.0,0.9523809523809523,0.9848484848484849
chb10,8,2,4,2,4,5,chb10_12.edf;chb10_30.edf,201,66,22,10,0,55,1,1.0,10,0,55,1,0.9523809523809523,1.0,0.9090909090909091,1.0,1.0,0.9523809523809523,0.9848484848484849
chb10,8,2,4,3,4,5,chb10_12.edf;chb10_30.edf,201,66,16,10,0,55,1,1.0,10,0,55,1,0.9523809523809523,1.0,0.9090909090909091,1.0,1.0,0.9523809523809523,0.9848484848484849
chb11,8,1,8,0,0,3,chb11_82.edf,304,12,33,2,0,10,0,1.0,2,0,10,0,1.0,1.0,1.0,1.0,1.0,1.0,1.0
chb11,8,1,8,1,0,3,chb11_82.edf,304,12,10,2,0,10,0,1.0,2,0,10,0,1.0,1.0,1.0,1.0,1.0,1.0,1.0
chb11,8,1,8,2,0,3,chb11_82.edf,304,12,18,2,0,10,0,1.0,2,0,10,0,1.0,1.0,1.0,1.0,1.0,1.0,1.0
chb11,8,1,8,3,0,3,chb11_82.edf,304,12,14,2,0,10,0,1.0,2,0,10,0,1.0,1.0,1.0,1.0,1.0,1.0,1.0
chb11,8,2,4,0,0,3,chb11_82.edf,304,12,33,2,0,10,0,1.0,2,0,10,0,1.0,1.0,1.0,1.0,1.0,1.0,1.0
chb11,8,2,4,1,0,3,chb11_82.edf,304,12,45,2,0,10,0,1.0,2,0,10,0,1.0,1.0,1.0,1.0,1.0,1.0,1.0
chb11,8,2,4,2,0,3,chb11_82.edf,304,12,30,2,0,10,0,1.0,2,0,10,0,1.0,1.0,1.0,1.0,1.0,1.0,1.0
chb11,8,2,4,3,0,3,chb11_82.edf,304,12,22,2,0,10,0,1.0,2,0,10,0,1.0,1.0,1.0,1.0,1.0,1.0,1.0
chb11,8,1,8,0,1,3,chb11_92.edf,294,24,40,4,0,20,0,1.0,4,0,20,0,1.0,1.0,1.0,1.0,1.0,1.0,1.0
chb11,8,1,8,1,1,3,chb11_92.edf,294,24,25,4,0,20,0,1.0,4,0,20,0,1.0,1.0,1.0,1.0,1.0,1.0,1.0
chb11,8,1,8,2,1,3,chb11_92.edf,294,24,26,4,0,20,0,1.0,4,0,20,0,1.0,1.0,1.0,1.0,1.0,1.0,1.0
chb11,8,1,8,3,1,3,chb11_92.edf,294,24,12,4,0,20,0,1.0,4,0,20,0,1.0,1.0,1.0,1.0,1.0,1.0,1.0
chb11,8,2,4,0,1,3,chb11_92.edf,294,24,40,4,0,20,0,1.0,4,0,20,0,1.0,1.0,1.0,1.0,1.0,1.0,1.0
chb11,8,2,4,1,1,3,chb11_92.edf,294,24,20,4,0,20,0,1.0,4,0,20,0,1.0,1.0,1.0,1.0,1.0,1.0,1.0
chb11,8,2,4,2,1,3,chb11_92.edf,294,24,44,4,0,20,0,1.0,4,0,20,0,1.0,1.0,1.0,1.0,1.0,1.0,1.0
chb11,8,2,4,3,1,3,chb11_92.edf,294,24,9,4,0,20,0,1.0,4,0,20,0,1.0,1.0,1.0,1.0,1.0,1.0,1.0
chb11,8,1,8,0,2,3,chb11_99.edf,28,356,78,82,42,220,12,0.9474175734935846,82,42,220,12,0.7522935779816514,0.9474175734935846,0.8723404255319149,0.8396946564885496,0.6612903225806451,0.7522935779816514,0.848314606741573
chb11,8,1,8,1,2,3,chb11_99.edf,28,356,99,83,49,213,11,0.9449813220724379,83,45,217,11,0.7477477477477478,0.9429917167451681,0.8829787234042553,0.8129770992366412,0.6287878787878788,0.7345132743362832,0.8314606741573034
chb11,8,1,8,2,2,3,chb11_99.edf,28,356,69,83,43,219,11,0.9453061555952574,81,41,221,13,0.75,0.9438850089329219,0.8829787234042553,0.8358778625954199,0.6587301587301587,0.7545454545454545,0.848314606741573
chb11,8,1,8,3,2,3,chb11_99.edf,28,356,50,85,60,202,9,0.9442504466460939,85,60,202,9,0.7112970711297071,0.9445752801689135,0.9042553191489362,0.7709923664122137,0.5862068965517241,0.7112970711297071,0.8061797752808989
chb11,8,2,4,0,2,3,chb11_99.edf,28,356,99,81,47,215,13,0.9270342699366575,81,47,215,13,0.7297297297297297,0.9270342699366575,0.8617021276595744,0.8206106870229007,0.6328125,0.7297297297297297,0.8314606741573034
chb11,8,2,4,1,2,3,chb11_99.edf,28,356,99,82,49,213,12,0.9275621244112392,82,48,214,12,0.7321428571428571,0.9274403118401819,0.8723404255319149,0.8129770992366412,0.6259541984732825,0.7288888888888889,0.8286516853932584
chb11,8,2,4,2,2,3,chb11_99.edf,28,356,72,79,43,219,15,0.9278463537437064,78,42,220,16,0.7289719626168224,0.9265876238427806,0.8404255319148937,0.8358778625954199,0.6475409836065574,0.7314814814814815,0.8370786516853933
chb11,8,2,4,3,2,3,chb11_99.edf,28,356,62,82,54,208,12,0.92707487412701,82,55,207,12,0.70995670995671,0.9273184992691246,0.8723404255319149,0.7938931297709924,0.6029411764705882,0.7130434782608696,0.8146067415730337
chb12,8,1,8,0,0,5,chb12_08.edf,499,48,53,6,0,40,2,0.9906250000000001,6,0,40,2,0.8571428571428571,0.9906250000000001,0.75,1.0,1.0,0.8571428571428571,0.9583333333333334
chb12,8,1,8,1,0,5,chb12_08.edf,499,48,5,6,0,40,2,0.984375,6,0,40,2,0.8571428571428571,0.9875,0.75,1.0,1.0,0.8571428571428571,0.9583333333333334
chb12,8,1,8,2,0,5,chb12_08.edf,499,48,4,6,0,40,2,0.984375,6,0,40,2,0.8571428571428571,0.9875,0.75,1.0,1.0,0.8571428571428571,0.9583333333333334
chb12,8,1,8,3,0,5,chb12_08.edf,499,48,3,6,0,40,2,0.984375,6,0,40,2,0.8571428571428571,0.9875,0.75,1.0,1.0,0.8571428571428571,0.9583333333333334
chb12,8,2,4,0,0,5,chb12_08.edf,499,48,49,6,0,40,2,0.99375,6,0,40,2,0.8571428571428571,0.99375,0.75,1.0,1.0,0.8571428571428571,0.9583333333333334
chb12,8,2,4,1,0,5,chb12_08.edf,499,48,5,6,0,40,2,0.984375,6,0,40,2,0.8571428571428571,0.984375,0.75,1.0,1.0,0.8571428571428571,0.9583333333333334
chb12,8,2,4,2,0,5,chb12_08.edf,499,48,4,6,0,40,2,0.9812500000000001,6,0,40,2,0.8571428571428571,0.984375,0.75,1.0,1.0,0.8571428571428571,0.9583333333333334
chb12,8,2,4,3,0,5,chb12_08.edf,499,48,4,6,0,40,2,0.984375,6,0,40,2,0.8571428571428571,0.984375,0.75,1.0,1.0,0.8571428571428571,0.9583333333333334
chb12,8,1,8,0,1,5,chb12_09.edf;chb12_10.edf,456,102,83,17,0,85,0,1.0,17,0,85,0,1.0,1.0,1.0,1.0,1.0,1.0,1.0
chb12,8,1,8,1,1,5,chb12_09.edf;chb12_10.edf,456,102,6,17,0,85,0,1.0,17,0,85,0,1.0,1.0,1.0,1.0,1.0,1.0,1.0
chb12,8,1,8,2,1,5,chb12_09.edf;chb12_10.edf,456,102,10,17,1,84,0,1.0,17,1,84,0,0.9714285714285714,1.0,1.0,0.9882352941176471,0.9444444444444444,0.9714285714285714,0.9901960784313726
chb12,8,1,8,3,1,5,chb12_09.edf;chb12_10.edf,456,102,29,17,1,84,0,1.0,17,0,85,0,1.0,1.0,1.0,0.9882352941176471,0.9444444444444444,0.9714285714285714,0.9901960784313726
chb12,8,2,4,0,1,5,chb12_09.edf;chb12_10.edf,456,102,91,17,0,85,0,1.0,17,0,85,0,1.0,1.0,1.0,1.0,1.0,1.0,1.0
chb12,8,2,4,1,1,5,chb12_09.edf;chb12_10.edf,456,102,6,17,0,85,0,1.0,17,0,85,0,1.0,1.0,1.0,1.0,1.0,1.0,1.0
chb12,8,2,4,2,1,5,chb12_09.edf;chb12_10.edf,456,102,10,17,4,81,0,1.0,17,4,81,0,0.8947368421052632,1.0,1.0,0.9529411764705882,0.8095238095238095,0.8947368421052632,0.9607843137254902
chb12,8,2,4,3,1,5,chb12_09.edf;chb12_10.edf,456,102,5,17,0,85,0,1.0,17,0,85,0,1.0,1.0,1.0,1.0,1.0,1.0,1.0
chb12,8,1,8,0,2,5,chb12_11.edf;chb12_33.edf;chb12_38.edf,398,174,72,23,4,141,6,0.9498216409036861,23,4,141,6,0.8214285714285714,0.9498216409036861,0.7931034482758621,0.9724137931034482,0.8518518518518519,0.8214285714285714,0.9425287356321839
chb12,8,1,8,1,2,5,chb12_11.edf;chb12_33.edf;chb12_38.edf,398,174,5,21,2,143,8,0.951961950059453,22,1,144,7,0.8461538461538461,0.9512485136741974,0.7241379310344828,0.9862068965517241,0.9130434782608695,0.8076923076923077,0.9425287356321839
chb12,8,1,8,2,2,5,chb12_11.edf;chb12_33.edf;chb12_38.edf,398,174,4,22,3,142,7,0.9550535077288942,22,4,141,7,0.8,0.9545778834720571,0.7586206896551724,0.9793103448275862,0.88,0.8148148148148148,0.9425287356321839
chb12,8,1,8,3,2,5,chb12_11.edf;chb12_33.edf;chb12_38.edf,398,174,4,22,3,142,7,0.9502972651605233,22,3,142,7,0.8148148148148148,0.9481569560047562,0.7586206896551724,0.9793103448275862,0.88,0.8148148148148148,0.9425287356321839
chb12,8,2,4,0,2,5,chb12_11.edf;chb12_33.edf;chb12_38.edf,398,174,31,23,6,139,6,0.9357907253269917,23,6,139,6,0.7931034482758621,0.9357907253269917,0.7931034482758621,0.9586206896551724,0.7931034482758621,0.7931034482758621,0.9310344827586207
chb12,8,2,4,1,2,5,chb12_11.edf;chb12_33.edf;chb12_38.edf,398,174,5,22,3,142,7,0.9336504161712248,22,3,142,7,0.8148148148148148,0.9341260404280619,0.7586206896551724,0.9793103448275862,0.88,0.8148148148148148,0.9425287356321839
chb12,8,2,4,2,2,5,chb12_11.edf;chb12_33.edf;chb12_38.edf,398,174,4,21,3,142,8,0.935077288941736,20,3,142,9,0.7692307692307693,0.9357907253269916,0.7241379310344828,0.9793103448275862,0.875,0.7924528301886793,0.9367816091954023
chb12,8,2,4,3,2,5,chb12_11.edf;chb12_33.edf;chb12_38.edf,398,174,4,23,5,140,6,0.9336504161712248,22,5,140,7,0.7857142857142857,0.930321046373365,0.7931034482758621,0.9655172413793104,0.8214285714285714,0.8070175438596491,0.9367816091954023
chb12,8,1,8,0,3,5,chb12_42.edf,456,102,81,16,0,85,1,0.9986159169550173,16,0,85,1,0.9696969696969697,0.9986159169550173,0.9411764705882353,1.0,1.0,0.9696969696969697,0.9901960784313726
chb12,8,1,8,1,3,5,chb12_42.edf,456,102,63,16,1,84,1,0.9986159169550173,16,0,85,1,0.9696969696969697,0.9979238754325259,0.9411764705882353,0.9882352941176471,0.9411764705882353,0.9411764705882353,0.9803921568627451
chb12,8,1,8,2,3,5,chb12_42.edf,456,102,60,17,2,83,0,0.9986159169550173,16,3,82,1,0.8888888888888888,0.9979238754325259,1.0,0.9764705882352941,0.8947368421052632,0.9444444444444444,0.9803921568627451
chb12,8,1,8,3,3,5,chb12_42.edf,456,102,6,16,2,83,1,0.9986159169550173,16,2,83,1,0.9142857142857143,0.9986159169550173,0.9411764705882353,0.9764705882352941,0.8888888888888888,0.9142857142857143,0.9705882352941176
chb12,8,2,4,0,3,5,chb12_42.edf,456,102,42,17,3,82,0,0.9979238754325259,17,3,82,0,0.918918918918919,0.9979238754325259,1.0,0.9647058823529412,0.85,0.918918918918919,0.9705882352941176
chb12,8,2,4,1,3,5,chb12_42.edf,456,102,39,17,3,82,0,0.9979238754325259,17,4,81,0,0.8947368421052632,0.9972318339100346,1.0,0.9647058823529412,0.85,0.918918918918919,0.9705882352941176
chb12,8,2,4,2,3,5,chb12_42.edf,456,102,7,17,3,82,0,0.9979238754325259,16,3,82,1,0.8888888888888888,0.9972318339100346,1.0,0.9647058823529412,0.85,0.918918918918919,0.9705882352941176
chb12,8,2,4,3,3,5,chb12_42.edf,456,102,39,17,4,81,0,0.9993079584775086,17,4,81,0,0.8947368421052632,0.9979238754325259,1.0,0.9529411764705882,0.8095238095238095,0.8947368421052632,0.9607843137254902
chb12,8,1,8,0,4,5,chb12_06.edf;chb12_23.edf;chb12_36.edf,340,246,69,26,8,197,15,0.8622248661511006,26,8,197,15,0.6933333333333334,0.8622248661511006,0.6341463414634146,0.9609756097560975,0.7647058823529411,0.6933333333333334,0.9065040650406504
chb12,8,1,8,1,4,5,chb12_06.edf;chb12_23.edf;chb12_36.edf,340,246,6,23,4,201,18,0.8518738845925045,23,3,202,18,0.6865671641791045,0.8519928613920286,0.5609756097560976,0.9804878048780488,0.8518518518518519,0.6764705882352942,0.9105691056910569
chb12,8,1,8,2,4,5,chb12_06.edf;chb12_23.edf;chb12_36.edf,340,246,3,23,4,201,18,0.855205234979179,23,2,203,18,0.696969696969697,0.8559190957763235,0.5609756097560976,0.9804878048780488,0.8518518518518519,0.6764705882352942,0.9105691056910569
chb12,8,1,8,3,4,5,chb12_06.edf;chb12_23.edf;chb12_36.edf,340,246,3,25,9,196,16,0.8483045806067817,24,10,195,17,0.64,0.8496133254015468,0.6097560975609756,0.9560975609756097,0.7352941176470589,0.6666666666666666,0.8983739837398373
chb12,8,2,4,0,4,5,chb12_06.edf;chb12_23.edf;chb12_36.edf,340,246,47,29,16,189,12,0.8711481261154075,29,16,189,12,0.6744186046511628,0.8711481261154075,0.7073170731707317,0.9219512195121952,0.6444444444444445,0.6744186046511628,0.8861788617886179
chb12,8,2,4,1,4,5,chb12_06.edf;chb12_23.edf;chb12_36.edf,340,246,6,23,9,196,18,0.8659131469363474,24,9,196,17,0.6486486486486487,0.8740035693039857,0.5609756097560976,0.9560975609756097,0.71875,0.6301369863013698,0.8902439024390244
chb12,8,2,4,2,4,5,chb12_06.edf;chb12_23.edf;chb12_36.edf,340,246,3,23,9,196,18,0.8711481261154075,24,8,197,17,0.6575342465753424,0.8782867340868531,0.5609756097560976,0.9560975609756097,0.71875,0.6301369863013698,0.8902439024390244
chb12,8,2,4,3,4,5,chb12_06.edf;chb12_23.edf;chb12_36.edf,340,246,3,23,8,197,18,0.8565139797739441,24,7,198,17,0.6666666666666666,0.8637715645449138,0.5609756097560976,0.9609756097560975,0.7419354838709677,0.6388888888888888,0.8943089430894309
chb13,8,1,8,0,0,5,chb13_19.edf,220,30,51,5,0,25,0,1.0,5,0,25,0,1.0,1.0,1.0,1.0,1.0,1.0,1.0
chb13,8,1,8,1,0,5,chb13_19.edf,220,30,27,5,0,25,0,1.0,5,0,25,0,1.0,1.0,1.0,1.0,1.0,1.0,1.0
chb13,8,1,8,2,0,5,chb13_19.edf,220,30,13,5,1,24,0,1.0,5,0,25,0,1.0,1.0,1.0,0.96,0.8333333333333334,0.9090909090909091,0.9666666666666667
chb13,8,1,8,3,0,5,chb13_19.edf,220,30,88,5,0,25,0,1.0,5,0,25,0,1.0,1.0,1.0,1.0,1.0,1.0,1.0
chb13,8,2,4,0,0,5,chb13_19.edf,220,30,51,5,1,24,0,1.0,5,1,24,0,0.9090909090909091,1.0,1.0,0.96,0.8333333333333334,0.9090909090909091,0.9666666666666667
chb13,8,2,4,1,0,5,chb13_19.edf,220,30,27,5,0,25,0,1.0,5,0,25,0,1.0,1.0,1.0,1.0,1.0,1.0,1.0
chb13,8,2,4,2,0,5,chb13_19.edf,220,30,14,5,1,24,0,1.0,5,0,25,0,1.0,1.0,1.0,0.96,0.8333333333333334,0.9090909090909091,0.9666666666666667
chb13,8,2,4,3,0,5,chb13_19.edf,220,30,9,5,1,24,0,1.0,5,0,25,0,1.0,1.0,1.0,0.96,0.8333333333333334,0.9090909090909091,0.9666666666666667
chb13,8,1,8,0,1,5,chb13_55.edf,225,24,45,3,2,18,1,0.9500000000000001,3,2,18,1,0.6666666666666666,0.9500000000000001,0.75,0.9,0.6,0.6666666666666666,0.875
chb13,8,1,8,1,1,5,chb13_55.edf,225,24,9,3,1,19,1,0.9500000000000001,3,1,19,1,0.75,0.9375,0.75,0.95,0.75,0.75,0.9166666666666666
chb13,8,1,8,2,1,5,chb13_55.edf,225,24,5,3,1,19,1,0.9375,3,1,19,1,0.75,0.9375,0.75,0.95,0.75,0.75,0.9166666666666666
chb13,8,1,8,3,1,5,chb13_55.edf,225,24,6,3,1,19,1,0.9375,3,1,19,1,0.75,0.9375,0.75,0.95,0.75,0.75,0.9166666666666666
chb13,8,2,4,0,1,5,chb13_55.edf,225,24,38,3,3,17,1,0.9375,3,3,17,1,0.6,0.9375,0.75,0.85,0.5,0.6,0.8333333333333334
chb13,8,2,4,1,1,5,chb13_55.edf,225,24,9,3,1,19,1,0.9375,3,1,19,1,0.75,0.9500000000000001,0.75,0.95,0.75,0.75,0.9166666666666666
chb13,8,2,4,2,1,5,chb13_55.edf,225,24,6,3,1,19,1,0.9375,3,1,19,1,0.75,0.9375,0.75,0.95,0.75,0.75,0.9166666666666666
chb13,8,2,4,3,1,5,chb13_55.edf,225,24,6,3,1,19,1,0.9375,3,1,19,1,0.75,0.9500000000000001,0.75,0.95,0.75,0.75,0.9166666666666666
chb13,8,1,8,0,2,5,chb13_62.edf,134,138,46,15,5,110,8,0.7051039697542533,15,5,110,8,0.6976744186046512,0.7051039697542533,0.6521739130434783,0.9565217391304348,0.75,0.6976744186046512,0.9057971014492754
chb13,8,1,8,1,2,5,chb13_62.edf,134,138,34,15,9,106,8,0.7024574669187145,15,9,106,8,0.6382978723404256,0.699810964083176,0.6521739130434783,0.9217391304347826,0.625,0.6382978723404256,0.8768115942028986
chb13,8,1,8,2,2,5,chb13_62.edf,134,138,15,15,9,106,8,0.706616257088847,15,9,106,8,0.6382978723404256,0.6998109640831758,0.6521739130434783,0.9217391304347826,0.625,0.6382978723404256,0.8768115942028986
chb13,8,1,8,3,2,5,chb13_62.edf,134,138,33,15,8,107,8,0.7069943289224954,14,7,108,9,0.6363636363636364,0.6945179584120984,0.6521739130434783,0.9304347826086956,0.6521739130434783,0.6521739130434783,0.8840579710144928
chb13,8,2,4,0,2,5,chb13_62.edf,134,138,46,15,4,111,8,0.72703213610586,15,4,111,8,0.7142857142857143,0.72703213610586,0.6521739130434783,0.9652173913043478,0.7894736842105263,0.7142857142857143,0.9130434782608695
chb13,8,2,4,1,2,5,chb13_62.edf,134,138,33,15,5,110,8,0.7357277882797731,14,6,109,9,0.6511627906976745,0.7330812854442343,0.6521739130434783,0.9565217391304348,0.75,0.6976744186046512,0.9057971014492754
chb13,8,2,4,2,2,5,chb13_62.edf,134,138,17,15,5,110,8,0.7349716446124764,14,5,110,9,0.6666666666666666,0.7319470699432893,0.6521739130434783,0.9565217391304348,0.75,0.6976744186046512,0.9057971014492754
chb13,8,2,4,3,2,5,chb13_62.edf,134,138,36,15,5,110,8,0.7315689981096408,14,6,109,9,0.6511627906976745,0.7258979206049149,0.6521739130434783,0.9565217391304348,0.75,0.6976744186046512,0.9057971014492754
chb13,8,1,8,0,3,5,chb13_59.edf;chb13_60.edf,201,54,23,7,2,43,2,0.980246913580247,7,2,43,2,0.7777777777777778,0.980246913580247,0.7777777777777778,0.9555555555555556,0.7777777777777778,0.7777777777777778,0.9259259259259259
chb13,8,1,8,1,3,5,chb13_59.edf;chb13_60.edf,201,54,10,7,3,42,2,0.980246913580247,7,2,43,2,0.7777777777777778,0.980246913580247,0.7777777777777778,0.9333333333333333,0.7,0.7368421052631579,0.9074074074074074
chb13,8,1,8,2,3,5,chb13_59.edf;chb13_60.edf,201,54,6,8,3,42,1,0.980246913580247,7,3,42,2,0.7368421052631579,0.980246913580247,0.8888888888888888,0.9333333333333333,0.7272727272727273,0.8,0.9259259259259259
chb13,8,1,8,3,3,5,chb13_59.edf;chb13_60.edf,201,54,7,8,3,42,1,0.980246913580247,7,3,42,2,0.7368421052631579,0.980246913580247,0.8888888888888888,0.9333333333333333,0.7272727272727273,0.8,0.9259259259259259
chb13,8,2,4,0,3,5,chb13_59.edf;chb13_60.edf,201,54,25,7,3,42,2,0.980246913580247,7,3,42,2,0.7368421052631579,0.980246913580247,0.7777777777777778,0.9333333333333333,0.7,0.7368421052631579,0.9074074074074074
chb13,8,2,4,1,3,5,chb13_59.edf;chb13_60.edf,201,54,12,7,3,42,2,0.980246913580247,7,3,42,2,0.7368421052631579,0.9777777777777777,0.7777777777777778,0.9333333333333333,0.7,0.7368421052631579,0.9074074074074074
chb13,8,2,4,2,3,5,chb13_59.edf;chb13_60.edf,201,54,6,7,2,43,2,0.980246913580247,7,2,43,2,0.7777777777777778,0.980246913580247,0.7777777777777778,0.9555555555555556,0.7777777777777778,0.7777777777777778,0.9259259259259259
chb13,8,2,4,3,3,5,chb13_59.edf;chb13_60.edf,201,54,9,7,3,42,2,0.980246913580247,7,3,42,2,0.7368421052631579,0.9753086419753085,0.7777777777777778,0.9333333333333333,0.7,0.7368421052631579,0.9074074074074074
chb13,8,1,8,0,4,5,chb13_21.edf;chb13_58.edf,196,60,98,4,0,50,6,1.0,4,0,50,6,0.5714285714285714,1.0,0.4,1.0,1.0,0.5714285714285714,0.9
chb13,8,1,8,1,4,5,chb13_21.edf;chb13_58.edf,196,60,9,4,0,50,6,1.0,4,0,50,6,0.5714285714285714,1.0,0.4,1.0,1.0,0.5714285714285714,0.9
chb13,8,1,8,2,4,5,chb13_21.edf;chb13_58.edf,196,60,14,4,0,50,6,1.0,4,0,50,6,0.5714285714285714,1.0,0.4,1.0,1.0,0.5714285714285714,0.9
chb13,8,1,8,3,4,5,chb13_21.edf;chb13_58.edf,196,60,16,4,0,50,6,1.0,4,0,50,6,0.5714285714285714,1.0,0.4,1.0,1.0,0.5714285714285714,0.9
chb13,8,2,4,0,4,5,chb13_21.edf;chb13_58.edf,196,60,96,4,0,50,6,0.998,4,0,50,6,0.5714285714285714,0.998,0.4,1.0,1.0,0.5714285714285714,0.9
chb13,8,2,4,1,4,5,chb13_21.edf;chb13_58.edf,196,60,29,4,0,50,6,0.998,3,0,50,7,0.46153846153846156,1.0,0.4,1.0,1.0,0.5714285714285714,0.9
chb13,8,2,4,2,4,5,chb13_21.edf;chb13_58.edf,196,60,14,4,0,50,6,1.0,2,0,50,8,0.3333333333333333,1.0,0.4,1.0,1.0,0.5714285714285714,0.9
chb13,8,2,4,3,4,5,chb13_21.edf;chb13_58.edf,196,60,16,4,0,50,6,0.998,4,0,50,6,0.5714285714285714,1.0,0.4,1.0,1.0,0.5714285714285714,0.9
chb14,8,1,8,0,0,5,chb14_11.edf,57,30,97,4,0,25,1,1.0,4,0,25,1,0.8888888888888888,1.0,0.8,1.0,1.0,0.8888888888888888,0.9666666666666667
chb14,8,1,8,1,0,5,chb14_11.edf,57,30,74,4,0,25,1,1.0,4,0,25,1,0.8888888888888888,1.0,0.8,1.0,1.0,0.8888888888888888,0.9666666666666667
chb14,8,1,8,2,0,5,chb14_11.edf,57,30,63,4,0,25,1,1.0,4,0,25,1,0.8888888888888888,1.0,0.8,1.0,1.0,0.8888888888888888,0.9666666666666667
chb14,8,1,8,3,0,5,chb14_11.edf,57,30,57,4,0,25,1,1.0,4,0,25,1,0.8888888888888888,1.0,0.8,1.0,1.0,0.8888888888888888,0.9666666666666667
chb14,8,2,4,0,0,5,chb14_11.edf,57,30,86,3,0,25,2,1.0,3,0,25,2,0.75,1.0,0.6,1.0,1.0,0.75,0.9333333333333333
chb14,8,2,4,1,0,5,chb14_11.edf,57,30,88,3,0,25,2,1.0,3,0,25,2,0.75,1.0,0.6,1.0,1.0,0.75,0.9333333333333333
chb14,8,2,4,2,0,5,chb14_11.edf,57,30,79,3,0,25,2,1.0,3,0,25,2,0.75,1.0,0.6,1.0,1.0,0.75,0.9333333333333333
chb14,8,2,4,3,0,5,chb14_11.edf,57,30,64,3,0,25,2,1.0,3,0,25,2,0.75,1.0,0.6,1.0,1.0,0.75,0.9333333333333333
chb14,8,1,8,0,1,5,chb14_06.edf,76,6,38,1,0,5,0,1.0,1,0,5,0,1.0,1.0,1.0,1.0,1.0,1.0,1.0
chb14,8,1,8,1,1,5,chb14_06.edf,76,6,94,1,0,5,0,1.0,1,0,5,0,1.0,1.0,1.0,1.0,1.0,1.0,1.0
chb14,8,1,8,2,1,5,chb14_06.edf,76,6,61,1,0,5,0,1.0,1,0,5,0,1.0,1.0,1.0,1.0,1.0,1.0,1.0
chb14,8,1,8,3,1,5,chb14_06.edf,76,6,60,1,0,5,0,1.0,1,0,5,0,1.0,1.0,1.0,1.0,1.0,1.0,1.0
chb14,8,2,4,0,1,5,chb14_06.edf,76,6,55,1,0,5,0,1.0,1,0,5,0,1.0,1.0,1.0,1.0,1.0,1.0,1.0
chb14,8,2,4,1,1,5,chb14_06.edf,76,6,54,1,0,5,0,1.0,1,0,5,0,1.0,1.0,1.0,1.0,1.0,1.0,1.0
chb14,8,2,4,2,1,5,chb14_06.edf,76,6,36,1,0,5,0,1.0,1,0,5,0,1.0,1.0,1.0,1.0,1.0,1.0,1.0
chb14,8,2,4,3,1,5,chb14_06.edf,76,6,38,1,0,5,0,1.0,1,0,5,0,1.0,1.0,1.0,1.0,1.0,1.0,1.0
chb14,8,1,8,0,2,5,chb14_03.edf;chb14_04.edf,57,30,22,5,0,25,0,1.0,5,0,25,0,1.0,1.0,1.0,1.0,1.0,1.0,1.0
chb14,8,1,8,1,2,5,chb14_03.edf;chb14_04.edf,57,30,16,5,0,25,0,1.0,5,0,25,0,1.0,1.0,1.0,1.0,1.0,1.0,1.0
chb14,8,1,8,2,2,5,chb14_03.edf;chb14_04.edf,57,30,15,5,0,25,0,1.0,5,0,25,0,1.0,1.0,1.0,1.0,1.0,1.0,1.0
chb14,8,1,8,3,2,5,chb14_03.edf;chb14_04.edf,57,30,13,5,0,25,0,1.0,5,0,25,0,1.0,1.0,1.0,1.0,1.0,1.0,1.0
chb14,8,2,4,0,2,5,chb14_03.edf;chb14_04.edf,57,30,23,5,0,25,0,1.0,5,0,25,0,1.0,1.0,1.0,1.0,1.0,1.0,1.0
chb14,8,2,4,1,2,5,chb14_03.edf;chb14_04.edf,57,30,18,5,0,25,0,1.0,5,0,25,0,1.0,1.0,1.0,1.0,1.0,1.0,1.0
chb14,8,2,4,2,2,5,chb14_03.edf;chb14_04.edf,57,30,19,5,0,25,0,1.0,5,0,25,0,1.0,1.0,1.0,1.0,1.0,1.0,1.0
chb14,8,2,4,3,2,5,chb14_03.edf;chb14_04.edf,57,30,13,5,0,25,0,1.0,5,0,25,0,1.0,1.0,1.0,1.0,1.0,1.0,1.0
chb14,8,1,8,0,3,5,chb14_17.edf;chb14_18.edf,62,24,26,4,1,19,0,1.0,4,1,19,0,0.8888888888888888,1.0,1.0,0.95,0.8,0.8888888888888888,0.9583333333333334
chb14,8,1,8,1,3,5,chb14_17.edf;chb14_18.edf,62,24,27,4,1,19,0,1.0,4,1,19,0,0.8888888888888888,1.0,1.0,0.95,0.8,0.8888888888888888,0.9583333333333334
chb14,8,1,8,2,3,5,chb14_17.edf;chb14_18.edf,62,24,20,4,1,19,0,1.0,4,1,19,0,0.8888888888888888,1.0,1.0,0.95,0.8,0.8888888888888888,0.9583333333333334
chb14,8,1,8,3,3,5,chb14_17.edf;chb14_18.edf,62,24,29,4,2,18,0,1.0,4,2,18,0,0.8,1.0,1.0,0.9,0.6666666666666666,0.8,0.9166666666666666
chb14,8,2,4,0,3,5,chb14_17.edf;chb14_18.edf,62,24,27,4,1,19,0,1.0,4,1,19,0,0.8888888888888888,1.0,1.0,0.95,0.8,0.8888888888888888,0.9583333333333334
chb14,8,2,4,1,3,5,chb14_17.edf;chb14_18.edf,62,24,41,4,1,19,0,1.0,4,2,18,0,0.8,1.0,1.0,0.95,0.8,0.8888888888888888,0.9583333333333334
chb14,8,2,4,2,3,5,chb14_17.edf;chb14_18.edf,62,24,32,4,2,18,0,1.0,4,2,18,0,0.8,1.0,1.0,0.9,0.6666666666666666,0.8,0.9166666666666666
chb14,8,2,4,3,3,5,chb14_17.edf;chb14_18.edf,62,24,36,4,1,19,0,1.0,4,2,18,0,0.8,1.0,1.0,0.95,0.8,0.8888888888888888,0.9583333333333334
chb14,8,1,8,0,4,5,chb14_27.edf,72,12,76,2,0,10,0,1.0,2,0,10,0,1.0,1.0,1.0,1.0,1.0,1.0,1.0
chb14,8,1,8,1,4,5,chb14_27.edf,72,12,18,0,0,10,2,1.0,0,0,10,2,0.0,1.0,0.0,1.0,,0.0,0.8333333333333334
chb14,8,1,8,2,4,5,chb14_27.edf,72,12,34,2,0,10,0,1.0,2,0,10,0,1.0,1.0,1.0,1.0,1.0,1.0,1.0
chb14,8,1,8,3,4,5,chb14_27.edf,72,12,25,2,0,10,0,1.0,2,0,10,0,1.0,1.0,1.0,1.0,1.0,1.0,1.0
chb14,8,2,4,0,4,5,chb14_27.edf,72,12,99,2,0,10,0,1.0,2,0,10,0,1.0,1.0,1.0,1.0,1.0,1.0,1.0
chb14,8,2,4,1,4,5,chb14_27.edf,72,12,29,2,0,10,0,1.0,1,0,10,1,0.6666666666666666,1.0,1.0,1.0,1.0,1.0,1.0
chb14,8,2,4,2,4,5,chb14_27.edf,72,12,28,2,0,10,0,1.0,1,0,10,1,0.6666666666666666,1.0,1.0,1.0,1.0,1.0,1.0
chb14,8,2,4,3,4,5,chb14_27.edf,72,12,32,2,0,10,0,1.0,1,0,10,1,0.6666666666666666,1.0,1.0,1.0,1.0,1.0,1.0
chb15,8,1,8,0,0,5,chb15_62.edf,1075,78,76,13,0,65,0,1.0,13,0,65,0,1.0,1.0,1.0,1.0,1.0,1.0,1.0
chb15,8,1,8,1,0,5,chb15_62.edf,1075,78,29,13,0,65,0,1.0,13,0,65,0,1.0,1.0,1.0,1.0,1.0,1.0,1.0
chb15,8,1,8,2,0,5,chb15_62.edf,1075,78,41,13,1,64,0,1.0,13,0,65,0,1.0,1.0,1.0,0.9846153846153847,0.9285714285714286,0.9629629629629629,0.9871794871794872
chb15,8,1,8,3,0,5,chb15_62.edf,1075,78,22,13,1,64,0,1.0,13,0,65,0,1.0,1.0,1.0,0.9846153846153847,0.9285714285714286,0.9629629629629629,0.9871794871794872
chb15,8,2,4,0,0,5,chb15_62.edf,1075,78,62,13,0,65,0,1.0,13,0,65,0,1.0,1.0,1.0,1.0,1.0,1.0,1.0
chb15,8,2,4,1,0,5,chb15_62.edf,1075,78,5,13,0,65,0,1.0,13,0,65,0,1.0,1.0,1.0,1.0,1.0,1.0,1.0
chb15,8,2,4,2,0,5,chb15_62.edf,1075,78,9,13,0,65,0,1.0,13,0,65,0,1.0,1.0,1.0,1.0,1.0,1.0,1.0
chb15,8,2,4,3,0,5,chb15_62.edf,1075,78,1,13,0,65,0,1.0,13,0,65,0,1.0,1.0,1.0,1.0,1.0,1.0,1.0
chb15,8,1,8,0,1,5,chb15_06.edf;chb15_22.edf;chb15_31.edf;chb15_49.edf,792,432,44,68,1,359,4,0.999266975308642,68,1,359,4,0.9645390070921985,0.999266975308642,0.9444444444444444,0.9972222222222222,0.9855072463768116,0.9645390070921985,0.9884259259259259
chb15,8,1,8,1,1,5,chb15_06.edf;chb15_22.edf;chb15_31.edf;chb15_49.edf,792,432,5,68,2,358,4,0.9986882716049382,69,1,359,3,0.971830985915493,0.9990740740740741,0.9444444444444444,0.9944444444444445,0.9714285714285714,0.9577464788732394,0.9861111111111112
chb15,8,1,8,2,1,5,chb15_06.edf;chb15_22.edf;chb15_31.edf;chb15_49.edf,792,432,13,70,3,357,2,0.999074074074074,70,1,359,2,0.9790209790209791,0.9990740740740741,0.9722222222222222,0.9916666666666667,0.958904109589041,0.9655172413793104,0.9884259259259259
chb15,8,1,8,3,1,5,chb15_06.edf;chb15_22.edf;chb15_31.edf;chb15_49.edf,792,432,5,72,27,333,0,0.9989583333333334,72,29,331,0,0.8323699421965318,0.9991126543209876,1.0,0.925,0.7272727272727273,0.8421052631578947,0.9375
chb15,8,2,4,0,1,5,chb15_06.edf;chb15_22.edf;chb15_31.edf;chb15_49.edf,792,432,37,70,1,359,2,0.999537037037037,70,1,359,2,0.9790209790209791,0.999537037037037,0.9722222222222222,0.9972222222222222,0.9859154929577465,0.9790209790209791,0.9930555555555556
chb15,8,2,4,1,1,5,chb15_06.edf;chb15_22.edf;chb15_31.edf;chb15_49.edf,792,432,5,68,1,359,4,0.9991512345679012,67,1,359,5,0.9571428571428572,0.9991126543209876,0.9444444444444444,0.9972222222222222,0.9855072463768116,0.9645390070921985,0.9884259259259259
chb15,8,2,4,2,1,5,chb15_06.edf;chb15_22.edf;chb15_31.edf;chb15_49.edf,792,432,8,71,2,358,1,0.999537037037037,71,4,356,1,0.9659863945578231,0.9993827160493827,0.9861111111111112,0.9944444444444445,0.9726027397260274,0.9793103448275862,0.9930555555555556
chb15,8,2,4,3,1,5,chb15_06.edf;chb15_22.edf;chb15_31.edf;chb15_49.edf,792,432,2,67,1,359,5,0.9988040123456791,67,1,359,5,0.9571428571428572,0.9988425925925926,0.9305555555555556,0.9972222222222222,0.9852941176470589,0.9571428571428572,0.9861111111111112
chb15,8,1,8,0,2,5,chb15_15.edf;chb15_52.edf;chb15_54.edf,777,450,59,71,3,372,4,0.9981511111111111,71,3,372,4,0.9530201342281879,0.9981511111111111,0.9466666666666667,0.992,0.9594594594594594,0.9530201342281879,0.9844444444444445
chb15,8,1,8,1,2,5,chb15_15.edf;chb15_52.edf;chb15_54.edf,777,450,88,72,8,367,3,0.9972266666666667,72,9,366,3,0.9230769230769231,0.997511111111111,0.96,0.9786666666666667,0.9,0.9290322580645162,0.9755555555555555
chb15,8,1,8,2,2,5,chb15_15.edf;chb15_52.edf;chb15_54.edf,777,450,73,72,6,369,3,0.99776,72,9,366,3,0.9230769230769231,0.9977244444444444,0.96,0.984,0.9230769230769231,0.9411764705882353,0.98
chb15,8,1,8,3,2,5,chb15_15.edf;chb15_52.edf;chb15_54.edf,777,450,46,73,13,362,2,0.9981866666666666,73,13,362,2,0.906832298136646,0.9980088888888888,0.9733333333333334,0.9653333333333334,0.8488372093023255,0.906832298136646,0.9666666666666667
chb15,8,2,4,0,2,5,chb15_15.edf;chb15_52.edf;chb15_54.edf,777,450,89,71,6,369,4,0.9979733333333333,71,6,369,4,0.9342105263157895,0.9979733333333333,0.9466666666666667,0.984,0.922077922077922,0.9342105263157895,0.9777777777777777
chb15,8,2,4,1,2,5,chb15_15.edf;chb15_52.edf;chb15_54.edf,777,450,67,72,10,365,3,0.9976888888888888,71,11,364,4,0.9044585987261147,0.9976533333333333,0.96,0.9733333333333334,0.8780487804878049,0.9171974522292994,0.9711111111111111
chb15,8,2,4,2,2,5,chb15_15.edf;chb15_52.edf;chb15_54.edf,777,450,37,72,8,367,3,0.9978666666666667,71,11,364,4,0.9044585987261147,0.9979377777777778,0.96,0.9786666666666667,0.9,0.9290322580645162,0.9755555555555555
chb15,8,2,4,3,2,5,chb15_15.edf;chb15_52.edf;chb15_54.edf,777,450,34,71,6,369,4,0.9977244444444444,71,7,368,4,0.9281045751633987,0.9978666666666667,0.9466666666666667,0.984,0.922077922077922,0.9342105263157895,0.9777777777777777
chb15,8,1,8,0,3,5,chb15_10.edf;chb15_17.edf;chb15_40.edf,969,210,74,33,0,175,2,0.999673469387755,33,0,175,2,0.9705882352941176,0.999673469387755,0.9428571428571428,1.0,1.0,0.9705882352941176,0.9904761904761905
chb15,8,1,8,1,3,5,chb15_10.edf;chb15_17.edf;chb15_40.edf,969,210,59,33,0,175,2,0.999673469387755,33,0,175,2,0.9705882352941176,0.9995102040816327,0.9428571428571428,1.0,1.0,0.9705882352941176,0.9904761904761905
chb15,8,1,8,2,3,5,chb15_10.edf;chb15_17.edf;chb15_40.edf,969,210,39,32,0,175,3,0.9995102040816327,33,0,175,2,0.9705882352941176,0.9995102040816327,0.9142857142857143,1.0,1.0,0.9552238805970149,0.9857142857142858
chb15,8,1,8,3,3,5,chb15_10.edf;chb15_17.edf;chb15_40.edf,969,210,48,32,0,175,3,0.9993469387755102,33,0,175,2,0.9705882352941176,0.9995102040816327,0.9142857142857143,1.0,1.0,0.9552238805970149,0.9857142857142858
chb15,8,2,4,0,3,5,chb15_10.edf;chb15_17.edf;chb15_40.edf,969,210,81,33,0,175,2,0.9995102040816327,33,0,175,2,0.9705882352941176,0.9995102040816327,0.9428571428571428,1.0,1.0,0.9705882352941176,0.9904761904761905
chb15,8,2,4,1,3,5,chb15_10.edf;chb15_17.edf;chb15_40.edf,969,210,59,32,0,175,3,0.9995102040816327,32,0,175,3,0.9552238805970149,0.999673469387755,0.9142857142857143,1.0,1.0,0.9552238805970149,0.9857142857142858
chb15,8,2,4,2,3,5,chb15_10.edf;chb15_17.edf;chb15_40.edf,969,210,58,32,0,175,3,0.9995102040816327,32,0,175,3,0.9552238805970149,0.9995102040816327,0.9142857142857143,1.0,1.0,0.9552238805970149,0.9857142857142858
chb15,8,2,4,3,3,5,chb15_10.edf;chb15_17.edf;chb15_40.edf,969,210,57,32,0,175,3,0.9995102040816327,32,0,175,3,0.9552238805970149,0.999673469387755,0.9142857142857143,1.0,1.0,0.9552238805970149,0.9857142857142858
chb15,8,1,8,0,4,5,chb15_20.edf;chb15_28.edf;chb15_46.edf,936,252,51,41,0,210,1,0.9994331065759637,41,0,210,1,0.9879518072289156,0.9994331065759637,0.9761904761904762,1.0,1.0,0.9879518072289156,0.996031746031746
chb15,8,1,8,1,4,5,chb15_20.edf;chb15_28.edf;chb15_46.edf,936,252,2,41,0,210,1,0.9985260770975056,41,0,210,1,0.9879518072289156,0.9965986394557824,0.9761904761904762,1.0,1.0,0.9879518072289156,0.996031746031746
chb15,8,1,8,2,4,5,chb15_20.edf;chb15_28.edf;chb15_46.edf,936,252,15,41,1,209,1,0.999092970521542,41,1,209,1,0.9761904761904762,0.9968253968253968,0.9761904761904762,0.9952380952380953,0.9761904761904762,0.9761904761904762,0.9920634920634921
chb15,8,1,8,3,4,5,chb15_20.edf;chb15_28.edf;chb15_46.edf,936,252,1,41,1,209,1,0.9988662131519274,41,1,209,1,0.9761904761904762,0.9956916099773242,0.9761904761904762,0.9952380952380953,0.9761904761904762,0.9761904761904762,0.9920634920634921
chb15,8,2,4,0,4,5,chb15_20.edf;chb15_28.edf;chb15_46.edf,936,252,44,41,1,209,1,0.9981859410430839,41,1,209,1,0.9761904761904762,0.9981859410430839,0.9761904761904762,0.9952380952380953,0.9761904761904762,0.9761904761904762,0.9920634920634921
chb15,8,2,4,1,4,5,chb15_20.edf;chb15_28.edf;chb15_46.edf,936,252,2,40,1,209,2,0.9968253968253968,41,1,209,1,0.9761904761904762,0.9965986394557823,0.9523809523809523,0.9952380952380953,0.975609756097561,0.963855421686747,0.9880952380952381
chb15,8,2,4,2,4,5,chb15_20.edf;chb15_28.edf;chb15_46.edf,936,252,2,41,1,209,1,0.996938775510204,41,1,209,1,0.9761904761904762,0.9954648526077097,0.9761904761904762,0.9952380952380953,0.9761904761904762,0.9761904761904762,0.9920634920634921
chb15,8,2,4,3,4,5,chb15_20.edf;chb15_28.edf;chb15_46.edf,936,252,1,40,1,209,2,0.996938775510204,41,1,209,1,0.9761904761904762,0.9956916099773243,0.9523809523809523,0.9952380952380953,0.975609756097561,0.963855421686747,0.9880952380952381
chb16,8,1,8,0,0,4,chb16_10.edf,24,6,41,0,0,5,1,1.0,0,0,5,1,0.0,1.0,0.0,1.0,,0.0,0.8333333333333334
chb16,8,1,8,1,0,4,chb16_10.edf,24,6,30,0,0,5,1,1.0,0,0,5,1,0.0,1.0,0.0,1.0,,0.0,0.8333333333333334
chb16,8,1,8,2,0,4,chb16_10.edf,24,6,20,0,0,5,1,1.0,0,0,5,1,0.0,1.0,0.0,1.0,,0.0,0.8333333333333334
chb16,8,1,8,3,0,4,chb16_10.edf,24,6,20,0,0,5,1,1.0,0,0,5,1,0.0,1.0,0.0,1.0,,0.0,0.8333333333333334
chb16,8,2,4,0,0,4,chb16_10.edf,24,6,45,0,0,5,1,1.0,0,0,5,1,0.0,1.0,0.0,1.0,,0.0,0.8333333333333334
chb16,8,2,4,1,0,4,chb16_10.edf,24,6,38,0,0,5,1,1.0,0,0,5,1,0.0,1.0,0.0,1.0,,0.0,0.8333333333333334
chb16,8,2,4,2,0,4,chb16_10.edf,24,6,56,1,0,5,0,1.0,1,0,5,0,1.0,1.0,1.0,1.0,1.0,1.0,1.0
chb16,8,2,4,3,0,4,chb16_10.edf,24,6,42,1,0,5,0,1.0,1,0,5,0,1.0,1.0,1.0,1.0,1.0,1.0,1.0
chb16,8,1,8,0,1,4,chb16_11.edf,24,6,32,1,0,5,0,1.0,1,0,5,0,1.0,1.0,1.0,1.0,1.0,1.0,1.0
chb16,8,1,8,1,1,4,chb16_11.edf,24,6,23,0,0,5,1,1.0,0,0,5,1,0.0,1.0,0.0,1.0,,0.0,0.8333333333333334
chb16,8,1,8,2,1,4,chb16_11.edf,24,6,24,1,0,5,0,1.0,1,0,5,0,1.0,1.0,1.0,1.0,1.0,1.0,1.0
chb16,8,1,8,3,1,4,chb16_11.edf,24,6,17,0,0,5,1,1.0,0,0,5,1,0.0,1.0,0.0,1.0,,0.0,0.8333333333333334
chb16,8,2,4,0,1,4,chb16_11.edf,24,6,40,1,0,5,0,1.0,1,0,5,0,1.0,1.0,1.0,1.0,1.0,1.0,1.0
chb16,8,2,4,1,1,4,chb16_11.edf,24,6,38,1,0,5,0,1.0,1,0,5,0,1.0,1.0,1.0,1.0,1.0,1.0,1.0
chb16,8,2,4,2,1,4,chb16_11.edf,24,6,43,1,0,5,0,1.0,1,0,5,0,1.0,1.0,1.0,1.0,1.0,1.0,1.0
chb16,8,2,4,3,1,4,chb16_11.edf,24,6,33,1,0,5,0,1.0,1,0,5,0,1.0,1.0,1.0,1.0,1.0,1.0,1.0
chb16,8,1,8,0,2,4,chb16_14.edf,24,6,43,0,1,4,1,0.8,0,1,4,1,0.0,0.8,0.0,0.8,0.0,0.0,0.6666666666666666
chb16,8,1,8,1,2,4,chb16_14.edf,24,6,34,0,0,5,1,0.8,0,0,5,1,0.0,0.8,0.0,1.0,,0.0,0.8333333333333334
chb16,8,1,8,2,2,4,chb16_14.edf,24,6,26,0,1,4,1,0.8,0,0,5,1,0.0,0.8,0.0,0.8,0.0,0.0,0.6666666666666666
chb16,8,1,8,3,2,4,chb16_14.edf,24,6,18,0,1,4,1,0.8,0,0,5,1,0.0,0.8,0.0,0.8,0.0,0.0,0.6666666666666666
chb16,8,2,4,0,2,4,chb16_14.edf,24,6,56,1,0,5,0,1.0,1,0,5,0,1.0,1.0,1.0,1.0,1.0,1.0,1.0
chb16,8,2,4,1,2,4,chb16_14.edf,24,6,54,0,0,5,1,1.0,0,0,5,1,0.0,0.8,0.0,1.0,,0.0,0.8333333333333334
chb16,8,2,4,2,2,4,chb16_14.edf,24,6,48,0,0,5,1,1.0,0,0,5,1,0.0,0.8,0.0,1.0,,0.0,0.8333333333333334
chb16,8,2,4,3,2,4,chb16_14.edf,24,6,32,0,0,5,1,1.0,0,0,5,1,0.0,0.8,0.0,1.0,,0.0,0.8333333333333334
chb16,8,1,8,0,3,4,chb16_17.edf,14,18,14,0,0,15,3,0.9555555555555556,0,0,15,3,0.0,0.9555555555555556,0.0,1.0,,0.0,0.8333333333333334
chb16,8,1,8,1,3,4,chb16_17.edf,14,18,3,0,0,15,3,0.5777777777777778,0,0,15,3,0.0,0.4888888888888888,0.0,1.0,,0.0,0.8333333333333334
chb16,8,1,8,2,3,4,chb16_17.edf,14,18,48,1,0,15,2,1.0,2,0,15,1,0.8,0.9777777777777777,0.3333333333333333,1.0,1.0,0.5,0.8888888888888888
chb16,8,1,8,3,3,4,chb16_17.edf,14,18,1,0,0,15,3,0.4666666666666666,0,0,15,3,0.0,0.5333333333333333,0.0,1.0,,0.0,0.8333333333333334
chb16,8,2,4,0,3,4,chb16_17.edf,14,18,12,0,0,15,3,0.888888888888889,0,0,15,3,0.0,0.888888888888889,0.0,1.0,,0.0,0.8333333333333334
chb16,8,2,4,1,3,4,chb16_17.edf,14,18,4,0,2,13,3,0.4222222222222222,0,1,14,3,0.0,0.42222222222222217,0.0,0.8666666666666667,0.0,0.0,0.7222222222222222
chb16,8,2,4,2,3,4,chb16_17.edf,14,18,0,0,0,15,3,0.37777777777777777,0,0,15,3,0.0,0.37777777777777777,0.0,1.0,,0.0,0.8333333333333334
chb16,8,2,4,3,3,4,chb16_17.edf,14,18,1,3,14,1,0,0.3555555555555555,3,15,0,0,0.2857142857142857,0.4222222222222222,1.0,0.06666666666666667,0.17647058823529413,0.3,0.2222222222222222
chb17,8,1,8,0,0,3,chb17a_03.edf,120,66,40,10,3,52,1,0.9933884297520661,10,3,52,1,0.8333333333333334,0.9933884297520661,0.9090909090909091,0.9454545454545454,0.7692307692307693,0.8333333333333334,0.9393939393939394
chb17,8,1,8,1,0,3,chb17a_03.edf,120,66,21,10,1,54,1,0.9933884297520661,10,1,54,1,0.9090909090909091,0.996694214876033,0.9090909090909091,0.9818181818181818,0.9090909090909091,0.9090909090909091,0.9696969696969697
chb17,8,1,8,2,0,3,chb17a_03.edf,120,66,40,10,1,54,1,0.9933884297520661,10,1,54,1,0.9090909090909091,0.996694214876033,0.9090909090909091,0.9818181818181818,0.9090909090909091,0.9090909090909091,0.9696969696969697
chb17,8,1,8,3,0,3,chb17a_03.edf,120,66,14,10,1,54,1,0.9933884297520661,10,1,54,1,0.9090909090909091,0.9983471074380165,0.9090909090909091,0.9818181818181818,0.9090909090909091,0.9090909090909091,0.9696969696969697
chb17,8,2,4,0,0,3,chb17a_03.edf,120,66,92,10,3,52,1,0.9917355371900827,10,3,52,1,0.8333333333333334,0.9917355371900827,0.9090909090909091,0.9454545454545454,0.7692307692307693,0.8333333333333334,0.9393939393939394
chb17,8,2,4,1,0,3,chb17a_03.edf,120,66,36,10,3,52,1,0.9900826446280991,10,3,52,1,0.8333333333333334,0.9917355371900827,0.9090909090909091,0.9454545454545454,0.7692307692307693,0.8333333333333334,0.9393939393939394
chb17,8,2,4,2,0,3,chb17a_03.edf,120,66,34,10,3,52,1,0.9900826446280991,10,3,52,1,0.8333333333333334,0.9917355371900827,0.9090909090909091,0.9454545454545454,0.7692307692307693,0.8333333333333334,0.9393939393939394
chb17,8,2,4,3,0,3,chb17a_03.edf,120,66,46,10,3,52,1,0.9917355371900827,10,3,52,1,0.8333333333333334,0.9917355371900827,0.9090909090909091,0.9454545454545454,0.7692307692307693,0.8333333333333334,0.9393939393939394
chb17,8,1,8,0,1,3,chb17a_04.edf,105,84,95,14,0,70,0,1.0,14,0,70,0,1.0,1.0,1.0,1.0,1.0,1.0,1.0
chb17,8,1,8,1,1,3,chb17a_04.edf,105,84,25,13,0,70,1,1.0,13,0,70,1,0.9629629629629629,1.0,0.9285714285714286,1.0,1.0,0.9629629629629629,0.9880952380952381
chb17,8,1,8,2,1,3,chb17a_04.edf,105,84,33,14,0,70,0,1.0,13,0,70,1,0.9629629629629629,1.0,1.0,1.0,1.0,1.0,1.0
chb17,8,1,8,3,1,3,chb17a_04.edf,105,84,24,13,0,70,1,1.0,13,0,70,1,0.9629629629629629,1.0,0.9285714285714286,1.0,1.0,0.9629629629629629,0.9880952380952381
chb17,8,2,4,0,1,3,chb17a_04.edf,105,84,62,14,0,70,0,1.0,14,0,70,0,1.0,1.0,1.0,1.0,1.0,1.0,1.0
chb17,8,2,4,1,1,3,chb17a_04.edf,105,84,22,13,0,70,1,1.0,13,0,70,1,0.9629629629629629,1.0,0.9285714285714286,1.0,1.0,0.9629629629629629,0.9880952380952381
chb17,8,2,4,2,1,3,chb17a_04.edf,105,84,19,13,0,70,1,1.0,13,0,70,1,0.9629629629629629,1.0,0.9285714285714286,1.0,1.0,0.9629629629629629,0.9880952380952381
chb17,8,2,4,3,1,3,chb17a_04.edf,105,84,24,13,0,70,1,1.0,13,0,70,1,0.9629629629629629,1.0,0.9285714285714286,1.0,1.0,0.9629629629629629,0.9880952380952381
chb17,8,1,8,0,2,3,chb17b_63.edf,120,66,96,9,0,55,2,0.996694214876033,9,0,55,2,0.9,0.996694214876033,0.8181818181818182,1.0,1.0,0.9,0.9696969696969697
chb17,8,1,8,1,2,3,chb17b_63.edf,120,66,99,9,0,55,2,0.996694214876033,9,0,55,2,0.9,0.9950413223140495,0.8181818181818182,1.0,1.0,0.9,0.9696969696969697
chb17,8,1,8,2,2,3,chb17b_63.edf,120,66,38,9,1,54,2,0.996694214876033,9,0,55,2,0.9,0.9933884297520661,0.8181818181818182,0.9818181818181818,0.9,0.8571428571428571,0.9545454545454546
chb17,8,1,8,3,2,3,chb17b_63.edf,120,66,27,9,1,54,2,0.996694214876033,9,0,55,2,0.9,0.996694214876033,0.8181818181818182,0.9818181818181818,0.9,0.8571428571428571,0.9545454545454546
chb17,8,2,4,0,2,3,chb17b_63.edf,120,66,97,7,1,54,4,0.9851239669421488,7,1,54,4,0.7368421052631579,0.9851239669421488,0.6363636363636364,0.9818181818181818,0.875,0.7368421052631579,0.9242424242424242
chb17,8,2,4,1,2,3,chb17b_63.edf,120,66,59,8,1,54,3,0.9884297520661157,7,1,54,4,0.7368421052631579,0.9867768595041322,0.7272727272727273,0.9818181818181818,0.8888888888888888,0.8,0.9393939393939394
chb17,8,2,4,2,2,3,chb17b_63.edf,120,66,41,8,1,54,3,0.9851239669421488,7,1,54,4,0.7368421052631579,0.9867768595041322,0.7272727272727273,0.9818181818181818,0.8888888888888888,0.8,0.9393939393939394
chb17,8,2,4,3,2,3,chb17b_63.edf,120,66,33,8,1,54,3,0.9851239669421488,7,1,54,4,0.7368421052631579,0.9884297520661157,0.7272727272727273,0.9818181818181818,0.8888888888888888,0.8,0.9393939393939394
chb18,8,1,8,0,0,5,chb18_30.edf,158,18,32,1,0,15,2,0.7333333333333333,1,0,15,2,0.5,0.7333333333333333,0.3333333333333333,1.0,1.0,0.5,0.8888888888888888
chb18,8,1,8,1,0,5,chb18_30.edf,158,18,15,1,0,15,2,0.7333333333333333,1,0,15,2,0.5,0.7555555555555555,0.3333333333333333,1.0,1.0,0.5,0.8888888888888888
chb18,8,1,8,2,0,5,chb18_30.edf,158,18,13,1,0,15,2,0.7333333333333333,1,0,15,2,0.5,0.7333333333333333,0.3333333333333333,1.0,1.0,0.5,0.8888888888888888
chb18,8,1,8,3,0,5,chb18_30.edf,158,18,10,1,0,15,2,0.7333333333333333,1,0,15,2,0.5,0.7333333333333333,0.3333333333333333,1.0,1.0,0.5,0.8888888888888888
chb18,8,2,4,0,0,5,chb18_30.edf,158,18,49,1,0,15,2,0.7333333333333334,1,0,15,2,0.5,0.7333333333333334,0.3333333333333333,1.0,1.0,0.5,0.8888888888888888
chb18,8,2,4,1,0,5,chb18_30.edf,158,18,28,1,0,15,2,0.7111111111111111,1,0,15,2,0.5,0.7555555555555555,0.3333333333333333,1.0,1.0,0.5,0.8888888888888888
chb18,8,2,4,2,0,5,chb18_30.edf,158,18,13,1,0,15,2,0.6888888888888889,1,0,15,2,0.5,0.7333333333333334,0.3333333333333333,1.0,1.0,0.5,0.8888888888888888
chb18,8,2,4,3,0,5,chb18_30.edf,158,18,28,1,0,15,2,0.7111111111111111,1,0,15,2,0.5,0.7333333333333333,0.3333333333333333,1.0,1.0,0.5,0.8888888888888888
chb18,8,1,8,0,1,5,chb18_36.edf,148,30,38,5,2,23,0,1.0,5,2,23,0,0.8333333333333334,1.0,1.0,0.92,0.7142857142857143,0.8333333333333334,0.9333333333333333
chb18,8,1,8,1,1,5,chb18_36.edf,148,30,23,5,2,23,0,1.0,5,2,23,0,0.8333333333333334,1.0,1.0,0.92,0.7142857142857143,0.8333333333333334,0.9333333333333333
chb18,8,1,8,2,1,5,chb18_36.edf,148,30,8,5,2,23,0,1.0,5,2,23,0,0.8333333333333334,1.0,1.0,0.92,0.7142857142857143,0.8333333333333334,0.9333333333333333
chb18,8,1,8,3,1,5,chb18_36.edf,148,30,6,5,1,24,0,1.0,5,1,24,0,0.9090909090909091,1.0,1.0,0.96,0.8333333333333334,0.9090909090909091,0.9666666666666667
chb18,8,2,4,0,1,5,chb18_36.edf,148,30,38,5,4,21,0,1.0,5,4,21,0,0.7142857142857143,1.0,1.0,0.84,0.5555555555555556,0.7142857142857143,0.8666666666666667
chb18,8,2,4,1,1,5,chb18_36.edf,148,30,10,5,1,24,0,1.0,5,1,24,0,0.9090909090909091,1.0,1.0,0.96,0.8333333333333334,0.9090909090909091,0.9666666666666667
chb18,8,2,4,2,1,5,chb18_36.edf,148,30,9,5,2,23,0,1.0,5,2,23,0,0.8333333333333334,1.0,1.0,0.92,0.7142857142857143,0.8333333333333334,0.9333333333333333
chb18,8,2,4,3,1,5,chb18_36.edf,148,30,8,5,1,24,0,1.0,5,1,24,0,0.9090909090909091,1.0,1.0,0.96,0.8333333333333334,0.9090909090909091,0.9666666666666667
chb18,8,1,8,0,2,5,chb18_32.edf,144,36,62,6,0,30,0,1.0,6,0,30,0,1.0,1.0,1.0,1.0,1.0,1.0,1.0
chb18,8,1,8,1,2,5,chb18_32.edf,144,36,14,6,0,30,0,1.0,6,0,30,0,1.0,1.0,1.0,1.0,1.0,1.0,1.0
chb18,8,1,8,2,2,5,chb18_32.edf,144,36,10,6,0,30,0,1.0,6,0,30,0,1.0,1.0,1.0,1.0,1.0,1.0,1.0
chb18,8,1,8,3,2,5,chb18_32.edf,144,36,15,6,6,24,0,1.0,6,4,26,0,0.75,1.0,1.0,0.8,0.5,0.6666666666666666,0.8333333333333334
chb18,8,2,4,0,2,5,chb18_32.edf,144,36,46,6,2,28,0,1.0,6,2,28,0,0.8571428571428571,1.0,1.0,0.9333333333333333,0.75,0.8571428571428571,0.9444444444444444
chb18,8,2,4,1,2,5,chb18_32.edf,144,36,15,6,2,28,0,1.0,6,2,28,0,0.8571428571428571,1.0,1.0,0.9333333333333333,0.75,0.8571428571428571,0.9444444444444444
chb18,8,2,4,2,2,5,chb18_32.edf,144,36,21,6,2,28,0,1.0,6,2,28,0,0.8571428571428571,1.0,1.0,0.9333333333333333,0.75,0.8571428571428571,0.9444444444444444
chb18,8,2,4,3,2,5,chb18_32.edf,144,36,15,6,4,26,0,1.0,6,4,26,0,0.75,1.0,1.0,0.8666666666666667,0.6,0.75,0.8888888888888888
chb18,8,1,8,0,3,5,chb18_35.edf,134,48,98,7,0,40,1,1.0,7,0,40,1,0.9333333333333333,1.0,0.875,1.0,1.0,0.9333333333333333,0.9791666666666666
chb18,8,1,8,1,3,5,chb18_35.edf,134,48,23,7,0,40,1,0.996875,7,0,40,1,0.9333333333333333,1.0,0.875,1.0,1.0,0.9333333333333333,0.9791666666666666
chb18,8,1,8,2,3,5,chb18_35.edf,134,48,12,7,0,40,1,0.996875,7,0,40,1,0.9333333333333333,1.0,0.875,1.0,1.0,0.9333333333333333,0.9791666666666666
chb18,8,1,8,3,3,5,chb18_35.edf,134,48,18,7,0,40,1,1.0,7,0,40,1,0.9333333333333333,1.0,0.875,1.0,1.0,0.9333333333333333,0.9791666666666666
chb18,8,2,4,0,3,5,chb18_35.edf,134,48,98,7,0,40,1,1.0,7,0,40,1,0.9333333333333333,1.0,0.875,1.0,1.0,0.9333333333333333,0.9791666666666666
chb18,8,2,4,1,3,5,chb18_35.edf,134,48,32,7,0,40,1,1.0,7,0,40,1,0.9333333333333333,1.0,0.875,1.0,1.0,0.9333333333333333,0.9791666666666666
chb18,8,2,4,2,3,5,chb18_35.edf,134,48,25,7,0,40,1,1.0,7,0,40,1,0.9333333333333333,1.0,0.875,1.0,1.0,0.9333333333333333,0.9791666666666666
chb18,8,2,4,3,3,5,chb18_35.edf,134,48,19,7,0,40,1,1.0,7,0,40,1,0.9333333333333333,1.0,0.875,1.0,1.0,0.9333333333333333,0.9791666666666666
chb18,8,1,8,0,4,5,chb18_29.edf;chb18_31.edf,105,84,64,14,1,69,0,0.9989795918367348,14,1,69,0,0.9655172413793104,0.9989795918367348,1.0,0.9857142857142858,0.9333333333333333,0.9655172413793104,0.9880952380952381
chb18,8,1,8,1,4,5,chb18_29.edf;chb18_31.edf,105,84,18,14,1,69,0,0.9979591836734695,14,1,69,0,0.9655172413793104,0.9989795918367348,1.0,0.9857142857142858,0.9333333333333333,0.9655172413793104,0.9880952380952381
chb18,8,1,8,2,4,5,chb18_29.edf;chb18_31.edf,105,84,34,14,1,69,0,0.9979591836734695,14,1,69,0,0.9655172413793104,0.9979591836734695,1.0,0.9857142857142858,0.9333333333333333,0.9655172413793104,0.9880952380952381
chb18,8,1,8,3,4,5,chb18_29.edf;chb18_31.edf,105,84,24,14,1,69,0,0.9989795918367348,14,1,69,0,0.9655172413793104,0.9989795918367348,1.0,0.9857142857142858,0.9333333333333333,0.9655172413793104,0.9880952380952381
chb18,8,2,4,0,4,5,chb18_29.edf;chb18_31.edf,105,84,64,14,1,69,0,0.9989795918367348,14,1,69,0,0.9655172413793104,0.9989795918367348,1.0,0.9857142857142858,0.9333333333333333,0.9655172413793104,0.9880952380952381
chb18,8,2,4,1,4,5,chb18_29.edf;chb18_31.edf,105,84,27,14,1,69,0,0.9989795918367348,14,1,69,0,0.9655172413793104,0.9989795918367348,1.0,0.9857142857142858,0.9333333333333333,0.9655172413793104,0.9880952380952381
chb18,8,2,4,2,4,5,chb18_29.edf;chb18_31.edf,105,84,16,14,1,69,0,0.9989795918367348,14,1,69,0,0.9655172413793104,0.9989795918367348,1.0,0.9857142857142858,0.9333333333333333,0.9655172413793104,0.9880952380952381
chb18,8,2,4,3,4,5,chb18_29.edf;chb18_31.edf,105,84,14,14,1,69,0,0.9989795918367348,14,1,69,0,0.9655172413793104,0.9989795918367348,1.0,0.9857142857142858,0.9333333333333333,0.9655172413793104,0.9880952380952381
chb19,8,1,8,0,0,3,chb19_28.edf,91,54,51,7,0,45,2,0.9703703703703704,7,0,45,2,0.875,0.9703703703703704,0.7777777777777778,1.0,1.0,0.875,0.9629629629629629
chb19,8,1,8,1,0,3,chb19_28.edf,91,54,15,7,0,45,2,0.980246913580247,7,0,45,2,0.875,0.9728395061728395,0.7777777777777778,1.0,1.0,0.875,0.9629629629629629
chb19,8,1,8,2,0,3,chb19_28.edf,91,54,31,7,2,43,2,0.9728395061728395,7,1,44,2,0.8235294117647058,0.9728395061728395,0.7777777777777778,0.9555555555555556,0.7777777777777778,0.7777777777777778,0.9259259259259259
chb19,8,1,8,3,0,3,chb19_28.edf,91,54,35,7,2,43,2,0.9728395061728395,7,1,44,2,0.8235294117647058,0.9728395061728395,0.7777777777777778,0.9555555555555556,0.7777777777777778,0.7777777777777778,0.9259259259259259
chb19,8,2,4,0,0,3,chb19_28.edf,91,54,46,7,4,41,2,0.9728395061728395,7,4,41,2,0.7,0.9728395061728395,0.7777777777777778,0.9111111111111111,0.6363636363636364,0.7,0.8888888888888888
chb19,8,2,4,1,0,3,chb19_28.edf,91,54,37,7,1,44,2,0.9777777777777777,7,1,44,2,0.8235294117647058,0.9703703703703703,0.7777777777777778,0.9777777777777777,0.875,0.8235294117647058,0.9444444444444444
chb19,8,2,4,2,0,3,chb19_28.edf,91,54,33,7,1,44,2,0.9703703703703703,7,2,43,2,0.7777777777777778,0.9703703703703703,0.7777777777777778,0.9777777777777777,0.875,0.8235294117647058,0.9444444444444444
chb19,8,2,4,3,0,3,chb19_28.edf,91,54,25,7,1,44,2,0.9728395061728395,7,2,43,2,0.7777777777777778,0.9753086419753086,0.7777777777777778,0.9777777777777777,0.875,0.8235294117647058,0.9444444444444444
chb19,8,1,8,0,1,3,chb19_29.edf,91,54,54,9,2,43,0,0.9827160493827161,9,2,43,0,0.9,0.9827160493827161,1.0,0.9555555555555556,0.8181818181818182,0.9,0.9629629629629629
chb19,8,1,8,1,1,3,chb19_29.edf,91,54,25,9,2,43,0,0.9802469135802468,9,1,44,0,0.9473684210526315,0.9802469135802468,1.0,0.9555555555555556,0.8181818181818182,0.9,0.9629629629629629
chb19,8,1,8,2,1,3,chb19_29.edf,91,54,16,9,2,43,0,0.9802469135802468,9,2,43,0,0.9,0.9802469135802468,1.0,0.9555555555555556,0.8181818181818182,0.9,0.9629629629629629
chb19,8,1,8,3,1,3,chb19_29.edf,91,54,12,9,2,43,0,0.9777777777777779,9,2,43,0,0.9,0.9777777777777779,1.0,0.9555555555555556,0.8181818181818182,0.9,0.9629629629629629
chb19,8,2,4,0,1,3,chb19_29.edf,91,54,92,9,2,43,0,0.9851851851851853,9,2,43,0,0.9,0.9851851851851853,1.0,0.9555555555555556,0.8181818181818182,0.9,0.9629629629629629
chb19,8,2,4,1,1,3,chb19_29.edf,91,54,27,9,2,43,0,0.9876543209876543,8,2,43,1,0.8421052631578947,0.9827160493827161,1.0,0.9555555555555556,0.8181818181818182,0.9,0.9629629629629629
chb19,8,2,4,2,1,3,chb19_29.edf,91,54,18,9,2,43,0,0.9851851851851853,9,2,43,0,0.9,0.9851851851851853,1.0,0.9555555555555556,0.8181818181818182,0.9,0.9629629629629629
chb19,8,2,4,3,1,3,chb19_29.edf,91,54,19,8,2,43,1,0.9851851851851853,8,2,43,1,0.8421052631578947,0.9851851851851853,0.8888888888888888,0.9555555555555556,0.8,0.8421052631578947,0.9444444444444444
chb19,8,1,8,0,2,3,chb19_30.edf,86,60,39,6,0,50,4,0.9800000000000001,6,0,50,4,0.75,0.9800000000000001,0.6,1.0,1.0,0.75,0.9333333333333333
chb19,8,1,8,1,2,3,chb19_30.edf,86,60,14,6,1,49,4,0.982,6,1,49,4,0.7058823529411765,0.984,0.6,0.98,0.8571428571428571,0.7058823529411765,0.9166666666666666
chb19,8,1,8,2,2,3,chb19_30.edf,86,60,10,6,1,49,4,0.982,6,0,50,4,0.75,0.982,0.6,0.98,0.8571428571428571,0.7058823529411765,0.9166666666666666
chb19,8,1,8,3,2,3,chb19_30.edf,86,60,9,7,2,48,3,0.986,7,2,48,3,0.7368421052631579,0.982,0.7,0.96,0.7777777777777778,0.7368421052631579,0.9166666666666666
chb19,8,2,4,0,2,3,chb19_30.edf,86,60,40,6,0,50,4,0.974,6,0,50,4,0.75,0.974,0.6,1.0,1.0,0.75,0.9333333333333333
chb19,8,2,4,1,2,3,chb19_30.edf,86,60,14,6,1,49,4,0.976,6,2,48,4,0.6666666666666666,0.978,0.6,0.98,0.8571428571428571,0.7058823529411765,0.9166666666666666
chb19,8,2,4,2,2,3,chb19_30.edf,86,60,10,6,1,49,4,0.974,6,1,49,4,0.7058823529411765,0.978,0.6,0.98,0.8571428571428571,0.7058823529411765,0.9166666666666666
chb19,8,2,4,3,2,3,chb19_30.edf,86,60,10,7,2,48,3,0.976,7,2,48,3,0.7368421052631579,0.974,0.7,0.96,0.7777777777777778,0.7368421052631579,0.9166666666666666
chb20,8,1,8,0,0,5,chb20_15.edf,105,60,39,8,0,50,2,1.0,8,0,50,2,0.8888888888888888,1.0,0.8,1.0,1.0,0.8888888888888888,0.9666666666666667
chb20,8,1,8,1,0,5,chb20_15.edf,105,60,15,7,0,50,3,1.0,7,0,50,3,0.8235294117647058,1.0,0.7,1.0,1.0,0.8235294117647058,0.95
chb20,8,1,8,2,0,5,chb20_15.edf,105,60,11,7,0,50,3,1.0,7,0,50,3,0.8235294117647058,1.0,0.7,1.0,1.0,0.8235294117647058,0.95
chb20,8,1,8,3,0,5,chb20_15.edf,105,60,10,7,0,50,3,1.0,7,0,50,3,0.8235294117647058,1.0,0.7,1.0,1.0,0.8235294117647058,0.95
chb20,8,2,4,0,0,5,chb20_15.edf,105,60,35,8,0,50,2,1.0,8,0,50,2,0.8888888888888888,1.0,0.8,1.0,1.0,0.8888888888888888,0.9666666666666667
chb20,8,2,4,1,0,5,chb20_15.edf,105,60,17,7,0,50,3,1.0,7,0,50,3,0.8235294117647058,1.0,0.7,1.0,1.0,0.8235294117647058,0.95
chb20,8,2,4,2,0,5,chb20_15.edf,105,60,13,7,0,50,3,1.0,7,0,50,3,0.8235294117647058,1.0,0.7,1.0,1.0,0.8235294117647058,0.95
chb20,8,2,4,3,0,5,chb20_15.edf,105,60,12,7,0,50,3,1.0,7,0,50,3,0.8235294117647058,1.0,0.7,1.0,1.0,0.8235294117647058,0.95
chb20,8,1,8,0,1,5,chb20_14.edf,134,24,66,4,0,20,0,1.0,4,0,20,0,1.0,1.0,1.0,1.0,1.0,1.0,1.0
chb20,8,1,8,1,1,5,chb20_14.edf,134,24,30,4,0,20,0,1.0,4,0,20,0,1.0,1.0,1.0,1.0,1.0,1.0,1.0
chb20,8,1,8,2,1,5,chb20_14.edf,134,24,70,4,0,20,0,1.0,4,0,20,0,1.0,1.0,1.0,1.0,1.0,1.0,1.0
chb20,8,1,8,3,1,5,chb20_14.edf,134,24,18,3,0,20,1,1.0,3,0,20,1,0.8571428571428571,1.0,0.75,1.0,1.0,0.8571428571428571,0.9583333333333334
chb20,8,2,4,0,1,5,chb20_14.edf,134,24,68,4,0,20,0,1.0,4,0,20,0,1.0,1.0,1.0,1.0,1.0,1.0,1.0
chb20,8,2,4,1,1,5,chb20_14.edf,134,24,22,4,0,20,0,1.0,4,0,20,0,1.0,1.0,1.0,1.0,1.0,1.0,1.0
chb20,8,2,4,2,1,5,chb20_14.edf,134,24,91,4,0,20,0,1.0,4,0,20,0,1.0,1.0,1.0,1.0,1.0,1.0,1.0
chb20,8,2,4,3,1,5,chb20_14.edf,134,24,68,3,0,20,1,1.0,3,0,20,1,0.8571428571428571,1.0,0.75,1.0,1.0,0.8571428571428571,0.9583333333333334
chb20,8,1,8,0,2,5,chb20_12.edf;chb20_16.edf,120,42,53,7,6,29,0,0.9877551020408163,7,6,29,0,0.7,0.9877551020408163,1.0,0.8285714285714286,0.5384615384615384,0.7,0.8571428571428571
chb20,8,1,8,1,2,5,chb20_12.edf;chb20_16.edf,120,42,57,7,6,29,0,0.9877551020408163,7,6,29,0,0.7,0.9877551020408163,1.0,0.8285714285714286,0.5384615384615384,0.7,0.8571428571428571
chb20,8,1,8,2,2,5,chb20_12.edf;chb20_16.edf,120,42,33,7,6,29,0,0.9918367346938776,7,6,29,0,0.7,0.9918367346938776,1.0,0.8285714285714286,0.5384615384615384,0.7,0.8571428571428571
chb20,8,1,8,3,2,5,chb20_12.edf;chb20_16.edf,120,42,26,7,6,29,0,0.9877551020408163,7,6,29,0,0.7,0.9877551020408163,1.0,0.8285714285714286,0.5384615384615384,0.7,0.8571428571428571
chb20,8,2,4,0,2,5,chb20_12.edf;chb20_16.edf,120,42,72,7,5,30,0,0.9918367346938776,7,5,30,0,0.7368421052631579,0.9918367346938776,1.0,0.8571428571428571,0.5833333333333334,0.7368421052631579,0.8809523809523809
chb20,8,2,4,1,2,5,chb20_12.edf;chb20_16.edf,120,42,53,7,5,30,0,0.9959183673469387,7,5,30,0,0.7368421052631579,0.9918367346938776,1.0,0.8571428571428571,0.5833333333333334,0.7368421052631579,0.8809523809523809
chb20,8,2,4,2,2,5,chb20_12.edf;chb20_16.edf,120,42,42,7,5,30,0,1.0,7,5,30,0,0.7368421052631579,0.9918367346938776,1.0,0.8571428571428571,0.5833333333333334,0.7368421052631579,0.8809523809523809
chb20,8,2,4,3,2,5,chb20_12.edf;chb20_16.edf,120,42,36,7,5,30,0,0.9959183673469387,7,5,30,0,0.7368421052631579,0.9918367346938776,1.0,0.8571428571428571,0.5833333333333334,0.7368421052631579,0.8809523809523809
chb20,8,1,8,0,3,5,chb20_13.edf,120,42,28,7,0,35,0,1.0,7,0,35,0,1.0,1.0,1.0,1.0,1.0,1.0,1.0
chb20,8,1,8,1,3,5,chb20_13.edf,120,42,13,7,0,35,0,1.0,7,0,35,0,1.0,1.0,1.0,1.0,1.0,1.0,1.0
chb20,8,1,8,2,3,5,chb20_13.edf,120,42,11,7,0,35,0,1.0,7,0,35,0,1.0,1.0,1.0,1.0,1.0,1.0,1.0
chb20,8,1,8,3,3,5,chb20_13.edf,120,42,12,7,0,35,0,1.0,7,0,35,0,1.0,1.0,1.0,1.0,1.0,1.0,1.0
chb20,8,2,4,0,3,5,chb20_13.edf,120,42,33,7,0,35,0,1.0,7,0,35,0,1.0,1.0,1.0,1.0,1.0,1.0,1.0
chb20,8,2,4,1,3,5,chb20_13.edf,120,42,15,7,0,35,0,1.0,7,0,35,0,1.0,1.0,1.0,1.0,1.0,1.0,1.0
chb20,8,2,4,2,3,5,chb20_13.edf,120,42,12,7,0,35,0,1.0,7,0,35,0,1.0,1.0,1.0,1.0,1.0,1.0,1.0
chb20,8,2,4,3,3,5,chb20_13.edf,120,42,12,7,0,35,0,1.0,7,0,35,0,1.0,1.0,1.0,1.0,1.0,1.0,1.0
chb20,8,1,8,0,4,5,chb20_68.edf,134,24,72,1,0,20,3,0.9874999999999999,1,0,20,3,0.4,0.9874999999999999,0.25,1.0,1.0,0.4,0.875
chb20,8,1,8,1,4,5,chb20_68.edf,134,24,13,2,0,20,2,0.975,2,0,20,2,0.6666666666666666,0.975,0.5,1.0,1.0,0.6666666666666666,0.9166666666666666
chb20,8,1,8,2,4,5,chb20_68.edf,134,24,7,1,0,20,3,0.975,1,0,20,3,0.4,0.9874999999999999,0.25,1.0,1.0,0.4,0.875
chb20,8,1,8,3,4,5,chb20_68.edf,134,24,6,1,0,20,3,0.975,1,0,20,3,0.4,0.975,0.25,1.0,1.0,0.4,0.875
chb20,8,2,4,0,4,5,chb20_68.edf,134,24,93,2,0,20,2,1.0,2,0,20,2,0.6666666666666666,1.0,0.5,1.0,1.0,0.6666666666666666,0.9166666666666666
chb20,8,2,4,1,4,5,chb20_68.edf,134,24,14,2,0,20,2,0.9874999999999999,2,0,20,2,0.6666666666666666,0.9874999999999999,0.5,1.0,1.0,0.6666666666666666,0.9166666666666666
chb20,8,2,4,2,4,5,chb20_68.edf,134,24,10,2,0,20,2,0.9874999999999999,2,0,20,2,0.6666666666666666,0.9874999999999999,0.5,1.0,1.0,0.6666666666666666,0.9166666666666666
chb20,8,2,4,3,4,5,chb20_68.edf,134,24,27,1,0,20,3,0.9874999999999999,1,0,20,3,0.4,1.0,0.25,1.0,1.0,0.4,0.875
chb21,8,1,8,0,0,4,chb21_19.edf,81,42,55,6,0,35,1,1.0,6,0,35,1,0.9230769230769231,1.0,0.8571428571428571,1.0,1.0,0.9230769230769231,0.9761904761904762
chb21,8,1,8,1,0,4,chb21_19.edf,81,42,39,7,0,35,0,1.0,7,0,35,0,1.0,1.0,1.0,1.0,1.0,1.0,1.0
chb21,8,1,8,2,0,4,chb21_19.edf,81,42,23,7,0,35,0,1.0,7,0,35,0,1.0,1.0,1.0,1.0,1.0,1.0,1.0
chb21,8,1,8,3,0,4,chb21_19.edf,81,42,20,7,0,35,0,1.0,7,0,35,0,1.0,1.0,1.0,1.0,1.0,1.0,1.0
chb21,8,2,4,0,0,4,chb21_19.edf,81,42,85,7,0,35,0,1.0,7,0,35,0,1.0,1.0,1.0,1.0,1.0,1.0,1.0
chb21,8,2,4,1,0,4,chb21_19.edf,81,42,36,7,0,35,0,1.0,7,0,35,0,1.0,1.0,1.0,1.0,1.0,1.0,1.0
chb21,8,2,4,2,0,4,chb21_19.edf,81,42,27,6,0,35,1,1.0,6,0,35,1,0.9230769230769231,1.0,0.8571428571428571,1.0,1.0,0.9230769230769231,0.9761904761904762
chb21,8,2,4,3,0,4,chb21_19.edf,81,42,41,7,0,35,0,1.0,7,0,35,0,1.0,1.0,1.0,1.0,1.0,1.0,1.0
chb21,8,1,8,0,1,4,chb21_20.edf,86,36,48,6,1,29,0,1.0,6,1,29,0,0.9230769230769231,1.0,1.0,0.9666666666666667,0.8571428571428571,0.9230769230769231,0.9722222222222222
chb21,8,1,8,1,1,4,chb21_20.edf,86,36,19,6,0,30,0,1.0,6,0,30,0,1.0,1.0,1.0,1.0,1.0,1.0,1.0
chb21,8,1,8,2,1,4,chb21_20.edf,86,36,14,6,0,30,0,1.0,6,0,30,0,1.0,1.0,1.0,1.0,1.0,1.0,1.0
chb21,8,1,8,3,1,4,chb21_20.edf,86,36,12,6,0,30,0,1.0,6,0,30,0,1.0,1.0,1.0,1.0,1.0,1.0,1.0
chb21,8,2,4,0,1,4,chb21_20.edf,86,36,51,6,0,30,0,1.0,6,0,30,0,1.0,1.0,1.0,1.0,1.0,1.0,1.0
chb21,8,2,4,1,1,4,chb21_20.edf,86,36,20,6,0,30,0,1.0,6,0,30,0,1.0,1.0,1.0,1.0,1.0,1.0,1.0
chb21,8,2,4,2,1,4,chb21_20.edf,86,36,18,6,0,30,0,1.0,6,0,30,0,1.0,1.0,1.0,1.0,1.0,1.0,1.0
chb21,8,2,4,3,1,4,chb21_20.edf,86,36,18,6,0,30,0,1.0,6,0,30,0,1.0,1.0,1.0,1.0,1.0,1.0,1.0
chb21,8,1,8,0,2,4,chb21_21.edf,67,60,99,10,4,46,0,0.994,10,4,46,0,0.8333333333333334,0.994,1.0,0.92,0.7142857142857143,0.8333333333333334,0.9333333333333333
chb21,8,1,8,1,2,4,chb21_21.edf,67,60,40,10,2,48,0,0.992,10,3,47,0,0.8695652173913043,0.992,1.0,0.96,0.8333333333333334,0.9090909090909091,0.9666666666666667
chb21,8,1,8,2,2,4,chb21_21.edf,67,60,63,9,1,49,1,0.992,10,2,48,0,0.9090909090909091,0.992,0.9,0.98,0.9,0.9,0.9666666666666667
chb21,8,1,8,3,2,4,chb21_21.edf,67,60,26,10,2,48,0,0.992,10,2,48,0,0.9090909090909091,0.992,1.0,0.96,0.8333333333333334,0.9090909090909091,0.9666666666666667
chb21,8,2,4,0,2,4,chb21_21.edf,67,60,99,10,6,44,0,0.998,10,6,44,0,0.7692307692307693,0.998,1.0,0.88,0.625,0.7692307692307693,0.9
chb21,8,2,4,1,2,4,chb21_21.edf,67,60,86,9,1,49,1,0.998,9,0,50,1,0.9473684210526315,0.994,0.9,0.98,0.9,0.9,0.9666666666666667
chb21,8,2,4,2,2,4,chb21_21.edf,67,60,62,9,0,50,1,0.998,8,0,50,2,0.8888888888888888,0.994,0.9,1.0,1.0,0.9473684210526315,0.9833333333333333
chb21,8,2,4,3,2,4,chb21_21.edf,67,60,99,9,0,50,1,0.994,8,0,50,2,0.8888888888888888,0.994,0.9,1.0,1.0,0.9473684210526315,0.9833333333333333
chb21,8,1,8,0,3,4,chb21_22.edf,110,6,80,1,0,5,0,1.0,1,0,5,0,1.0,1.0,1.0,1.0,1.0,1.0,1.0
chb21,8,1,8,1,3,4,chb21_22.edf,110,6,72,1,0,5,0,1.0,1,0,5,0,1.0,1.0,1.0,1.0,1.0,1.0,1.0
chb21,8,1,8,2,3,4,chb21_22.edf,110,6,41,1,0,5,0,1.0,1,0,5,0,1.0,1.0,1.0,1.0,1.0,1.0,1.0
chb21,8,1,8,3,3,4,chb21_22.edf,110,6,30,1,0,5,0,1.0,1,0,5,0,1.0,1.0,1.0,1.0,1.0,1.0,1.0
chb21,8,2,4,0,3,4,chb21_22.edf,110,6,55,1,0,5,0,1.0,1,0,5,0,1.0,1.0,1.0,1.0,1.0,1.0,1.0
chb21,8,2,4,1,3,4,chb21_22.edf,110,6,39,1,0,5,0,1.0,1,0,5,0,1.0,1.0,1.0,1.0,1.0,1.0,1.0
chb21,8,2,4,2,3,4,chb21_22.edf,110,6,21,1,0,5,0,1.0,1,0,5,0,1.0,1.0,1.0,1.0,1.0,1.0,1.0
chb21,8,2,4,3,3,4,chb21_22.edf,110,6,27,1,0,5,0,1.0,1,0,5,0,1.0,1.0,1.0,1.0,1.0,1.0,1.0
chb22,8,1,8,0,0,3,chb22_20.edf,86,42,52,7,0,35,0,1.0,7,0,35,0,1.0,1.0,1.0,1.0,1.0,1.0,1.0
chb22,8,1,8,1,0,3,chb22_20.edf,86,42,18,7,0,35,0,1.0,7,0,35,0,1.0,1.0,1.0,1.0,1.0,1.0,1.0
chb22,8,1,8,2,0,3,chb22_20.edf,86,42,14,7,0,35,0,1.0,7,0,35,0,1.0,1.0,1.0,1.0,1.0,1.0,1.0
chb22,8,1,8,3,0,3,chb22_20.edf,86,42,14,7,0,35,0,1.0,7,0,35,0,1.0,1.0,1.0,1.0,1.0,1.0,1.0
chb22,8,2,4,0,0,3,chb22_20.edf,86,42,52,7,0,35,0,1.0,7,0,35,0,1.0,1.0,1.0,1.0,1.0,1.0,1.0
chb22,8,2,4,1,0,3,chb22_20.edf,86,42,21,7,0,35,0,1.0,7,0,35,0,1.0,1.0,1.0,1.0,1.0,1.0,1.0
chb22,8,2,4,2,0,3,chb22_20.edf,86,42,27,7,0,35,0,1.0,7,0,35,0,1.0,1.0,1.0,1.0,1.0,1.0,1.0
chb22,8,2,4,3,0,3,chb22_20.edf,86,42,15,7,0,35,0,1.0,7,0,35,0,1.0,1.0,1.0,1.0,1.0,1.0,1.0
chb22,8,1,8,0,1,3,chb22_25.edf,76,54,95,9,0,45,0,1.0,9,0,45,0,1.0,1.0,1.0,1.0,1.0,1.0,1.0
chb22,8,1,8,1,1,3,chb22_25.edf,76,54,38,9,0,45,0,1.0,9,0,45,0,1.0,1.0,1.0,1.0,1.0,1.0,1.0
chb22,8,1,8,2,1,3,chb22_25.edf,76,54,37,9,0,45,0,1.0,9,0,45,0,1.0,1.0,1.0,1.0,1.0,1.0,1.0
chb22,8,1,8,3,1,3,chb22_25.edf,76,54,40,9,0,45,0,1.0,9,0,45,0,1.0,1.0,1.0,1.0,1.0,1.0,1.0
chb22,8,2,4,0,1,3,chb22_25.edf,76,54,58,9,1,44,0,1.0,9,1,44,0,0.9473684210526315,1.0,1.0,0.9777777777777777,0.9,0.9473684210526315,0.9814814814814815
chb22,8,2,4,1,1,3,chb22_25.edf,76,54,44,9,1,44,0,1.0,9,1,44,0,0.9473684210526315,1.0,1.0,0.9777777777777777,0.9,0.9473684210526315,0.9814814814814815
chb22,8,2,4,2,1,3,chb22_25.edf,76,54,52,9,1,44,0,1.0,9,1,44,0,0.9473684210526315,1.0,1.0,0.9777777777777777,0.9,0.9473684210526315,0.9814814814814815
chb22,8,2,4,3,1,3,chb22_25.edf,76,54,43,9,1,44,0,1.0,9,1,44,0,0.9473684210526315,1.0,1.0,0.9777777777777777,0.9,0.9473684210526315,0.9814814814814815
chb22,8,1,8,0,2,3,chb22_38.edf,76,54,98,8,0,45,1,1.0,8,0,45,1,0.9411764705882353,1.0,0.8888888888888888,1.0,1.0,0.9411764705882353,0.9814814814814815
chb22,8,1,8,1,2,3,chb22_38.edf,76,54,60,8,0,45,1,1.0,7,0,45,2,0.875,1.0,0.8888888888888888,1.0,1.0,0.9411764705882353,0.9814814814814815
chb22,8,1,8,2,2,3,chb22_38.edf,76,54,30,8,0,45,1,1.0,7,0,45,2,0.875,1.0,0.8888888888888888,1.0,1.0,0.9411764705882353,0.9814814814814815
chb22,8,1,8,3,2,3,chb22_38.edf,76,54,31,8,0,45,1,1.0,7,0,45,2,0.875,1.0,0.8888888888888888,1.0,1.0,0.9411764705882353,0.9814814814814815
chb22,8,2,4,0,2,3,chb22_38.edf,76,54,94,8,0,45,1,1.0,8,0,45,1,0.9411764705882353,1.0,0.8888888888888888,1.0,1.0,0.9411764705882353,0.9814814814814815
chb22,8,2,4,1,2,3,chb22_38.edf,76,54,60,8,0,45,1,1.0,8,0,45,1,0.9411764705882353,1.0,0.8888888888888888,1.0,1.0,0.9411764705882353,0.9814814814814815
chb22,8,2,4,2,2,3,chb22_38.edf,76,54,47,8,0,45,1,1.0,8,0,45,1,0.9411764705882353,1.0,0.8888888888888888,1.0,1.0,0.9411764705882353,0.9814814814814815
chb22,8,2,4,3,2,3,chb22_38.edf,76,54,41,8,0,45,1,1.0,8,0,45,1,0.9411764705882353,1.0,0.8888888888888888,1.0,1.0,0.9411764705882353,0.9814814814814815
chb23,8,1,8,0,0,3,chb23_06.edf,168,84,50,14,2,68,0,1.0,14,2,68,0,0.9333333333333333,1.0,1.0,0.9714285714285714,0.875,0.9333333333333333,0.9761904761904762
chb23,8,1,8,1,0,3,chb23_06.edf,168,84,27,14,2,68,0,1.0,14,0,70,0,1.0,1.0,1.0,0.9714285714285714,0.875,0.9333333333333333,0.9761904761904762
chb23,8,1,8,2,0,3,chb23_06.edf,168,84,24,14,0,70,0,1.0,14,0,70,0,1.0,1.0,1.0,1.0,1.0,1.0,1.0
chb23,8,1,8,3,0,3,chb23_06.edf,168,84,18,14,2,68,0,1.0,14,1,69,0,0.9655172413793104,1.0,1.0,0.9714285714285714,0.875,0.9333333333333333,0.9761904761904762
chb23,8,2,4,0,0,3,chb23_06.edf,168,84,97,14,2,68,0,1.0,14,2,68,0,0.9333333333333333,1.0,1.0,0.9714285714285714,0.875,0.9333333333333333,0.9761904761904762
chb23,8,2,4,1,0,3,chb23_06.edf,168,84,28,14,1,69,0,1.0,14,1,69,0,0.9655172413793104,0.9989795918367348,1.0,0.9857142857142858,0.9333333333333333,0.9655172413793104,0.9880952380952381
chb23,8,2,4,2,0,3,chb23_06.edf,168,84,27,14,1,69,0,1.0,14,1,69,0,0.9655172413793104,0.9989795918367348,1.0,0.9857142857142858,0.9333333333333333,0.9655172413793104,0.9880952380952381
chb23,8,2,4,3,0,3,chb23_06.edf,168,84,23,14,1,69,0,1.0,14,1,69,0,0.9655172413793104,0.9989795918367348,1.0,0.9857142857142858,0.9333333333333333,0.9655172413793104,0.9880952380952381
chb23,8,1,8,0,1,3,chb23_08.edf,201,42,53,7,0,35,0,1.0,7,0,35,0,1.0,1.0,1.0,1.0,1.0,1.0,1.0
chb23,8,1,8,1,1,3,chb23_08.edf,201,42,13,7,0,35,0,1.0,7,0,35,0,1.0,1.0,1.0,1.0,1.0,1.0,1.0
chb23,8,1,8,2,1,3,chb23_08.edf,201,42,23,7,0,35,0,1.0,7,0,35,0,1.0,1.0,1.0,1.0,1.0,1.0,1.0
chb23,8,1,8,3,1,3,chb23_08.edf,201,42,11,7,0,35,0,1.0,7,0,35,0,1.0,1.0,1.0,1.0,1.0,1.0,1.0
chb23,8,2,4,0,1,3,chb23_08.edf,201,42,85,7,0,35,0,1.0,7,0,35,0,1.0,1.0,1.0,1.0,1.0,1.0,1.0
chb23,8,2,4,1,1,3,chb23_08.edf,201,42,83,7,0,35,0,1.0,7,0,35,0,1.0,1.0,1.0,1.0,1.0,1.0,1.0
chb23,8,2,4,2,1,3,chb23_08.edf,201,42,99,7,0,35,0,1.0,7,0,35,0,1.0,1.0,1.0,1.0,1.0,1.0,1.0
chb23,8,2,4,3,1,3,chb23_08.edf,201,42,66,7,0,35,0,1.0,7,0,35,0,1.0,1.0,1.0,1.0,1.0,1.0,1.0
chb23,8,1,8,0,2,3,chb23_09.edf,100,168,66,24,1,139,4,0.9977040816326531,24,1,139,4,0.9056603773584906,0.9977040816326531,0.8571428571428571,0.9928571428571429,0.96,0.9056603773584906,0.9702380952380952
chb23,8,1,8,1,2,3,chb23_09.edf,100,168,17,25,1,139,3,0.9977040816326531,26,1,139,2,0.9454545454545454,0.9989795918367347,0.8928571428571429,0.9928571428571429,0.9615384615384616,0.9259259259259259,0.9761904761904762
chb23,8,1,8,2,2,3,chb23_09.edf,100,168,14,26,1,139,2,0.9977040816326531,26,1,139,2,0.9454545454545454,0.9987244897959184,0.9285714285714286,0.9928571428571429,0.9629629629629629,0.9454545454545454,0.9821428571428571
chb23,8,1,8,3,2,3,chb23_09.edf,100,168,10,26,1,139,2,0.9989795918367347,27,1,139,1,0.9642857142857143,0.9989795918367347,0.9285714285714286,0.9928571428571429,0.9629629629629629,0.9454545454545454,0.9821428571428571
chb23,8,2,4,0,2,3,chb23_09.edf,100,168,69,24,1,139,4,0.9971938775510204,24,1,139,4,0.9056603773584906,0.9971938775510204,0.8571428571428571,0.9928571428571429,0.96,0.9056603773584906,0.9702380952380952
chb23,8,2,4,1,2,3,chb23_09.edf,100,168,20,26,1,139,2,0.9974489795918368,26,1,139,2,0.9454545454545454,0.9974489795918368,0.9285714285714286,0.9928571428571429,0.9629629629629629,0.9454545454545454,0.9821428571428571
chb23,8,2,4,2,2,3,chb23_09.edf,100,168,18,26,1,139,2,0.9974489795918368,26,1,139,2,0.9454545454545454,0.9974489795918368,0.9285714285714286,0.9928571428571429,0.9629629629629629,0.9454545454545454,0.9821428571428571
chb23,8,2,4,3,2,3,chb23_09.edf,100,168,12,26,1,139,2,0.9974489795918368,26,1,139,2,0.9454545454545454,0.9971938775510204,0.9285714285714286,0.9928571428571429,0.9629629629629629,0.9454545454545454,0.9821428571428571
chb24,8,1,8,0,0,5,chb24_07.edf;chb24_13.edf;chb24_21.edf,225,72,21,11,0,60,1,0.9944444444444445,11,0,60,1,0.9565217391304348,0.9944444444444445,0.9166666666666666,1.0,1.0,0.9565217391304348,0.9861111111111112
chb24,8,1,8,1,0,5,chb24_07.edf;chb24_13.edf;chb24_21.edf,225,72,7,10,0,60,2,0.9944444444444445,10,0,60,2,0.9090909090909091,0.9958333333333333,0.8333333333333334,1.0,1.0,0.9090909090909091,0.9722222222222222
chb24,8,1,8,2,0,5,chb24_07.edf;chb24_13.edf;chb24_21.edf,225,72,4,10,0,60,2,0.9930555555555555,10,0,60,2,0.9090909090909091,0.9958333333333333,0.8333333333333334,1.0,1.0,0.9090909090909091,0.9722222222222222
chb24,8,1,8,3,0,5,chb24_07.edf;chb24_13.edf;chb24_21.edf,225,72,4,9,0,60,3,0.9944444444444445,9,0,60,3,0.8571428571428571,0.9958333333333333,0.75,1.0,1.0,0.8571428571428571,0.9583333333333334
chb24,8,2,4,0,0,5,chb24_07.edf;chb24_13.edf;chb24_21.edf,225,72,21,11,0,60,1,0.9930555555555555,11,0,60,1,0.9565217391304348,0.9930555555555555,0.9166666666666666,1.0,1.0,0.9565217391304348,0.9861111111111112
chb24,8,2,4,1,0,5,chb24_07.edf;chb24_13.edf;chb24_21.edf,225,72,6,9,0,60,3,0.9944444444444445,9,0,60,3,0.8571428571428571,0.9944444444444445,0.75,1.0,1.0,0.8571428571428571,0.9583333333333334
chb24,8,2,4,2,0,5,chb24_07.edf;chb24_13.edf;chb24_21.edf,225,72,5,9,0,60,3,0.9916666666666667,9,0,60,3,0.8571428571428571,0.9930555555555555,0.75,1.0,1.0,0.8571428571428571,0.9583333333333334
chb24,8,2,4,3,0,5,chb24_07.edf;chb24_13.edf;chb24_21.edf,225,72,6,10,0,60,2,0.9930555555555555,10,0,60,2,0.9090909090909091,0.9944444444444445,0.8333333333333334,1.0,1.0,0.9090909090909091,0.9722222222222222
chb24,8,1,8,0,1,5,chb24_01.edf;chb24_09.edf,244,48,23,7,0,40,1,1.0,7,0,40,1,0.9333333333333333,1.0,0.875,1.0,1.0,0.9333333333333333,0.9791666666666666
chb24,8,1,8,1,1,5,chb24_01.edf;chb24_09.edf,244,48,50,7,0,40,1,1.0,8,0,40,0,1.0,1.0,0.875,1.0,1.0,0.9333333333333333,0.9791666666666666
chb24,8,1,8,2,1,5,chb24_01.edf;chb24_09.edf,244,48,42,8,0,40,0,1.0,8,0,40,0,1.0,1.0,1.0,1.0,1.0,1.0,1.0
chb24,8,1,8,3,1,5,chb24_01.edf;chb24_09.edf,244,48,43,8,0,40,0,1.0,8,0,40,0,1.0,1.0,1.0,1.0,1.0,1.0,1.0
chb24,8,2,4,0,1,5,chb24_01.edf;chb24_09.edf,244,48,15,7,0,40,1,1.0,7,0,40,1,0.9333333333333333,1.0,0.875,1.0,1.0,0.9333333333333333,0.9791666666666666
chb24,8,2,4,1,1,5,chb24_01.edf;chb24_09.edf,244,48,94,7,0,40,1,0.996875,7,0,40,1,0.9333333333333333,1.0,0.875,1.0,1.0,0.9333333333333333,0.9791666666666666
chb24,8,2,4,2,1,5,chb24_01.edf;chb24_09.edf,244,48,92,7,0,40,1,0.996875,7,0,40,1,0.9333333333333333,0.996875,0.875,1.0,1.0,0.9333333333333333,0.9791666666666666
chb24,8,2,4,3,1,5,chb24_01.edf;chb24_09.edf,244,48,99,7,1,39,1,0.996875,8,0,40,0,1.0,1.0,0.875,0.975,0.875,0.875,0.9583333333333334
chb24,8,1,8,0,2,5,chb24_03.edf;chb24_15.edf,244,48,89,8,0,40,0,1.0,8,0,40,0,1.0,1.0,1.0,1.0,1.0,1.0,1.0
chb24,8,1,8,1,2,5,chb24_03.edf;chb24_15.edf,244,48,10,8,0,40,0,1.0,8,0,40,0,1.0,1.0,1.0,1.0,1.0,1.0,1.0
chb24,8,1,8,2,2,5,chb24_03.edf;chb24_15.edf,244,48,7,8,0,40,0,1.0,8,0,40,0,1.0,1.0,1.0,1.0,1.0,1.0,1.0
chb24,8,1,8,3,2,5,chb24_03.edf;chb24_15.edf,244,48,6,8,0,40,0,1.0,8,0,40,0,1.0,1.0,1.0,1.0,1.0,1.0,1.0
chb24,8,2,4,0,2,5,chb24_03.edf;chb24_15.edf,244,48,72,8,0,40,0,1.0,8,0,40,0,1.0,1.0,1.0,1.0,1.0,1.0,1.0
chb24,8,2,4,1,2,5,chb24_03.edf;chb24_15.edf,244,48,10,8,0,40,0,1.0,8,0,40,0,1.0,1.0,1.0,1.0,1.0,1.0,1.0
chb24,8,2,4,2,2,5,chb24_03.edf;chb24_15.edf,244,48,7,8,0,40,0,1.0,8,0,40,0,1.0,1.0,1.0,1.0,1.0,1.0,1.0
chb24,8,2,4,3,2,5,chb24_03.edf;chb24_15.edf,244,48,7,8,0,40,0,1.0,8,0,40,0,1.0,1.0,1.0,1.0,1.0,1.0,1.0
chb24,8,1,8,0,3,5,chb24_04.edf;chb24_06.edf;chb24_14.edf,211,90,34,13,3,72,2,0.9653333333333334,13,3,72,2,0.8387096774193549,0.9653333333333334,0.8666666666666667,0.96,0.8125,0.8387096774193549,0.9444444444444444
chb24,8,1,8,1,3,5,chb24_04.edf;chb24_06.edf;chb24_14.edf,211,90,9,13,10,65,2,0.9653333333333333,14,11,64,1,0.7,0.9751111111111112,0.8666666666666667,0.8666666666666667,0.5652173913043478,0.6842105263157895,0.8666666666666667
chb24,8,1,8,2,3,5,chb24_04.edf;chb24_06.edf;chb24_14.edf,211,90,91,13,9,66,2,0.9653333333333333,13,8,67,2,0.7222222222222222,0.9653333333333334,0.8666666666666667,0.88,0.5909090909090909,0.7027027027027027,0.8777777777777778
chb24,8,1,8,3,3,5,chb24_04.edf;chb24_06.edf;chb24_14.edf,211,90,23,14,16,59,1,0.9644444444444444,14,19,56,1,0.5833333333333334,0.967111111111111,0.9333333333333333,0.7866666666666666,0.4666666666666667,0.6222222222222222,0.8111111111111111
chb24,8,2,4,0,3,5,chb24_04.edf;chb24_06.edf;chb24_14.edf,211,90,48,13,5,70,2,0.9715555555555555,13,5,70,2,0.7878787878787878,0.9715555555555555,0.8666666666666667,0.9333333333333333,0.7222222222222222,0.7878787878787878,0.9222222222222223
chb24,8,2,4,1,3,5,chb24_04.edf;chb24_06.edf;chb24_14.edf,211,90,14,15,21,54,0,0.976,15,20,55,0,0.6,0.967111111111111,1.0,0.72,0.4166666666666667,0.5882352941176471,0.7666666666666667
chb24,8,2,4,2,3,5,chb24_04.edf;chb24_06.edf;chb24_14.edf,211,90,7,15,15,60,0,0.9777777777777779,14,16,59,1,0.6222222222222222,0.9733333333333333,1.0,0.8,0.5,0.6666666666666666,0.8333333333333334
chb24,8,2,4,3,3,5,chb24_04.edf;chb24_06.edf;chb24_14.edf,211,90,13,15,21,54,0,0.9688888888888889,15,20,55,0,0.6,0.968,1.0,0.72,0.4166666666666667,0.5882352941176471,0.7666666666666667
chb24,8,1,8,0,4,5,chb24_11.edf;chb24_17.edf,206,96,77,9,0,80,7,0.81796875,9,0,80,7,0.72,0.81796875,0.5625,1.0,1.0,0.72,0.9270833333333334
chb24,8,1,8,1,4,5,chb24_11.edf;chb24_17.edf,206,96,20,10,2,78,6,0.8171875,10,2,78,6,0.7142857142857143,0.82265625,0.625,0.975,0.8333333333333334,0.7142857142857143,0.9166666666666666
chb24,8,1,8,2,4,5,chb24_11.edf;chb24_17.edf,206,96,16,10,2,78,6,0.83359375,10,2,78,6,0.7142857142857143,0.8234374999999999,0.625,0.975,0.8333333333333334,0.7142857142857143,0.9166666666666666
chb24,8,1,8,3,4,5,chb24_11.edf;chb24_17.edf,206,96,27,10,3,77,6,0.8218749999999999,10,2,78,6,0.7142857142857143,0.81953125,0.625,0.9625,0.7692307692307693,0.6896551724137931,0.90625
chb24,8,2,4,0,4,5,chb24_11.edf;chb24_17.edf,206,96,32,9,0,80,7,0.8226562500000001,9,0,80,7,0.72,0.8226562500000001,0.5625,1.0,1.0,0.72,0.9270833333333334
chb24,8,2,4,1,4,5,chb24_11.edf;chb24_17.edf,206,96,80,9,0,80,7,0.82890625,9,0,80,7,0.72,0.8117187499999999,0.5625,1.0,1.0,0.72,0.9270833333333334
chb24,8,2,4,2,4,5,chb24_11.edf;chb24_17.edf,206,96,14,10,0,80,6,0.83671875,9,1,79,7,0.6923076923076923,0.828125,0.625,1.0,1.0,0.7692307692307693,0.9375
chb24,8,2,4,3,4,5,chb24_11.edf;chb24_17.edf,206,96,22,9,0,80,7,0.82421875,9,0,80,7,0.72,0.8140625,0.5625,1.0,1.0,0.72,0.9270833333333334
chb01,10,1,10,0,0,5,chb01_21.edf,163,54,34,9,0,45,0,1.0,9,0,45,0,1.0,1.0,1.0,1.0,1.0,1.0,1.0
chb01,10,1,10,1,0,5,chb01_21.edf,163,54,12,9,0,45,0,1.0,9,0,45,0,1.0,1.0,1.0,1.0,1.0,1.0,1.0
chb01,10,1,10,2,0,5,chb01_21.edf,163,54,9,9,0,45,0,1.0,9,0,45,0,1.0,1.0,1.0,1.0,1.0,1.0,1.0
chb01,10,1,10,3,0,5,chb01_21.edf,163,54,8,9,0,45,0,1.0,9,0,45,0,1.0,1.0,1.0,1.0,1.0,1.0,1.0
chb01,10,2,5,0,0,5,chb01_21.edf,163,54,34,9,1,44,0,1.0,9,1,44,0,0.9473684210526315,1.0,1.0,0.9777777777777777,0.9,0.9473684210526315,0.9814814814814815
chb01,10,2,5,1,0,5,chb01_21.edf,163,54,13,9,1,44,0,1.0,9,1,44,0,0.9473684210526315,1.0,1.0,0.9777777777777777,0.9,0.9473684210526315,0.9814814814814815
chb01,10,2,5,2,0,5,chb01_21.edf,163,54,9,9,1,44,0,1.0,9,1,44,0,0.9473684210526315,1.0,1.0,0.9777777777777777,0.9,0.9473684210526315,0.9814814814814815
chb01,10,2,5,3,0,5,chb01_21.edf,163,54,10,9,1,44,0,1.0,9,1,44,0,0.9473684210526315,1.0,1.0,0.9777777777777777,0.9,0.9473684210526315,0.9814814814814815
chb01,10,1,10,0,1,5,chb01_26.edf,158,60,84,10,1,49,0,1.0,10,1,49,0,0.9523809523809523,1.0,1.0,0.98,0.9090909090909091,0.9523809523809523,0.9833333333333333
chb01,10,1,10,1,1,5,chb01_26.edf,158,60,21,10,0,50,0,1.0,10,0,50,0,1.0,1.0,1.0,1.0,1.0,1.0,1.0
chb01,10,1,10,2,1,5,chb01_26.edf,158,60,13,10,0,50,0,1.0,10,0,50,0,1.0,1.0,1.0,1.0,1.0,1.0,1.0
chb01,10,1,10,3,1,5,chb01_26.edf,158,60,17,10,0,50,0,1.0,10,0,50,0,1.0,1.0,1.0,1.0,1.0,1.0,1.0
chb01,10,2,5,0,1,5,chb01_26.edf,158,60,73,10,1,49,0,1.0,10,1,49,0,0.9523809523809523,1.0,1.0,0.98,0.9090909090909091,0.9523809523809523,0.9833333333333333
chb01,10,2,5,1,1,5,chb01_26.edf,158,60,36,10,1,49,0,1.0,10,1,49,0,0.9523809523809523,1.0,1.0,0.98,0.9090909090909091,0.9523809523809523,0.9833333333333333
chb01,10,2,5,2,1,5,chb01_26.edf,158,60,44,10,1,49,0,1.0,10,1,49,0,0.9523809523809523,1.0,1.0,0.98,0.9090909090909091,0.9523809523809523,0.9833333333333333
chb01,10,2,5,3,1,5,chb01_26.edf,158,60,19,10,1,49,0,1.0,10,1,49,0,0.9523809523809523,1.0,1.0,0.98,0.9090909090909091,0.9523809523809523,0.9833333333333333
chb01,10,1,10,0,2,5,chb01_03.edf,187,24,96,4,0,20,0,1.0,4,0,20,0,1.0,1.0,1.0,1.0,1.0,1.0,1.0
chb01,10,1,10,1,2,5,chb01_03.edf,187,24,79,4,0,20,0,1.0,4,0,20,0,1.0,1.0,1.0,1.0,1.0,1.0,1.0
chb01,10,1,10,2,2,5,chb01_03.edf,187,24,41,4,0,20,0,1.0,4,0,20,0,1.0,1.0,1.0,1.0,1.0,1.0,1.0
chb01,10,1,10,3,2,5,chb01_03.edf,187,24,18,4,0,20,0,1.0,4,0,20,0,1.0,1.0,1.0,1.0,1.0,1.0,1.0
chb01,10,2,5,0,2,5,chb01_03.edf,187,24,62,4,0,20,0,1.0,4,0,20,0,1.0,1.0,1.0,1.0,1.0,1.0,1.0
chb01,10,2,5,1,2,5,chb01_03.edf,187,24,60,4,0,20,0,1.0,4,0,20,0,1.0,1.0,1.0,1.0,1.0,1.0,1.0
chb01,10,2,5,2,2,5,chb01_03.edf,187,24,21,4,0,20,0,1.0,4,0,20,0,1.0,1.0,1.0,1.0,1.0,1.0,1.0
chb01,10,2,5,3,2,5,chb01_03.edf,187,24,28,4,0,20,0,1.0,4,0,20,0,1.0,1.0,1.0,1.0,1.0,1.0,1.0
chb01,10,1,10,0,3,5,chb01_15.edf;chb01_16.edf,163,54,38,9,0,45,0,1.0,9,0,45,0,1.0,1.0,1.0,1.0,1.0,1.0,1.0
chb01,10,1,10,1,3,5,chb01_15.edf;chb01_16.edf,163,54,16,9,0,45,0,1.0,9,0,45,0,1.0,1.0,1.0,1.0,1.0,1.0,1.0
chb01,10,1,10,2,3,5,chb01_15.edf;chb01_16.edf,163,54,14,9,0,45,0,1.0,9,0,45,0,1.0,1.0,1.0,1.0,1.0,1.0,1.0
chb01,10,1,10,3,3,5,chb01_15.edf;chb01_16.edf,163,54,21,9,0,45,0,1.0,9,0,45,0,1.0,1.0,1.0,1.0,1.0,1.0,1.0
chb01,10,2,5,0,3,5,chb01_15.edf;chb01_16.edf,163,54,38,9,0,45,0,1.0,9,0,45,0,1.0,1.0,1.0,1.0,1.0,1.0,1.0
chb01,10,2,5,1,3,5,chb01_15.edf;chb01_16.edf,163,54,24,9,0,45,0,1.0,9,0,45,0,1.0,1.0,1.0,1.0,1.0,1.0,1.0
chb01,10,2,5,2,3,5,chb01_15.edf;chb01_16.edf,163,54,26,9,0,45,0,1.0,9,0,45,0,1.0,1.0,1.0,1.0,1.0,1.0,1.0
chb01,10,2,5,3,3,5,chb01_15.edf;chb01_16.edf,163,54,27,9,0,45,0,1.0,9,0,45,0,1.0,1.0,1.0,1.0,1.0,1.0,1.0
chb01,10,1,10,0,4,5,chb01_04.edf;chb01_18.edf,153,66,79,11,0,55,0,1.0,11,0,55,0,1.0,1.0,1.0,1.0,1.0,1.0,1.0
chb01,10,1,10,1,4,5,chb01_04.edf;chb01_18.edf,153,66,15,11,0,55,0,1.0,11,0,55,0,1.0,1.0,1.0,1.0,1.0,1.0,1.0
chb01,10,1,10,2,4,5,chb01_04.edf;chb01_18.edf,153,66,10,11,0,55,0,1.0,11,0,55,0,1.0,1.0,1.0,1.0,1.0,1.0,1.0
chb01,10,1,10,3,4,5,chb01_04.edf;chb01_18.edf,153,66,18,11,0,55,0,1.0,11,0,55,0,1.0,1.0,1.0,1.0,1.0,1.0,1.0
chb01,10,2,5,0,4,5,chb01_04.edf;chb01_18.edf,153,66,60,11,0,55,0,1.0,11,0,55,0,1.0,1.0,1.0,1.0,1.0,1.0,1.0
chb01,10,2,5,1,4,5,chb01_04.edf;chb01_18.edf,153,66,16,11,0,55,0,1.0,11,0,55,0,1.0,1.0,1.0,1.0,1.0,1.0,1.0
chb01,10,2,5,2,4,5,chb01_04.edf;chb01_18.edf,153,66,25,11,0,55,0,1.0,11,0,55,0,1.0,1.0,1.0,1.0,1.0,1.0,1.0
chb01,10,2,5,3,4,5,chb01_04.edf;chb01_18.edf,153,66,17,11,0,55,0,1.0,11,0,55,0,1.0,1.0,1.0,1.0,1.0,1.0,1.0
chb02,10,1,10,0,0,2,chb02_16+.edf,38,48,26,0,0,40,8,0.984375,0,0,40,8,0.0,0.984375,0.0,1.0,,0.0,0.8333333333333334
chb02,10,1,10,1,0,2,chb02_16+.edf,38,48,23,0,0,40,8,0.984375,0,0,40,8,0.0,0.984375,0.0,1.0,,0.0,0.8333333333333334
chb02,10,1,10,2,0,2,chb02_16+.edf,38,48,15,0,0,40,8,0.984375,0,0,40,8,0.0,0.984375,0.0,1.0,,0.0,0.8333333333333334
chb02,10,1,10,3,0,2,chb02_16+.edf,38,48,12,0,0,40,8,0.984375,0,0,40,8,0.0,0.984375,0.0,1.0,,0.0,0.8333333333333334
chb02,10,2,5,0,0,2,chb02_16+.edf,38,48,25,0,0,40,8,0.984375,0,0,40,8,0.0,0.984375,0.0,1.0,,0.0,0.8333333333333334
chb02,10,2,5,1,0,2,chb02_16+.edf,38,48,24,1,0,40,7,0.984375,1,0,40,7,0.2222222222222222,0.9812500000000001,0.125,1.0,1.0,0.2222222222222222,0.8541666666666666
chb02,10,2,5,2,0,2,chb02_16+.edf,38,48,18,1,0,40,7,0.984375,1,0,40,7,0.2222222222222222,0.984375,0.125,1.0,1.0,0.2222222222222222,0.8541666666666666
chb02,10,2,5,3,0,2,chb02_16+.edf,38,48,15,0,0,40,8,0.984375,0,0,40,8,0.0,0.984375,0.0,1.0,,0.0,0.8333333333333334
chb02,10,1,10,0,1,2,chb02_16.edf,38,48,68,8,33,7,0,0.9093749999999999,8,33,7,0,0.32653061224489793,0.9093749999999999,1.0,0.175,0.1951219512195122,0.32653061224489793,0.3125
chb02,10,1,10,1,1,2,chb02_16.edf,38,48,72,8,32,8,0,0.8843749999999999,8,32,8,0,0.3333333333333333,0.9125,1.0,0.2,0.2,0.3333333333333333,0.3333333333333333
chb02,10,1,10,2,1,2,chb02_16.edf,38,48,85,8,32,8,0,0.890625,8,32,8,0,0.3333333333333333,0.90625,1.0,0.2,0.2,0.3333333333333333,0.3333333333333333
chb02,10,1,10,3,1,2,chb02_16.edf,38,48,63,8,30,10,0,0.9000000000000001,8,32,8,0,0.3333333333333333,0.8875,1.0,0.25,0.21052631578947367,0.34782608695652173,0.375
chb02,10,2,5,0,1,2,chb02_16.edf,38,48,99,8,33,7,0,0.890625,8,33,7,0,0.32653061224489793,0.890625,1.0,0.175,0.1951219512195122,0.32653061224489793,0.3125
chb02,10,2,5,1,1,2,chb02_16.edf,38,48,82,8,32,8,0,0.89375,8,33,7,0,0.32653061224489793,0.8875,1.0,0.2,0.2,0.3333333333333333,0.3333333333333333
chb02,10,2,5,2,1,2,chb02_16.edf,38,48,79,8,32,8,0,0.890625,8,31,9,0,0.3404255319148936,0.896875,1.0,0.2,0.2,0.3333333333333333,0.3333333333333333
chb02,10,2,5,3,1,2,chb02_16.edf,38,48,58,8,32,8,0,0.890625,8,33,7,0,0.32653061224489793,0.8875,1.0,0.2,0.2,0.3333333333333333,0.3333333333333333
chb03,10,1,10,0,0,5,chb03_02.edf,148,36,38,6,0,30,0,1.0,6,0,30,0,1.0,1.0,1.0,1.0,1.0,1.0,1.0
chb03,10,1,10,1,0,5,chb03_02.edf,148,36,12,6,0,30,0,1.0,6,0,30,0,1.0,1.0,1.0,1.0,1.0,1.0,1.0
chb03,10,1,10,2,0,5,chb03_02.edf,148,36,11,6,0,30,0,1.0,6,0,30,0,1.0,1.0,1.0,1.0,1.0,1.0,1.0
chb03,10,1,10,3,0,5,chb03_02.edf,148,36,9,6,0,30,0,1.0,6,0,30,0,1.0,1.0,1.0,1.0,1.0,1.0,1.0
chb03,10,2,5,0,0,5,chb03_02.edf,148,36,38,6,0,30,0,1.0,6,0,30,0,1.0,1.0,1.0,1.0,1.0,1.0,1.0
chb03,10,2,5,1,0,5,chb03_02.edf,148,36,29,6,0,30,0,1.0,6,0,30,0,1.0,1.0,1.0,1.0,1.0,1.0,1.0
chb03,10,2,5,2,0,5,chb03_02.edf,148,36,18,6,0,30,0,1.0,6,0,30,0,1.0,1.0,1.0,1.0,1.0,1.0,1.0
chb03,10,2,5,3,0,5,chb03_02.edf,148,36,17,6,0,30,0,1.0,6,0,30,0,1.0,1.0,1.0,1.0,1.0,1.0,1.0
chb03,10,1,10,0,1,5,chb03_03.edf,148,36,94,6,0,30,0,1.0,6,0,30,0,1.0,1.0,1.0,1.0,1.0,1.0,1.0
chb03,10,1,10,1,1,5,chb03_03.edf,148,36,16,6,0,30,0,1.0,6,0,30,0,1.0,1.0,1.0,1.0,1.0,1.0,1.0
chb03,10,1,10,2,1,5,chb03_03.edf,148,36,15,6,0,30,0,1.0,6,0,30,0,1.0,1.0,1.0,1.0,1.0,1.0,1.0
chb03,10,1,10,3,1,5,chb03_03.edf,148,36,22,6,0,30,0,1.0,6,0,30,0,1.0,1.0,1.0,1.0,1.0,1.0,1.0
chb03,10,2,5,0,1,5,chb03_03.edf,148,36,98,6,0,30,0,1.0,6,0,30,0,1.0,1.0,1.0,1.0,1.0,1.0,1.0
chb03,10,2,5,1,1,5,chb03_03.edf,148,36,36,6,0,30,0,1.0,6,0,30,0,1.0,1.0,1.0,1.0,1.0,1.0,1.0
chb03,10,2,5,2,1,5,chb03_03.edf,148,36,26,6,0,30,0,1.0,6,0,30,0,1.0,1.0,1.0,1.0,1.0,1.0,1.0
chb03,10,2,5,3,1,5,chb03_03.edf,148,36,18,6,0,30,0,1.0,6,0,30,0,1.0,1.0,1.0,1.0,1.0,1.0,1.0
chb03,10,1,10,0,2,5,chb03_01.edf;chb03_34.edf,134,54,92,9,1,44,0,0.9950617283950617,9,1,44,0,0.9473684210526315,0.9950617283950617,1.0,0.9777777777777777,0.9,0.9473684210526315,0.9814814814814815
chb03,10,1,10,1,2,5,chb03_01.edf;chb03_34.edf,134,54,56,9,1,44,0,0.9950617283950617,9,1,44,0,0.9473684210526315,0.9950617283950617,1.0,0.9777777777777777,0.9,0.9473684210526315,0.9814814814814815
chb03,10,1,10,2,2,5,chb03_01.edf;chb03_34.edf,134,54,63,9,1,44,0,0.9950617283950617,9,1,44,0,0.9473684210526315,0.9950617283950617,1.0,0.9777777777777777,0.9,0.9473684210526315,0.9814814814814815
chb03,10,1,10,3,2,5,chb03_01.edf;chb03_34.edf,134,54,22,9,1,44,0,0.9950617283950617,9,1,44,0,0.9473684210526315,0.9950617283950617,1.0,0.9777777777777777,0.9,0.9473684210526315,0.9814814814814815
chb03,10,2,5,0,2,5,chb03_01.edf;chb03_34.edf,134,54,96,9,1,44,0,0.9925925925925926,9,1,44,0,0.9473684210526315,0.9925925925925926,1.0,0.9777777777777777,0.9,0.9473684210526315,0.9814814814814815
chb03,10,2,5,1,2,5,chb03_01.edf;chb03_34.edf,134,54,93,9,1,44,0,0.9925925925925926,9,2,43,0,0.9,0.9876543209876543,1.0,0.9777777777777777,0.9,0.9473684210526315,0.9814814814814815
chb03,10,2,5,2,2,5,chb03_01.edf;chb03_34.edf,134,54,26,9,1,44,0,0.9901234567901235,9,2,43,0,0.9,0.9876543209876543,1.0,0.9777777777777777,0.9,0.9473684210526315,0.9814814814814815
chb03,10,2,5,3,2,5,chb03_01.edf;chb03_34.edf,134,54,21,9,1,44,0,0.9901234567901235,9,1,44,0,0.9473684210526315,0.9925925925925926,1.0,0.9777777777777777,0.9,0.9473684210526315,0.9814814814814815
chb03,10,1,10,0,3,5,chb03_35.edf,148,36,49,6,0,30,0,1.0,6,0,30,0,1.0,1.0,1.0,1.0,1.0,1.0,1.0
chb03,10,1,10,1,3,5,chb03_35.edf,148,36,13,6,0,30,0,1.0,6,0,30,0,1.0,1.0,1.0,1.0,1.0,1.0,1.0
chb03,10,1,10,2,3,5,chb03_35.edf,148,36,7,6,0,30,0,1.0,6,0,30,0,1.0,1.0,1.0,1.0,1.0,1.0,1.0
chb03,10,1,10,3,3,5,chb03_35.edf,148,36,8,6,0,30,0,1.0,6,0,30,0,1.0,1.0,1.0,1.0,1.0,1.0,1.0
chb03,10,2,5,0,3,5,chb03_35.edf,148,36,33,6,0,30,0,1.0,6,0,30,0,1.0,1.0,1.0,1.0,1.0,1.0,1.0
chb03,10,2,5,1,3,5,chb03_35.edf,148,36,14,6,0,30,0,1.0,6,0,30,0,1.0,1.0,1.0,1.0,1.0,1.0,1.0
chb03,10,2,5,2,3,5,chb03_35.edf,148,36,8,6,0,30,0,1.0,6,0,30,0,1.0,1.0,1.0,1.0,1.0,1.0,1.0
chb03,10,2,5,3,3,5,chb03_35.edf,148,36,9,6,0,30,0,1.0,6,0,30,0,1.0,1.0,1.0,1.0,1.0,1.0,1.0
chb03,10,1,10,0,4,5,chb03_04.edf;chb03_36.edf,129,60,98,10,2,48,0,1.0,10,2,48,0,0.9090909090909091,1.0,1.0,0.96,0.8333333333333334,0.9090909090909091,0.9666666666666667
chb03,10,1,10,1,4,5,chb03_04.edf;chb03_36.edf,129,60,15,10,0,50,0,1.0,10,0,50,0,1.0,1.0,1.0,1.0,1.0,1.0,1.0
chb03,10,1,10,2,4,5,chb03_04.edf;chb03_36.edf,129,60,8,10,1,49,0,1.0,10,1,49,0,0.9523809523809523,1.0,1.0,0.98,0.9090909090909091,0.9523809523809523,0.9833333333333333
chb03,10,1,10,3,4,5,chb03_04.edf;chb03_36.edf,129,60,12,10,2,48,0,1.0,10,2,48,0,0.9090909090909091,1.0,1.0,0.96,0.8333333333333334,0.9090909090909091,0.9666666666666667
chb03,10,2,5,0,4,5,chb03_04.edf;chb03_36.edf,129,60,97,10,1,49,0,1.0,10,1,49,0,0.9523809523809523,1.0,1.0,0.98,0.9090909090909091,0.9523809523809523,0.9833333333333333
chb03,10,2,5,1,4,5,chb03_04.edf;chb03_36.edf,129,60,12,10,0,50,0,1.0,10,0,50,0,1.0,1.0,1.0,1.0,1.0,1.0,1.0
chb03,10,2,5,2,4,5,chb03_04.edf;chb03_36.edf,129,60,8,10,0,50,0,1.0,10,0,50,0,1.0,1.0,1.0,1.0,1.0,1.0,1.0
chb03,10,2,5,3,4,5,chb03_04.edf;chb03_36.edf,129,60,11,10,2,48,0,1.0,10,2,48,0,0.9090909090909091,1.0,1.0,0.96,0.8333333333333334,0.9090909090909091,0.9666666666666667
chb04,10,1,10,0,0,3,chb04_05.edf,153,24,31,4,15,5,0,0.30000000000000004,4,15,5,0,0.34782608695652173,0.30000000000000004,1.0,0.25,0.21052631578947367,0.34782608695652173,0.375
chb04,10,1,10,1,0,3,chb04_05.edf,153,24,14,4,15,5,0,0.30000000000000004,4,15,5,0,0.34782608695652173,0.28750000000000003,1.0,0.25,0.21052631578947367,0.34782608695652173,0.375
chb04,10,1,10,2,0,3,chb04_05.edf,153,24,8,4,15,5,0,0.30000000000000004,4,15,5,0,0.34782608695652173,0.28750000000000003,1.0,0.25,0.21052631578947367,0.34782608695652173,0.375
chb04,10,1,10,3,0,3,chb04_05.edf,153,24,7,4,15,5,0,0.30000000000000004,4,15,5,0,0.34782608695652173,0.30000000000000004,1.0,0.25,0.21052631578947367,0.34782608695652173,0.375
chb04,10,2,5,0,0,3,chb04_05.edf,153,24,28,4,15,5,0,0.30000000000000004,4,15,5,0,0.34782608695652173,0.30000000000000004,1.0,0.25,0.21052631578947367,0.34782608695652173,0.375
chb04,10,2,5,1,0,3,chb04_05.edf,153,24,14,4,15,5,0,0.30000000000000004,4,15,5,0,0.34782608695652173,0.30000000000000004,1.0,0.25,0.21052631578947367,0.34782608695652173,0.375
chb04,10,2,5,2,0,3,chb04_05.edf,153,24,12,4,14,6,0,0.30000000000000004,4,14,6,0,0.36363636363636365,0.30000000000000004,1.0,0.3,0.2222222222222222,0.36363636363636365,0.4166666666666667
chb04,10,2,5,3,0,3,chb04_05.edf,153,24,11,4,15,5,0,0.30000000000000004,4,15,5,0,0.34782608695652173,0.30000000000000004,1.0,0.25,0.21052631578947367,0.34782608695652173,0.375
chb04,10,1,10,0,1,3,chb04_08.edf,120,66,26,10,4,51,1,0.9851239669421488,10,4,51,1,0.8,0.9851239669421488,0.9090909090909091,0.9272727272727272,0.7142857142857143,0.8,0.9242424242424242
chb04,10,1,10,1,1,3,chb04_08.edf,120,66,12,8,0,55,3,0.9801652892561984,8,0,55,3,0.8421052631578947,0.9834710743801653,0.7272727272727273,1.0,1.0,0.8421052631578947,0.9545454545454546
chb04,10,1,10,2,1,3,chb04_08.edf,120,66,12,9,1,54,2,0.9801652892561984,10,0,55,1,0.9523809523809523,0.9867768595041322,0.8181818181818182,0.9818181818181818,0.9,0.8571428571428571,0.9545454545454546
chb04,10,1,10,3,1,3,chb04_08.edf,120,66,11,9,2,53,2,0.975206611570248,10,4,51,1,0.8,0.9735537190082645,0.8181818181818182,0.9636363636363636,0.8181818181818182,0.8181818181818182,0.9393939393939394
chb04,10,2,5,0,1,3,chb04_08.edf,120,66,26,10,3,52,1,0.9867768595041323,10,3,52,1,0.8333333333333334,0.9867768595041323,0.9090909090909091,0.9454545454545454,0.7692307692307693,0.8333333333333334,0.9393939393939394
chb04,10,2,5,1,1,3,chb04_08.edf,120,66,13,8,0,55,3,0.9867768595041322,8,0,55,3,0.8421052631578947,0.9867768595041322,0.7272727272727273,1.0,1.0,0.8421052631578947,0.9545454545454546
chb04,10,2,5,2,1,3,chb04_08.edf,120,66,13,10,1,54,1,0.9867768595041323,10,0,55,1,0.9523809523809523,0.9867768595041322,0.9090909090909091,0.9818181818181818,0.9090909090909091,0.9090909090909091,0.9696969696969697
chb04,10,2,5,3,1,3,chb04_08.edf,120,66,11,7,1,54,4,0.9801652892561984,7,0,55,4,0.7777777777777778,0.9785123966942149,0.6363636363636364,0.9818181818181818,0.875,0.7368421052631579,0.9242424242424242
chb04,10,1,10,0,2,3,chb04_28.edf,72,126,97,4,0,105,17,0.6671201814058957,4,0,105,17,0.32,0.6671201814058957,0.19047619047619047,1.0,1.0,0.32,0.8650793650793651
chb04,10,1,10,1,2,3,chb04_28.edf,72,126,97,4,0,105,17,0.672108843537415,3,0,105,18,0.25,0.6448979591836735,0.19047619047619047,1.0,1.0,0.32,0.8650793650793651
chb04,10,1,10,2,2,3,chb04_28.edf,72,126,59,4,0,105,17,0.6984126984126983,4,0,105,17,0.32,0.671201814058957,0.19047619047619047,1.0,1.0,0.32,0.8650793650793651
chb04,10,1,10,3,2,3,chb04_28.edf,72,126,31,4,0,105,17,0.6684807256235827,4,0,105,17,0.32,0.6603174603174603,0.19047619047619047,1.0,1.0,0.32,0.8650793650793651
chb04,10,2,5,0,2,3,chb04_28.edf,72,126,98,2,0,105,19,0.48253968253968255,2,0,105,19,0.17391304347826086,0.48253968253968255,0.09523809523809523,1.0,1.0,0.17391304347826086,0.8492063492063492
chb04,10,2,5,1,2,3,chb04_28.edf,72,126,97,2,0,105,19,0.4693877551020409,2,0,105,19,0.17391304347826086,0.4852607709750567,0.09523809523809523,1.0,1.0,0.17391304347826086,0.8492063492063492
chb04,10,2,5,2,2,3,chb04_28.edf,72,126,43,2,0,105,19,0.4861678004535147,2,0,105,19,0.17391304347826086,0.4884353741496599,0.09523809523809523,1.0,1.0,0.17391304347826086,0.8492063492063492
chb04,10,2,5,3,2,3,chb04_28.edf,72,126,41,2,0,105,19,0.472562358276644,2,0,105,19,0.17391304347826086,0.48253968253968255,0.09523809523809523,1.0,1.0,0.17391304347826086,0.8492063492063492
chb05,10,1,10,0,0,5,chb05_06.edf,206,66,46,9,0,55,2,1.0,9,0,55,2,0.9,1.0,0.8181818181818182,1.0,1.0,0.9,0.9696969696969697
chb05,10,1,10,1,0,5,chb05_06.edf,206,66,11,8,0,55,3,1.0,8,0,55,3,0.8421052631578947,1.0,0.7272727272727273,1.0,1.0,0.8421052631578947,0.9545454545454546
chb05,10,1,10,2,0,5,chb05_06.edf,206,66,8,8,0,55,3,1.0,8,0,55,3,0.8421052631578947,1.0,0.7272727272727273,1.0,1.0,0.8421052631578947,0.9545454545454546
chb05,10,1,10,3,0,5,chb05_06.edf,206,66,31,9,0,55,2,1.0,11,0,55,0,1.0,1.0,0.8181818181818182,1.0,1.0,0.9,0.9696969696969697
chb05,10,2,5,0,0,5,chb05_06.edf,206,66,53,11,0,55,0,1.0,11,0,55,0,1.0,1.0,1.0,1.0,1.0,1.0,1.0
chb05,10,2,5,1,0,5,chb05_06.edf,206,66,28,11,0,55,0,1.0,11,0,55,0,1.0,1.0,1.0,1.0,1.0,1.0,1.0
chb05,10,2,5,2,0,5,chb05_06.edf,206,66,15,11,0,55,0,1.0,11,0,55,0,1.0,1.0,1.0,1.0,1.0,1.0,1.0
chb05,10,2,5,3,0,5,chb05_06.edf,206,66,19,11,0,55,0,1.0,11,0,55,0,1.0,1.0,1.0,1.0,1.0,1.0,1.0
chb05,10,1,10,0,1,5,chb05_13.edf,206,66,41,11,0,55,0,1.0,11,0,55,0,1.0,1.0,1.0,1.0,1.0,1.0,1.0
chb05,10,1,10,1,1,5,chb05_13.edf,206,66,9,11,0,55,0,1.0,11,0,55,0,1.0,1.0,1.0,1.0,1.0,1.0,1.0
chb05,10,1,10,2,1,5,chb05_13.edf,206,66,7,11,0,55,0,1.0,11,0,55,0,1.0,1.0,1.0,1.0,1.0,1.0,1.0
chb05,10,1,10,3,1,5,chb05_13.edf,206,66,6,11,0,55,0,1.0,11,0,55,0,1.0,1.0,1.0,1.0,1.0,1.0,1.0
chb05,10,2,5,0,1,5,chb05_13.edf,206,66,38,11,0,55,0,1.0,11,0,55,0,1.0,1.0,1.0,1.0,1.0,1.0,1.0
chb05,10,2,5,1,1,5,chb05_13.edf,206,66,14,11,0,55,0,1.0,11,0,55,0,1.0,1.0,1.0,1.0,1.0,1.0,1.0
chb05,10,2,5,2,1,5,chb05_13.edf,206,66,9,11,0,55,0,1.0,11,0,55,0,1.0,1.0,1.0,1.0,1.0,1.0,1.0
chb05,10,2,5,3,1,5,chb05_13.edf,206,66,9,11,0,55,0,1.0,11,0,55,0,1.0,1.0,1.0,1.0,1.0,1.0,1.0
chb05,10,1,10,0,2,5,chb05_16.edf,216,54,85,8,0,45,1,1.0,8,0,45,1,0.9411764705882353,1.0,0.8888888888888888,1.0,1.0,0.9411764705882353,0.9814814814814815
chb05,10,1,10,1,2,5,chb05_16.edf,216,54,45,8,0,45,1,1.0,8,0,45,1,0.9411764705882353,1.0,0.8888888888888888,1.0,1.0,0.9411764705882353,0.9814814814814815
chb05,10,1,10,2,2,5,chb05_16.edf,216,54,16,7,0,45,2,1.0,8,0,45,1,0.9411764705882353,1.0,0.7777777777777778,1.0,1.0,0.875,0.9629629629629629
chb05,10,1,10,3,2,5,chb05_16.edf,216,54,14,7,0,45,2,1.0,8,0,45,1,0.9411764705882353,1.0,0.7777777777777778,1.0,1.0,0.875,0.9629629629629629
chb05,10,2,5,0,2,5,chb05_16.edf,216,54,98,8,0,45,1,1.0,8,0,45,1,0.9411764705882353,1.0,0.8888888888888888,1.0,1.0,0.9411764705882353,0.9814814814814815
chb05,10,2,5,1,2,5,chb05_16.edf,216,54,62,7,0,45,2,1.0,7,0,45,2,0.875,1.0,0.7777777777777778,1.0,1.0,0.875,0.9629629629629629
chb05,10,2,5,2,2,5,chb05_16.edf,216,54,17,7,0,45,2,1.0,8,0,45,1,0.9411764705882353,1.0,0.7777777777777778,1.0,1.0,0.875,0.9629629629629629
chb05,10,2,5,3,2,5,chb05_16.edf,216,54,16,7,0,45,2,1.0,7,0,45,2,0.875,1.0,0.7777777777777778,1.0,1.0,0.875,0.9629629629629629
chb05,10,1,10,0,3,5,chb05_17.edf,201,72,41,12,1,59,0,0.9958333333333332,12,1,59,0,0.96,0.9958333333333332,1.0,0.9833333333333333,0.9230769230769231,0.96,0.9861111111111112
chb05,10,1,10,1,3,5,chb05_17.edf,201,72,9,9,1,59,3,0.9916666666666667,10,1,59,2,0.8695652173913043,0.9930555555555556,0.75,0.9833333333333333,0.9,0.8181818181818182,0.9444444444444444
chb05,10,1,10,2,3,5,chb05_17.edf,201,72,24,12,5,55,0,0.9930555555555556,12,5,55,0,0.8275862068965517,0.9916666666666666,1.0,0.9166666666666666,0.7058823529411765,0.8275862068965517,0.9305555555555556
chb05,10,1,10,3,3,5,chb05_17.edf,201,72,12,12,3,57,0,0.9944444444444444,12,3,57,0,0.8888888888888888,0.9916666666666666,1.0,0.95,0.8,0.8888888888888888,0.9583333333333334
chb05,10,2,5,0,3,5,chb05_17.edf,201,72,54,11,1,59,1,0.9944444444444445,11,1,59,1,0.9166666666666666,0.9944444444444445,0.9166666666666666,0.9833333333333333,0.9166666666666666,0.9166666666666666,0.9722222222222222
chb05,10,2,5,1,3,5,chb05_17.edf,201,72,19,10,1,59,2,0.9930555555555555,10,1,59,2,0.8695652173913043,0.9958333333333332,0.8333333333333334,0.9833333333333333,0.9090909090909091,0.8695652173913043,0.9583333333333334
chb05,10,2,5,2,3,5,chb05_17.edf,201,72,24,12,3,57,0,0.9916666666666666,12,3,57,0,0.8888888888888888,0.9944444444444444,1.0,0.95,0.8,0.8888888888888888,0.9583333333333334
chb05,10,2,5,3,3,5,chb05_17.edf,201,72,16,11,3,57,1,0.9916666666666666,11,1,59,1,0.9166666666666666,0.9958333333333332,0.9166666666666666,0.95,0.7857142857142857,0.8461538461538461,0.9444444444444444
chb05,10,1,10,0,4,5,chb05_22.edf,206,66,92,11,2,53,0,1.0,11,2,53,0,0.9166666666666666,1.0,1.0,0.9636363636363636,0.8461538461538461,0.9166666666666666,0.9696969696969697
chb05,10,1,10,1,4,5,chb05_22.edf,206,66,14,11,1,54,0,1.0,11,2,53,0,0.9166666666666666,1.0,1.0,0.9818181818181818,0.9166666666666666,0.9565217391304348,0.9848484848484849
chb05,10,1,10,2,4,5,chb05_22.edf,206,66,18,11,1,54,0,1.0,11,2,53,0,0.9166666666666666,1.0,1.0,0.9818181818181818,0.9166666666666666,0.9565217391304348,0.9848484848484849
chb05,10,1,10,3,4,5,chb05_22.edf,206,66,14,11,2,53,0,1.0,11,2,53,0,0.9166666666666666,1.0,1.0,0.9636363636363636,0.8461538461538461,0.9166666666666666,0.9696969696969697
chb05,10,2,5,0,4,5,chb05_22.edf,206,66,82,11,2,53,0,1.0,11,2,53,0,0.9166666666666666,1.0,1.0,0.9636363636363636,0.8461538461538461,0.9166666666666666,0.9696969696969697
chb05,10,2,5,1,4,5,chb05_22.edf,206,66,15,11,1,54,0,1.0,11,1,54,0,0.9565217391304348,1.0,1.0,0.9818181818181818,0.9166666666666666,0.9565217391304348,0.9848484848484849
chb05,10,2,5,2,4,5,chb05_22.edf,206,66,21,11,4,51,0,1.0,11,2,53,0,0.9166666666666666,1.0,1.0,0.9272727272727272,0.7333333333333333,0.8461538461538461,0.9393939393939394
chb05,10,2,5,3,4,5,chb05_22.edf,206,66,22,11,1,54,0,1.0,11,2,53,0,0.9166666666666666,1.0,1.0,0.9818181818181818,0.9166666666666666,0.9565217391304348,0.9848484848484849
chb06,10,1,10,0,0,5,chb06_09.edf,52,6,84,1,0,5,0,1.0,1,0,5,0,1.0,1.0,1.0,1.0,1.0,1.0,1.0
chb06,10,1,10,1,0,5,chb06_09.edf,52,6,98,1,0,5,0,1.0,1,0,5,0,1.0,1.0,1.0,1.0,1.0,1.0,1.0
chb06,10,1,10,2,0,5,chb06_09.edf,52,6,62,1,0,5,0,1.0,1,0,5,0,1.0,1.0,1.0,1.0,1.0,1.0,1.0
chb06,10,1,10,3,0,5,chb06_09.edf,52,6,68,1,0,5,0,1.0,1,0,5,0,1.0,1.0,1.0,1.0,1.0,1.0,1.0
chb06,10,2,5,0,0,5,chb06_09.edf,52,6,93,1,0,5,0,1.0,1,0,5,0,1.0,1.0,1.0,1.0,1.0,1.0,1.0
chb06,10,2,5,1,0,5,chb06_09.edf,52,6,94,1,0,5,0,1.0,1,0,5,0,1.0,1.0,1.0,1.0,1.0,1.0,1.0
chb06,10,2,5,2,0,5,chb06_09.edf,52,6,68,1,0,5,0,1.0,1,0,5,0,1.0,1.0,1.0,1.0,1.0,1.0,1.0
chb06,10,2,5,3,0,5,chb06_09.edf,52,6,62,1,0,5,0,1.0,1,0,5,0,1.0,1.0,1.0,1.0,1.0,1.0,1.0
chb06,10,1,10,0,1,5,chb06_13.edf,52,6,52,1,0,5,0,1.0,1,0,5,0,1.0,1.0,1.0,1.0,1.0,1.0,1.0
chb06,10,1,10,1,1,5,chb06_13.edf,52,6,43,1,0,5,0,1.0,1,0,5,0,1.0,1.0,1.0,1.0,1.0,1.0,1.0
chb06,10,1,10,2,1,5,chb06_13.edf,52,6,33,1,0,5,0,1.0,1,0,5,0,1.0,1.0,1.0,1.0,1.0,1.0,1.0
chb06,10,1,10,3,1,5,chb06_13.edf,52,6,35,1,0,5,0,1.0,1,0,5,0,1.0,1.0,1.0,1.0,1.0,1.0,1.0
chb06,10,2,5,0,1,5,chb06_13.edf,52,6,70,1,0,5,0,1.0,1,0,5,0,1.0,1.0,1.0,1.0,1.0,1.0,1.0
chb06,10,2,5,1,1,5,chb06_13.edf,52,6,76,1,0,5,0,1.0,1,0,5,0,1.0,1.0,1.0,1.0,1.0,1.0,1.0
chb06,10,2,5,2,1,5,chb06_13.edf,52,6,76,1,0,5,0,1.0,1,0,5,0,1.0,1.0,1.0,1.0,1.0,1.0,1.0
chb06,10,2,5,3,1,5,chb06_13.edf,52,6,81,1,0,5,0,1.0,1,0,5,0,1.0,1.0,1.0,1.0,1.0,1.0,1.0
chb06,10,1,10,0,2,5,chb06_01.edf;chb06_18.edf,38,24,38,4,0,20,0,1.0,4,0,20,0,1.0,1.0,1.0,1.0,1.0,1.0,1.0
chb06,10,1,10,1,2,5,chb06_01.edf;chb06_18.edf,38,24,23,4,0,20,0,1.0,4,0,20,0,1.0,1.0,1.0,1.0,1.0,1.0,1.0
chb06,10,1,10,2,2,5,chb06_01.edf;chb06_18.edf,38,24,22,4,0,20,0,1.0,4,0,20,0,1.0,1.0,1.0,1.0,1.0,1.0,1.0
chb06,10,1,10,3,2,5,chb06_01.edf;chb06_18.edf,38,24,17,4,0,20,0,1.0,4,0,20,0,1.0,1.0,1.0,1.0,1.0,1.0,1.0
chb06,10,2,5,0,2,5,chb06_01.edf;chb06_18.edf,38,24,38,4,0,20,0,1.0,4,0,20,0,1.0,1.0,1.0,1.0,1.0,1.0,1.0
chb06,10,2,5,1,2,5,chb06_01.edf;chb06_18.edf,38,24,24,4,0,20,0,1.0,4,0,20,0,1.0,1.0,1.0,1.0,1.0,1.0,1.0
chb06,10,2,5,2,2,5,chb06_01.edf;chb06_18.edf,38,24,24,4,0,20,0,1.0,4,0,20,0,1.0,1.0,1.0,1.0,1.0,1.0,1.0
chb06,10,2,5,3,2,5,chb06_01.edf;chb06_18.edf,38,24,17,4,0,20,0,1.0,4,0,20,0,1.0,1.0,1.0,1.0,1.0,1.0,1.0
chb06,10,1,10,0,3,5,chb06_04.edf;chb06_24.edf,33,30,51,3,10,15,2,0.6080000000000001,3,10,15,2,0.3333333333333333,0.6080000000000001,0.6,0.6,0.23076923076923078,0.3333333333333333,0.6
chb06,10,1,10,1,3,5,chb06_04.edf;chb06_24.edf,33,30,48,3,10,15,2,0.6000000000000001,3,10,15,2,0.3333333333333333,0.608,0.6,0.6,0.23076923076923078,0.3333333333333333,0.6
chb06,10,1,10,2,3,5,chb06_04.edf;chb06_24.edf,33,30,33,3,10,15,2,0.6080000000000001,3,10,15,2,0.3333333333333333,0.608,0.6,0.6,0.23076923076923078,0.3333333333333333,0.6
chb06,10,1,10,3,3,5,chb06_04.edf;chb06_24.edf,33,30,40,3,10,15,2,0.6080000000000001,3,10,15,2,0.3333333333333333,0.608,0.6,0.6,0.23076923076923078,0.3333333333333333,0.6
chb06,10,2,5,0,3,5,chb06_04.edf;chb06_24.edf,33,30,99,2,10,15,3,0.6,2,10,15,3,0.23529411764705882,0.6,0.4,0.6,0.16666666666666666,0.23529411764705882,0.5666666666666667
chb06,10,2,5,1,3,5,chb06_04.edf;chb06_24.edf,33,30,73,2,10,15,3,0.6,3,10,15,2,0.3333333333333333,0.6,0.4,0.6,0.16666666666666666,0.23529411764705882,0.5666666666666667
chb06,10,2,5,2,3,5,chb06_04.edf;chb06_24.edf,33,30,66,3,10,15,2,0.6,3,10,15,2,0.3333333333333333,0.6,0.6,0.6,0.23076923076923078,0.3333333333333333,0.6
chb06,10,2,5,3,3,5,chb06_04.edf;chb06_24.edf,33,30,60,3,10,15,2,0.6,3,10,15,2,0.3333333333333333,0.6,0.6,0.6,0.23076923076923078,0.3333333333333333,0.6
chb06,10,1,10,0,4,5,chb06_10.edf,52,6,52,1,0,5,0,1.0,1,0,5,0,1.0,1.0,1.0,1.0,1.0,1.0,1.0
chb06,10,1,10,1,4,5,chb06_10.edf,52,6,28,1,0,5,0,1.0,1,0,5,0,1.0,1.0,1.0,1.0,1.0,1.0,1.0
chb06,10,1,10,2,4,5,chb06_10.edf,52,6,27,1,0,5,0,1.0,1,0,5,0,1.0,1.0,1.0,1.0,1.0,1.0,1.0
chb06,10,1,10,3,4,5,chb06_10.edf,52,6,51,1,0,5,0,1.0,1,0,5,0,1.0,1.0,1.0,1.0,1.0,1.0,1.0
chb06,10,2,5,0,4,5,chb06_10.edf,52,6,69,1,0,5,0,1.0,1,0,5,0,1.0,1.0,1.0,1.0,1.0,1.0,1.0
chb06,10,2,5,1,4,5,chb06_10.edf,52,6,96,1,0,5,0,1.0,1,0,5,0,1.0,1.0,1.0,1.0,1.0,1.0,1.0
chb06,10,2,5,2,4,5,chb06_10.edf,52,6,74,1,0,5,0,1.0,1,0,5,0,1.0,1.0,1.0,1.0,1.0,1.0,1.0
chb06,10,2,5,3,4,5,chb06_10.edf,52,6,65,1,0,5,0,1.0,1,0,5,0,1.0,1.0,1.0,1.0,1.0,1.0,1.0
chb07,10,1,10,0,0,3,chb07_12.edf,110,48,28,8,3,37,0,1.0,8,3,37,0,0.8421052631578947,1.0,1.0,0.925,0.7272727272727273,0.8421052631578947,0.9375
chb07,10,1,10,1,0,3,chb07_12.edf,110,48,14,8,1,39,0,1.0,8,1,39,0,0.9411764705882353,1.0,1.0,0.975,0.8888888888888888,0.9411764705882353,0.9791666666666666
chb07,10,1,10,2,0,3,chb07_12.edf,110,48,10,8,1,39,0,1.0,8,1,39,0,0.9411764705882353,1.0,1.0,0.975,0.8888888888888888,0.9411764705882353,0.9791666666666666
chb07,10,1,10,3,0,3,chb07_12.edf,110,48,9,8,1,39,0,1.0,8,2,38,0,0.8888888888888888,1.0,1.0,0.975,0.8888888888888888,0.9411764705882353,0.9791666666666666
chb07,10,2,5,0,0,3,chb07_12.edf,110,48,28,8,4,36,0,1.0,8,4,36,0,0.8,1.0,1.0,0.9,0.6666666666666666,0.8,0.9166666666666666
chb07,10,2,5,1,0,3,chb07_12.edf,110,48,15,8,2,38,0,1.0,8,2,38,0,0.8888888888888888,1.0,1.0,0.95,0.8,0.8888888888888888,0.9583333333333334
chb07,10,2,5,2,0,3,chb07_12.edf,110,48,12,8,2,38,0,1.0,8,2,38,0,0.8888888888888888,1.0,1.0,0.95,0.8,0.8888888888888888,0.9583333333333334
chb07,10,2,5,3,0,3,chb07_12.edf,110,48,11,8,2,38,0,1.0,8,2,38,0,0.8888888888888888,1.0,1.0,0.95,0.8,0.8888888888888888,0.9583333333333334
chb07,10,1,10,0,1,3,chb07_13.edf,105,54,48,8,1,44,1,0.9950617283950617,8,1,44,1,0.8888888888888888,0.9950617283950617,0.8888888888888888,0.9777777777777777,0.8888888888888888,0.8888888888888888,0.9629629629629629
chb07,10,1,10,1,1,3,chb07_13.edf,105,54,19,7,1,44,2,0.9925925925925926,7,1,44,2,0.8235294117647058,0.9925925925925926,0.7777777777777778,0.9777777777777777,0.875,0.8235294117647058,0.9444444444444444
chb07,10,1,10,2,1,3,chb07_13.edf,105,54,14,7,1,44,2,0.9901234567901235,7,1,44,2,0.8235294117647058,0.9950617283950617,0.7777777777777778,0.9777777777777777,0.875,0.8235294117647058,0.9444444444444444
chb07,10,1,10,3,1,3,chb07_13.edf,105,54,11,7,1,44,2,0.9925925925925926,7,1,44,2,0.8235294117647058,0.9950617283950617,0.7777777777777778,0.9777777777777777,0.875,0.8235294117647058,0.9444444444444444
chb07,10,2,5,0,1,3,chb07_13.edf,105,54,68,8,1,44,1,0.9901234567901235,8,1,44,1,0.8888888888888888,0.9901234567901235,0.8888888888888888,0.9777777777777777,0.8888888888888888,0.8888888888888888,0.9629629629629629
chb07,10,2,5,1,1,3,chb07_13.edf,105,54,38,7,1,44,2,0.9876543209876543,7,1,44,2,0.8235294117647058,0.9901234567901235,0.7777777777777778,0.9777777777777777,0.875,0.8235294117647058,0.9444444444444444
chb07,10,2,5,2,1,3,chb07_13.edf,105,54,27,8,1,44,1,0.9876543209876543,7,1,44,2,0.8235294117647058,0.9925925925925926,0.8888888888888888,0.9777777777777777,0.8888888888888888,0.8888888888888888,0.9629629629629629
chb07,10,2,5,3,1,3,chb07_13.edf,105,54,43,7,1,44,2,0.9901234567901235,7,1,44,2,0.8235294117647058,0.9901234567901235,0.7777777777777778,0.9777777777777777,0.875,0.8235294117647058,0.9444444444444444
chb07,10,1,10,0,2,3,chb07_19.edf,81,84,71,11,1,69,3,0.9887755102040816,11,1,69,3,0.8461538461538461,0.9887755102040816,0.7857142857142857,0.9857142857142858,0.9166666666666666,0.8461538461538461,0.9523809523809523
chb07,10,1,10,1,2,3,chb07_19.edf,81,84,29,8,0,70,6,0.9857142857142857,8,1,69,6,0.6956521739130435,0.9857142857142857,0.5714285714285714,1.0,1.0,0.7272727272727273,0.9285714285714286
chb07,10,1,10,2,2,3,chb07_19.edf,81,84,28,9,1,69,5,0.9897959183673469,10,1,69,4,0.8,0.9918367346938776,0.6428571428571429,0.9857142857142858,0.9,0.75,0.9285714285714286
chb07,10,1,10,3,2,3,chb07_19.edf,81,84,20,5,0,70,9,0.9877551020408164,4,0,70,10,0.4444444444444444,0.9887755102040816,0.35714285714285715,1.0,1.0,0.5263157894736842,0.8928571428571429
chb07,10,2,5,0,2,3,chb07_19.edf,81,84,72,11,1,69,3,0.9816326530612245,11,1,69,3,0.8461538461538461,0.9816326530612245,0.7857142857142857,0.9857142857142858,0.9166666666666666,0.8461538461538461,0.9523809523809523
chb07,10,2,5,1,2,3,chb07_19.edf,81,84,22,10,1,69,4,0.9775510204081632,9,1,69,5,0.75,0.9775510204081632,0.7142857142857143,0.9857142857142858,0.9090909090909091,0.8,0.9404761904761905
chb07,10,2,5,2,2,3,chb07_19.edf,81,84,28,7,1,69,7,0.9795918367346939,7,1,69,7,0.6363636363636364,0.9806122448979592,0.5,0.9857142857142858,0.875,0.6363636363636364,0.9047619047619048
chb07,10,2,5,3,2,3,chb07_19.edf,81,84,34,7,1,69,7,0.9755102040816326,7,1,69,7,0.6363636363636364,0.9785714285714286,0.5,0.9857142857142858,0.875,0.6363636363636364,0.9047619047619048
chb08,10,1,10,0,0,5,chb08_02.edf,355,102,43,17,4,81,0,0.9965397923875433,17,4,81,0,0.8947368421052632,0.9965397923875433,1.0,0.9529411764705882,0.8095238095238095,0.8947368421052632,0.9607843137254902
chb08,10,1,10,1,0,5,chb08_02.edf,355,102,36,17,4,81,0,0.9965397923875432,17,5,80,0,0.8717948717948718,0.9958477508650518,1.0,0.9529411764705882,0.8095238095238095,0.8947368421052632,0.9607843137254902
chb08,10,1,10,2,0,5,chb08_02.edf,355,102,56,17,5,80,0,0.9937716262975779,17,4,81,0,0.8947368421052632,0.9937716262975779,1.0,0.9411764705882353,0.7727272727272727,0.8717948717948718,0.9509803921568627
chb08,10,1,10,3,0,5,chb08_02.edf,355,102,30,17,4,81,0,0.9951557093425605,17,4,81,0,0.8947368421052632,0.9944636678200691,1.0,0.9529411764705882,0.8095238095238095,0.8947368421052632,0.9607843137254902
chb08,10,2,5,0,0,5,chb08_02.edf,355,102,48,17,5,80,0,0.9965397923875433,17,5,80,0,0.8717948717948718,0.9965397923875433,1.0,0.9411764705882353,0.7727272727272727,0.8717948717948718,0.9509803921568627
chb08,10,2,5,1,0,5,chb08_02.edf,355,102,8,17,5,80,0,0.995847750865052,17,5,80,0,0.8717948717948718,0.9958477508650518,1.0,0.9411764705882353,0.7727272727272727,0.8717948717948718,0.9509803921568627
chb08,10,2,5,2,0,5,chb08_02.edf,355,102,5,17,5,80,0,0.9944636678200691,17,5,80,0,0.8717948717948718,0.9958477508650518,1.0,0.9411764705882353,0.7727272727272727,0.8717948717948718,0.9509803921568627
chb08,10,2,5,3,0,5,chb08_02.edf,355,102,4,17,4,81,0,0.9944636678200691,17,4,81,0,0.8947368421052632,0.9958477508650518,1.0,0.9529411764705882,0.8095238095238095,0.8947368421052632,0.9607843137254902
chb08,10,1,10,0,1,5,chb08_05.edf,345,114,24,14,19,76,5,0.9274238227146815,14,19,76,5,0.5384615384615384,0.9274238227146815,0.7368421052631579,0.8,0.42424242424242425,0.5384615384615384,0.7894736842105263
chb08,10,1,10,1,1,5,chb08_05.edf,345,114,96,14,5,90,5,0.9274238227146814,14,7,88,5,0.7,0.929639889196676,0.7368421052631579,0.9473684210526315,0.7368421052631579,0.7368421052631579,0.9122807017543859
chb08,10,1,10,2,1,5,chb08_05.edf,345,114,58,14,6,89,5,0.9329639889196675,14,7,88,5,0.7,0.9290858725761773,0.7368421052631579,0.9368421052631579,0.7,0.717948717948718,0.9035087719298246
chb08,10,1,10,3,1,5,chb08_05.edf,345,114,87,14,6,89,5,0.932409972299169,14,7,88,5,0.7,0.9257617728531857,0.7368421052631579,0.9368421052631579,0.7,0.717948717948718,0.9035087719298246
chb08,10,2,5,0,1,5,chb08_05.edf,345,114,27,14,8,87,5,0.9313019390581717,14,8,87,5,0.6829268292682927,0.9313019390581717,0.7368421052631579,0.9157894736842105,0.6363636363636364,0.6829268292682927,0.8859649122807017
chb08,10,2,5,1,1,5,chb08_05.edf,345,114,93,13,6,89,6,0.9207756232686981,14,6,89,5,0.717948717948718,0.9235457063711912,0.6842105263157895,0.9368421052631579,0.6842105263157895,0.6842105263157895,0.8947368421052632
chb08,10,2,5,2,1,5,chb08_05.edf,345,114,95,13,6,89,6,0.9229916897506925,14,5,90,5,0.7368421052631579,0.9246537396121883,0.6842105263157895,0.9368421052631579,0.6842105263157895,0.6842105263157895,0.8947368421052632
chb08,10,2,5,3,1,5,chb08_05.edf,345,114,95,13,8,87,6,0.9207756232686981,14,7,88,5,0.7,0.9229916897506926,0.6842105263157895,0.9157894736842105,0.6190476190476191,0.65,0.8771929824561403
chb08,10,1,10,0,2,5,chb08_11.edf,374,78,88,12,0,65,1,0.9976331360946745,12,0,65,1,0.96,0.9976331360946745,0.9230769230769231,1.0,1.0,0.96,0.9871794871794872
chb08,10,1,10,1,2,5,chb08_11.edf,374,78,5,12,1,64,1,0.9976331360946745,12,1,64,1,0.9230769230769231,0.9976331360946745,0.9230769230769231,0.9846153846153847,0.9230769230769231,0.9230769230769231,0.9743589743589743
chb08,10,1,10,2,2,5,chb08_11.edf,374,78,4,12,0,65,1,0.9976331360946745,12,1,64,1,0.9230769230769231,0.9976331360946745,0.9230769230769231,1.0,1.0,0.96,0.9871794871794872
chb08,10,1,10,3,2,5,chb08_11.edf,374,78,3,12,2,63,1,0.9976331360946745,12,2,63,1,0.8888888888888888,0.9976331360946745,0.9230769230769231,0.9692307692307692,0.8571428571428571,0.8888888888888888,0.9615384615384616
chb08,10,2,5,0,2,5,chb08_11.edf,374,78,57,12,1,64,1,0.9976331360946745,12,1,64,1,0.9230769230769231,0.9976331360946745,0.9230769230769231,0.9846153846153847,0.9230769230769231,0.9230769230769231,0.9743589743589743
chb08,10,2,5,1,2,5,chb08_11.edf,374,78,5,12,1,64,1,0.9976331360946745,12,1,64,1,0.9230769230769231,0.9964497041420117,0.9230769230769231,0.9846153846153847,0.9230769230769231,0.9230769230769231,0.9743589743589743
chb08,10,2,5,2,2,5,chb08_11.edf,374,78,4,12,1,64,1,0.9976331360946745,12,1,64,1,0.9230769230769231,0.9976331360946745,0.9230769230769231,0.9846153846153847,0.9230769230769231,0.9230769230769231,0.9743589743589743
chb08,10,2,5,3,2,5,chb08_11.edf,374,78,3,12,1,64,1,0.9976331360946745,12,1,64,1,0.9230769230769231,0.9976331360946745,0.9230769230769231,0.9846153846153847,0.9230769230769231,0.9230769230769231,0.9743589743589743
chb08,10,1,10,0,3,5,chb08_13.edf,360,96,53,16,4,76,0,0.99453125,16,4,76,0,0.8888888888888888,0.99453125,1.0,0.95,0.8,0.8888888888888888,0.9583333333333334
chb08,10,1,10,1,3,5,chb08_13.edf,360,96,6,16,4,76,0,0.99453125,16,4,76,0,0.8888888888888888,0.99609375,1.0,0.95,0.8,0.8888888888888888,0.9583333333333334
chb08,10,1,10,2,3,5,chb08_13.edf,360,96,34,16,4,76,0,0.9953125,16,4,76,0,0.8888888888888888,0.9968750000000001,1.0,0.95,0.8,0.8888888888888888,0.9583333333333334
chb08,10,1,10,3,3,5,chb08_13.edf,360,96,31,16,4,76,0,0.9945312500000001,16,4,76,0,0.8888888888888888,0.99375,1.0,0.95,0.8,0.8888888888888888,0.9583333333333334
chb08,10,2,5,0,3,5,chb08_13.edf,360,96,41,16,4,76,0,0.9929687500000001,16,4,76,0,0.8888888888888888,0.9929687500000001,1.0,0.95,0.8,0.8888888888888888,0.9583333333333334
chb08,10,2,5,1,3,5,chb08_13.edf,360,96,7,16,4,76,0,0.99375,16,4,76,0,0.8888888888888888,0.9921875,1.0,0.95,0.8,0.8888888888888888,0.9583333333333334
chb08,10,2,5,2,3,5,chb08_13.edf,360,96,4,16,4,76,0,0.9921875,16,4,76,0,0.8888888888888888,0.9921875,1.0,0.95,0.8,0.8888888888888888,0.9583333333333334
chb08,10,2,5,3,3,5,chb08_13.edf,360,96,5,16,4,76,0,0.99140625,16,4,76,0,0.8888888888888888,0.99140625,1.0,0.95,0.8,0.8888888888888888,0.9583333333333334
chb08,10,1,10,0,4,5,chb08_21.edf,312,156,40,23,6,124,3,0.9831360946745562,23,6,124,3,0.8363636363636363,0.9831360946745562,0.8846153846153846,0.9538461538461539,0.7931034482758621,0.8363636363636363,0.9423076923076923
chb08,10,1,10,1,4,5,chb08_21.edf,312,156,6,22,5,125,4,0.9828402366863905,22,5,125,4,0.8301886792452831,0.9819526627218935,0.8461538461538461,0.9615384615384616,0.8148148148148148,0.8301886792452831,0.9423076923076923
chb08,10,1,10,2,4,5,chb08_21.edf,312,156,4,21,4,126,5,0.9813609467455622,22,4,126,4,0.8461538461538461,0.983431952662722,0.8076923076923077,0.9692307692307692,0.84,0.8235294117647058,0.9423076923076923
chb08,10,1,10,3,4,5,chb08_21.edf,312,156,3,21,4,126,5,0.9813609467455622,21,4,126,5,0.8235294117647058,0.9834319526627219,0.8076923076923077,0.9692307692307692,0.84,0.8235294117647058,0.9423076923076923
chb08,10,2,5,0,4,5,chb08_21.edf,312,156,42,22,5,125,4,0.9822485207100592,22,5,125,4,0.8301886792452831,0.9822485207100592,0.8461538461538461,0.9615384615384616,0.8148148148148148,0.8301886792452831,0.9423076923076923
chb08,10,2,5,1,4,5,chb08_21.edf,312,156,6,22,5,125,4,0.9819526627218935,22,6,124,4,0.8148148148148148,0.9831360946745562,0.8461538461538461,0.9615384615384616,0.8148148148148148,0.8301886792452831,0.9423076923076923
chb08,10,2,5,2,4,5,chb08_21.edf,312,156,4,22,3,127,4,0.9813609467455622,21,4,126,5,0.8235294117647058,0.9831360946745562,0.8461538461538461,0.9769230769230769,0.88,0.8627450980392157,0.9551282051282052
chb08,10,2,5,3,4,5,chb08_21.edf,312,156,4,22,5,125,4,0.9819526627218935,22,6,124,4,0.8148148148148148,0.9819526627218934,0.8461538461538461,0.9615384615384616,0.8148148148148148,0.8301886792452831,0.9423076923076923
chb09,10,1,10,0,0,3,chb09_06.edf,96,36,38,5,1,29,1,0.9888888888888889,5,1,29,1,0.8333333333333334,0.9888888888888889,0.8333333333333334,0.9666666666666667,0.8333333333333334,0.8333333333333334,0.9444444444444444
chb09,10,1,10,1,0,3,chb09_06.edf,96,36,18,5,2,28,1,0.9777777777777779,5,2,28,1,0.7692307692307693,0.9833333333333334,0.8333333333333334,0.9333333333333333,0.7142857142857143,0.7692307692307693,0.9166666666666666
chb09,10,1,10,2,0,3,chb09_06.edf,96,36,13,5,2,28,1,0.9777777777777777,5,2,28,1,0.7692307692307693,0.9777777777777777,0.8333333333333334,0.9333333333333333,0.7142857142857143,0.7692307692307693,0.9166666666666666
chb09,10,1,10,3,0,3,chb09_06.edf,96,36,10,5,2,28,1,0.9833333333333334,5,2,28,1,0.7692307692307693,0.9833333333333334,0.8333333333333334,0.9333333333333333,0.7142857142857143,0.7692307692307693,0.9166666666666666
chb09,10,2,5,0,0,3,chb09_06.edf,96,36,38,5,2,28,1,0.9777777777777779,5,2,28,1,0.7692307692307693,0.9777777777777779,0.8333333333333334,0.9333333333333333,0.7142857142857143,0.7692307692307693,0.9166666666666666
chb09,10,2,5,1,0,3,chb09_06.edf,96,36,21,5,2,28,1,0.9666666666666667,5,2,28,1,0.7692307692307693,0.9611111111111111,0.8333333333333334,0.9333333333333333,0.7142857142857143,0.7692307692307693,0.9166666666666666
chb09,10,2,5,2,0,3,chb09_06.edf,96,36,15,5,2,28,1,0.9611111111111111,5,2,28,1,0.7692307692307693,0.9666666666666667,0.8333333333333334,0.9333333333333333,0.7142857142857143,0.7692307692307693,0.9166666666666666
chb09,10,2,5,3,0,3,chb09_06.edf,96,36,12,5,2,28,1,0.9611111111111111,5,2,28,1,0.7692307692307693,0.9722222222222222,0.8333333333333334,0.9333333333333333,0.7142857142857143,0.7692307692307693,0.9166666666666666
chb09,10,1,10,0,1,3,chb09_08.edf,57,84,46,13,0,70,1,0.9989795918367348,13,0,70,1,0.9629629629629629,0.9989795918367348,0.9285714285714286,1.0,1.0,0.9629629629629629,0.9880952380952381
chb09,10,1,10,1,1,3,chb09_08.edf,57,84,26,9,0,70,5,0.9989795918367348,9,0,70,5,0.782608695652174,0.9979591836734694,0.6428571428571429,1.0,1.0,0.782608695652174,0.9404761904761905
chb09,10,1,10,2,1,3,chb09_08.edf,57,84,22,11,0,70,3,0.9979591836734695,10,0,70,4,0.8333333333333334,0.9979591836734694,0.7857142857142857,1.0,1.0,0.88,0.9642857142857143
chb09,10,1,10,3,1,3,chb09_08.edf,57,84,19,11,0,70,3,0.9989795918367348,9,0,70,5,0.782608695652174,0.9989795918367348,0.7857142857142857,1.0,1.0,0.88,0.9642857142857143
chb09,10,2,5,0,1,3,chb09_08.edf,57,84,51,12,0,70,2,1.0,12,0,70,2,0.9230769230769231,1.0,0.8571428571428571,1.0,1.0,0.9230769230769231,0.9761904761904762
chb09,10,2,5,1,1,3,chb09_08.edf,57,84,32,11,0,70,3,1.0,10,0,70,4,0.8333333333333334,1.0,0.7857142857142857,1.0,1.0,0.88,0.9642857142857143
chb09,10,2,5,2,1,3,chb09_08.edf,57,84,23,11,0,70,3,0.9989795918367348,10,0,70,4,0.8333333333333334,1.0,0.7857142857142857,1.0,1.0,0.88,0.9642857142857143
chb09,10,2,5,3,1,3,chb09_08.edf,57,84,23,10,0,70,4,1.0,10,0,70,4,0.8333333333333334,1.0,0.7142857142857143,1.0,1.0,0.8333333333333334,0.9523809523809523
chb09,10,1,10,0,2,3,chb09_19.edf,96,36,90,5,0,30,1,0.9833333333333334,5,0,30,1,0.9090909090909091,0.9833333333333334,0.8333333333333334,1.0,1.0,0.9090909090909091,0.9722222222222222
chb09,10,1,10,1,2,3,chb09_19.edf,96,36,51,5,0,30,1,0.9944444444444445,5,0,30,1,0.9090909090909091,0.9555555555555556,0.8333333333333334,1.0,1.0,0.9090909090909091,0.9722222222222222
chb09,10,1,10,2,2,3,chb09_19.edf,96,36,40,5,0,30,1,0.9944444444444445,5,0,30,1,0.9090909090909091,0.9333333333333333,0.8333333333333334,1.0,1.0,0.9090909090909091,0.9722222222222222
chb09,10,1,10,3,2,3,chb09_19.edf,96,36,29,5,0,30,1,0.9777777777777779,5,0,30,1,0.9090909090909091,0.9277777777777778,0.8333333333333334,1.0,1.0,0.9090909090909091,0.9722222222222222
chb09,10,2,5,0,2,3,chb09_19.edf,96,36,99,5,1,29,1,0.9833333333333334,5,1,29,1,0.8333333333333334,0.9833333333333334,0.8333333333333334,0.9666666666666667,0.8333333333333334,0.8333333333333334,0.9444444444444444
chb09,10,2,5,1,2,3,chb09_19.edf,96,36,50,5,0,30,1,0.9833333333333334,5,0,30,1,0.9090909090909091,0.9666666666666668,0.8333333333333334,1.0,1.0,0.9090909090909091,0.9722222222222222
chb09,10,2,5,2,2,3,chb09_19.edf,96,36,36,5,0,30,1,0.9833333333333334,5,0,30,1,0.9090909090909091,0.9277777777777778,0.8333333333333334,1.0,1.0,0.9090909090909091,0.9722222222222222
chb09,10,2,5,3,2,3,chb09_19.edf,96,36,24,5,0,30,1,0.9722222222222223,5,0,30,1,0.9090909090909091,0.9166666666666667,0.8333333333333334,1.0,1.0,0.9090909090909091,0.9722222222222222
chb10,10,1,10,0,0,5,chb10_27.edf,168,36,85,6,0,30,0,1.0,6,0,30,0,1.0,1.0,1.0,1.0,1.0,1.0,1.0
chb10,10,1,10,1,0,5,chb10_27.edf,168,36,12,6,0,30,0,1.0,6,0,30,0,1.0,1.0,1.0,1.0,1.0,1.0,1.0
chb10,10,1,10,2,0,5,chb10_27.edf,168,36,38,6,0,30,0,1.0,6,0,30,0,1.0,1.0,1.0,1.0,1.0,1.0,1.0
chb10,10,1,10,3,0,5,chb10_27.edf,168,36,16,6,0,30,0,1.0,6,0,30,0,1.0,1.0,1.0,1.0,1.0,1.0,1.0
chb10,10,2,5,0,0,5,chb10_27.edf,168,36,97,6,0,30,0,1.0,6,0,30,0,1.0,1.0,1.0,1.0,1.0,1.0,1.0
chb10,10,2,5,1,0,5,chb10_27.edf,168,36,36,6,0,30,0,1.0,6,0,30,0,1.0,1.0,1.0,1.0,1.0,1.0,1.0
chb10,10,2,5,2,0,5,chb10_27.edf,168,36,20,6,0,30,0,1.0,6,0,30,0,1.0,1.0,1.0,1.0,1.0,1.0,1.0
chb10,10,2,5,3,0,5,chb10_27.edf,168,36,19,6,0,30,0,1.0,6,0,30,0,1.0,1.0,1.0,1.0,1.0,1.0,1.0
chb10,10,1,10,0,1,5,chb10_89.edf,172,30,89,5,0,25,0,1.0,5,0,25,0,1.0,1.0,1.0,1.0,1.0,1.0,1.0
chb10,10,1,10,1,1,5,chb10_89.edf,172,30,54,5,0,25,0,1.0,5,0,25,0,1.0,1.0,1.0,1.0,1.0,1.0,1.0
chb10,10,1,10,2,1,5,chb10_89.edf,172,30,24,5,0,25,0,1.0,5,0,25,0,1.0,1.0,1.0,1.0,1.0,1.0,1.0
chb10,10,1,10,3,1,5,chb10_89.edf,172,30,21,5,0,25,0,1.0,5,0,25,0,1.0,1.0,1.0,1.0,1.0,1.0,1.0
chb10,10,2,5,0,1,5,chb10_89.edf,172,30,99,5,0,25,0,1.0,5,0,25,0,1.0,1.0,1.0,1.0,1.0,1.0,1.0
chb10,10,2,5,1,1,5,chb10_89.edf,172,30,91,5,0,25,0,1.0,5,0,25,0,1.0,1.0,1.0,1.0,1.0,1.0,1.0
chb10,10,2,5,2,1,5,chb10_89.edf,172,30,23,5,0,25,0,1.0,5,0,25,0,1.0,1.0,1.0,1.0,1.0,1.0,1.0
chb10,10,2,5,3,1,5,chb10_89.edf,172,30,22,5,0,25,0,1.0,5,0,25,0,1.0,1.0,1.0,1.0,1.0,1.0,1.0
chb10,10,1,10,0,2,5,chb10_38.edf,158,48,38,8,0,40,0,1.0,8,0,40,0,1.0,1.0,1.0,1.0,1.0,1.0,1.0
chb10,10,1,10,1,2,5,chb10_38.edf,158,48,32,8,0,40,0,1.0,8,0,40,0,1.0,1.0,1.0,1.0,1.0,1.0,1.0
chb10,10,1,10,2,2,5,chb10_38.edf,158,48,29,8,0,40,0,1.0,8,0,40,0,1.0,1.0,1.0,1.0,1.0,1.0,1.0
chb10,10,1,10,3,2,5,chb10_38.edf,158,48,37,8,0,40,0,1.0,8,0,40,0,1.0,1.0,1.0,1.0,1.0,1.0,1.0
chb10,10,2,5,0,2,5,chb10_38.edf,158,48,47,8,0,40,0,1.0,8,0,40,0,1.0,1.0,1.0,1.0,1.0,1.0,1.0
chb10,10,2,5,1,2,5,chb10_38.edf,158,48,45,8,0,40,0,1.0,8,0,40,0,1.0,1.0,1.0,1.0,1.0,1.0,1.0
chb10,10,2,5,2,2,5,chb10_38.edf,158,48,29,8,0,40,0,1.0,8,0,40,0,1.0,1.0,1.0,1.0,1.0,1.0,1.0
chb10,10,2,5,3,2,5,chb10_38.edf,158,48,10,8,0,40,0,1.0,8,0,40,0,1.0,1.0,1.0,1.0,1.0,1.0,1.0
chb10,10,1,10,0,3,5,chb10_20.edf;chb10_31.edf,129,84,38,12,0,70,2,0.9989795918367348,12,0,70,2,0.9230769230769231,0.9989795918367348,0.8571428571428571,1.0,1.0,0.9230769230769231,0.9761904761904762
chb10,10,1,10,1,3,5,chb10_20.edf;chb10_31.edf,129,84,94,14,1,69,0,0.9989795918367348,14,1,69,0,0.9655172413793104,0.9989795918367348,1.0,0.9857142857142858,0.9333333333333333,0.9655172413793104,0.9880952380952381
chb10,10,1,10,2,3,5,chb10_20.edf;chb10_31.edf,129,84,97,14,1,69,0,0.9989795918367348,14,1,69,0,0.9655172413793104,0.9989795918367348,1.0,0.9857142857142858,0.9333333333333333,0.9655172413793104,0.9880952380952381
chb10,10,1,10,3,3,5,chb10_20.edf;chb10_31.edf,129,84,75,14,1,69,0,0.9989795918367348,14,1,69,0,0.9655172413793104,0.9989795918367348,1.0,0.9857142857142858,0.9333333333333333,0.9655172413793104,0.9880952380952381
chb10,10,2,5,0,3,5,chb10_20.edf;chb10_31.edf,129,84,93,14,2,68,0,0.9989795918367348,14,2,68,0,0.9333333333333333,0.9989795918367348,1.0,0.9714285714285714,0.875,0.9333333333333333,0.9761904761904762
chb10,10,2,5,1,3,5,chb10_20.edf;chb10_31.edf,129,84,58,14,1,69,0,0.9989795918367348,13,2,68,1,0.896551724137931,0.9979591836734694,1.0,0.9857142857142858,0.9333333333333333,0.9655172413793104,0.9880952380952381
chb10,10,2,5,2,3,5,chb10_20.edf;chb10_31.edf,129,84,82,14,1,69,0,0.9989795918367348,13,2,68,1,0.896551724137931,0.9979591836734694,1.0,0.9857142857142858,0.9333333333333333,0.9655172413793104,0.9880952380952381
chb10,10,2,5,3,3,5,chb10_20.edf;chb10_31.edf,129,84,82,14,1,69,0,0.9989795918367348,13,1,69,1,0.9285714285714286,0.9979591836734694,1.0,0.9857142857142858,0.9333333333333333,0.9655172413793104,0.9880952380952381
chb10,10,1,10,0,4,5,chb10_12.edf;chb10_30.edf,158,48,38,8,0,40,0,1.0,8,0,40,0,1.0,1.0,1.0,1.0,1.0,1.0,1.0
chb10,10,1,10,1,4,5,chb10_12.edf;chb10_30.edf,158,48,41,8,0,40,0,1.0,8,0,40,0,1.0,1.0,1.0,1.0,1.0,1.0,1.0
chb10,10,1,10,2,4,5,chb10_12.edf;chb10_30.edf,158,48,42,8,0,40,0,1.0,7,0,40,1,0.9333333333333333,1.0,1.0,1.0,1.0,1.0,1.0
chb10,10,1,10,3,4,5,chb10_12.edf;chb10_30.edf,158,48,20,8,0,40,0,1.0,8,0,40,0,1.0,1.0,1.0,1.0,1.0,1.0,1.0
chb10,10,2,5,0,4,5,chb10_12.edf;chb10_30.edf,158,48,92,8,0,40,0,1.0,8,0,40,0,1.0,1.0,1.0,1.0,1.0,1.0,1.0
chb10,10,2,5,1,4,5,chb10_12.edf;chb10_30.edf,158,48,35,8,0,40,0,1.0,8,0,40,0,1.0,1.0,1.0,1.0,1.0,1.0,1.0
chb10,10,2,5,2,4,5,chb10_12.edf;chb10_30.edf,158,48,13,8,0,40,0,1.0,8,0,40,0,1.0,1.0,1.0,1.0,1.0,1.0,1.0
chb10,10,2,5,3,4,5,chb10_12.edf;chb10_30.edf,158,48,19,8,0,40,0,1.0,8,0,40,0,1.0,1.0,1.0,1.0,1.0,1.0,1.0
chb11,10,1,10,0,0,3,chb11_82.edf,242,12,62,2,0,10,0,1.0,2,0,10,0,1.0,1.0,1.0,1.0,1.0,1.0,1.0
chb11,10,1,10,1,0,3,chb11_82.edf,242,12,14,2,0,10,0,1.0,2,0,10,0,1.0,1.0,1.0,1.0,1.0,1.0,1.0
chb11,10,1,10,2,0,3,chb11_82.edf,242,12,28,2,0,10,0,1.0,2,0,10,0,1.0,1.0,1.0,1.0,1.0,1.0,1.0
chb11,10,1,10,3,0,3,chb11_82.edf,242,12,14,2,0,10,0,1.0,2,0,10,0,1.0,1.0,1.0,1.0,1.0,1.0,1.0
chb11,10,2,5,0,0,3,chb11_82.edf,242,12,45,2,0,10,0,1.0,2,0,10,0,1.0,1.0,1.0,1.0,1.0,1.0,1.0
chb11,10,2,5,1,0,3,chb11_82.edf,242,12,19,2,0,10,0,1.0,2,0,10,0,1.0,1.0,1.0,1.0,1.0,1.0,1.0
chb11,10,2,5,2,0,3,chb11_82.edf,242,12,13,2,0,10,0,1.0,2,0,10,0,1.0,1.0,1.0,1.0,1.0,1.0,1.0
chb11,10,2,5,3,0,3,chb11_82.edf,242,12,18,2,0,10,0,1.0,2,0,10,0,1.0,1.0,1.0,1.0,1.0,1.0,1.0
chb11,10,1,10,0,1,3,chb11_92.edf,237,18,99,3,0,15,0,1.0,3,0,15,0,1.0,1.0,1.0,1.0,1.0,1.0,1.0
chb11,10,1,10,1,1,3,chb11_92.edf,237,18,68,3,0,15,0,1.0,3,0,15,0,1.0,1.0,1.0,1.0,1.0,1.0,1.0
chb11,10,1,10,2,1,3,chb11_92.edf,237,18,18,3,0,15,0,1.0,3,0,15,0,1.0,1.0,1.0,1.0,1.0,1.0,1.0
chb11,10,1,10,3,1,3,chb11_92.edf,237,18,19,3,0,15,0,1.0,3,0,15,0,1.0,1.0,1.0,1.0,1.0,1.0,1.0
chb11,10,2,5,0,1,3,chb11_92.edf,237,18,53,3,0,15,0,1.0,3,0,15,0,1.0,1.0,1.0,1.0,1.0,1.0,1.0
chb11,10,2,5,1,1,3,chb11_92.edf,237,18,20,3,0,15,0,1.0,3,0,15,0,1.0,1.0,1.0,1.0,1.0,1.0,1.0
chb11,10,2,5,2,1,3,chb11_92.edf,237,18,11,3,0,15,0,1.0,3,0,15,0,1.0,1.0,1.0,1.0,1.0,1.0,1.0
chb11,10,2,5,3,1,3,chb11_92.edf,237,18,29,3,0,15,0,1.0,3,0,15,0,1.0,1.0,1.0,1.0,1.0,1.0,1.0
chb11,10,1,10,0,2,3,chb11_99.edf,24,285,99,62,22,188,13,0.9507301587301588,62,22,188,13,0.779874213836478,0.9507301587301588,0.8266666666666667,0.8952380952380953,0.7380952380952381,0.779874213836478,0.8771929824561403
chb11,10,1,10,1,2,3,chb11_99.edf,24,285,99,61,23,187,14,0.9491428571428572,58,20,190,17,0.7581699346405228,0.9477460317460318,0.8133333333333334,0.8904761904761904,0.7261904761904762,0.7672955974842768,0.8701754385964913
chb11,10,1,10,2,2,3,chb11_99.edf,24,285,68,60,20,190,15,0.9500952380952381,59,20,190,16,0.7662337662337663,0.9481904761904763,0.8,0.9047619047619048,0.75,0.7741935483870968,0.8771929824561403
chb11,10,1,10,3,2,3,chb11_99.edf,24,285,60,66,31,179,9,0.9484444444444444,66,33,177,9,0.7586206896551724,0.9471746031746032,0.88,0.8523809523809524,0.6804123711340206,0.7674418604651163,0.8596491228070176
chb11,10,2,5,0,2,3,chb11_99.edf,24,285,99,55,27,183,20,0.9113650793650794,55,27,183,20,0.7006369426751592,0.9113650793650794,0.7333333333333333,0.8714285714285714,0.6707317073170732,0.7006369426751592,0.8350877192982457
chb11,10,2,5,1,2,3,chb11_99.edf,24,285,99,54,27,183,21,0.912952380952381,54,28,182,21,0.6878980891719745,0.9118095238095237,0.72,0.8714285714285714,0.6666666666666666,0.6923076923076923,0.8315789473684211
chb11,10,2,5,2,2,3,chb11_99.edf,24,285,69,54,27,183,21,0.9123809523809524,53,28,182,22,0.6794871794871795,0.9105396825396826,0.72,0.8714285714285714,0.6666666666666666,0.6923076923076923,0.8315789473684211
chb11,10,2,5,3,2,3,chb11_99.edf,24,285,61,57,36,174,18,0.9106666666666666,57,36,174,18,0.6785714285714286,0.9107301587301587,0.76,0.8285714285714286,0.6129032258064516,0.6785714285714286,0.8105263157894737
chb12,10,1,10,0,0,5,chb12_42.edf,364,78,82,12,2,63,1,0.991715976331361,12,2,63,1,0.8888888888888888,0.991715976331361,0.9230769230769231,0.9692307692307692,0.8571428571428571,0.8888888888888888,0.9615384615384616
chb12,10,1,10,1,0,5,chb12_42.edf,364,78,5,11,4,61,2,0.9893491124260355,12,3,62,1,0.8571428571428571,0.9905325443786982,0.8461538461538461,0.9384615384615385,0.7333333333333333,0.7857142857142857,0.9230769230769231
chb12,10,1,10,2,0,5,chb12_42.edf,364,78,4,13,7,58,0,0.9893491124260355,13,6,59,0,0.8125,0.9893491124260355,1.0,0.8923076923076924,0.65,0.7878787878787878,0.9102564102564102
chb12,10,1,10,3,0,5,chb12_42.edf,364,78,3,13,4,61,0,0.9905325443786982,13,4,61,0,0.8666666666666667,0.9940828402366864,1.0,0.9384615384615385,0.7647058823529411,0.8666666666666667,0.9487179487179487
chb12,10,2,5,0,0,5,chb12_42.edf,364,78,55,13,3,62,0,0.9893491124260354,13,3,62,0,0.896551724137931,0.9893491124260354,1.0,0.9538461538461539,0.8125,0.896551724137931,0.9615384615384616
chb12,10,2,5,1,0,5,chb12_42.edf,364,78,6,13,3,62,0,0.9881656804733727,13,3,62,0,0.896551724137931,0.9881656804733727,1.0,0.9538461538461539,0.8125,0.896551724137931,0.9615384615384616
chb12,10,2,5,2,0,5,chb12_42.edf,364,78,4,13,4,61,0,0.9881656804733727,13,5,60,0,0.8387096774193549,0.9881656804733727,1.0,0.9384615384615385,0.7647058823529411,0.8666666666666667,0.9487179487179487
chb12,10,2,5,3,0,5,chb12_42.edf,364,78,4,13,3,62,0,0.98698224852071,12,3,62,1,0.8571428571428571,0.9857988165680472,1.0,0.9538461538461539,0.8125,0.896551724137931,0.9615384615384616
chb12,10,1,10,0,1,5,chb12_08.edf,393,42,94,5,0,35,2,1.0,5,0,35,2,0.8333333333333334,1.0,0.7142857142857143,1.0,1.0,0.8333333333333334,0.9523809523809523
chb12,10,1,10,1,1,5,chb12_08.edf,393,42,8,5,0,35,2,1.0,5,0,35,2,0.8333333333333334,0.9918367346938776,0.7142857142857143,1.0,1.0,0.8333333333333334,0.9523809523809523
chb12,10,1,10,2,1,5,chb12_08.edf,393,42,25,5,0,35,2,1.0,6,0,35,1,0.9230769230769231,0.9959183673469387,0.7142857142857143,1.0,1.0,0.8333333333333334,0.9523809523809523
chb12,10,1,10,3,1,5,chb12_08.edf,393,42,9,5,0,35,2,1.0,5,0,35,2,0.8333333333333334,0.9959183673469387,0.7142857142857143,1.0,1.0,0.8333333333333334,0.9523809523809523
chb12,10,2,5,0,1,5,chb12_08.edf,393,42,94,5,0,35,2,0.9918367346938776,5,0,35,2,0.8333333333333334,0.9918367346938776,0.7142857142857143,1.0,1.0,0.8333333333333334,0.9523809523809523
chb12,10,2,5,1,1,5,chb12_08.edf,393,42,9,5,0,35,2,0.9877551020408163,5,0,35,2,0.8333333333333334,0.9877551020408163,0.7142857142857143,1.0,1.0,0.8333333333333334,0.9523809523809523
chb12,10,2,5,2,1,5,chb12_08.edf,393,42,5,5,0,35,2,0.9877551020408163,5,0,35,2,0.8333333333333334,0.9714285714285715,0.7142857142857143,1.0,1.0,0.8333333333333334,0.9523809523809523
chb12,10,2,5,3,1,5,chb12_08.edf,393,42,7,5,0,35,2,0.9918367346938776,6,0,35,1,0.9230769230769231,0.9673469387755103,0.7142857142857143,1.0,1.0,0.8333333333333334,0.9523809523809523
chb12,10,1,10,0,2,5,chb12_10.edf;chb12_23.edf,292,168,45,18,5,135,10,0.8999999999999999,18,5,135,10,0.7058823529411765,0.8999999999999999,0.6428571428571429,0.9642857142857143,0.782608695652174,0.7058823529411765,0.9107142857142857
chb12,10,1,10,1,2,5,chb12_10.edf;chb12_23.edf,292,168,6,18,2,138,10,0.9176020408163266,18,2,138,10,0.75,0.9176020408163266,0.6428571428571429,0.9857142857142858,0.9,0.75,0.9285714285714286
chb12,10,1,10,2,2,5,chb12_10.edf;chb12_23.edf,292,168,5,19,5,135,9,0.9089285714285715,19,5,135,9,0.7307692307692307,0.9066326530612245,0.6785714285714286,0.9642857142857143,0.7916666666666666,0.7307692307692307,0.9166666666666666
chb12,10,1,10,3,2,5,chb12_10.edf;chb12_23.edf,292,168,7,23,28,112,5,0.9204081632653061,24,30,110,4,0.5853658536585366,0.9219387755102041,0.8214285714285714,0.8,0.45098039215686275,0.5822784810126582,0.8035714285714286
chb12,10,2,5,0,2,5,chb12_10.edf;chb12_23.edf,292,168,58,21,9,131,7,0.9372448979591836,21,9,131,7,0.7241379310344828,0.9372448979591836,0.75,0.9357142857142857,0.7,0.7241379310344828,0.9047619047619048
chb12,10,2,5,1,2,5,chb12_10.edf;chb12_23.edf,292,168,7,19,3,137,9,0.9331632653061226,19,3,137,9,0.76,0.9400510204081632,0.6785714285714286,0.9785714285714285,0.8636363636363636,0.76,0.9285714285714286
chb12,10,2,5,2,2,5,chb12_10.edf;chb12_23.edf,292,168,5,20,3,137,8,0.9395408163265306,20,3,137,8,0.7843137254901961,0.9469387755102041,0.7142857142857143,0.9785714285714285,0.8695652173913043,0.7843137254901961,0.9345238095238095
chb12,10,2,5,3,2,5,chb12_10.edf;chb12_23.edf,292,168,9,21,9,131,7,0.9392857142857143,21,10,130,7,0.711864406779661,0.9505102040816327,0.75,0.9357142857142857,0.7,0.7241379310344828,0.9047619047619048
chb12,10,1,10,0,3,5,chb12_06.edf;chb12_33.edf;chb12_38.edf,283,180,97,23,0,150,7,0.9775555555555555,23,0,150,7,0.8679245283018868,0.9775555555555555,0.7666666666666667,1.0,1.0,0.8679245283018868,0.9611111111111111
chb12,10,1,10,1,3,5,chb12_06.edf;chb12_33.edf;chb12_38.edf,283,180,21,27,3,147,3,0.976,27,3,147,3,0.9,0.9751111111111112,0.9,0.98,0.9,0.9,0.9666666666666667
chb12,10,1,10,2,3,5,chb12_06.edf;chb12_33.edf;chb12_38.edf,283,180,23,27,3,147,3,0.9764444444444444,27,3,147,3,0.9,0.9762222222222222,0.9,0.98,0.9,0.9,0.9666666666666667
chb12,10,1,10,3,3,5,chb12_06.edf;chb12_33.edf;chb12_38.edf,283,180,34,27,3,147,3,0.9782222222222222,27,3,147,3,0.9,0.9760000000000001,0.9,0.98,0.9,0.9,0.9666666666666667
chb12,10,2,5,0,3,5,chb12_06.edf;chb12_33.edf;chb12_38.edf,283,180,88,26,1,149,4,0.9748888888888889,26,1,149,4,0.9122807017543859,0.9748888888888889,0.8666666666666667,0.9933333333333333,0.9629629629629629,0.9122807017543859,0.9722222222222222
chb12,10,2,5,1,3,5,chb12_06.edf;chb12_33.edf;chb12_38.edf,283,180,21,26,3,147,4,0.9744444444444444,26,2,148,4,0.896551724137931,0.9728888888888888,0.8666666666666667,0.98,0.896551724137931,0.8813559322033898,0.9611111111111111
chb12,10,2,5,2,3,5,chb12_06.edf;chb12_33.edf;chb12_38.edf,283,180,20,27,3,147,3,0.9746666666666667,27,3,147,3,0.9,0.9728888888888888,0.9,0.98,0.9,0.9,0.9666666666666667
chb12,10,2,5,3,3,5,chb12_06.edf;chb12_33.edf;chb12_38.edf,283,180,14,26,3,147,4,0.9764444444444444,27,3,147,3,0.9,0.9753333333333334,0.8666666666666667,0.98,0.896551724137931,0.8813559322033898,0.9611111111111111
chb12,10,1,10,0,4,5,chb12_09.edf;chb12_11.edf;chb12_36.edf,374,66,96,9,0,55,2,0.9900826446280991,9,0,55,2,0.9,0.9900826446280991,0.8181818181818182,1.0,1.0,0.9,0.9696969696969697
chb12,10,1,10,1,4,5,chb12_09.edf;chb12_11.edf;chb12_36.edf,374,66,10,9,0,55,2,0.9950413223140495,9,0,55,2,0.9,0.9933884297520661,0.8181818181818182,1.0,1.0,0.9,0.9696969696969697
chb12,10,1,10,2,4,5,chb12_09.edf;chb12_11.edf;chb12_36.edf,374,66,12,10,0,55,1,0.996694214876033,10,0,55,1,0.9523809523809523,0.9933884297520661,0.9090909090909091,1.0,1.0,0.9523809523809523,0.9848484848484849
chb12,10,1,10,3,4,5,chb12_09.edf;chb12_11.edf;chb12_36.edf,374,66,11,10,0,55,1,0.9933884297520661,9,0,55,2,0.9,0.9900826446280991,0.9090909090909091,1.0,1.0,0.9523809523809523,0.9848484848484849
chb12,10,2,5,0,4,5,chb12_09.edf;chb12_11.edf;chb12_36.edf,374,66,96,10,0,55,1,0.9884297520661157,10,0,55,1,0.9523809523809523,0.9884297520661157,0.9090909090909091,1.0,1.0,0.9523809523809523,0.9848484848484849
chb12,10,2,5,1,4,5,chb12_09.edf;chb12_11.edf;chb12_36.edf,374,66,13,10,0,55,1,0.9917355371900827,9,0,55,2,0.9,0.9917355371900827,0.9090909090909091,1.0,1.0,0.9523809523809523,0.9848484848484849
chb12,10,2,5,2,4,5,chb12_09.edf;chb12_11.edf;chb12_36.edf,374,66,12,10,0,55,1,0.9933884297520661,10,1,54,1,0.9090909090909091,0.9900826446280991,0.9090909090909091,1.0,1.0,0.9523809523809523,0.9848484848484849
chb12,10,2,5,3,4,5,chb12_09.edf;chb12_11.edf;chb12_36.edf,374,66,8,10,0,55,1,0.9933884297520661,10,0,55,1,0.9523809523809523,0.9917355371900827,0.9090909090909091,1.0,1.0,0.9523809523809523,0.9848484848484849
chb13,10,1,10,0,0,5,chb13_19.edf,172,24,24,4,0,20,0,1.0,4,0,20,0,1.0,1.0,1.0,1.0,1.0,1.0,1.0
chb13,10,1,10,1,0,5,chb13_19.edf,172,24,11,4,0,20,0,1.0,4,0,20,0,1.0,1.0,1.0,1.0,1.0,1.0,1.0
chb13,10,1,10,2,0,5,chb13_19.edf,172,24,6,4,0,20,0,1.0,4,0,20,0,1.0,1.0,1.0,1.0,1.0,1.0,1.0
chb13,10,1,10,3,0,5,chb13_19.edf,172,24,6,4,0,20,0,1.0,4,0,20,0,1.0,1.0,1.0,1.0,1.0,1.0,1.0
chb13,10,2,5,0,0,5,chb13_19.edf,172,24,40,4,0,20,0,1.0,4,0,20,0,1.0,1.0,1.0,1.0,1.0,1.0,1.0
chb13,10,2,5,1,0,5,chb13_19.edf,172,24,11,4,0,20,0,1.0,4,0,20,0,1.0,1.0,1.0,1.0,1.0,1.0,1.0
chb13,10,2,5,2,0,5,chb13_19.edf,172,24,7,4,0,20,0,1.0,4,0,20,0,1.0,1.0,1.0,1.0,1.0,1.0,1.0
chb13,10,2,5,3,0,5,chb13_19.edf,172,24,7,4,0,20,0,1.0,4,0,20,0,1.0,1.0,1.0,1.0,1.0,1.0,1.0
chb13,10,1,10,0,1,5,chb13_55.edf,177,18,93,2,2,13,1,0.9111111111111111,2,2,13,1,0.5714285714285714,0.9111111111111111,0.6666666666666666,0.8666666666666667,0.5,0.5714285714285714,0.8333333333333334
chb13,10,1,10,1,1,5,chb13_55.edf,177,18,98,2,2,13,1,0.9333333333333333,2,2,13,1,0.5714285714285714,0.9333333333333333,0.6666666666666666,0.8666666666666667,0.5,0.5714285714285714,0.8333333333333334
chb13,10,1,10,2,1,5,chb13_55.edf,177,18,87,2,2,13,1,0.9333333333333333,2,2,13,1,0.5714285714285714,0.9111111111111111,0.6666666666666666,0.8666666666666667,0.5,0.5714285714285714,0.8333333333333334
chb13,10,1,10,3,1,5,chb13_55.edf,177,18,97,2,2,13,1,0.9333333333333333,2,2,13,1,0.5714285714285714,0.9111111111111111,0.6666666666666666,0.8666666666666667,0.5,0.5714285714285714,0.8333333333333334
chb13,10,2,5,0,1,5,chb13_55.edf,177,18,93,2,2,13,1,0.9111111111111111,2,2,13,1,0.5714285714285714,0.9111111111111111,0.6666666666666666,0.8666666666666667,0.5,0.5714285714285714,0.8333333333333334
chb13,10,2,5,1,1,5,chb13_55.edf,177,18,99,2,2,13,1,0.9333333333333333,2,2,13,1,0.5714285714285714,0.888888888888889,0.6666666666666666,0.8666666666666667,0.5,0.5714285714285714,0.8333333333333334
chb13,10,2,5,2,1,5,chb13_55.edf,177,18,40,2,2,13,1,0.9111111111111111,2,2,13,1,0.5714285714285714,0.888888888888889,0.6666666666666666,0.8666666666666667,0.5,0.5714285714285714,0.8333333333333334
chb13,10,2,5,3,1,5,chb13_55.edf,177,18,44,2,2,13,1,0.9111111111111111,2,2,13,1,0.5714285714285714,0.888888888888889,0.6666666666666666,0.8666666666666667,0.5,0.5714285714285714,0.8333333333333334
chb13,10,1,10,0,2,5,chb13_62.edf,110,102,22,11,2,83,6,0.7612456747404844,11,2,83,6,0.7333333333333333,0.7612456747404844,0.6470588235294118,0.9764705882352941,0.8461538461538461,0.7333333333333333,0.9215686274509803
chb13,10,1,10,1,2,5,chb13_62.edf,110,102,12,11,2,83,6,0.7536332179930797,11,2,83,6,0.7333333333333333,0.7695501730103806,0.6470588235294118,0.9764705882352941,0.8461538461538461,0.7333333333333333,0.9215686274509803
chb13,10,1,10,2,2,5,chb13_62.edf,110,102,11,11,2,83,6,0.7529411764705882,11,2,83,6,0.7333333333333333,0.7653979238754325,0.6470588235294118,0.9764705882352941,0.8461538461538461,0.7333333333333333,0.9215686274509803
chb13,10,1,10,3,2,5,chb13_62.edf,110,102,8,11,2,83,6,0.7647058823529411,11,2,83,6,0.7333333333333333,0.7737024221453288,0.6470588235294118,0.9764705882352941,0.8461538461538461,0.7333333333333333,0.9215686274509803
chb13,10,2,5,0,2,5,chb13_62.edf,110,102,22,11,2,83,6,0.7730103806228373,11,2,83,6,0.7333333333333333,0.7730103806228373,0.6470588235294118,0.9764705882352941,0.8461538461538461,0.7333333333333333,0.9215686274509803
chb13,10,2,5,1,2,5,chb13_62.edf,110,102,14,11,2,83,6,0.7674740484429065,11,2,83,6,0.7333333333333333,0.7730103806228372,0.6470588235294118,0.9764705882352941,0.8461538461538461,0.7333333333333333,0.9215686274509803
chb13,10,2,5,2,2,5,chb13_62.edf,110,102,13,11,2,83,6,0.7730103806228374,11,2,83,6,0.7333333333333333,0.7709342560553634,0.6470588235294118,0.9764705882352941,0.8461538461538461,0.7333333333333333,0.9215686274509803
chb13,10,2,5,3,2,5,chb13_62.edf,110,102,10,11,2,83,6,0.7647058823529412,11,2,83,6,0.7333333333333333,0.7695501730103805,0.6470588235294118,0.9764705882352941,0.8461538461538461,0.7333333333333333,0.9215686274509803
chb13,10,1,10,0,3,5,chb13_58.edf;chb13_59.edf,158,42,57,7,2,33,0,0.9959183673469387,7,2,33,0,0.875,0.9959183673469387,1.0,0.9428571428571428,0.7777777777777778,0.875,0.9523809523809523
chb13,10,1,10,1,3,5,chb13_58.edf;chb13_59.edf,158,42,60,6,2,33,1,0.9918367346938776,6,2,33,1,0.8,0.9918367346938776,0.8571428571428571,0.9428571428571428,0.75,0.8,0.9285714285714286
chb13,10,1,10,2,3,5,chb13_58.edf;chb13_59.edf,158,42,22,7,2,33,0,0.9918367346938776,6,2,33,1,0.8,0.9918367346938776,1.0,0.9428571428571428,0.7777777777777778,0.875,0.9523809523809523
chb13,10,1,10,3,3,5,chb13_58.edf;chb13_59.edf,158,42,38,7,0,35,0,1.0,6,0,35,1,0.9230769230769231,0.9918367346938776,1.0,1.0,1.0,1.0,1.0
chb13,10,2,5,0,3,5,chb13_58.edf;chb13_59.edf,158,42,57,7,2,33,0,0.9918367346938776,7,2,33,0,0.875,0.9918367346938776,1.0,0.9428571428571428,0.7777777777777778,0.875,0.9523809523809523
chb13,10,2,5,1,3,5,chb13_58.edf;chb13_59.edf,158,42,26,6,1,34,1,0.9959183673469387,6,1,34,1,0.8571428571428571,0.9959183673469387,0.8571428571428571,0.9714285714285714,0.8571428571428571,0.8571428571428571,0.9523809523809523
chb13,10,2,5,2,3,5,chb13_58.edf;chb13_59.edf,158,42,28,7,2,33,0,1.0,6,1,34,1,0.8571428571428571,0.9918367346938776,1.0,0.9428571428571428,0.7777777777777778,0.875,0.9523809523809523
chb13,10,2,5,3,3,5,chb13_58.edf;chb13_59.edf,158,42,38,7,0,35,0,1.0,6,0,35,1,0.9230769230769231,0.9918367346938776,1.0,1.0,1.0,1.0,1.0
chb13,10,1,10,0,4,5,chb13_21.edf;chb13_60.edf,148,54,32,6,0,45,3,1.0,6,0,45,3,0.8,1.0,0.6666666666666666,1.0,1.0,0.8,0.9444444444444444
chb13,10,1,10,1,4,5,chb13_21.edf;chb13_60.edf,148,54,8,5,0,45,4,1.0,5,0,45,4,0.7142857142857143,1.0,0.5555555555555556,1.0,1.0,0.7142857142857143,0.9259259259259259
chb13,10,1,10,2,4,5,chb13_21.edf;chb13_60.edf,148,54,6,6,0,45,3,1.0,7,0,45,2,0.875,1.0,0.6666666666666666,1.0,1.0,0.8,0.9444444444444444
chb13,10,1,10,3,4,5,chb13_21.edf;chb13_60.edf,148,54,4,5,0,45,4,1.0,5,0,45,4,0.7142857142857143,1.0,0.5555555555555556,1.0,1.0,0.7142857142857143,0.9259259259259259
chb13,10,2,5,0,4,5,chb13_21.edf;chb13_60.edf,148,54,23,7,0,45,2,1.0,7,0,45,2,0.875,1.0,0.7777777777777778,1.0,1.0,0.875,0.9629629629629629
chb13,10,2,5,1,4,5,chb13_21.edf;chb13_60.edf,148,54,8,5,0,45,4,1.0,5,0,45,4,0.7142857142857143,1.0,0.5555555555555556,1.0,1.0,0.7142857142857143,0.9259259259259259
chb13,10,2,5,2,4,5,chb13_21.edf;chb13_60.edf,148,54,6,7,0,45,2,1.0,6,0,45,3,0.8,1.0,0.7777777777777778,1.0,1.0,0.875,0.9629629629629629
chb13,10,2,5,3,4,5,chb13_21.edf;chb13_60.edf,148,54,5,5,0,45,4,1.0,5,0,45,4,0.7142857142857143,1.0,0.5555555555555556,1.0,1.0,0.7142857142857143,0.9259259259259259
chb14,10,1,10,0,0,5,chb14_06.edf,67,6,47,1,1,4,0,0.8,1,1,4,0,0.6666666666666666,0.8,1.0,0.8,0.5,0.6666666666666666,0.8333333333333334
chb14,10,1,10,1,0,5,chb14_06.edf,67,6,99,1,1,4,0,0.8,1,1,4,0,0.6666666666666666,0.8,1.0,0.8,0.5,0.6666666666666666,0.8333333333333334
chb14,10,1,10,2,0,5,chb14_06.edf,67,6,79,1,1,4,0,0.8,1,1,4,0,0.6666666666666666,0.8,1.0,0.8,0.5,0.6666666666666666,0.8333333333333334
chb14,10,1,10,3,0,5,chb14_06.edf,67,6,76,1,1,4,0,0.8,1,1,4,0,0.6666666666666666,0.8,1.0,0.8,0.5,0.6666666666666666,0.8333333333333334
chb14,10,2,5,0,0,5,chb14_06.edf,67,6,64,1,1,4,0,0.8,1,1,4,0,0.6666666666666666,0.8,1.0,0.8,0.5,0.6666666666666666,0.8333333333333334
chb14,10,2,5,1,0,5,chb14_06.edf,67,6,94,1,1,4,0,0.8,1,1,4,0,0.6666666666666666,0.8,1.0,0.8,0.5,0.6666666666666666,0.8333333333333334
chb14,10,2,5,2,0,5,chb14_06.edf,67,6,55,1,1,4,0,0.8,1,1,4,0,0.6666666666666666,0.8,1.0,0.8,0.5,0.6666666666666666,0.8333333333333334
chb14,10,2,5,3,0,5,chb14_06.edf,67,6,52,1,1,4,0,0.8,1,1,4,0,0.6666666666666666,0.8,1.0,0.8,0.5,0.6666666666666666,0.8333333333333334
chb14,10,1,10,0,1,5,chb14_11.edf,52,24,37,2,0,20,2,1.0,2,0,20,2,0.6666666666666666,1.0,0.5,1.0,1.0,0.6666666666666666,0.9166666666666666
chb14,10,1,10,1,1,5,chb14_11.edf,52,24,99,2,0,20,2,1.0,2,0,20,2,0.6666666666666666,1.0,0.5,1.0,1.0,0.6666666666666666,0.9166666666666666
chb14,10,1,10,2,1,5,chb14_11.edf,52,24,99,2,0,20,2,1.0,2,0,20,2,0.6666666666666666,1.0,0.5,1.0,1.0,0.6666666666666666,0.9166666666666666
chb14,10,1,10,3,1,5,chb14_11.edf,52,24,44,2,0,20,2,1.0,2,0,20,2,0.6666666666666666,1.0,0.5,1.0,1.0,0.6666666666666666,0.9166666666666666
chb14,10,2,5,0,1,5,chb14_11.edf,52,24,84,1,0,20,3,1.0,1,0,20,3,0.4,1.0,0.25,1.0,1.0,0.4,0.875
chb14,10,2,5,1,1,5,chb14_11.edf,52,24,86,2,0,20,2,1.0,1,0,20,3,0.4,1.0,0.5,1.0,1.0,0.6666666666666666,0.9166666666666666
chb14,10,2,5,2,1,5,chb14_11.edf,52,24,78,2,0,20,2,1.0,1,0,20,3,0.4,1.0,0.5,1.0,1.0,0.6666666666666666,0.9166666666666666
chb14,10,2,5,3,1,5,chb14_11.edf,52,24,66,1,0,20,3,1.0,1,0,20,3,0.4,1.0,0.25,1.0,1.0,0.4,0.875
chb14,10,1,10,0,2,5,chb14_17.edf;chb14_18.edf,52,24,82,4,0,20,0,1.0,4,0,20,0,1.0,1.0,1.0,1.0,1.0,1.0,1.0
chb14,10,1,10,1,2,5,chb14_17.edf;chb14_18.edf,52,24,42,4,0,20,0,1.0,4,0,20,0,1.0,1.0,1.0,1.0,1.0,1.0,1.0
chb14,10,1,10,2,2,5,chb14_17.edf;chb14_18.edf,52,24,66,4,0,20,0,1.0,4,0,20,0,1.0,1.0,1.0,1.0,1.0,1.0,1.0
chb14,10,1,10,3,2,5,chb14_17.edf;chb14_18.edf,52,24,58,4,0,20,0,1.0,4,0,20,0,1.0,1.0,1.0,1.0,1.0,1.0,1.0
chb14,10,2,5,0,2,5,chb14_17.edf;chb14_18.edf,52,24,98,4,0,20,0,1.0,4,0,20,0,1.0,1.0,1.0,1.0,1.0,1.0,1.0
chb14,10,2,5,1,2,5,chb14_17.edf;chb14_18.edf,52,24,97,4,0,20,0,1.0,4,1,19,0,0.8888888888888888,1.0,1.0,1.0,1.0,1.0,1.0
chb14,10,2,5,2,2,5,chb14_17.edf;chb14_18.edf,52,24,68,4,0,20,0,1.0,4,0,20,0,1.0,1.0,1.0,1.0,1.0,1.0,1.0
chb14,10,2,5,3,2,5,chb14_17.edf;chb14_18.edf,52,24,57,4,0,20,0,1.0,4,0,20,0,1.0,1.0,1.0,1.0,1.0,1.0,1.0
chb14,10,1,10,0,3,5,chb14_27.edf,67,6,61,1,0,5,0,1.0,1,0,5,0,1.0,1.0,1.0,1.0,1.0,1.0,1.0
chb14,10,1,10,1,3,5,chb14_27.edf,67,6,34,1,0,5,0,1.0,1,0,5,0,1.0,1.0,1.0,1.0,1.0,1.0,1.0
chb14,10,1,10,2,3,5,chb14_27.edf,67,6,24,1,0,5,0,1.0,1,0,5,0,1.0,1.0,1.0,1.0,1.0,1.0,1.0
chb14,10,1,10,3,3,5,chb14_27.edf,67,6,32,1,0,5,0,1.0,1,0,5,0,1.0,1.0,1.0,1.0,1.0,1.0,1.0
chb14,10,2,5,0,3,5,chb14_27.edf,67,6,99,1,0,5,0,1.0,1,0,5,0,1.0,1.0,1.0,1.0,1.0,1.0,1.0
chb14,10,2,5,1,3,5,chb14_27.edf,67,6,31,1,0,5,0,1.0,1,0,5,0,1.0,1.0,1.0,1.0,1.0,1.0,1.0
chb14,10,2,5,2,3,5,chb14_27.edf,67,6,16,1,0,5,0,1.0,1,0,5,0,1.0,1.0,1.0,1.0,1.0,1.0,1.0
chb14,10,2,5,3,3,5,chb14_27.edf,67,6,29,1,0,5,0,1.0,1,0,5,0,1.0,1.0,1.0,1.0,1.0,1.0,1.0
chb14,10,1,10,0,4,5,chb14_03.edf;chb14_04.edf,48,30,76,5,0,25,0,1.0,5,0,25,0,1.0,1.0,1.0,1.0,1.0,1.0,1.0
chb14,10,1,10,1,4,5,chb14_03.edf;chb14_04.edf,48,30,26,5,0,25,0,1.0,5,0,25,0,1.0,1.0,1.0,1.0,1.0,1.0,1.0
chb14,10,1,10,2,4,5,chb14_03.edf;chb14_04.edf,48,30,18,5,0,25,0,1.0,5,0,25,0,1.0,1.0,1.0,1.0,1.0,1.0,1.0
chb14,10,1,10,3,4,5,chb14_03.edf;chb14_04.edf,48,30,17,5,0,25,0,1.0,5,0,25,0,1.0,1.0,1.0,1.0,1.0,1.0,1.0
chb14,10,2,5,0,4,5,chb14_03.edf;chb14_04.edf,48,30,35,5,0,25,0,1.0,5,0,25,0,1.0,1.0,1.0,1.0,1.0,1.0,1.0
chb14,10,2,5,1,4,5,chb14_03.edf;chb14_04.edf,48,30,24,5,0,25,0,1.0,5,0,25,0,1.0,1.0,1.0,1.0,1.0,1.0,1.0
chb14,10,2,5,2,4,5,chb14_03.edf;chb14_04.edf,48,30,18,5,0,25,0,1.0,5,0,25,0,1.0,1.0,1.0,1.0,1.0,1.0,1.0
chb14,10,2,5,3,4,5,chb14_03.edf;chb14_04.edf,48,30,16,5,0,25,0,1.0,5,0,25,0,1.0,1.0,1.0,1.0,1.0,1.0,1.0
chb15,10,1,10,0,0,5,chb15_62.edf,873,60,65,10,0,50,0,1.0,10,0,50,0,1.0,1.0,1.0,1.0,1.0,1.0,1.0
chb15,10,1,10,1,0,5,chb15_62.edf,873,60,16,10,0,50,0,1.0,10,0,50,0,1.0,1.0,1.0,1.0,1.0,1.0,1.0
chb15,10,1,10,2,0,5,chb15_62.edf,873,60,30,10,0,50,0,1.0,10,0,50,0,1.0,1.0,1.0,1.0,1.0,1.0,1.0
chb15,10,1,10,3,0,5,chb15_62.edf,873,60,10,10,0,50,0,1.0,10,0,50,0,1.0,1.0,1.0,1.0,1.0,1.0,1.0
chb15,10,2,5,0,0,5,chb15_62.edf,873,60,69,10,0,50,0,1.0,10,0,50,0,1.0,1.0,1.0,1.0,1.0,1.0,1.0
chb15,10,2,5,1,0,5,chb15_62.edf,873,60,16,10,0,50,0,1.0,10,0,50,0,1.0,1.0,1.0,1.0,1.0,1.0,1.0
chb15,10,2,5,2,0,5,chb15_62.edf,873,60,20,10,1,49,0,1.0,10,1,49,0,0.9523809523809523,1.0,1.0,0.98,0.9090909090909091,0.9523809523809523,0.9833333333333333
chb15,10,2,5,3,0,5,chb15_62.edf,873,60,19,10,1,49,0,1.0,10,1,49,0,0.9523809523809523,1.0,1.0,0.98,0.9090909090909091,0.9523809523809523,0.9833333333333333
chb15,10,1,10,0,1,5,chb15_06.edf;chb15_22.edf;chb15_31.edf;chb15_49.edf,643,348,95,54,0,290,4,0.999167657550535,54,0,290,4,0.9642857142857143,0.999167657550535,0.9310344827586207,1.0,1.0,0.9642857142857143,0.9885057471264368
chb15,10,1,10,1,1,5,chb15_06.edf;chb15_22.edf;chb15_31.edf;chb15_49.edf,643,348,99,56,2,288,2,0.9994649227110582,57,2,288,1,0.9743589743589743,0.9997027348394768,0.9655172413793104,0.993103448275862,0.9655172413793104,0.9655172413793104,0.9885057471264368
chb15,10,1,10,2,1,5,chb15_06.edf;chb15_22.edf;chb15_31.edf;chb15_49.edf,643,348,69,55,3,287,3,0.9992865636147443,56,3,287,2,0.9572649572649573,0.999346016646849,0.9482758620689655,0.9896551724137931,0.9482758620689655,0.9482758620689655,0.9827586206896551
chb15,10,1,10,3,1,5,chb15_06.edf;chb15_22.edf;chb15_31.edf;chb15_49.edf,643,348,9,54,3,287,4,0.9985731272294887,54,4,286,4,0.9310344827586207,0.9987514863258026,0.9310344827586207,0.9896551724137931,0.9473684210526315,0.9391304347826087,0.9798850574712644
chb15,10,2,5,0,1,5,chb15_06.edf;chb15_22.edf;chb15_31.edf;chb15_49.edf,643,348,96,55,2,288,3,0.9991082045184304,55,2,288,3,0.9565217391304348,0.9991082045184304,0.9482758620689655,0.993103448275862,0.9649122807017544,0.9565217391304348,0.985632183908046
chb15,10,2,5,1,1,5,chb15_06.edf;chb15_22.edf;chb15_31.edf;chb15_49.edf,643,348,97,56,2,288,2,0.999346016646849,56,2,288,2,0.9655172413793104,0.9994649227110582,0.9655172413793104,0.993103448275862,0.9655172413793104,0.9655172413793104,0.9885057471264368
chb15,10,2,5,2,1,5,chb15_06.edf;chb15_22.edf;chb15_31.edf;chb15_49.edf,643,348,82,55,2,288,3,0.999346016646849,56,2,288,2,0.9655172413793104,0.9992271105826397,0.9482758620689655,0.993103448275862,0.9649122807017544,0.9565217391304348,0.985632183908046
chb15,10,2,5,3,1,5,chb15_06.edf;chb15_22.edf;chb15_31.edf;chb15_49.edf,643,348,32,55,2,288,3,0.999167657550535,55,2,288,3,0.9565217391304348,0.9991082045184304,0.9482758620689655,0.993103448275862,0.9649122807017544,0.9565217391304348,0.985632183908046
chb15,10,1,10,0,2,5,chb15_15.edf;chb15_52.edf;chb15_54.edf,628,366,69,57,4,301,4,0.9963450685299651,57,4,301,4,0.9344262295081968,0.9963450685299651,0.9344262295081968,0.9868852459016394,0.9344262295081968,0.9344262295081968,0.9781420765027322
chb15,10,1,10,1,2,5,chb15_15.edf;chb15_52.edf;chb15_54.edf,628,366,5,59,4,301,2,0.9962375705455523,59,5,300,2,0.944,0.9965063155065842,0.9672131147540983,0.9868852459016394,0.9365079365079365,0.9516129032258065,0.9836065573770492
chb15,10,1,10,2,2,5,chb15_15.edf;chb15_52.edf;chb15_54.edf,628,366,10,59,4,301,2,0.9965063155065843,59,5,300,2,0.944,0.9961300725611395,0.9672131147540983,0.9868852459016394,0.9365079365079365,0.9516129032258065,0.9836065573770492
chb15,10,1,10,3,2,5,chb15_15.edf;chb15_52.edf;chb15_54.edf,628,366,8,56,4,301,5,0.9962913195377586,58,3,302,3,0.9508196721311475,0.9965600644987906,0.9180327868852459,0.9868852459016394,0.9333333333333333,0.9256198347107438,0.9754098360655737
chb15,10,2,5,0,2,5,chb15_15.edf;chb15_52.edf;chb15_54.edf,628,366,80,57,2,303,4,0.9967213114754098,57,2,303,4,0.95,0.9967213114754098,0.9344262295081968,0.9934426229508196,0.9661016949152542,0.95,0.9836065573770492
chb15,10,2,5,1,2,5,chb15_15.edf;chb15_52.edf;chb15_54.edf,628,366,4,57,4,301,4,0.9968825584520291,58,4,301,3,0.943089430894309,0.9964525665143779,0.9344262295081968,0.9868852459016394,0.9344262295081968,0.9344262295081968,0.9781420765027322
chb15,10,2,5,2,2,5,chb15_15.edf;chb15_52.edf;chb15_54.edf,628,366,16,56,2,303,5,0.996882558452029,56,2,303,5,0.9411764705882353,0.9966675624832034,0.9180327868852459,0.9934426229508196,0.9655172413793104,0.9411764705882353,0.9808743169398907
chb15,10,2,5,3,2,5,chb15_15.edf;chb15_52.edf;chb15_54.edf,628,366,2,58,4,301,3,0.9970438054286482,57,4,301,4,0.9344262295081968,0.9966675624832034,0.9508196721311475,0.9868852459016394,0.9354838709677419,0.943089430894309,0.9808743169398907
chb15,10,1,10,0,3,5,chb15_10.edf;chb15_17.edf;chb15_40.edf,782,174,73,26,0,145,3,1.0,26,0,145,3,0.9454545454545454,1.0,0.896551724137931,1.0,1.0,0.9454545454545454,0.9827586206896551
chb15,10,1,10,1,3,5,chb15_10.edf;chb15_17.edf;chb15_40.edf,782,174,22,26,0,145,3,1.0,26,0,145,3,0.9454545454545454,1.0,0.896551724137931,1.0,1.0,0.9454545454545454,0.9827586206896551
chb15,10,1,10,2,3,5,chb15_10.edf;chb15_17.edf;chb15_40.edf,782,174,61,26,0,145,3,1.0,26,0,145,3,0.9454545454545454,1.0,0.896551724137931,1.0,1.0,0.9454545454545454,0.9827586206896551
chb15,10,1,10,3,3,5,chb15_10.edf;chb15_17.edf;chb15_40.edf,782,174,14,26,0,145,3,1.0,26,0,145,3,0.9454545454545454,1.0,0.896551724137931,1.0,1.0,0.9454545454545454,0.9827586206896551
chb15,10,2,5,0,3,5,chb15_10.edf;chb15_17.edf;chb15_40.edf,782,174,96,26,0,145,3,1.0,26,0,145,3,0.9454545454545454,1.0,0.896551724137931,1.0,1.0,0.9454545454545454,0.9827586206896551
chb15,10,2,5,1,3,5,chb15_10.edf;chb15_17.edf;chb15_40.edf,782,174,24,26,0,145,3,1.0,26,0,145,3,0.9454545454545454,1.0,0.896551724137931,1.0,1.0,0.9454545454545454,0.9827586206896551
chb15,10,2,5,2,3,5,chb15_10.edf;chb15_17.edf;chb15_40.edf,782,174,13,26,0,145,3,1.0,26,0,145,3,0.9454545454545454,1.0,0.896551724137931,1.0,1.0,0.9454545454545454,0.9827586206896551
chb15,10,2,5,3,3,5,chb15_10.edf;chb15_17.edf;chb15_40.edf,782,174,16,26,0,145,3,1.0,26,0,145,3,0.9454545454545454,1.0,0.896551724137931,1.0,1.0,0.9454545454545454,0.9827586206896551
chb15,10,1,10,0,4,5,chb15_20.edf;chb15_28.edf;chb15_46.edf,758,204,99,32,1,169,2,0.9991349480968857,32,1,169,2,0.9552238805970149,0.9991349480968857,0.9411764705882353,0.9941176470588236,0.9696969696969697,0.9552238805970149,0.9852941176470589
chb15,10,1,10,1,4,5,chb15_20.edf;chb15_28.edf;chb15_46.edf,758,204,25,32,1,169,2,0.998961937716263,32,1,169,2,0.9552238805970149,0.998961937716263,0.9411764705882353,0.9941176470588236,0.9696969696969697,0.9552238805970149,0.9852941176470589
chb15,10,1,10,2,4,5,chb15_20.edf;chb15_28.edf;chb15_46.edf,758,204,26,32,1,169,2,0.9991349480968857,32,1,169,2,0.9552238805970149,0.9987889273356402,0.9411764705882353,0.9941176470588236,0.9696969696969697,0.9552238805970149,0.9852941176470589
chb15,10,1,10,3,4,5,chb15_20.edf;chb15_28.edf;chb15_46.edf,758,204,96,31,1,169,3,0.9987889273356401,31,1,169,3,0.9393939393939394,0.9987889273356401,0.9117647058823529,0.9941176470588236,0.96875,0.9393939393939394,0.9803921568627451
chb15,10,2,5,0,4,5,chb15_20.edf;chb15_28.edf;chb15_46.edf,758,204,73,32,1,169,2,0.9982698961937716,32,1,169,2,0.9552238805970149,0.9982698961937716,0.9411764705882353,0.9941176470588236,0.9696969696969697,0.9552238805970149,0.9852941176470589
chb15,10,2,5,1,4,5,chb15_20.edf;chb15_28.edf;chb15_46.edf,758,204,51,32,1,169,2,0.9979238754325259,32,1,169,2,0.9552238805970149,0.9975778546712804,0.9411764705882353,0.9941176470588236,0.9696969696969697,0.9552238805970149,0.9852941176470589
chb15,10,2,5,2,4,5,chb15_20.edf;chb15_28.edf;chb15_46.edf,758,204,16,32,1,169,2,0.9970588235294118,32,1,169,2,0.9552238805970149,0.9974048442906575,0.9411764705882353,0.9941176470588236,0.9696969696969697,0.9552238805970149,0.9852941176470589
chb15,10,2,5,3,4,5,chb15_20.edf;chb15_28.edf;chb15_46.edf,758,204,24,32,1,169,2,0.9972318339100346,32,1,169,2,0.9552238805970149,0.9970588235294118,0.9411764705882353,0.9941176470588236,0.9696969696969697,0.9552238805970149,0.9852941176470589
chb17,10,1,10,0,0,3,chb17a_03.edf,91,54,75,9,0,45,0,1.0,9,0,45,0,1.0,1.0,1.0,1.0,1.0,1.0,1.0
chb17,10,1,10,1,0,3,chb17a_03.edf,91,54,24,8,0,45,1,0.9975308641975308,8,0,45,1,0.9411764705882353,1.0,0.8888888888888888,1.0,1.0,0.9411764705882353,0.9814814814814815
chb17,10,1,10,2,0,3,chb17a_03.edf,91,54,18,8,0,45,1,0.9975308641975308,8,0,45,1,0.9411764705882353,1.0,0.8888888888888888,1.0,1.0,0.9411764705882353,0.9814814814814815
chb17,10,1,10,3,0,3,chb17a_03.edf,91,54,31,8,0,45,1,0.9975308641975308,7,0,45,2,0.875,1.0,0.8888888888888888,1.0,1.0,0.9411764705882353,0.9814814814814815
chb17,10,2,5,0,0,3,chb17a_03.edf,91,54,72,9,0,45,0,1.0,9,0,45,0,1.0,1.0,1.0,1.0,1.0,1.0,1.0
chb17,10,2,5,1,0,3,chb17a_03.edf,91,54,58,8,0,45,1,1.0,8,0,45,1,0.9411764705882353,1.0,0.8888888888888888,1.0,1.0,0.9411764705882353,0.9814814814814815
chb17,10,2,5,2,0,3,chb17a_03.edf,91,54,36,8,0,45,1,1.0,8,0,45,1,0.9411764705882353,1.0,0.8888888888888888,1.0,1.0,0.9411764705882353,0.9814814814814815
chb17,10,2,5,3,0,3,chb17a_03.edf,91,54,37,8,0,45,1,1.0,8,0,45,1,0.9411764705882353,1.0,0.8888888888888888,1.0,1.0,0.9411764705882353,0.9814814814814815
chb17,10,1,10,0,1,3,chb17a_04.edf,81,66,97,10,0,55,1,1.0,10,0,55,1,0.9523809523809523,1.0,0.9090909090909091,1.0,1.0,0.9523809523809523,0.9848484848484849
chb17,10,1,10,1,1,3,chb17a_04.edf,81,66,73,10,0,55,1,1.0,10,0,55,1,0.9523809523809523,1.0,0.9090909090909091,1.0,1.0,0.9523809523809523,0.9848484848484849
chb17,10,1,10,2,1,3,chb17a_04.edf,81,66,40,10,0,55,1,1.0,10,0,55,1,0.9523809523809523,1.0,0.9090909090909091,1.0,1.0,0.9523809523809523,0.9848484848484849
chb17,10,1,10,3,1,3,chb17a_04.edf,81,66,30,10,0,55,1,1.0,10,0,55,1,0.9523809523809523,1.0,0.9090909090909091,1.0,1.0,0.9523809523809523,0.9848484848484849
chb17,10,2,5,0,1,3,chb17a_04.edf,81,66,99,11,0,55,0,1.0,11,0,55,0,1.0,1.0,1.0,1.0,1.0,1.0,1.0
chb17,10,2,5,1,1,3,chb17a_04.edf,81,66,89,11,0,55,0,1.0,11,0,55,0,1.0,1.0,1.0,1.0,1.0,1.0,1.0
chb17,10,2,5,2,1,3,chb17a_04.edf,81,66,42,11,0,55,0,1.0,11,0,55,0,1.0,1.0,1.0,1.0,1.0,1.0,1.0
chb17,10,2,5,3,1,3,chb17a_04.edf,81,66,62,11,0,55,0,1.0,11,0,55,0,1.0,1.0,1.0,1.0,1.0,1.0,1.0
chb17,10,1,10,0,2,3,chb17b_63.edf,96,48,97,6,0,40,2,1.0,6,0,40,2,0.8571428571428571,1.0,0.75,1.0,1.0,0.8571428571428571,0.9583333333333334
chb17,10,1,10,1,2,3,chb17b_63.edf,96,48,96,7,0,40,1,1.0,6,0,40,2,0.8571428571428571,1.0,0.875,1.0,1.0,0.9333333333333333,0.9791666666666666
chb17,10,1,10,2,2,3,chb17b_63.edf,96,48,36,7,0,40,1,0.996875,6,0,40,2,0.8571428571428571,1.0,0.875,1.0,1.0,0.9333333333333333,0.9791666666666666
chb17,10,1,10,3,2,3,chb17b_63.edf,96,48,28,7,0,40,1,1.0,6,0,40,2,0.8571428571428571,1.0,0.875,1.0,1.0,0.9333333333333333,0.9791666666666666
chb17,10,2,5,0,2,3,chb17b_63.edf,96,48,85,6,0,40,2,0.996875,6,0,40,2,0.8571428571428571,0.996875,0.75,1.0,1.0,0.8571428571428571,0.9583333333333334
chb17,10,2,5,1,2,3,chb17b_63.edf,96,48,51,6,0,40,2,0.996875,6,0,40,2,0.8571428571428571,1.0,0.75,1.0,1.0,0.8571428571428571,0.9583333333333334
chb17,10,2,5,2,2,3,chb17b_63.edf,96,48,39,6,0,40,2,0.996875,6,0,40,2,0.8571428571428571,0.996875,0.75,1.0,1.0,0.8571428571428571,0.9583333333333334
chb17,10,2,5,3,2,3,chb17b_63.edf,96,48,26,6,0,40,2,0.996875,6,0,40,2,0.8571428571428571,0.996875,0.75,1.0,1.0,0.8571428571428571,0.9583333333333334
chb18,10,1,10,0,0,5,chb18_30.edf,124,18,93,1,0,15,2,0.7333333333333334,1,0,15,2,0.5,0.7333333333333334,0.3333333333333333,1.0,1.0,0.5,0.8888888888888888
chb18,10,1,10,1,0,5,chb18_30.edf,124,18,46,1,0,15,2,0.7555555555555555,1,0,15,2,0.5,0.7555555555555555,0.3333333333333333,1.0,1.0,0.5,0.8888888888888888
chb18,10,1,10,2,0,5,chb18_30.edf,124,18,56,1,0,15,2,0.7555555555555555,1,0,15,2,0.5,0.7555555555555555,0.3333333333333333,1.0,1.0,0.5,0.8888888888888888
chb18,10,1,10,3,0,5,chb18_30.edf,124,18,25,1,0,15,2,0.7333333333333334,1,0,15,2,0.5,0.7333333333333334,0.3333333333333333,1.0,1.0,0.5,0.8888888888888888
chb18,10,2,5,0,0,5,chb18_30.edf,124,18,59,1,0,15,2,0.7555555555555555,1,0,15,2,0.5,0.7555555555555555,0.3333333333333333,1.0,1.0,0.5,0.8888888888888888
chb18,10,2,5,1,0,5,chb18_30.edf,124,18,96,1,0,15,2,0.7777777777777777,1,0,15,2,0.5,0.7777777777777777,0.3333333333333333,1.0,1.0,0.5,0.8888888888888888
chb18,10,2,5,2,0,5,chb18_30.edf,124,18,43,1,0,15,2,0.7555555555555555,1,0,15,2,0.5,0.7777777777777777,0.3333333333333333,1.0,1.0,0.5,0.8888888888888888
chb18,10,2,5,3,0,5,chb18_30.edf,124,18,33,1,0,15,2,0.7111111111111111,1,0,15,2,0.5,0.8,0.3333333333333333,1.0,1.0,0.5,0.8888888888888888
chb18,10,1,10,0,1,5,chb18_36.edf,120,24,55,4,3,17,0,1.0,4,3,17,0,0.7272727272727273,1.0,1.0,0.85,0.5714285714285714,0.7272727272727273,0.875
chb18,10,1,10,1,1,5,chb18_36.edf,120,24,23,4,3,17,0,0.9874999999999999,4,3,17,0,0.7272727272727273,1.0,1.0,0.85,0.5714285714285714,0.7272727272727273,0.875
chb18,10,1,10,2,1,5,chb18_36.edf,120,24,98,4,3,17,0,1.0,4,3,17,0,0.7272727272727273,1.0,1.0,0.85,0.5714285714285714,0.7272727272727273,0.875
chb18,10,1,10,3,1,5,chb18_36.edf,120,24,24,4,3,17,0,1.0,4,3,17,0,0.7272727272727273,1.0,1.0,0.85,0.5714285714285714,0.7272727272727273,0.875
chb18,10,2,5,0,1,5,chb18_36.edf,120,24,43,4,3,17,0,0.9874999999999999,4,3,17,0,0.7272727272727273,0.9874999999999999,1.0,0.85,0.5714285714285714,0.7272727272727273,0.875
chb18,10,2,5,1,1,5,chb18_36.edf,120,24,92,4,3,17,0,0.9874999999999999,4,3,17,0,0.7272727272727273,1.0,1.0,0.85,0.5714285714285714,0.7272727272727273,0.875
chb18,10,2,5,2,1,5,chb18_36.edf,120,24,24,4,3,17,0,1.0,4,3,17,0,0.7272727272727273,0.9874999999999999,1.0,0.85,0.5714285714285714,0.7272727272727273,0.875
chb18,10,2,5,3,1,5,chb18_36.edf,120,24,25,4,3,17,0,1.0,4,3,17,0,0.7272727272727273,1.0,1.0,0.85,0.5714285714285714,0.7272727272727273,0.875
chb18,10,1,10,0,2,5,chb18_32.edf,115,30,77,5,0,25,0,1.0,5,0,25,0,1.0,1.0,1.0,1.0,1.0,1.0,1.0
chb18,10,1,10,1,2,5,chb18_32.edf,115,30,23,5,0,25,0,1.0,5,0,25,0,1.0,1.0,1.0,1.0,1.0,1.0,1.0
chb18,10,1,10,2,2,5,chb18_32.edf,115,30,20,5,0,25,0,1.0,5,0,25,0,1.0,1.0,1.0,1.0,1.0,1.0,1.0
chb18,10,1,10,3,2,5,chb18_32.edf,115,30,19,5,0,25,0,1.0,5,0,25,0,1.0,1.0,1.0,1.0,1.0,1.0,1.0
chb18,10,2,5,0,2,5,chb18_32.edf,115,30,61,5,0,25,0,1.0,5,0,25,0,1.0,1.0,1.0,1.0,1.0,1.0,1.0
chb18,10,2,5,1,2,5,chb18_32.edf,115,30,27,5,0,25,0,1.0,5,0,25,0,1.0,1.0,1.0,1.0,1.0,1.0,1.0
chb18,10,2,5,2,2,5,chb18_32.edf,115,30,22,5,0,25,0,1.0,5,0,25,0,1.0,1.0,1.0,1.0,1.0,1.0,1.0
chb18,10,2,5,3,2,5,chb18_32.edf,115,30,18,5,0,25,0,1.0,5,0,25,0,1.0,1.0,1.0,1.0,1.0,1.0,1.0
chb18,10,1,10,0,3,5,chb18_35.edf,110,36,98,5,0,30,1,1.0,5,0,30,1,0.9090909090909091,1.0,0.8333333333333334,1.0,1.0,0.9090909090909091,0.9722222222222222
chb18,10,1,10,1,3,5,chb18_35.edf,110,36,52,5,0,30,1,1.0,5,0,30,1,0.9090909090909091,1.0,0.8333333333333334,1.0,1.0,0.9090909090909091,0.9722222222222222
chb18,10,1,10,2,3,5,chb18_35.edf,110,36,26,5,0,30,1,1.0,5,0,30,1,0.9090909090909091,1.0,0.8333333333333334,1.0,1.0,0.9090909090909091,0.9722222222222222
chb18,10,1,10,3,3,5,chb18_35.edf,110,36,81,5,0,30,1,1.0,5,0,30,1,0.9090909090909091,1.0,0.8333333333333334,1.0,1.0,0.9090909090909091,0.9722222222222222
chb18,10,2,5,0,3,5,chb18_35.edf,110,36,95,5,0,30,1,1.0,5,0,30,1,0.9090909090909091,1.0,0.8333333333333334,1.0,1.0,0.9090909090909091,0.9722222222222222
chb18,10,2,5,1,3,5,chb18_35.edf,110,36,92,5,0,30,1,1.0,5,0,30,1,0.9090909090909091,1.0,0.8333333333333334,1.0,1.0,0.9090909090909091,0.9722222222222222
chb18,10,2,5,2,3,5,chb18_35.edf,110,36,95,5,0,30,1,1.0,5,0,30,1,0.9090909090909091,1.0,0.8333333333333334,1.0,1.0,0.9090909090909091,0.9722222222222222
chb18,10,2,5,3,3,5,chb18_35.edf,110,36,37,5,0,30,1,1.0,5,0,30,1,0.9090909090909091,1.0,0.8333333333333334,1.0,1.0,0.9090909090909091,0.9722222222222222
chb18,10,1,10,0,4,5,chb18_29.edf;chb18_31.edf,86,66,25,11,2,53,0,1.0,11,2,53,0,0.9166666666666666,1.0,1.0,0.9636363636363636,0.8461538461538461,0.9166666666666666,0.9696969696969697
chb18,10,1,10,1,4,5,chb18_29.edf;chb18_31.edf,86,66,11,10,0,55,1,1.0,10,0,55,1,0.9523809523809523,1.0,0.9090909090909091,1.0,1.0,0.9523809523809523,0.9848484848484849
chb18,10,1,10,2,4,5,chb18_29.edf;chb18_31.edf,86,66,9,11,2,53,0,0.9983471074380165,11,2,53,0,0.9166666666666666,0.9983471074380165,1.0,0.9636363636363636,0.8461538461538461,0.9166666666666666,0.9696969696969697
chb18,10,1,10,3,4,5,chb18_29.edf;chb18_31.edf,86,66,6,10,0,55,1,1.0,10,0,55,1,0.9523809523809523,1.0,0.9090909090909091,1.0,1.0,0.9523809523809523,0.9848484848484849
chb18,10,2,5,0,4,5,chb18_29.edf;chb18_31.edf,86,66,55,11,1,54,0,0.9983471074380165,11,1,54,0,0.9565217391304348,0.9983471074380165,1.0,0.9818181818181818,0.9166666666666666,0.9565217391304348,0.9848484848484849
chb18,10,2,5,1,4,5,chb18_29.edf;chb18_31.edf,86,66,12,10,0,55,1,0.9983471074380165,10,0,55,1,0.9523809523809523,0.9983471074380165,0.9090909090909091,1.0,1.0,0.9523809523809523,0.9848484848484849
chb18,10,2,5,2,4,5,chb18_29.edf;chb18_31.edf,86,66,10,11,1,54,0,0.9983471074380165,10,1,54,1,0.9090909090909091,0.9983471074380165,1.0,0.9818181818181818,0.9166666666666666,0.9565217391304348,0.9848484848484849
chb18,10,2,5,3,4,5,chb18_29.edf;chb18_31.edf,86,66,8,10,0,55,1,0.9983471074380165,10,0,55,1,0.9523809523809523,0.9983471074380165,0.9090909090909091,1.0,1.0,0.9523809523809523,0.9848484848484849
chb19,10,1,10,0,0,3,chb19_28.edf,72,42,99,5,1,34,2,0.9836734693877551,5,1,34,2,0.7692307692307693,0.9836734693877551,0.7142857142857143,0.9714285714285714,0.8333333333333334,0.7692307692307693,0.9285714285714286
chb19,10,1,10,1,0,3,chb19_28.edf,72,42,25,5,1,34,2,0.9755102040816326,5,1,34,2,0.7692307692307693,0.9795918367346939,0.7142857142857143,0.9714285714285714,0.8333333333333334,0.7692307692307693,0.9285714285714286
chb19,10,1,10,2,0,3,chb19_28.edf,72,42,22,5,1,34,2,0.9755102040816326,5,1,34,2,0.7692307692307693,0.9714285714285714,0.7142857142857143,0.9714285714285714,0.8333333333333334,0.7692307692307693,0.9285714285714286
chb19,10,1,10,3,0,3,chb19_28.edf,72,42,18,5,1,34,2,0.9714285714285714,5,1,34,2,0.7692307692307693,0.9755102040816326,0.7142857142857143,0.9714285714285714,0.8333333333333334,0.7692307692307693,0.9285714285714286
chb19,10,2,5,0,0,3,chb19_28.edf,72,42,99,5,1,34,2,0.9877551020408163,5,1,34,2,0.7692307692307693,0.9877551020408163,0.7142857142857143,0.9714285714285714,0.8333333333333334,0.7692307692307693,0.9285714285714286
chb19,10,2,5,1,0,3,chb19_28.edf,72,42,25,5,1,34,2,0.9836734693877551,5,1,34,2,0.7692307692307693,0.9795918367346939,0.7142857142857143,0.9714285714285714,0.8333333333333334,0.7692307692307693,0.9285714285714286
chb19,10,2,5,2,0,3,chb19_28.edf,72,42,22,5,1,34,2,0.9795918367346939,5,1,34,2,0.7692307692307693,0.9795918367346939,0.7142857142857143,0.9714285714285714,0.8333333333333334,0.7692307692307693,0.9285714285714286
chb19,10,2,5,3,0,3,chb19_28.edf,72,42,19,5,1,34,2,0.9795918367346939,5,1,34,2,0.7692307692307693,0.9795918367346939,0.7142857142857143,0.9714285714285714,0.8333333333333334,0.7692307692307693,0.9285714285714286
chb19,10,1,10,0,1,3,chb19_29.edf,72,42,31,7,0,35,0,1.0,7,0,35,0,1.0,1.0,1.0,1.0,1.0,1.0,1.0
chb19,10,1,10,1,1,3,chb19_29.edf,72,42,17,7,0,35,0,1.0,7,0,35,0,1.0,1.0,1.0,1.0,1.0,1.0,1.0
chb19,10,1,10,2,1,3,chb19_29.edf,72,42,12,7,0,35,0,1.0,7,0,35,0,1.0,1.0,1.0,1.0,1.0,1.0,1.0
chb19,10,1,10,3,1,3,chb19_29.edf,72,42,13,7,0,35,0,1.0,7,0,35,0,1.0,1.0,1.0,1.0,1.0,1.0,1.0
chb19,10,2,5,0,1,3,chb19_29.edf,72,42,31,7,1,34,0,1.0,7,1,34,0,0.9333333333333333,1.0,1.0,0.9714285714285714,0.875,0.9333333333333333,0.9761904761904762
chb19,10,2,5,1,1,3,chb19_29.edf,72,42,18,7,0,35,0,1.0,7,0,35,0,1.0,1.0,1.0,1.0,1.0,1.0,1.0
chb19,10,2,5,2,1,3,chb19_29.edf,72,42,15,7,0,35,0,1.0,7,0,35,0,1.0,1.0,1.0,1.0,1.0,1.0,1.0
chb19,10,2,5,3,1,3,chb19_29.edf,72,42,14,7,0,35,0,1.0,7,0,35,0,1.0,1.0,1.0,1.0,1.0,1.0,1.0
chb19,10,1,10,0,2,3,chb19_30.edf,67,48,60,7,2,38,1,0.965625,7,2,38,1,0.8235294117647058,0.965625,0.875,0.95,0.7777777777777778,0.8235294117647058,0.9375
chb19,10,1,10,1,2,3,chb19_30.edf,67,48,43,6,2,38,2,0.965625,7,2,38,1,0.8235294117647058,0.9625,0.75,0.95,0.75,0.75,0.9166666666666666
chb19,10,1,10,2,2,3,chb19_30.edf,67,48,42,6,2,38,2,0.9625,7,2,38,1,0.8235294117647058,0.9625,0.75,0.95,0.75,0.75,0.9166666666666666
chb19,10,1,10,3,2,3,chb19_30.edf,67,48,17,6,2,38,2,0.965625,6,2,38,2,0.75,0.9625,0.75,0.95,0.75,0.75,0.9166666666666666
chb19,10,2,5,0,2,3,chb19_30.edf,67,48,92,6,2,38,2,0.96875,6,2,38,2,0.75,0.96875,0.75,0.95,0.75,0.75,0.9166666666666666
chb19,10,2,5,1,2,3,chb19_30.edf,67,48,43,6,2,38,2,0.96875,6,1,39,2,0.8,0.96875,0.75,0.95,0.75,0.75,0.9166666666666666
chb19,10,2,5,2,2,3,chb19_30.edf,67,48,27,6,1,39,2,0.96875,6,1,39,2,0.8,0.9656250000000001,0.75,0.975,0.8571428571428571,0.8,0.9375
chb19,10,2,5,3,2,3,chb19_30.edf,67,48,29,6,1,39,2,0.96875,6,1,39,2,0.8,0.96875,0.75,0.975,0.8571428571428571,0.8,0.9375
chb20,10,1,10,0,0,5,chb20_15.edf,81,42,44,7,0,35,0,1.0,7,0,35,0,1.0,1.0,1.0,1.0,1.0,1.0,1.0
chb20,10,1,10,1,0,5,chb20_15.edf,81,42,16,5,0,35,2,1.0,5,0,35,2,0.8333333333333334,1.0,0.7142857142857143,1.0,1.0,0.8333333333333334,0.9523809523809523
chb20,10,1,10,2,0,5,chb20_15.edf,81,42,12,5,0,35,2,1.0,5,0,35,2,0.8333333333333334,1.0,0.7142857142857143,1.0,1.0,0.8333333333333334,0.9523809523809523
chb20,10,1,10,3,0,5,chb20_15.edf,81,42,12,5,0,35,2,1.0,6,0,35,1,0.9230769230769231,1.0,0.7142857142857143,1.0,1.0,0.8333333333333334,0.9523809523809523
chb20,10,2,5,0,0,5,chb20_15.edf,81,42,49,7,0,35,0,1.0,7,0,35,0,1.0,1.0,1.0,1.0,1.0,1.0,1.0
chb20,10,2,5,1,0,5,chb20_15.edf,81,42,26,5,0,35,2,1.0,5,0,35,2,0.8333333333333334,1.0,0.7142857142857143,1.0,1.0,0.8333333333333334,0.9523809523809523
chb20,10,2,5,2,0,5,chb20_15.edf,81,42,44,5,0,35,2,1.0,5,0,35,2,0.8333333333333334,1.0,0.7142857142857143,1.0,1.0,0.8333333333333334,0.9523809523809523
chb20,10,2,5,3,0,5,chb20_15.edf,81,42,60,5,0,35,2,1.0,5,0,35,2,0.8333333333333334,1.0,0.7142857142857143,1.0,1.0,0.8333333333333334,0.9523809523809523
chb20,10,1,10,0,1,5,chb20_14.edf,100,18,38,3,0,15,0,1.0,3,0,15,0,1.0,1.0,1.0,1.0,1.0,1.0,1.0
chb20,10,1,10,1,1,5,chb20_14.edf,100,18,16,3,0,15,0,1.0,3,0,15,0,1.0,1.0,1.0,1.0,1.0,1.0,1.0
chb20,10,1,10,2,1,5,chb20_14.edf,100,18,13,3,0,15,0,1.0,3,0,15,0,1.0,1.0,1.0,1.0,1.0,1.0,1.0
chb20,10,1,10,3,1,5,chb20_14.edf,100,18,11,3,0,15,0,1.0,3,0,15,0,1.0,1.0,1.0,1.0,1.0,1.0,1.0
chb20,10,2,5,0,1,5,chb20_14.edf,100,18,39,3,0,15,0,1.0,3,0,15,0,1.0,1.0,1.0,1.0,1.0,1.0,1.0
chb20,10,2,5,1,1,5,chb20_14.edf,100,18,17,3,0,15,0,1.0,3,0,15,0,1.0,1.0,1.0,1.0,1.0,1.0,1.0
chb20,10,2,5,2,1,5,chb20_14.edf,100,18,15,3,0,15,0,1.0,3,0,15,0,1.0,1.0,1.0,1.0,1.0,1.0,1.0
chb20,10,2,5,3,1,5,chb20_14.edf,100,18,13,3,0,15,0,1.0,3,0,15,0,1.0,1.0,1.0,1.0,1.0,1.0,1.0
chb20,10,1,10,0,2,5,chb20_12.edf;chb20_16.edf,91,30,64,5,3,22,0,1.0,5,3,22,0,0.7692307692307693,1.0,1.0,0.88,0.625,0.7692307692307693,0.9
chb20,10,1,10,1,2,5,chb20_12.edf;chb20_16.edf,91,30,19,5,2,23,0,1.0,5,2,23,0,0.8333333333333334,1.0,1.0,0.92,0.7142857142857143,0.8333333333333334,0.9333333333333333
chb20,10,1,10,2,2,5,chb20_12.edf;chb20_16.edf,91,30,11,5,1,24,0,1.0,5,1,24,0,0.9090909090909091,1.0,1.0,0.96,0.8333333333333334,0.9090909090909091,0.9666666666666667
chb20,10,1,10,3,2,5,chb20_12.edf;chb20_16.edf,91,30,9,5,1,24,0,1.0,5,2,23,0,0.8333333333333334,1.0,1.0,0.96,0.8333333333333334,0.9090909090909091,0.9666666666666667
chb20,10,2,5,0,2,5,chb20_12.edf;chb20_16.edf,91,30,64,5,2,23,0,1.0,5,2,23,0,0.8333333333333334,1.0,1.0,0.92,0.7142857142857143,0.8333333333333334,0.9333333333333333
chb20,10,2,5,1,2,5,chb20_12.edf;chb20_16.edf,91,30,20,5,0,25,0,1.0,5,1,24,0,0.9090909090909091,1.0,1.0,1.0,1.0,1.0,1.0
chb20,10,2,5,2,2,5,chb20_12.edf;chb20_16.edf,91,30,16,5,0,25,0,1.0,5,0,25,0,1.0,1.0,1.0,1.0,1.0,1.0,1.0
chb20,10,2,5,3,2,5,chb20_12.edf;chb20_16.edf,91,30,12,5,0,25,0,1.0,5,1,24,0,0.9090909090909091,1.0,1.0,1.0,1.0,1.0,1.0
chb20,10,1,10,0,3,5,chb20_13.edf,86,36,99,6,1,29,0,1.0,6,1,29,0,0.9230769230769231,1.0,1.0,0.9666666666666667,0.8571428571428571,0.9230769230769231,0.9722222222222222
chb20,10,1,10,1,3,5,chb20_13.edf,86,36,52,6,1,29,0,1.0,6,1,29,0,0.9230769230769231,1.0,1.0,0.9666666666666667,0.8571428571428571,0.9230769230769231,0.9722222222222222
chb20,10,1,10,2,3,5,chb20_13.edf,86,36,65,6,1,29,0,1.0,6,0,30,0,1.0,1.0,1.0,0.9666666666666667,0.8571428571428571,0.9230769230769231,0.9722222222222222
chb20,10,1,10,3,3,5,chb20_13.edf,86,36,37,6,0,30,0,1.0,6,0,30,0,1.0,1.0,1.0,1.0,1.0,1.0,1.0
chb20,10,2,5,0,3,5,chb20_13.edf,86,36,81,6,1,29,0,1.0,6,1,29,0,0.9230769230769231,1.0,1.0,0.9666666666666667,0.8571428571428571,0.9230769230769231,0.9722222222222222
chb20,10,2,5,1,3,5,chb20_13.edf,86,36,70,6,1,29,0,1.0,6,1,29,0,0.9230769230769231,1.0,1.0,0.9666666666666667,0.8571428571428571,0.9230769230769231,0.9722222222222222
chb20,10,2,5,2,3,5,chb20_13.edf,86,36,56,6,1,29,0,1.0,6,1,29,0,0.9230769230769231,1.0,1.0,0.9666666666666667,0.8571428571428571,0.9230769230769231,0.9722222222222222
chb20,10,2,5,3,3,5,chb20_13.edf,86,36,34,6,1,29,0,1.0,6,1,29,0,0.9230769230769231,1.0,1.0,0.9666666666666667,0.8571428571428571,0.9230769230769231,0.9722222222222222
chb20,10,1,10,0,4,5,chb20_68.edf,100,18,44,1,1,14,2,0.888888888888889,1,1,14,2,0.4,0.888888888888889,0.3333333333333333,0.9333333333333333,0.5,0.4,0.8333333333333334
chb20,10,1,10,1,4,5,chb20_68.edf,100,18,99,1,1,14,2,0.888888888888889,1,1,14,2,0.4,0.9111111111111111,0.3333333333333333,0.9333333333333333,0.5,0.4,0.8333333333333334
chb20,10,1,10,2,4,5,chb20_68.edf,100,18,22,1,1,14,2,0.888888888888889,1,1,14,2,0.4,0.9111111111111111,0.3333333333333333,0.9333333333333333,0.5,0.4,0.8333333333333334
chb20,10,1,10,3,4,5,chb20_68.edf,100,18,54,1,1,14,2,0.888888888888889,1,1,14,2,0.4,0.9111111111111111,0.3333333333333333,0.9333333333333333,0.5,0.4,0.8333333333333334
chb20,10,2,5,0,4,5,chb20_68.edf,100,18,55,2,1,14,1,0.9555555555555556,2,1,14,1,0.6666666666666666,0.9555555555555556,0.6666666666666666,0.9333333333333333,0.6666666666666666,0.6666666666666666,0.8888888888888888
chb20,10,2,5,1,4,5,chb20_68.edf,100,18,44,2,1,14,1,0.9333333333333333,1,1,14,2,0.4,0.9555555555555556,0.6666666666666666,0.9333333333333333,0.6666666666666666,0.6666666666666666,0.8888888888888888
chb20,10,2,5,2,4,5,chb20_68.edf,100,18,30,1,1,14,2,0.9333333333333333,1,1,14,2,0.4,0.9555555555555556,0.3333333333333333,0.9333333333333333,0.5,0.4,0.8333333333333334
chb20,10,2,5,3,4,5,chb20_68.edf,100,18,34,2,1,14,1,0.9333333333333333,1,1,14,2,0.4,0.9555555555555556,0.6666666666666666,0.9333333333333333,0.6666666666666666,0.6666666666666666,0.8888888888888888
chb21,10,1,10,0,0,4,chb21_19.edf,67,30,67,4,0,25,1,1.0,4,0,25,1,0.8888888888888888,1.0,0.8,1.0,1.0,0.8888888888888888,0.9666666666666667
chb21,10,1,10,1,0,4,chb21_19.edf,67,30,97,5,0,25,0,1.0,5,0,25,0,1.0,1.0,1.0,1.0,1.0,1.0,1.0
chb21,10,1,10,2,0,4,chb21_19.edf,67,30,90,5,0,25,0,1.0,5,0,25,0,1.0,1.0,1.0,1.0,1.0,1.0,1.0
chb21,10,1,10,3,0,4,chb21_19.edf,67,30,89,4,0,25,1,1.0,4,0,25,1,0.8888888888888888,1.0,0.8,1.0,1.0,0.8888888888888888,0.9666666666666667
chb21,10,2,5,0,0,4,chb21_19.edf,67,30,99,5,0,25,0,1.0,5,0,25,0,1.0,1.0,1.0,1.0,1.0,1.0,1.0
chb21,10,2,5,1,0,4,chb21_19.edf,67,30,55,5,0,25,0,1.0,5,0,25,0,1.0,1.0,1.0,1.0,1.0,1.0,1.0
chb21,10,2,5,2,0,4,chb21_19.edf,67,30,56,5,0,25,0,1.0,5,0,25,0,1.0,1.0,1.0,1.0,1.0,1.0,1.0
chb21,10,2,5,3,0,4,chb21_19.edf,67,30,45,5,0,25,0,1.0,5,0,25,0,1.0,1.0,1.0,1.0,1.0,1.0,1.0
chb21,10,1,10,0,1,4,chb21_20.edf,67,30,91,5,0,25,0,1.0,5,0,25,0,1.0,1.0,1.0,1.0,1.0,1.0,1.0
chb21,10,1,10,1,1,4,chb21_20.edf,67,30,28,5,4,21,0,1.0,5,4,21,0,0.7142857142857143,1.0,1.0,0.84,0.5555555555555556,0.7142857142857143,0.8666666666666667
chb21,10,1,10,2,1,4,chb21_20.edf,67,30,26,5,1,24,0,1.0,5,3,22,0,0.7692307692307693,1.0,1.0,0.96,0.8333333333333334,0.9090909090909091,0.9666666666666667
chb21,10,1,10,3,1,4,chb21_20.edf,67,30,29,5,0,25,0,1.0,5,1,24,0,0.9090909090909091,1.0,1.0,1.0,1.0,1.0,1.0
chb21,10,2,5,0,1,4,chb21_20.edf,67,30,91,5,4,21,0,1.0,5,4,21,0,0.7142857142857143,1.0,1.0,0.84,0.5555555555555556,0.7142857142857143,0.8666666666666667
chb21,10,2,5,1,1,4,chb21_20.edf,67,30,27,5,3,22,0,1.0,5,3,22,0,0.7692307692307693,1.0,1.0,0.88,0.625,0.7692307692307693,0.9
chb21,10,2,5,2,1,4,chb21_20.edf,67,30,27,5,3,22,0,1.0,5,4,21,0,0.7142857142857143,1.0,1.0,0.88,0.625,0.7692307692307693,0.9
chb21,10,2,5,3,1,4,chb21_20.edf,67,30,28,5,3,22,0,1.0,5,3,22,0,0.7692307692307693,1.0,1.0,0.88,0.625,0.7692307692307693,0.9
chb21,10,1,10,0,2,4,chb21_21.edf,52,48,48,7,0,40,1,1.0,7,0,40,1,0.9333333333333333,1.0,0.875,1.0,1.0,0.9333333333333333,0.9791666666666666
chb21,10,1,10,1,2,4,chb21_21.edf,52,48,30,7,0,40,1,1.0,7,0,40,1,0.9333333333333333,1.0,0.875,1.0,1.0,0.9333333333333333,0.9791666666666666
chb21,10,1,10,2,2,4,chb21_21.edf,52,48,23,8,0,40,0,1.0,7,0,40,1,0.9333333333333333,1.0,1.0,1.0,1.0,1.0,1.0
chb21,10,1,10,3,2,4,chb21_21.edf,52,48,16,8,0,40,0,1.0,7,0,40,1,0.9333333333333333,1.0,1.0,1.0,1.0,1.0,1.0
chb21,10,2,5,0,2,4,chb21_21.edf,52,48,38,7,0,40,1,0.996875,7,0,40,1,0.9333333333333333,0.996875,0.875,1.0,1.0,0.9333333333333333,0.9791666666666666
chb21,10,2,5,1,2,4,chb21_21.edf,52,48,28,7,0,40,1,0.996875,7,0,40,1,0.9333333333333333,0.996875,0.875,1.0,1.0,0.9333333333333333,0.9791666666666666
chb21,10,2,5,2,2,4,chb21_21.edf,52,48,21,7,1,39,1,0.996875,7,1,39,1,0.875,0.996875,0.875,0.975,0.875,0.875,0.9583333333333334
chb21,10,2,5,3,2,4,chb21_21.edf,52,48,17,7,0,40,1,0.996875,7,0,40,1,0.9333333333333333,1.0,0.875,1.0,1.0,0.9333333333333333,0.9791666666666666
chb21,10,1,10,0,3,4,chb21_22.edf,86,6,79,1,0,5,0,1.0,1,0,5,0,1.0,1.0,1.0,1.0,1.0,1.0,1.0
chb21,10,1,10,1,3,4,chb21_22.edf,86,6,32,1,0,5,0,1.0,1,0,5,0,1.0,1.0,1.0,1.0,1.0,1.0,1.0
chb21,10,1,10,2,3,4,chb21_22.edf,86,6,28,1,0,5,0,1.0,1,0,5,0,1.0,1.0,1.0,1.0,1.0,1.0,1.0
chb21,10,1,10,3,3,4,chb21_22.edf,86,6,34,1,0,5,0,1.0,1,0,5,0,1.0,1.0,1.0,1.0,1.0,1.0,1.0
chb21,10,2,5,0,3,4,chb21_22.edf,86,6,71,1,0,5,0,1.0,1,0,5,0,1.0,1.0,1.0,1.0,1.0,1.0,1.0
chb21,10,2,5,1,3,4,chb21_22.edf,86,6,23,1,0,5,0,1.0,1,0,5,0,1.0,1.0,1.0,1.0,1.0,1.0,1.0
chb21,10,2,5,2,3,4,chb21_22.edf,86,6,38,1,0,5,0,1.0,1,0,5,0,1.0,1.0,1.0,1.0,1.0,1.0,1.0
chb21,10,2,5,3,3,4,chb21_22.edf,86,6,35,1,0,5,0,1.0,1,0,5,0,1.0,1.0,1.0,1.0,1.0,1.0,1.0
chb22,10,1,10,0,0,3,chb22_20.edf,67,30,70,5,0,25,0,1.0,5,0,25,0,1.0,1.0,1.0,1.0,1.0,1.0,1.0
chb22,10,1,10,1,0,3,chb22_20.edf,67,30,58,5,0,25,0,1.0,5,0,25,0,1.0,1.0,1.0,1.0,1.0,1.0,1.0
chb22,10,1,10,2,0,3,chb22_20.edf,67,30,48,5,0,25,0,1.0,5,0,25,0,1.0,1.0,1.0,1.0,1.0,1.0,1.0
chb22,10,1,10,3,0,3,chb22_20.edf,67,30,79,5,0,25,0,1.0,5,0,25,0,1.0,1.0,1.0,1.0,1.0,1.0,1.0
chb22,10,2,5,0,0,3,chb22_20.edf,67,30,97,5,0,25,0,1.0,5,0,25,0,1.0,1.0,1.0,1.0,1.0,1.0,1.0
chb22,10,2,5,1,0,3,chb22_20.edf,67,30,38,5,0,25,0,1.0,5,0,25,0,1.0,1.0,1.0,1.0,1.0,1.0,1.0
chb22,10,2,5,2,0,3,chb22_20.edf,67,30,54,5,0,25,0,1.0,5,0,25,0,1.0,1.0,1.0,1.0,1.0,1.0,1.0
chb22,10,2,5,3,0,3,chb22_20.edf,67,30,49,5,0,25,0,1.0,5,0,25,0,1.0,1.0,1.0,1.0,1.0,1.0,1.0
chb22,10,1,10,0,1,3,chb22_25.edf,57,42,51,7,0,35,0,1.0,7,0,35,0,1.0,1.0,1.0,1.0,1.0,1.0,1.0
chb22,10,1,10,1,1,3,chb22_25.edf,57,42,39,7,0,35,0,1.0,7,0,35,0,1.0,1.0,1.0,1.0,1.0,1.0,1.0
chb22,10,1,10,2,1,3,chb22_25.edf,57,42,72,7,0,35,0,1.0,7,0,35,0,1.0,1.0,1.0,1.0,1.0,1.0,1.0
chb22,10,1,10,3,1,3,chb22_25.edf,57,42,57,7,0,35,0,1.0,7,0,35,0,1.0,1.0,1.0,1.0,1.0,1.0,1.0
chb22,10,2,5,0,1,3,chb22_25.edf,57,42,60,7,0,35,0,1.0,7,0,35,0,1.0,1.0,1.0,1.0,1.0,1.0,1.0
chb22,10,2,5,1,1,3,chb22_25.edf,57,42,85,7,0,35,0,1.0,7,0,35,0,1.0,1.0,1.0,1.0,1.0,1.0,1.0
chb22,10,2,5,2,1,3,chb22_25.edf,57,42,94,7,0,35,0,1.0,7,0,35,0,1.0,1.0,1.0,1.0,1.0,1.0,1.0
chb22,10,2,5,3,1,3,chb22_25.edf,57,42,56,7,0,35,0,1.0,7,0,35,0,1.0,1.0,1.0,1.0,1.0,1.0,1.0
chb22,10,1,10,0,2,3,chb22_38.edf,57,42,96,6,0,35,1,0.9959183673469387,6,0,35,1,0.9230769230769231,0.9959183673469387,0.8571428571428571,1.0,1.0,0.9230769230769231,0.9761904761904762
chb22,10,1,10,1,2,3,chb22_38.edf,57,42,99,6,0,35,1,0.9959183673469387,6,0,35,1,0.9230769230769231,0.9959183673469387,0.8571428571428571,1.0,1.0,0.9230769230769231,0.9761904761904762
chb22,10,1,10,2,2,3,chb22_38.edf,57,42,65,6,0,35,1,0.9959183673469387,6,0,35,1,0.9230769230769231,0.9959183673469387,0.8571428571428571,1.0,1.0,0.9230769230769231,0.9761904761904762
chb22,10,1,10,3,2,3,chb22_38.edf,57,42,50,6,0,35,1,0.9959183673469387,6,0,35,1,0.9230769230769231,0.9959183673469387,0.8571428571428571,1.0,1.0,0.9230769230769231,0.9761904761904762
chb22,10,2,5,0,2,3,chb22_38.edf,57,42,99,6,0,35,1,1.0,6,0,35,1,0.9230769230769231,1.0,0.8571428571428571,1.0,1.0,0.9230769230769231,0.9761904761904762
chb22,10,2,5,1,2,3,chb22_38.edf,57,42,99,6,0,35,1,1.0,6,0,35,1,0.9230769230769231,1.0,0.8571428571428571,1.0,1.0,0.9230769230769231,0.9761904761904762
chb22,10,2,5,2,2,3,chb22_38.edf,57,42,70,6,0,35,1,0.9959183673469387,6,0,35,1,0.9230769230769231,1.0,0.8571428571428571,1.0,1.0,0.9230769230769231,0.9761904761904762
chb22,10,2,5,3,2,3,chb22_38.edf,57,42,54,6,0,35,1,0.9959183673469387,6,0,35,1,0.9230769230769231,1.0,0.8571428571428571,1.0,1.0,0.9230769230769231,0.9761904761904762
chb23,10,1,10,0,0,3,chb23_06.edf,139,66,70,11,1,54,0,1.0,11,1,54,0,0.9565217391304348,1.0,1.0,0.9818181818181818,0.9166666666666666,0.9565217391304348,0.9848484848484849
chb23,10,1,10,1,0,3,chb23_06.edf,139,66,23,11,0,55,0,1.0,11,0,55,0,1.0,1.0,1.0,1.0,1.0,1.0,1.0
chb23,10,1,10,2,0,3,chb23_06.edf,139,66,9,11,0,55,0,1.0,11,0,55,0,1.0,1.0,1.0,1.0,1.0,1.0,1.0
chb23,10,1,10,3,0,3,chb23_06.edf,139,66,12,9,0,55,2,1.0,8,0,55,3,0.8421052631578947,1.0,0.8181818181818182,1.0,1.0,0.9,0.9696969696969697
chb23,10,2,5,0,0,3,chb23_06.edf,139,66,70,11,0,55,0,1.0,11,0,55,0,1.0,1.0,1.0,1.0,1.0,1.0,1.0
chb23,10,2,5,1,0,3,chb23_06.edf,139,66,11,11,1,54,0,1.0,11,1,54,0,0.9565217391304348,1.0,1.0,0.9818181818181818,0.9166666666666666,0.9565217391304348,0.9848484848484849
chb23,10,2,5,2,0,3,chb23_06.edf,139,66,9,11,0,55,0,1.0,11,0,55,0,1.0,1.0,1.0,1.0,1.0,1.0,1.0
chb23,10,2,5,3,0,3,chb23_06.edf,139,66,8,11,1,54,0,1.0,11,1,54,0,0.9565217391304348,1.0,1.0,0.9818181818181818,0.9166666666666666,0.9565217391304348,0.9848484848484849
chb23,10,1,10,0,1,3,chb23_08.edf,163,36,27,6,0,30,0,1.0,6,0,30,0,1.0,1.0,1.0,1.0,1.0,1.0,1.0
chb23,10,1,10,1,1,3,chb23_08.edf,163,36,10,6,0,30,0,1.0,6,0,30,0,1.0,1.0,1.0,1.0,1.0,1.0,1.0
chb23,10,1,10,2,1,3,chb23_08.edf,163,36,9,6,0,30,0,1.0,6,0,30,0,1.0,1.0,1.0,1.0,1.0,1.0,1.0
chb23,10,1,10,3,1,3,chb23_08.edf,163,36,6,6,0,30,0,1.0,6,0,30,0,1.0,1.0,1.0,1.0,1.0,1.0,1.0
chb23,10,2,5,0,1,3,chb23_08.edf,163,36,29,6,0,30,0,1.0,6,0,30,0,1.0,1.0,1.0,1.0,1.0,1.0,1.0
chb23,10,2,5,1,1,3,chb23_08.edf,163,36,12,6,0,30,0,1.0,6,0,30,0,1.0,1.0,1.0,1.0,1.0,1.0,1.0
chb23,10,2,5,2,1,3,chb23_08.edf,163,36,9,6,0,30,0,1.0,6,0,30,0,1.0,1.0,1.0,1.0,1.0,1.0,1.0
chb23,10,2,5,3,1,3,chb23_08.edf,163,36,8,6,0,30,0,1.0,6,0,30,0,1.0,1.0,1.0,1.0,1.0,1.0,1.0
chb23,10,1,10,0,2,3,chb23_09.edf,81,138,84,23,3,112,0,0.9916824196597354,23,3,112,0,0.9387755102040817,0.9916824196597354,1.0,0.9739130434782609,0.8846153846153846,0.9387755102040817,0.9782608695652174
chb23,10,1,10,1,2,3,chb23_09.edf,81,138,28,21,3,112,2,0.991304347826087,22,3,112,1,0.9166666666666666,0.991304347826087,0.9130434782608695,0.9739130434782609,0.875,0.8936170212765957,0.9637681159420289
chb23,10,1,10,2,2,3,chb23_09.edf,81,138,23,22,3,112,1,0.9909262759924387,22,3,112,1,0.9166666666666666,0.9920604914933838,0.9565217391304348,0.9739130434782609,0.88,0.9166666666666666,0.9710144927536232
chb23,10,1,10,3,2,3,chb23_09.edf,81,138,13,22,3,112,1,0.991304347826087,23,3,112,0,0.9387755102040817,0.9924385633270322,0.9565217391304348,0.9739130434782609,0.88,0.9166666666666666,0.9710144927536232
chb23,10,2,5,0,2,3,chb23_09.edf,81,138,85,21,3,112,2,0.9920604914933838,21,3,112,2,0.8936170212765957,0.9920604914933838,0.9130434782608695,0.9739130434782609,0.875,0.8936170212765957,0.9637681159420289
chb23,10,2,5,1,2,3,chb23_09.edf,81,138,23,21,3,112,2,0.9897920604914934,21,3,112,2,0.8936170212765957,0.9909262759924387,0.9130434782608695,0.9739130434782609,0.875,0.8936170212765957,0.9637681159420289
chb23,10,2,5,2,2,3,chb23_09.edf,81,138,23,21,3,112,2,0.989413988657845,21,3,112,2,0.8936170212765957,0.991304347826087,0.9130434782608695,0.9739130434782609,0.875,0.8936170212765957,0.9637681159420289
chb23,10,2,5,3,2,3,chb23_09.edf,81,138,29,21,3,112,2,0.9897920604914934,21,3,112,2,0.8936170212765957,0.9901701323251418,0.9130434782608695,0.9739130434782609,0.875,0.8936170212765957,0.9637681159420289
chb24,10,1,10,0,0,5,chb24_01.edf;chb24_13.edf;chb24_14.edf,168,42,49,7,0,35,0,1.0,7,0,35,0,1.0,1.0,1.0,1.0,1.0,1.0,1.0
chb24,10,1,10,1,0,5,chb24_01.edf;chb24_13.edf;chb24_14.edf,168,42,17,7,3,32,0,1.0,7,3,32,0,0.8235294117647058,1.0,1.0,0.9142857142857143,0.7,0.8235294117647058,0.9285714285714286
chb24,10,1,10,2,0,5,chb24_01.edf;chb24_13.edf;chb24_14.edf,168,42,24,7,2,33,0,1.0,7,3,32,0,0.8235294117647058,1.0,1.0,0.9428571428571428,0.7777777777777778,0.875,0.9523809523809523
chb24,10,1,10,3,0,5,chb24_01.edf;chb24_13.edf;chb24_14.edf,168,42,15,7,3,32,0,1.0,7,3,32,0,0.8235294117647058,1.0,1.0,0.9142857142857143,0.7,0.8235294117647058,0.9285714285714286
chb24,10,2,5,0,0,5,chb24_01.edf;chb24_13.edf;chb24_14.edf,168,42,44,7,1,34,0,1.0,7,1,34,0,0.9333333333333333,1.0,1.0,0.9714285714285714,0.875,0.9333333333333333,0.9761904761904762
chb24,10,2,5,1,0,5,chb24_01.edf;chb24_13.edf;chb24_14.edf,168,42,35,7,3,32,0,1.0,7,2,33,0,0.875,1.0,1.0,0.9142857142857143,0.7,0.8235294117647058,0.9285714285714286
chb24,10,2,5,2,0,5,chb24_01.edf;chb24_13.edf;chb24_14.edf,168,42,31,7,3,32,0,1.0,7,2,33,0,0.875,1.0,1.0,0.9142857142857143,0.7,0.8235294117647058,0.9285714285714286
chb24,10,2,5,3,0,5,chb24_01.edf;chb24_13.edf;chb24_14.edf,168,42,25,7,3,32,0,1.0,7,3,32,0,0.8235294117647058,1.0,1.0,0.9142857142857143,0.7,0.8235294117647058,0.9285714285714286
chb24,10,1,10,0,1,5,chb24_03.edf;chb24_04.edf,153,60,68,10,6,44,0,0.99,10,6,44,0,0.7692307692307693,0.99,1.0,0.88,0.625,0.7692307692307693,0.9
chb24,10,1,10,1,1,5,chb24_03.edf;chb24_04.edf,153,60,21,10,12,38,0,0.9760000000000001,10,13,37,0,0.6060606060606061,0.986,1.0,0.76,0.45454545454545453,0.625,0.8
chb24,10,1,10,2,1,5,chb24_03.edf;chb24_04.edf,153,60,23,10,9,41,0,0.984,10,9,41,0,0.6896551724137931,0.986,1.0,0.82,0.5263157894736842,0.6896551724137931,0.85
chb24,10,1,10,3,1,5,chb24_03.edf;chb24_04.edf,153,60,16,10,12,38,0,0.986,10,13,37,0,0.6060606060606061,0.988,1.0,0.76,0.45454545454545453,0.625,0.8
chb24,10,2,5,0,1,5,chb24_03.edf;chb24_04.edf,153,60,52,10,7,43,0,0.988,10,7,43,0,0.7407407407407407,0.988,1.0,0.86,0.5882352941176471,0.7407407407407407,0.8833333333333333
chb24,10,2,5,1,1,5,chb24_03.edf;chb24_04.edf,153,60,35,10,10,40,0,0.99,10,9,41,0,0.6896551724137931,0.99,1.0,0.8,0.5,0.6666666666666666,0.8333333333333334
chb24,10,2,5,2,1,5,chb24_03.edf;chb24_04.edf,153,60,24,10,6,44,0,0.988,10,7,43,0,0.7407407407407407,0.99,1.0,0.88,0.625,0.7692307692307693,0.9
chb24,10,2,5,3,1,5,chb24_03.edf;chb24_04.edf,153,60,21,10,11,39,0,0.99,10,9,41,0,0.6896551724137931,0.99,1.0,0.78,0.47619047619047616,0.6451612903225806,0.8166666666666667
chb24,10,1,10,0,2,5,chb24_06.edf;chb24_09.edf,187,18,33,3,0,15,0,1.0,3,0,15,0,1.0,1.0,1.0,1.0,1.0,1.0,1.0
chb24,10,1,10,1,2,5,chb24_06.edf;chb24_09.edf,187,18,8,3,0,15,0,1.0,3,0,15,0,1.0,1.0,1.0,1.0,1.0,1.0,1.0
chb24,10,1,10,2,2,5,chb24_06.edf;chb24_09.edf,187,18,7,3,0,15,0,1.0,3,0,15,0,1.0,1.0,1.0,1.0,1.0,1.0,1.0
chb24,10,1,10,3,2,5,chb24_06.edf;chb24_09.edf,187,18,4,3,0,15,0,1.0,3,0,15,0,1.0,1.0,1.0,1.0,1.0,1.0,1.0
chb24,10,2,5,0,2,5,chb24_06.edf;chb24_09.edf,187,18,28,3,0,15,0,1.0,3,0,15,0,1.0,1.0,1.0,1.0,1.0,1.0,1.0
chb24,10,2,5,1,2,5,chb24_06.edf;chb24_09.edf,187,18,8,3,0,15,0,1.0,3,0,15,0,1.0,1.0,1.0,1.0,1.0,1.0,1.0
chb24,10,2,5,2,2,5,chb24_06.edf;chb24_09.edf,187,18,7,3,0,15,0,1.0,3,0,15,0,1.0,1.0,1.0,1.0,1.0,1.0,1.0
chb24,10,2,5,3,2,5,chb24_06.edf;chb24_09.edf,187,18,5,3,0,15,0,1.0,3,0,15,0,1.0,1.0,1.0,1.0,1.0,1.0,1.0
chb24,10,1,10,0,3,5,chb24_07.edf;chb24_15.edf,187,18,37,3,1,14,0,1.0,3,1,14,0,0.8571428571428571,1.0,1.0,0.9333333333333333,0.75,0.8571428571428571,0.9444444444444444
chb24,10,1,10,1,3,5,chb24_07.edf;chb24_15.edf,187,18,37,3,2,13,0,1.0,3,2,13,0,0.75,1.0,1.0,0.8666666666666667,0.6,0.75,0.8888888888888888
chb24,10,1,10,2,3,5,chb24_07.edf;chb24_15.edf,187,18,43,3,2,13,0,1.0,3,2,13,0,0.75,1.0,1.0,0.8666666666666667,0.6,0.75,0.8888888888888888
chb24,10,1,10,3,3,5,chb24_07.edf;chb24_15.edf,187,18,29,3,2,13,0,1.0,3,3,12,0,0.6666666666666666,1.0,1.0,0.8666666666666667,0.6,0.75,0.8888888888888888
chb24,10,2,5,0,3,5,chb24_07.edf;chb24_15.edf,187,18,36,3,2,13,0,1.0,3,2,13,0,0.75,1.0,1.0,0.8666666666666667,0.6,0.75,0.8888888888888888
chb24,10,2,5,1,3,5,chb24_07.edf;chb24_15.edf,187,18,52,3,2,13,0,1.0,3,3,12,0,0.6666666666666666,1.0,1.0,0.8666666666666667,0.6,0.75,0.8888888888888888
chb24,10,2,5,2,3,5,chb24_07.edf;chb24_15.edf,187,18,50,3,2,13,0,1.0,3,3,12,0,0.6666666666666666,1.0,1.0,0.8666666666666667,0.6,0.75,0.8888888888888888
chb24,10,2,5,3,3,5,chb24_07.edf;chb24_15.edf,187,18,47,3,3,12,0,1.0,3,3,12,0,0.6666666666666666,1.0,1.0,0.8,0.5,0.6666666666666666,0.8333333333333334
chb24,10,1,10,0,4,5,chb24_11.edf;chb24_17.edf;chb24_21.edf,110,114,21,10,0,95,9,0.8792243767313019,10,0,95,9,0.6896551724137931,0.8792243767313019,0.5263157894736842,1.0,1.0,0.6896551724137931,0.9210526315789473
chb24,10,1,10,1,4,5,chb24_11.edf;chb24_17.edf;chb24_21.edf,110,114,48,10,0,95,9,0.8659279778393352,10,0,95,9,0.6896551724137931,0.8648199445983379,0.5263157894736842,1.0,1.0,0.6896551724137931,0.9210526315789473
chb24,10,1,10,2,4,5,chb24_11.edf;chb24_17.edf;chb24_21.edf,110,114,14,10,0,95,9,0.8803324099722991,10,0,95,9,0.6896551724137931,0.8814404432132964,0.5263157894736842,1.0,1.0,0.6896551724137931,0.9210526315789473
chb24,10,1,10,3,4,5,chb24_11.edf;chb24_17.edf;chb24_21.edf,110,114,13,10,0,95,9,0.8648199445983379,10,0,95,9,0.6896551724137931,0.8670360110803323,0.5263157894736842,1.0,1.0,0.6896551724137931,0.9210526315789473
chb24,10,2,5,0,4,5,chb24_11.edf;chb24_17.edf;chb24_21.edf,110,114,26,10,0,95,9,0.8603878116343491,10,0,95,9,0.6896551724137931,0.8603878116343491,0.5263157894736842,1.0,1.0,0.6896551724137931,0.9210526315789473
chb24,10,2,5,1,4,5,chb24_11.edf;chb24_17.edf;chb24_21.edf,110,114,21,10,0,95,9,0.8659279778393352,10,0,95,9,0.6896551724137931,0.867590027700831,0.5263157894736842,1.0,1.0,0.6896551724137931,0.9210526315789473
chb24,10,2,5,2,4,5,chb24_11.edf;chb24_17.edf;chb24_21.edf,110,114,14,8,0,95,11,0.8792243767313018,9,0,95,10,0.6428571428571429,0.8781163434903048,0.42105263157894735,1.0,1.0,0.5925925925925926,0.9035087719298246
chb24,10,2,5,3,4,5,chb24_11.edf;chb24_17.edf;chb24_21.edf,110,114,14,8,0,95,11,0.8653739612188366,9,0,95,10,0.6428571428571429,0.8637119113573407,0.42105263157894735,1.0,1.0,0.5925925925925926,0.9035087719298246
