patient,window_sec,kernel_height,fold,n_folds,test_recordings,n_train,n_test,best_epoch,TP,FP,TN,FN,auroc,sensitivity,specificity,precision,f1,accuracy
chb01,1,16,0,5,chb01_03.edf,1929,240,56,37,8,192,3,0.9922500000000001,0.925,0.96,0.8222222222222222,0.8705882352941177,0.9541666666666667
chb01,1,21,0,5,chb01_03.edf,1929,240,11,32,5,195,8,0.9696250000000001,0.8,0.975,0.8648648648648649,0.8311688311688312,0.9458333333333333
chb01,1,16,1,5,chb01_21.edf,1675,558,26,88,26,439,5,0.989270435888542,0.946236559139785,0.9440860215053763,0.7719298245614035,0.8502415458937198,0.9444444444444444
chb01,1,21,1,5,chb01_21.edf,1675,558,14,91,51,414,2,0.9872123944964736,0.978494623655914,0.8903225806451613,0.6408450704225352,0.774468085106383,0.9050179211469535
chb01,1,16,2,5,chb01_15.edf;chb01_16.edf,1684,546,38,82,24,431,9,0.9803888419273035,0.9010989010989011,0.9472527472527472,0.7735849056603774,0.8324873096446701,0.9395604395604396
chb01,1,21,2,5,chb01_15.edf;chb01_16.edf,1684,546,14,77,36,419,14,0.9633860644849656,0.8461538461538461,0.9208791208791208,0.6814159292035398,0.7549019607843137,0.9084249084249084
chb01,1,16,3,5,chb01_04.edf;chb01_18.edf,1560,702,46,111,10,575,6,0.9975746950105925,0.9487179487179487,0.9829059829059829,0.9173553719008265,0.9327731092436975,0.9772079772079773
chb01,1,21,3,5,chb01_04.edf;chb01_18.edf,1560,702,27,109,17,568,8,0.9915990941631968,0.9316239316239316,0.9709401709401709,0.8650793650793651,0.897119341563786,0.9643874643874644
chb01,1,16,4,5,chb01_26.edf,1636,606,47,98,34,471,3,0.9881776296441526,0.9702970297029703,0.9326732673267327,0.7424242424242424,0.8412017167381974,0.9389438943894389
chb01,1,21,4,5,chb01_26.edf,1636,606,10,90,28,477,11,0.9815116165081854,0.8910891089108911,0.9445544554455445,0.7627118644067796,0.821917808219178,0.9356435643564357
chb02,1,16,0,3,chb02_16+.edf,436,486,33,39,12,393,42,0.8356652949245542,0.48148148148148145,0.9703703703703703,0.7647058823529411,0.5909090909090909,0.8888888888888888
chb02,1,21,0,3,chb02_16+.edf,436,486,12,20,0,405,61,0.9490626428898034,0.24691358024691357,1.0,1.0,0.39603960396039606,0.8744855967078189
chb02,1,16,1,3,chb02_16.edf,432,492,98,6,11,399,76,0.7532123735871504,0.07317073170731707,0.973170731707317,0.35294117647058826,0.12121212121212122,0.823170731707317
chb02,1,21,1,3,chb02_16.edf,432,492,29,58,51,359,24,0.8835812016656751,0.7073170731707317,0.875609756097561,0.5321100917431193,0.6073298429319371,0.8475609756097561
chb02,1,16,2,3,chb02_19.edf,782,54,31,8,19,26,1,0.8222222222222222,0.8888888888888888,0.5777777777777777,0.2962962962962963,0.4444444444444444,0.6296296296296297
chb02,1,21,2,3,chb02_19.edf,782,54,34,8,10,35,1,0.8592592592592593,0.8888888888888888,0.7777777777777778,0.4444444444444444,0.5925925925925926,0.7962962962962963
chb03,1,16,0,5,chb03_02.edf,1617,390,39,62,5,320,3,0.9907218934911243,0.9538461538461539,0.9846153846153847,0.9253731343283582,0.9393939393939394,0.9794871794871794
chb03,1,21,0,5,chb03_02.edf,1617,390,7,61,11,314,4,0.9874082840236688,0.9384615384615385,0.9661538461538461,0.8472222222222222,0.8905109489051095,0.9615384615384616
chb03,1,16,1,5,chb03_03.edf,1598,414,49,67,3,342,2,0.9993278722957363,0.9710144927536232,0.991304347826087,0.9571428571428572,0.9640287769784173,0.9879227053140096
chb03,1,21,1,5,chb03_03.edf,1598,414,13,62,3,342,7,0.9913883637891199,0.8985507246376812,0.991304347826087,0.9538461538461539,0.9253731343283582,0.9758454106280193
chb03,1,16,2,5,chb03_35.edf,1622,384,48,58,10,310,6,0.98779296875,0.90625,0.96875,0.8529411764705882,0.8787878787878788,0.9583333333333334
chb03,1,21,2,5,chb03_35.edf,1622,384,14,53,10,310,11,0.965869140625,0.828125,0.96875,0.8412698412698413,0.8346456692913385,0.9453125
chb03,1,16,3,5,chb03_01.edf;chb03_36.edf,1425,630,18,99,18,507,6,0.9869750566893424,0.9428571428571428,0.9657142857142857,0.8461538461538461,0.8918918918918919,0.9619047619047619
chb03,1,21,3,5,chb03_01.edf;chb03_36.edf,1425,630,13,89,23,502,16,0.974875283446712,0.8476190476190476,0.9561904761904761,0.7946428571428571,0.8202764976958525,0.9380952380952381
chb03,1,16,4,5,chb03_04.edf;chb03_34.edf,1454,594,27,98,18,477,1,0.9941230486685032,0.98989898989899,0.9636363636363636,0.8448275862068966,0.9116279069767442,0.968013468013468
chb03,1,21,4,5,chb03_04.edf;chb03_34.edf,1454,594,6,91,31,464,8,0.9776145291296806,0.9191919191919192,0.9373737373737374,0.7459016393442623,0.8235294117647058,0.9343434343434344
chb04,1,16,0,3,chb04_05.edf,1579,294,37,34,4,241,15,0.9520199916701374,0.6938775510204082,0.9836734693877551,0.8947368421052632,0.7816091954022989,0.935374149659864
chb04,1,21,0,3,chb04_05.edf,1579,294,12,49,189,56,0,0.8321532694710537,1.0,0.22857142857142856,0.20588235294117646,0.34146341463414637,0.35714285714285715
chb04,1,16,1,3,chb04_08.edf,1281,666,62,109,44,511,2,0.974190406622839,0.9819819819819819,0.9207207207207208,0.7124183006535948,0.8257575757575758,0.9309309309309309
chb04,1,21,1,3,chb04_08.edf,1281,666,15,98,75,480,13,0.9368720071422774,0.8828828828828829,0.8648648648648649,0.5664739884393064,0.6901408450704225,0.8678678678678678
chb04,1,16,2,3,chb04_28.edf,768,1308,38,45,42,1048,173,0.6497264540021884,0.20642201834862386,0.9614678899082569,0.5172413793103449,0.29508196721311475,0.8356269113149847
chb04,1,21,2,3,chb04_28.edf,768,1308,24,57,163,927,161,0.6112532615099738,0.26146788990825687,0.8504587155963302,0.2590909090909091,0.2602739726027397,0.7522935779816514
chb05,1,16,0,5,chb05_06.edf,2126,690,40,87,11,564,28,0.9846351606805293,0.7565217391304347,0.9808695652173913,0.8877551020408163,0.8169014084507042,0.9434782608695652
chb05,1,21,0,5,chb05_06.edf,2126,690,23,82,13,562,33,0.9717655954631379,0.7130434782608696,0.9773913043478261,0.8631578947368421,0.780952380952381,0.9333333333333333
chb05,1,16,1,5,chb05_13.edf,2150,660,45,98,13,537,12,0.9727107438016529,0.8909090909090909,0.9763636363636363,0.8828828828828829,0.8868778280542986,0.9621212121212122
chb05,1,21,1,5,chb05_13.edf,2150,660,11,92,17,533,18,0.9707768595041323,0.8363636363636363,0.9690909090909091,0.8440366972477065,0.8401826484018264,0.946969696969697
chb05,1,16,2,5,chb05_16.edf,2217,576,93,88,2,478,8,0.9811848958333333,0.9166666666666666,0.9958333333333333,0.9777777777777777,0.946236559139785,0.9826388888888888
chb05,1,21,2,5,chb05_16.edf,2217,576,17,77,5,475,19,0.9665581597222223,0.8020833333333334,0.9895833333333334,0.9390243902439024,0.8651685393258427,0.9583333333333334
chb05,1,16,3,5,chb05_17.edf,2102,720,55,112,22,578,8,0.9895833333333333,0.9333333333333333,0.9633333333333334,0.835820895522388,0.8818897637795275,0.9583333333333334
chb05,1,21,3,5,chb05_17.edf,2102,720,10,103,18,582,17,0.9745833333333334,0.8583333333333333,0.97,0.8512396694214877,0.8547717842323651,0.9513888888888888
chb05,1,16,4,5,chb05_22.edf,2116,702,38,106,35,550,11,0.9807144422529038,0.905982905982906,0.9401709401709402,0.75177304964539,0.8217054263565892,0.9344729344729344
chb05,1,21,4,5,chb05_22.edf,2116,702,21,116,71,514,1,0.9713200379867047,0.9914529914529915,0.8786324786324786,0.6203208556149733,0.7631578947368421,0.8974358974358975
chb06,1,16,0,5,chb06_13.edf,672,78,42,11,3,62,2,0.9420118343195267,0.8461538461538461,0.9538461538461539,0.7857142857142857,0.8148148148148148,0.9358974358974359
chb06,1,21,0,5,chb06_13.edf,672,78,15,12,3,62,1,0.9136094674556213,0.9230769230769231,0.9538461538461539,0.8,0.8571428571428571,0.9487179487179487
chb06,1,16,1,5,chb06_09.edf,657,96,28,14,8,72,2,0.93671875,0.875,0.9,0.6363636363636364,0.7368421052631579,0.8958333333333334
chb06,1,21,1,5,chb06_09.edf,657,96,14,11,8,72,5,0.84453125,0.6875,0.9,0.5789473684210527,0.6285714285714286,0.8645833333333334
chb06,1,16,2,5,chb06_01.edf;chb06_18.edf,465,336,49,47,24,256,9,0.9224489795918367,0.8392857142857143,0.9142857142857143,0.6619718309859155,0.7401574803149606,0.9017857142857143
chb06,1,21,2,5,chb06_01.edf;chb06_18.edf,465,336,27,46,17,263,10,0.9309948979591837,0.8214285714285714,0.9392857142857143,0.7301587301587301,0.773109243697479,0.9196428571428571
chb06,1,16,3,5,chb06_04.edf,542,240,46,28,78,122,12,0.73925,0.7,0.61,0.2641509433962264,0.3835616438356164,0.625
chb06,1,21,3,5,chb06_04.edf,542,240,19,28,101,99,12,0.594375,0.7,0.495,0.21705426356589147,0.33136094674556216,0.5291666666666667
chb06,1,16,4,5,chb06_10.edf;chb06_24.edf,600,168,16,14,9,131,14,0.910969387755102,0.5,0.9357142857142857,0.6086956521739131,0.5490196078431373,0.8630952380952381
chb06,1,21,4,5,chb06_10.edf;chb06_24.edf,600,168,10,21,24,116,7,0.8806122448979592,0.75,0.8285714285714286,0.4666666666666667,0.5753424657534246,0.8154761904761905
chb07,1,16,0,3,chb07_12.edf,1147,516,51,86,23,407,0,0.9961060032449973,1.0,0.9465116279069767,0.7889908256880734,0.882051282051282,0.9554263565891473
chb07,1,21,0,3,chb07_12.edf,1147,516,13,83,37,393,3,0.9856949702541914,0.9651162790697675,0.913953488372093,0.6916666666666667,0.8058252427184466,0.9224806201550387
chb07,1,16,1,3,chb07_13.edf,1099,576,30,91,22,458,5,0.9903211805555555,0.9479166666666666,0.9541666666666667,0.8053097345132744,0.8708133971291866,0.953125
chb07,1,21,1,3,chb07_13.edf,1099,576,7,60,5,475,36,0.9680555555555557,0.625,0.9895833333333334,0.9230769230769231,0.7453416149068323,0.9288194444444444
chb07,1,16,2,3,chb07_19.edf,873,858,31,99,15,700,44,0.9606337718225829,0.6923076923076923,0.9790209790209791,0.868421052631579,0.7704280155642024,0.9312354312354313
chb07,1,21,2,3,chb07_19.edf,873,858,65,81,32,683,62,0.868374981661695,0.5664335664335665,0.9552447552447553,0.7168141592920354,0.6328125,0.8904428904428905
chb08,1,16,0,5,chb08_02.edf,3590,1026,73,165,63,792,6,0.9817311309462741,0.9649122807017544,0.9263157894736842,0.7236842105263158,0.8270676691729323,0.9327485380116959
chb08,1,21,0,5,chb08_02.edf,3590,1026,41,149,66,789,22,0.9565199548579051,0.8713450292397661,0.9228070175438596,0.6930232558139535,0.772020725388601,0.9142300194931774
chb08,1,16,1,5,chb08_05.edf,3499,1140,26,157,163,787,33,0.9140443213296398,0.8263157894736842,0.828421052631579,0.490625,0.615686274509804,0.8280701754385965
chb08,1,21,1,5,chb08_05.edf,3499,1140,6,137,155,795,53,0.883551246537396,0.7210526315789474,0.8368421052631579,0.4691780821917808,0.5684647302904564,0.8175438596491228
chb08,1,16,2,5,chb08_11.edf,3768,804,44,120,18,652,14,0.9833927378035197,0.8955223880597015,0.9731343283582089,0.8695652173913043,0.8823529411764706,0.9601990049751243
chb08,1,21,2,5,chb08_11.edf,3768,804,10,121,14,656,13,0.9834038761416797,0.9029850746268657,0.9791044776119403,0.8962962962962963,0.8996282527881041,0.9664179104477612
chb08,1,16,3,5,chb08_13.edf,3643,960,18,143,35,765,17,0.98,0.89375,0.95625,0.8033707865168539,0.8461538461538461,0.9458333333333333
chb08,1,21,3,5,chb08_13.edf,3643,960,8,146,48,752,14,0.9747343750000002,0.9125,0.94,0.7525773195876289,0.8248587570621468,0.9354166666666667
chb08,1,16,4,5,chb08_21.edf,3144,1584,34,231,162,1158,33,0.9474317033976124,0.875,0.8772727272727273,0.5877862595419847,0.7031963470319634,0.8768939393939394
chb08,1,21,4,5,chb08_21.edf,3144,1584,14,220,153,1167,44,0.9347136134067953,0.8333333333333334,0.884090909090909,0.5898123324396782,0.6907378335949764,0.8756313131313131
chb09,1,16,0,3,chb09_06.edf,1017,384,65,51,43,277,13,0.8889648437500001,0.796875,0.865625,0.5425531914893617,0.6455696202531646,0.8541666666666666
chb09,1,21,0,3,chb09_06.edf,1017,384,17,52,23,297,12,0.957568359375,0.8125,0.928125,0.6933333333333334,0.7482014388489209,0.9088541666666666
chb09,1,16,1,3,chb09_08.edf,604,900,44,117,66,684,33,0.9187555555555555,0.78,0.912,0.639344262295082,0.7027027027027027,0.89
chb09,1,21,1,3,chb09_08.edf,604,900,12,126,75,675,24,0.9422666666666667,0.84,0.9,0.6268656716417911,0.717948717948718,0.89
chb09,1,16,2,3,chb09_19.edf,1027,372,51,54,24,286,8,0.9104058272632675,0.8709677419354839,0.9225806451612903,0.6923076923076923,0.7714285714285715,0.9139784946236559
chb09,1,21,2,3,chb09_19.edf,1027,372,18,43,14,296,19,0.9044745057232049,0.6935483870967742,0.9548387096774194,0.7543859649122807,0.7226890756302521,0.9112903225806451
chb10,1,16,0,5,chb10_38.edf,1718,534,8,71,54,391,18,0.9331145057442243,0.797752808988764,0.8786516853932584,0.568,0.6635514018691588,0.8651685393258427
chb10,1,21,0,5,chb10_38.edf,1718,534,2,61,16,429,28,0.9409418002777425,0.6853932584269663,0.9640449438202248,0.7922077922077922,0.7349397590361446,0.9176029962546817
chb10,1,16,1,5,chb10_89.edf,1886,324,28,39,8,262,15,0.9473251028806584,0.7222222222222222,0.9703703703703703,0.8297872340425532,0.7722772277227723,0.9290123456790124
chb10,1,21,1,5,chb10_89.edf,1886,324,5,43,3,267,11,0.9360082304526749,0.7962962962962963,0.9888888888888889,0.9347826086956522,0.86,0.9567901234567902
chb10,1,16,2,5,chb10_27.edf,1833,390,37,59,18,307,6,0.9372307692307693,0.9076923076923077,0.9446153846153846,0.7662337662337663,0.8309859154929577,0.9384615384615385
chb10,1,21,2,5,chb10_27.edf,1833,390,8,53,18,307,12,0.9370414201183431,0.8153846153846154,0.9446153846153846,0.7464788732394366,0.7794117647058824,0.9230769230769231
chb10,1,16,3,5,chb10_12.edf;chb10_30.edf,1699,558,42,68,5,460,25,0.9496589201063708,0.7311827956989247,0.989247311827957,0.9315068493150684,0.8192771084337349,0.946236559139785
chb10,1,21,3,5,chb10_12.edf;chb10_30.edf,1699,558,8,80,7,458,13,0.9646895594866459,0.8602150537634409,0.9849462365591398,0.9195402298850575,0.8888888888888888,0.96415770609319
chb10,1,16,4,5,chb10_20.edf;chb10_31.edf,1444,876,31,142,216,514,4,0.944323512854194,0.9726027397260274,0.7041095890410959,0.39664804469273746,0.5634920634920635,0.7488584474885844
chb10,1,21,4,5,chb10_20.edf;chb10_31.edf,1444,876,11,141,187,543,5,0.9605742165509477,0.9657534246575342,0.7438356164383562,0.4298780487804878,0.5949367088607594,0.7808219178082192
chb11,1,16,0,3,chb11_82.edf,2440,132,37,21,2,108,1,0.9966942148760332,0.9545454545454546,0.9818181818181818,0.9130434782608695,0.9333333333333333,0.9772727272727273
chb11,1,21,0,3,chb11_82.edf,2440,132,11,20,2,108,2,0.9859504132231406,0.9090909090909091,0.9818181818181818,0.9090909090909091,0.9090909090909091,0.9696969696969697
chb11,1,16,1,3,chb11_92.edf,2392,192,30,27,2,158,5,0.9896484375,0.84375,0.9875,0.9310344827586207,0.8852459016393442,0.9635416666666666
chb11,1,21,1,3,chb11_92.edf,2392,192,4,22,1,159,10,0.9869140624999999,0.6875,0.99375,0.9565217391304348,0.8,0.9427083333333334
chb11,1,16,2,3,chb11_99.edf,259,2859,96,662,436,1671,90,0.9095012572074846,0.8803191489361702,0.7930707166587565,0.6029143897996357,0.7156756756756757,0.8160195872682756
chb11,1,21,2,3,chb11_99.edf,259,2859,87,531,276,1831,221,0.895148138424098,0.7061170212765957,0.8690080683436165,0.6579925650557621,0.6812059012187299,0.826162994053865
chb12,1,16,0,5,chb12_42.edf,3998,936,48,140,41,739,16,0.9775476660092046,0.8974358974358975,0.9474358974358974,0.7734806629834254,0.8308605341246291,0.9391025641025641
chb12,1,21,0,5,chb12_42.edf,3998,936,13,127,65,715,29,0.9487754766600921,0.8141025641025641,0.9166666666666666,0.6614583333333334,0.7298850574712644,0.8995726495726496
chb12,1,16,1,5,chb12_08.edf,4353,492,65,67,19,391,15,0.9378941106484237,0.8170731707317073,0.9536585365853658,0.7790697674418605,0.7976190476190477,0.9308943089430894
chb12,1,21,1,5,chb12_08.edf,4353,492,13,62,27,383,20,0.9250148720999405,0.7560975609756098,0.9341463414634147,0.6966292134831461,0.7251461988304093,0.9044715447154471
chb12,1,16,2,5,chb12_10.edf;chb12_23.edf,3336,1764,8,202,432,1038,92,0.78055208477949,0.6870748299319728,0.7061224489795919,0.3186119873817035,0.4353448275862069,0.7029478458049887
chb12,1,21,2,5,chb12_10.edf;chb12_23.edf,3336,1764,15,200,227,1243,94,0.8486209449766302,0.6802721088435374,0.845578231292517,0.468384074941452,0.5547850208044383,0.8180272108843537
chb12,1,16,3,5,chb12_06.edf;chb12_09.edf;chb12_38.edf,3072,2094,32,278,216,1529,71,0.9137297723335605,0.7965616045845272,0.87621776504298,0.562753036437247,0.6595492289442467,0.8629417382999045
chb12,1,21,3,5,chb12_06.edf;chb12_09.edf;chb12_38.edf,3072,2094,8,268,195,1550,81,0.8926018669797458,0.7679083094555874,0.8882521489971347,0.5788336933045356,0.6600985221674877,0.8681948424068768
chb12,1,16,4,5,chb12_11.edf;chb12_33.edf;chb12_36.edf,4228,648,46,84,30,510,24,0.9183984910836762,0.7777777777777778,0.9444444444444444,0.7368421052631579,0.7567567567567568,0.9166666666666666
chb12,1,21,4,5,chb12_11.edf;chb12_33.edf;chb12_36.edf,4228,648,20,79,27,513,29,0.9098079561042525,0.7314814814814815,0.95,0.7452830188679245,0.7383177570093458,0.9135802469135802
chb13,1,16,0,5,chb13_19.edf,1900,264,52,35,18,202,9,0.9348140495867769,0.7954545454545454,0.9181818181818182,0.660377358490566,0.7216494845360825,0.8977272727272727
chb13,1,21,0,5,chb13_19.edf,1900,264,24,40,13,207,4,0.9626033057851239,0.9090909090909091,0.9409090909090909,0.7547169811320755,0.8247422680412371,0.9356060606060606
chb13,1,16,1,5,chb13_55.edf,1929,228,22,18,15,175,20,0.794459833795014,0.47368421052631576,0.9210526315789473,0.5454545454545454,0.5070422535211268,0.8464912280701754
chb13,1,21,1,5,chb13_55.edf,1929,228,29,19,8,182,19,0.8264542936288088,0.5,0.9578947368421052,0.7037037037037037,0.5846153846153846,0.881578947368421
chb13,1,16,2,5,chb13_62.edf,1214,1122,20,105,66,869,82,0.7799136377934743,0.5614973262032086,0.9294117647058824,0.6140350877192983,0.5865921787709497,0.8680926916221033
chb13,1,21,2,5,chb13_62.edf,1214,1122,6,118,144,791,69,0.7824701878806943,0.6310160427807486,0.8459893048128342,0.45038167938931295,0.5256124721603563,0.8101604278074866
chb13,1,16,3,5,chb13_58.edf;chb13_59.edf,1732,474,21,70,18,377,9,0.9633071623137318,0.8860759493670886,0.9544303797468354,0.7954545454545454,0.8383233532934131,0.9430379746835443
chb13,1,21,3,5,chb13_58.edf;chb13_59.edf,1732,474,5,72,34,361,7,0.961192116647973,0.9113924050632911,0.9139240506329114,0.6792452830188679,0.7783783783783784,0.9135021097046413
chb13,1,16,4,5,chb13_21.edf;chb13_60.edf,1670,552,46,45,17,443,47,0.9111531190926275,0.4891304347826087,0.9630434782608696,0.7258064516129032,0.5844155844155844,0.8840579710144928
chb13,1,21,4,5,chb13_21.edf;chb13_60.edf,1670,552,24,53,18,442,39,0.9055765595463138,0.5760869565217391,0.9608695652173913,0.7464788732394366,0.6503067484662577,0.8967391304347826
chb14,1,16,0,5,chb14_11.edf,614,246,42,28,7,198,13,0.9129089827483641,0.6829268292682927,0.9658536585365853,0.8,0.7368421052631579,0.9186991869918699
chb14,1,21,0,5,chb14_11.edf,614,246,26,25,6,199,16,0.8594883997620465,0.6097560975609756,0.9707317073170731,0.8064516129032258,0.6944444444444444,0.9105691056910569
chb14,1,16,1,5,chb14_18.edf,705,132,27,19,15,95,3,0.9574380165289256,0.8636363636363636,0.8636363636363636,0.5588235294117647,0.6785714285714286,0.8636363636363636
chb14,1,21,1,5,chb14_18.edf,705,132,8,20,15,95,2,0.9524793388429751,0.9090909090909091,0.8636363636363636,0.5714285714285714,0.7017543859649122,0.8712121212121212
chb14,1,16,2,5,chb14_17.edf;chb14_27.edf,638,216,10,26,5,175,10,0.9197530864197531,0.7222222222222222,0.9722222222222222,0.8387096774193549,0.7761194029850746,0.9305555555555556
chb14,1,21,2,5,chb14_17.edf;chb14_27.edf,638,216,9,29,10,170,7,0.9313271604938271,0.8055555555555556,0.9444444444444444,0.7435897435897436,0.7733333333333333,0.9212962962962963
chb14,1,16,3,5,chb14_03.edf;chb14_04.edf,542,336,46,49,12,268,7,0.9392219387755102,0.875,0.9571428571428572,0.8032786885245902,0.8376068376068376,0.9434523809523809
chb14,1,21,3,5,chb14_03.edf;chb14_04.edf,542,336,5,50,28,252,6,0.9511479591836735,0.8928571428571429,0.9,0.6410256410256411,0.746268656716418,0.8988095238095238
chb14,1,16,4,5,chb14_06.edf,744,84,32,10,6,64,4,0.9326530612244898,0.7142857142857143,0.9142857142857143,0.625,0.6666666666666666,0.8809523809523809
chb14,1,21,4,5,chb14_06.edf,744,84,6,7,17,53,7,0.7755102040816326,0.5,0.7571428571428571,0.2916666666666667,0.3684210526315789,0.7142857142857143
chb15,1,16,0,5,chb15_62.edf,9043,648,30,107,20,520,1,0.9981995884773662,0.9907407407407407,0.9629629629629629,0.84251968503937,0.9106382978723404,0.9675925925925926
chb15,1,21,0,5,chb15_62.edf,9043,648,8,106,18,522,2,0.9986796982167353,0.9814814814814815,0.9666666666666667,0.8548387096774194,0.9137931034482759,0.9691358024691358
chb15,1,16,1,5,chb15_06.edf;chb15_22.edf;chb15_49.edf,7305,2820,27,396,27,2323,74,0.9816079674060662,0.8425531914893617,0.9885106382978723,0.9361702127659575,0.8868980963045913,0.9641843971631205
chb15,1,21,1,5,chb15_06.edf;chb15_22.edf;chb15_49.edf,7305,2820,14,409,41,2309,61,0.9810167496604799,0.8702127659574468,0.9825531914893617,0.9088888888888889,0.8891304347826087,0.9638297872340426
chb15,1,16,2,5,chb15_15.edf;chb15_31.edf;chb15_40.edf;chb15_54.edf,5121,5550,33,801,108,4517,124,0.9717254638422206,0.865945945945946,0.9766486486486486,0.8811881188118812,0.8735005452562704,0.9581981981981982
chb15,1,21,2,5,chb15_15.edf;chb15_31.edf;chb15_40.edf;chb15_54.edf,5121,5550,26,807,55,4570,118,0.9707257268078889,0.8724324324324324,0.9881081081081081,0.9361948955916474,0.9031897034135422,0.9688288288288288
chb15,1,16,3,5,chb15_10.edf;chb15_17.edf;chb15_52.edf,8904,822,63,127,16,669,10,0.9887687143694389,0.927007299270073,0.9766423357664233,0.8881118881118881,0.9071428571428571,0.9683698296836983
chb15,1,21,3,5,chb15_10.edf;chb15_17.edf;chb15_52.edf,8904,822,11,128,23,662,9,0.9887580585007192,0.9343065693430657,0.9664233576642336,0.847682119205298,0.8888888888888888,0.9610705596107056
chb15,1,16,4,5,chb15_20.edf;chb15_28.edf;chb15_46.edf,7872,2112,49,332,102,1658,20,0.9818843620867769,0.9431818181818182,0.9420454545454545,0.7649769585253456,0.8447837150127226,0.9422348484848485
chb15,1,21,4,5,chb15_20.edf;chb15_28.edf;chb15_46.edf,7872,2112,23,331,47,1713,21,0.9819586131198347,0.9403409090909091,0.9732954545454545,0.8756613756613757,0.9068493150684932,0.9678030303030303
chb16,1,16,0,5,chb16_10.edf,288,54,56,4,6,39,5,0.7950617283950617,0.4444444444444444,0.8666666666666667,0.4,0.42105263157894735,0.7962962962962963
chb16,1,21,0,5,chb16_10.edf,288,54,1,0,0,45,9,0.5703703703703704,0.0,1.0,,0.0,0.8333333333333334
chb16,1,16,1,5,chb16_11.edf,288,54,97,6,6,39,3,0.8839506172839506,0.6666666666666666,0.8666666666666667,0.5,0.5714285714285714,0.8333333333333334
chb16,1,21,1,5,chb16_11.edf,288,54,0,0,0,45,9,0.6049382716049383,0.0,1.0,,0.0,0.8333333333333334
chb16,1,16,2,5,chb16_14.edf,264,84,70,5,28,42,9,0.5112244897959184,0.35714285714285715,0.6,0.15151515151515152,0.2127659574468085,0.5595238095238095
chb16,1,21,2,5,chb16_14.edf,264,84,1,0,0,70,14,0.22448979591836735,0.0,1.0,,0.0,0.8333333333333334
chb16,1,16,3,5,chb16_16.edf,302,36,59,3,6,24,3,0.8555555555555555,0.5,0.8,0.3333333333333333,0.4,0.75
chb16,1,21,3,5,chb16_16.edf,302,36,9,0,0,30,6,0.4777777777777777,0.0,1.0,,0.0,0.8333333333333334
chb16,1,16,4,5,chb16_17.edf,182,186,48,19,36,119,12,0.7392299687825182,0.6129032258064516,0.7677419354838709,0.34545454545454546,0.4418604651162791,0.7419354838709677
chb16,1,21,4,5,chb16_17.edf,182,186,16,15,86,69,16,0.42684703433923,0.4838709677419355,0.44516129032258067,0.1485148514851485,0.22727272727272727,0.45161290322580644
chb17,1,16,0,3,chb17a_03.edf,974,540,28,75,22,428,15,0.9673086419753087,0.8333333333333334,0.9511111111111111,0.7731958762886598,0.8021390374331551,0.9314814814814815
chb17,1,21,0,3,chb17a_03.edf,974,540,12,75,45,405,15,0.9552345679012345,0.8333333333333334,0.9,0.625,0.7142857142857143,0.8888888888888888
chb17,1,16,1,3,chb17a_04.edf,854,690,50,104,37,538,11,0.9808998109640832,0.9043478260869565,0.9356521739130435,0.7375886524822695,0.8125,0.9304347826086956
chb17,1,21,1,3,chb17a_04.edf,854,690,14,106,49,526,9,0.9681663516068053,0.9217391304347826,0.9147826086956522,0.6838709677419355,0.7851851851851852,0.9159420289855073
chb17,1,16,2,3,chb17b_63.edf,984,528,12,70,27,413,18,0.9395144628099174,0.7954545454545454,0.9386363636363636,0.7216494845360825,0.7567567567567568,0.9147727272727273
chb17,1,21,2,3,chb17b_63.edf,984,528,6,63,53,387,25,0.9053719008264464,0.7159090909090909,0.8795454545454545,0.5431034482758621,0.6176470588235294,0.8522727272727273
chb18,1,16,0,5,chb18_30.edf,1377,180,26,7,0,150,23,0.7535555555555555,0.23333333333333334,1.0,1.0,0.3783783783783784,0.8722222222222222
chb18,1,21,0,5,chb18_30.edf,1377,180,13,9,2,148,21,0.772,0.3,0.9866666666666667,0.8181818181818182,0.43902439024390244,0.8722222222222222
chb18,1,16,1,5,chb18_36.edf,1300,276,25,46,54,176,0,0.9696597353497164,1.0,0.7652173913043478,0.46,0.6301369863013698,0.8043478260869565
chb18,1,21,1,5,chb18_36.edf,1300,276,22,45,29,201,1,0.9872400756143668,0.9782608695652174,0.8739130434782608,0.6081081081081081,0.75,0.8913043478260869
chb18,1,16,2,5,chb18_35.edf,1195,408,33,59,7,333,9,0.9781574394463668,0.8676470588235294,0.9794117647058823,0.8939393939393939,0.8805970149253731,0.9607843137254902
chb18,1,21,2,5,chb18_35.edf,1195,408,13,42,0,340,26,0.9619377162629759,0.6176470588235294,1.0,1.0,0.7636363636363637,0.9362745098039216
chb18,1,16,3,5,chb18_32.edf,1257,330,54,55,16,259,0,0.9887603305785123,1.0,0.9418181818181818,0.7746478873239436,0.873015873015873,0.9515151515151515
chb18,1,21,3,5,chb18_32.edf,1257,330,20,54,10,265,1,0.9968925619834711,0.9818181818181818,0.9636363636363636,0.84375,0.907563025210084,0.9666666666666667
chb18,1,16,4,5,chb18_29.edf;chb18_31.edf,955,708,19,100,10,580,18,0.9857368572249354,0.847457627118644,0.9830508474576272,0.9090909090909091,0.8771929824561403,0.96045197740113
chb18,1,21,4,5,chb18_29.edf;chb18_31.edf,955,708,7,102,13,577,16,0.9852915828784832,0.864406779661017,0.9779661016949153,0.8869565217391304,0.8755364806866953,0.9590395480225988
chb19,1,16,0,3,chb19_28.edf,758,468,42,54,17,373,24,0.9300788954635109,0.6923076923076923,0.9564102564102565,0.7605633802816901,0.7248322147651006,0.9123931623931624
chb19,1,21,0,3,chb19_28.edf,758,468,28,59,34,356,19,0.9319526627218936,0.7564102564102564,0.9128205128205128,0.6344086021505376,0.6900584795321637,0.8867521367521367
chb19,1,16,1,3,chb19_29.edf,763,462,35,69,15,370,8,0.9829650868611908,0.8961038961038961,0.961038961038961,0.8214285714285714,0.8571428571428571,0.9502164502164502
chb19,1,21,1,3,chb19_29.edf,763,462,27,63,27,358,14,0.9325012649687974,0.8181818181818182,0.9298701298701298,0.7,0.7544910179640718,0.9112554112554112
chb19,1,16,2,3,chb19_30.edf,744,486,41,76,27,378,5,0.980612711476909,0.9382716049382716,0.9333333333333333,0.7378640776699029,0.8260869565217391,0.934156378600823
chb19,1,21,2,3,chb19_30.edf,744,486,24,62,16,389,19,0.9611644566377078,0.7654320987654321,0.9604938271604938,0.7948717948717948,0.779874213836478,0.9279835390946503
chb20,1,16,0,5,chb20_15.edf,1008,504,19,67,10,410,17,0.9691609977324263,0.7976190476190477,0.9761904761904762,0.8701298701298701,0.8322981366459627,0.9464285714285714
chb20,1,21,0,5,chb20_15.edf,1008,504,13,74,7,413,10,0.9804421768707483,0.8809523809523809,0.9833333333333333,0.9135802469135802,0.896969696969697,0.9662698412698413
chb20,1,16,1,5,chb20_14.edf,1228,228,13,29,2,188,9,0.9608033240997229,0.7631578947368421,0.9894736842105263,0.9354838709677419,0.8405797101449275,0.9517543859649122
chb20,1,21,1,5,chb20_14.edf,1228,228,13,34,4,186,4,0.9717451523545707,0.8947368421052632,0.9789473684210527,0.8947368421052632,0.8947368421052632,0.9649122807017544
chb20,1,16,2,5,chb20_12.edf,1272,174,13,28,5,140,1,0.9912009512485137,0.9655172413793104,0.9655172413793104,0.8484848484848485,0.9032258064516129,0.9655172413793104
chb20,1,21,2,5,chb20_12.edf,1272,174,10,27,1,144,2,0.9950059453032104,0.9310344827586207,0.993103448275862,0.9642857142857143,0.9473684210526315,0.9827586206896551
chb20,1,16,3,5,chb20_13.edf,1080,414,32,66,20,325,3,0.9811804242806134,0.9565217391304348,0.9420289855072463,0.7674418604651163,0.8516129032258064,0.9444444444444444
chb20,1,21,3,5,chb20_13.edf,1080,414,6,64,20,325,5,0.9652593992858644,0.927536231884058,0.9420289855072463,0.7619047619047619,0.8366013071895425,0.9396135265700483
chb20,1,16,4,5,chb20_16.edf;chb20_68.edf,1056,444,37,64,22,348,10,0.9570489408327246,0.8648648648648649,0.9405405405405406,0.7441860465116279,0.8,0.9279279279279279
chb20,1,21,4,5,chb20_16.edf;chb20_68.edf,1056,444,8,58,34,336,16,0.9191745799853908,0.7837837837837838,0.9081081081081082,0.6304347826086957,0.6987951807228916,0.8873873873873874
chb21,1,16,0,4,chb21_19.edf,686,336,46,46,17,263,10,0.9611607142857143,0.8214285714285714,0.9392857142857143,0.7301587301587301,0.773109243697479,0.9196428571428571
chb21,1,21,0,4,chb21_19.edf,686,336,24,45,13,267,11,0.9675382653061225,0.8035714285714286,0.9535714285714286,0.7758620689655172,0.7894736842105263,0.9285714285714286
chb21,1,16,1,4,chb21_20.edf,715,300,76,43,4,246,7,0.98472,0.86,0.984,0.9148936170212766,0.8865979381443299,0.9633333333333334
chb21,1,21,1,4,chb21_20.edf,715,300,14,41,7,243,9,0.97448,0.82,0.972,0.8541666666666666,0.8367346938775511,0.9466666666666667
chb21,1,16,2,4,chb21_21.edf,566,486,30,69,37,368,12,0.9442767870751411,0.8518518518518519,0.908641975308642,0.6509433962264151,0.7379679144385026,0.8991769547325102
chb21,1,21,2,4,chb21_21.edf,566,486,12,75,33,372,6,0.9665599756134735,0.9259259259259259,0.9185185185185185,0.6944444444444444,0.7936507936507936,0.9197530864197531
chb21,1,16,3,4,chb21_22.edf,897,72,57,11,2,58,1,0.9875,0.9166666666666666,0.9666666666666667,0.8461538461538461,0.88,0.9583333333333334
chb21,1,21,3,4,chb21_22.edf,897,72,14,10,2,58,2,0.9777777777777779,0.8333333333333334,0.9666666666666667,0.8333333333333334,0.8333333333333334,0.9444444444444444
chb22,1,16,0,3,chb22_20.edf,700,348,22,56,7,283,2,0.9928656361474435,0.9655172413793104,0.9758620689655172,0.8888888888888888,0.9256198347107438,0.9741379310344828
chb22,1,21,0,3,chb22_20.edf,700,348,8,55,2,288,3,0.9934601664684899,0.9482758620689655,0.993103448275862,0.9649122807017544,0.9565217391304348,0.985632183908046
chb22,1,16,1,3,chb22_25.edf,624,444,43,72,19,351,2,0.9910883856829802,0.972972972972973,0.9486486486486486,0.7912087912087912,0.8727272727272727,0.9527027027027027
chb22,1,21,1,3,chb22_25.edf,624,444,79,67,8,362,7,0.9879474068663259,0.9054054054054054,0.9783783783783784,0.8933333333333333,0.8993288590604027,0.9662162162162162
chb22,1,16,2,3,chb22_38.edf,633,432,97,53,4,356,19,0.9804783950617284,0.7361111111111112,0.9888888888888889,0.9298245614035088,0.8217054263565892,0.9467592592592593
chb22,1,21,2,3,chb22_38.edf,633,432,10,63,13,347,9,0.9706404320987655,0.875,0.9638888888888889,0.8289473684210527,0.8513513513513513,0.9490740740740741
chb23,1,16,0,3,chb23_06.edf,1492,678,25,111,21,544,2,0.9934059049259927,0.9823008849557522,0.9628318584070796,0.8409090909090909,0.9061224489795918,0.9660766961651918
chb23,1,21,0,3,chb23_06.edf,1492,678,11,107,19,546,6,0.9925444435742814,0.9469026548672567,0.9663716814159292,0.8492063492063492,0.895397489539749,0.9631268436578171
chb23,1,16,1,3,chb23_08.edf,1713,402,30,59,7,328,8,0.9857874805079083,0.8805970149253731,0.9791044776119403,0.8939393939393939,0.8872180451127819,0.9626865671641791
chb23,1,21,1,3,chb23_08.edf,1713,402,3,62,12,323,5,0.9905992425930051,0.9253731343283582,0.9641791044776119,0.8378378378378378,0.8794326241134752,0.9577114427860697
chb23,1,16,2,3,chb23_09.edf,864,1464,28,216,25,1195,28,0.9842549045955389,0.8852459016393442,0.9795081967213115,0.8962655601659751,0.8907216494845361,0.9637978142076503
chb23,1,21,2,3,chb23_09.edf,864,1464,11,222,13,1207,22,0.9903520558989519,0.9098360655737705,0.989344262295082,0.9446808510638298,0.9269311064718163,0.9760928961748634
chb24,1,16,0,5,chb24_07.edf;chb24_21.edf,2020,540,12,61,41,409,29,0.8867407407407408,0.6777777777777778,0.9088888888888889,0.5980392156862745,0.6354166666666666,0.8703703703703703
chb24,1,21,0,5,chb24_07.edf;chb24_21.edf,2020,540,9,56,18,432,34,0.874246913580247,0.6222222222222222,0.96,0.7567567567567568,0.6829268292682927,0.9037037037037037
chb24,1,16,1,5,chb24_01.edf;chb24_04.edf;chb24_14.edf,1708,930,23,111,142,633,44,0.8476919875130073,0.7161290322580646,0.8167741935483871,0.43873517786561267,0.5441176470588235,0.8
chb24,1,21,1,5,chb24_01.edf;chb24_04.edf;chb24_14.edf,1708,930,5,113,110,665,42,0.8700936524453695,0.7290322580645161,0.8580645161290322,0.5067264573991032,0.5978835978835979,0.8365591397849462
chb24,1,16,2,5,chb24_03.edf;chb24_13.edf;chb24_15.edf,2035,522,48,64,39,396,23,0.8929581186418285,0.735632183908046,0.9103448275862069,0.6213592233009708,0.6736842105263158,0.8812260536398467
chb24,1,21,2,5,chb24_03.edf;chb24_13.edf;chb24_15.edf,2035,522,5,63,14,421,24,0.90894437838552,0.7241379310344828,0.967816091954023,0.8181818181818182,0.7682926829268293,0.9272030651340997
chb24,1,16,3,5,chb24_06.edf;chb24_09.edf,2246,258,67,34,24,191,9,0.8924824229313141,0.7906976744186046,0.8883720930232558,0.5862068965517241,0.6732673267326733,0.872093023255814
chb24,1,21,3,5,chb24_06.edf;chb24_09.edf,2246,258,24,33,16,199,10,0.8873985938345051,0.7674418604651163,0.9255813953488372,0.673469387755102,0.717391304347826,0.8992248062015504
chb24,1,16,4,5,chb24_11.edf;chb24_17.edf,1800,816,54,69,25,655,67,0.7737781141868512,0.5073529411764706,0.9632352941176471,0.7340425531914894,0.6,0.8872549019607843
chb24,1,21,4,5,chb24_11.edf;chb24_17.edf,1800,816,7,71,13,667,65,0.7977833044982698,0.5220588235294118,0.9808823529411764,0.8452380952380952,0.6454545454545455,0.9044117647058824
chb01,3,16,0,5,chb01_03.edf,638,78,53,12,3,62,1,0.9940828402366864,0.9230769230769231,0.9538461538461539,0.8,0.8571428571428571,0.9487179487179487
chb01,3,21,0,5,chb01_03.edf,638,78,43,11,2,63,2,0.9928994082840236,0.8461538461538461,0.9692307692307692,0.8461538461538461,0.8461538461538461,0.9487179487179487
chb01,3,16,1,5,chb01_21.edf,552,186,45,31,8,147,0,0.9970863683662851,1.0,0.9483870967741935,0.7948717948717948,0.8857142857142857,0.956989247311828
chb01,3,21,1,5,chb01_21.edf,552,186,13,31,8,147,0,0.9975026014568158,1.0,0.9483870967741935,0.7948717948717948,0.8857142857142857,0.956989247311828
chb01,3,16,2,5,chb01_26.edf,542,198,99,32,5,160,1,0.9965105601469239,0.9696969696969697,0.9696969696969697,0.8648648648648649,0.9142857142857143,0.9696969696969697
chb01,3,21,2,5,chb01_26.edf,542,198,18,33,10,155,0,0.9943067033976125,1.0,0.9393939393939394,0.7674418604651163,0.868421052631579,0.9494949494949495
chb01,3,16,3,5,chb01_15.edf;chb01_16.edf,556,180,75,26,0,150,4,0.9953333333333333,0.8666666666666667,1.0,1.0,0.9285714285714286,0.9777777777777777
chb01,3,21,3,5,chb01_15.edf;chb01_16.edf,556,180,54,25,0,150,5,0.994,0.8333333333333334,1.0,1.0,0.9090909090909091,0.9722222222222222
chb01,3,16,4,5,chb01_04.edf;chb01_18.edf,513,234,89,38,2,193,1,0.9988165680473373,0.9743589743589743,0.9897435897435898,0.95,0.9620253164556962,0.9871794871794872
chb01,3,21,4,5,chb01_04.edf;chb01_18.edf,513,234,52,36,2,193,3,0.9988165680473372,0.9230769230769231,0.9897435897435898,0.9473684210526315,0.935064935064935,0.9786324786324786
chb02,3,16,0,3,chb02_16+.edf,144,162,84,6,0,135,21,0.8235939643347051,0.2222222222222222,1.0,1.0,0.36363636363636365,0.8703703703703703
chb02,3,21,0,3,chb02_16+.edf,144,162,38,11,0,135,16,0.9772290809327846,0.4074074074074074,1.0,1.0,0.5789473684210527,0.9012345679012346
chb02,3,16,1,3,chb02_16.edf,144,162,71,7,21,114,20,0.7338820301783264,0.25925925925925924,0.8444444444444444,0.25,0.2545454545454545,0.7469135802469136
chb02,3,21,1,3,chb02_16.edf,144,162,40,23,29,106,4,0.8787379972565158,0.8518518518518519,0.7851851851851852,0.4423076923076923,0.5822784810126582,0.7962962962962963
chb02,3,16,2,3,chb02_19.edf,259,18,99,3,3,12,0,0.9555555555555556,1.0,0.8,0.5,0.6666666666666666,0.8333333333333334
chb02,3,21,2,3,chb02_19.edf,259,18,37,3,1,14,0,1.0,1.0,0.9333333333333333,0.75,0.8571428571428571,0.9444444444444444
chb03,3,16,0,5,chb03_02.edf,528,126,70,20,5,100,1,0.9941043083900226,0.9523809523809523,0.9523809523809523,0.8,0.8695652173913043,0.9523809523809523
chb03,3,21,0,5,chb03_02.edf,528,126,52,20,3,102,1,0.9959183673469387,0.9523809523809523,0.9714285714285714,0.8695652173913043,0.9090909090909091,0.9682539682539683
chb03,3,16,1,5,chb03_03.edf,518,138,38,23,2,113,0,0.9977315689981097,1.0,0.9826086956521739,0.92,0.9583333333333334,0.9855072463768116
chb03,3,21,1,5,chb03_03.edf,518,138,25,21,1,114,2,0.9977315689981097,0.9130434782608695,0.991304347826087,0.9545454545454546,0.9333333333333333,0.9782608695652174
chb03,3,16,2,5,chb03_35.edf,528,126,48,20,3,102,1,0.9909297052154195,0.9523809523809523,0.9714285714285714,0.8695652173913043,0.9090909090909091,0.9682539682539683
chb03,3,21,2,5,chb03_35.edf,528,126,8,21,13,92,0,0.9786848072562359,1.0,0.8761904761904762,0.6176470588235294,0.7636363636363637,0.8968253968253969
chb03,3,16,3,5,chb03_01.edf;chb03_34.edf,475,192,62,32,7,153,0,0.9955078125,1.0,0.95625,0.8205128205128205,0.9014084507042254,0.9635416666666666
chb03,3,21,3,5,chb03_01.edf;chb03_34.edf,475,192,21,31,5,155,1,0.9880859375,0.96875,0.96875,0.8611111111111112,0.9117647058823529,0.96875
chb03,3,16,4,5,chb03_04.edf;chb03_36.edf,465,204,51,33,6,164,1,0.9942906574394463,0.9705882352941176,0.9647058823529412,0.8461538461538461,0.9041095890410958,0.9656862745098039
chb03,3,21,4,5,chb03_04.edf;chb03_36.edf,465,204,91,30,4,166,4,0.9891003460207612,0.8823529411764706,0.9764705882352941,0.8823529411764706,0.8823529411764706,0.9607843137254902
chb04,3,16,0,3,chb04_05.edf,523,96,61,16,4,76,0,0.99921875,1.0,0.95,0.8,0.8888888888888888,0.9583333333333334
chb04,3,21,0,3,chb04_05.edf,523,96,18,16,56,24,0,0.69453125,1.0,0.3,0.2222222222222222,0.36363636363636365,0.4166666666666667
chb04,3,16,1,3,chb04_08.edf,422,222,44,34,16,169,3,0.9659605551497443,0.918918918918919,0.9135135135135135,0.68,0.7816091954022989,0.9144144144144144
chb04,3,21,1,3,chb04_08.edf,422,222,13,31,30,155,6,0.929145361577794,0.8378378378378378,0.8378378378378378,0.5081967213114754,0.6326530612244898,0.8378378378378378
chb04,3,16,2,3,chb04_28.edf,254,432,35,11,60,300,61,0.2829861111111111,0.1527777777777778,0.8333333333333334,0.15492957746478872,0.15384615384615385,0.7199074074074074
chb04,3,21,2,3,chb04_28.edf,254,432,97,15,12,348,57,0.604050925925926,0.20833333333333334,0.9666666666666667,0.5555555555555556,0.30303030303030304,0.8402777777777778
chb05,3,16,0,5,chb05_06.edf,705,228,49,28,3,187,10,0.9886426592797783,0.7368421052631579,0.9842105263157894,0.9032258064516129,0.8115942028985508,0.9429824561403509
chb05,3,21,0,5,chb05_06.edf,705,228,38,30,2,188,8,0.9915512465373961,0.7894736842105263,0.9894736842105263,0.9375,0.8571428571428571,0.956140350877193
chb05,3,16,1,5,chb05_13.edf,715,216,29,32,4,176,4,0.9785493827160494,0.8888888888888888,0.9777777777777777,0.8888888888888888,0.8888888888888888,0.9629629629629629
chb05,3,21,1,5,chb05_13.edf,715,216,23,34,2,178,2,0.9978395061728396,0.9444444444444444,0.9888888888888889,0.9444444444444444,0.9444444444444444,0.9814814814814815
chb05,3,16,2,5,chb05_16.edf,734,192,38,30,4,156,2,0.9910156250000001,0.9375,0.975,0.8823529411764706,0.9090909090909091,0.96875
chb05,3,21,2,5,chb05_16.edf,734,192,36,26,2,158,6,0.9914062499999999,0.8125,0.9875,0.9285714285714286,0.8666666666666667,0.9583333333333334
chb05,3,16,3,5,chb05_17.edf,696,240,33,38,11,189,2,0.978375,0.95,0.945,0.7755102040816326,0.8539325842696629,0.9458333333333333
chb05,3,21,3,5,chb05_17.edf,696,240,27,35,3,197,5,0.9885,0.875,0.985,0.9210526315789473,0.8974358974358975,0.9666666666666667
chb05,3,16,4,5,chb05_22.edf,700,234,99,38,7,188,1,0.9950032873109796,0.9743589743589743,0.9641025641025641,0.8444444444444444,0.9047619047619048,0.9658119658119658
chb05,3,21,4,5,chb05_22.edf,700,234,21,38,10,185,1,0.9886916502301117,0.9743589743589743,0.9487179487179487,0.7916666666666666,0.8735632183908046,0.9529914529914529
chb06,3,16,0,5,chb06_13.edf,211,24,50,3,0,20,1,0.9874999999999999,0.75,1.0,1.0,0.8571428571428571,0.9583333333333334
chb06,3,21,0,5,chb06_13.edf,211,24,23,3,1,19,1,0.9624999999999999,0.75,0.95,0.75,0.75,0.9166666666666666
chb06,3,16,1,5,chb06_09.edf,206,30,55,5,1,24,0,0.992,1.0,0.96,0.8333333333333334,0.9090909090909091,0.9666666666666667
chb06,3,21,1,5,chb06_09.edf,206,30,43,4,0,25,1,0.976,0.8,1.0,1.0,0.8888888888888888,0.9666666666666667
chb06,3,16,2,5,chb06_01.edf;chb06_24.edf,139,114,78,18,13,82,1,0.9518005540166206,0.9473684210526315,0.8631578947368421,0.5806451612903226,0.72,0.8771929824561403
chb06,3,21,2,5,chb06_01.edf;chb06_24.edf,139,114,39,18,8,87,1,0.9911357340720222,0.9473684210526315,0.9157894736842105,0.6923076923076923,0.8,0.9210526315789473
chb06,3,16,3,5,chb06_04.edf,172,72,71,8,32,28,4,0.6805555555555556,0.6666666666666666,0.4666666666666667,0.2,0.3076923076923077,0.5
chb06,3,21,3,5,chb06_04.edf,172,72,88,9,41,19,3,0.3861111111111111,0.75,0.31666666666666665,0.18,0.2903225806451613,0.3888888888888889
chb06,3,16,4,5,chb06_10.edf;chb06_18.edf,192,48,47,7,6,34,1,0.9031250000000001,0.875,0.85,0.5384615384615384,0.6666666666666666,0.8541666666666666
chb06,3,21,4,5,chb06_10.edf;chb06_18.edf,192,48,30,7,7,33,1,0.9375,0.875,0.825,0.5,0.6363636363636364,0.8333333333333334
chb07,3,16,0,3,chb07_12.edf,379,168,62,28,8,132,0,0.9887755102040817,1.0,0.9428571428571428,0.7777777777777778,0.875,0.9523809523809523
chb07,3,21,0,3,chb07_12.edf,379,168,36,28,9,131,0,0.9910714285714285,1.0,0.9357142857142857,0.7567567567567568,0.8615384615384616,0.9464285714285714
chb07,3,16,1,3,chb07_13.edf,360,192,45,30,6,154,2,0.9837890625,0.9375,0.9625,0.8333333333333334,0.8823529411764706,0.9583333333333334
chb07,3,21,1,3,chb07_13.edf,360,192,14,21,4,156,11,0.9855468749999999,0.65625,0.975,0.84,0.7368421052631579,0.921875
chb07,3,16,2,3,chb07_19.edf,288,282,93,24,1,234,23,0.981349026708918,0.5106382978723404,0.9957446808510638,0.96,0.6666666666666666,0.9148936170212766
chb07,3,21,2,3,chb07_19.edf,288,282,95,26,3,232,21,0.9513807152557718,0.5531914893617021,0.9872340425531915,0.896551724137931,0.6842105263157895,0.9148936170212766
chb08,3,16,0,5,chb08_02.edf,1190,342,26,54,31,254,3,0.974145891043398,0.9473684210526315,0.8912280701754386,0.6352941176470588,0.7605633802816901,0.9005847953216374
chb08,3,21,0,5,chb08_02.edf,1190,342,17,54,27,258,3,0.9796860572483841,0.9473684210526315,0.9052631578947369,0.6666666666666666,0.782608695652174,0.9122807017543859
chb08,3,16,1,5,chb08_05.edf,1161,378,68,52,37,278,11,0.9383723859914335,0.8253968253968254,0.8825396825396825,0.5842696629213483,0.6842105263157895,0.873015873015873
chb08,3,21,1,5,chb08_05.edf,1161,378,17,50,36,279,13,0.9236079617031998,0.7936507936507936,0.8857142857142857,0.5813953488372093,0.6711409395973155,0.8703703703703703
chb08,3,16,2,5,chb08_11.edf,1252,264,42,42,7,213,2,0.9912190082644629,0.9545454545454546,0.9681818181818181,0.8571428571428571,0.9032258064516129,0.9659090909090909
chb08,3,21,2,5,chb08_11.edf,1252,264,6,41,7,213,3,0.9855371900826446,0.9318181818181818,0.9681818181818181,0.8541666666666666,0.8913043478260869,0.9621212121212122
chb08,3,16,3,5,chb08_13.edf,1209,318,53,52,10,255,1,0.9932360270558918,0.9811320754716981,0.9622641509433962,0.8387096774193549,0.9043478260869565,0.9654088050314465
chb08,3,21,3,5,chb08_13.edf,1209,318,8,49,7,258,4,0.9867568529725881,0.9245283018867925,0.9735849056603774,0.875,0.8990825688073395,0.9654088050314465
chb08,3,16,4,5,chb08_21.edf,1041,528,58,79,38,402,9,0.9670712809917354,0.8977272727272727,0.9136363636363637,0.6752136752136753,0.7707317073170732,0.9109848484848485
chb08,3,21,4,5,chb08_21.edf,1041,528,19,73,34,406,15,0.9598915289256198,0.8295454545454546,0.9227272727272727,0.6822429906542056,0.7487179487179487,0.9071969696969697
chb09,3,16,0,3,chb09_06.edf,331,126,88,15,9,96,6,0.9324263038548752,0.7142857142857143,0.9142857142857143,0.625,0.6666666666666666,0.8809523809523809
chb09,3,21,0,3,chb09_06.edf,331,126,31,19,8,97,2,0.9678004535147391,0.9047619047619048,0.9238095238095239,0.7037037037037037,0.7916666666666666,0.9206349206349206
chb09,3,16,1,3,chb09_08.edf,196,294,99,31,6,239,18,0.9301957517700958,0.6326530612244898,0.9755102040816327,0.8378378378378378,0.7209302325581395,0.9183673469387755
chb09,3,21,1,3,chb09_08.edf,196,294,39,46,22,223,3,0.9770095793419409,0.9387755102040817,0.9102040816326531,0.6764705882352942,0.7863247863247863,0.9149659863945578
chb09,3,16,2,3,chb09_19.edf,336,120,58,19,4,96,1,0.9384999999999999,0.95,0.96,0.8260869565217391,0.8837209302325582,0.9583333333333334
chb09,3,21,2,3,chb09_19.edf,336,120,13,9,7,93,11,0.8390000000000001,0.45,0.93,0.5625,0.5,0.85
chb10,3,16,0,5,chb10_38.edf,561,174,97,23,7,138,6,0.9652794292508917,0.7931034482758621,0.9517241379310345,0.7666666666666667,0.7796610169491526,0.9252873563218391
chb10,3,21,0,5,chb10_38.edf,561,174,21,24,2,143,5,0.9876337693222355,0.8275862068965517,0.9862068965517241,0.9230769230769231,0.8727272727272727,0.9597701149425287
chb10,3,16,1,5,chb10_89.edf,614,108,97,15,0,90,3,0.975925925925926,0.8333333333333334,1.0,1.0,0.9090909090909091,0.9722222222222222
chb10,3,21,1,5,chb10_89.edf,614,108,14,15,2,88,3,0.928395061728395,0.8333333333333334,0.9777777777777777,0.8823529411764706,0.8571428571428571,0.9537037037037037
chb10,3,16,2,5,chb10_20.edf;chb10_31.edf,470,288,19,46,75,165,2,0.9293402777777777,0.9583333333333334,0.6875,0.38016528925619836,0.5443786982248521,0.7326388888888888
chb10,3,21,2,5,chb10_20.edf;chb10_31.edf,470,288,11,45,49,191,3,0.9627604166666667,0.9375,0.7958333333333333,0.4787234042553192,0.6338028169014085,0.8194444444444444
chb10,3,16,3,5,chb10_12.edf;chb10_30.edf,556,180,15,18,2,148,12,0.9262222222222222,0.6,0.9866666666666667,0.9,0.72,0.9222222222222223
chb10,3,21,3,5,chb10_12.edf;chb10_30.edf,556,180,13,29,2,148,1,0.9962222222222222,0.9666666666666667,0.9866666666666667,0.9354838709677419,0.9508196721311475,0.9833333333333333
chb10,3,16,4,5,chb10_27.edf,600,126,39,19,1,104,2,0.9229024943310657,0.9047619047619048,0.9904761904761905,0.95,0.926829268292683,0.9761904761904762
chb10,3,21,4,5,chb10_27.edf,600,126,9,17,0,105,4,0.9981859410430839,0.8095238095238095,1.0,1.0,0.8947368421052632,0.9682539682539683
chb11,3,16,0,3,chb11_82.edf,808,42,61,7,0,35,0,1.0,1.0,1.0,1.0,1.0,1.0
chb11,3,21,0,3,chb11_82.edf,808,42,72,7,0,35,0,1.0,1.0,1.0,1.0,1.0,1.0
chb11,3,16,1,3,chb11_92.edf,794,60,68,9,1,49,1,0.998,0.9,0.98,0.9,0.9,0.9666666666666667
chb11,3,21,1,3,chb11_92.edf,794,60,14,10,0,50,0,1.0,1.0,1.0,1.0,1.0,1.0
chb11,3,16,2,3,chb11_99.edf,81,951,93,204,128,573,46,0.9039771754636233,0.816,0.8174037089871612,0.6144578313253012,0.7010309278350515,0.8170347003154574
chb11,3,21,2,3,chb11_99.edf,81,951,99,180,67,634,70,0.8952639087018546,0.72,0.9044222539229672,0.728744939271255,0.7243460764587525,0.8559411146161935
chb12,3,16,0,5,chb12_42.edf,1286,300,52,48,10,240,2,0.9907199999999999,0.96,0.96,0.8275862068965517,0.8888888888888888,0.96
chb12,3,21,0,5,chb12_42.edf,1286,300,24,47,22,228,3,0.9820800000000001,0.94,0.912,0.6811594202898551,0.7899159663865546,0.9166666666666666
chb12,3,16,1,5,chb12_08.edf,1406,150,36,21,7,118,4,0.9292799999999999,0.84,0.944,0.75,0.7924528301886793,0.9266666666666666
chb12,3,21,1,5,chb12_08.edf,1406,150,11,19,1,124,6,0.88256,0.76,0.992,0.95,0.8444444444444444,0.9533333333333334
chb12,3,16,2,5,chb12_09.edf;chb12_10.edf,1310,270,44,44,12,213,1,0.9959506172839505,0.9777777777777777,0.9466666666666667,0.7857142857142857,0.8712871287128713,0.9518518518518518
chb12,3,21,2,5,chb12_09.edf;chb12_10.edf,1310,270,9,42,17,208,3,0.9790617283950617,0.9333333333333333,0.9244444444444444,0.711864406779661,0.8076923076923077,0.9259259259259259
chb12,3,16,3,5,chb12_11.edf;chb12_23.edf;chb12_36.edf,1084,552,52,66,51,409,26,0.9042296786389414,0.717391304347826,0.8891304347826087,0.5641025641025641,0.631578947368421,0.8605072463768116
chb12,3,21,3,5,chb12_11.edf;chb12_23.edf;chb12_36.edf,1084,552,11,68,69,391,24,0.8802930056710776,0.7391304347826086,0.85,0.49635036496350365,0.5938864628820961,0.8315217391304348
chb12,3,16,4,5,chb12_06.edf;chb12_33.edf;chb12_38.edf,1017,636,44,88,20,510,18,0.9604129583481666,0.8301886792452831,0.9622641509433962,0.8148148148148148,0.822429906542056,0.940251572327044
chb12,3,21,4,5,chb12_06.edf;chb12_33.edf;chb12_38.edf,1017,636,11,84,28,502,22,0.9492168031327877,0.7924528301886793,0.9471698113207547,0.75,0.7706422018348624,0.9213836477987422
chb13,3,16,0,5,chb13_19.edf,614,84,50,13,2,68,1,0.9918367346938776,0.9285714285714286,0.9714285714285714,0.8666666666666667,0.896551724137931,0.9642857142857143
chb13,3,21,0,5,chb13_19.edf,614,84,19,13,2,68,1,0.9928571428571429,0.9285714285714286,0.9714285714285714,0.8666666666666667,0.896551724137931,0.9642857142857143
chb13,3,16,1,5,chb13_55.edf,624,72,59,5,4,56,7,0.7625,0.4166666666666667,0.9333333333333333,0.5555555555555556,0.47619047619047616,0.8472222222222222
chb13,3,21,1,5,chb13_55.edf,624,72,14,7,2,58,5,0.8277777777777778,0.5833333333333334,0.9666666666666667,0.7777777777777778,0.6666666666666666,0.9027777777777778
chb13,3,16,2,5,chb13_62.edf,388,366,66,35,27,278,26,0.716420317119054,0.5737704918032787,0.9114754098360656,0.5645161290322581,0.5691056910569106,0.855191256830601
chb13,3,21,2,5,chb13_62.edf,388,366,33,37,31,274,24,0.7303413061005106,0.6065573770491803,0.898360655737705,0.5441176470588235,0.5736434108527132,0.8497267759562842
chb13,3,16,3,5,chb13_58.edf;chb13_59.edf,561,150,78,22,5,120,3,0.96128,0.88,0.96,0.8148148148148148,0.8461538461538461,0.9466666666666667
chb13,3,21,3,5,chb13_58.edf;chb13_59.edf,561,150,29,23,8,117,2,0.96704,0.92,0.936,0.7419354838709677,0.8214285714285714,0.9333333333333333
chb13,3,16,4,5,chb13_21.edf;chb13_60.edf,537,180,29,15,2,148,15,0.9324444444444445,0.5,0.9866666666666667,0.8823529411764706,0.6382978723404256,0.9055555555555556
chb13,3,21,4,5,chb13_21.edf;chb13_60.edf,537,180,17,17,2,148,13,0.946,0.5666666666666667,0.9866666666666667,0.8947368421052632,0.6938775510204082,0.9166666666666666
chb14,3,16,0,5,chb14_11.edf,187,78,99,8,0,65,5,0.9443786982248521,0.6153846153846154,1.0,1.0,0.7619047619047619,0.9358974358974359
chb14,3,21,0,5,chb14_11.edf,187,78,89,10,1,64,3,0.9786982248520709,0.7692307692307693,0.9846153846153847,0.9090909090909091,0.8333333333333334,0.9487179487179487
chb14,3,16,1,5,chb14_18.edf,216,42,35,7,1,34,0,1.0,1.0,0.9714285714285714,0.875,0.9333333333333333,0.9761904761904762
chb14,3,21,1,5,chb14_18.edf,216,42,18,6,2,33,1,0.9755102040816326,0.8571428571428571,0.9428571428571428,0.75,0.8,0.9285714285714286
chb14,3,16,2,5,chb14_03.edf;chb14_04.edf,168,102,74,16,6,79,1,0.9875432525951557,0.9411764705882353,0.9294117647058824,0.7272727272727273,0.8205128205128205,0.9313725490196079
chb14,3,21,2,5,chb14_03.edf;chb14_04.edf,168,102,22,16,6,79,1,0.9833910034602076,0.9411764705882353,0.9294117647058824,0.7272727272727273,0.8205128205128205,0.9313725490196079
chb14,3,16,3,5,chb14_06.edf,230,24,24,3,0,20,1,0.9624999999999999,0.75,1.0,1.0,0.8571428571428571,0.9583333333333334
chb14,3,21,3,5,chb14_06.edf,230,24,18,4,3,17,0,0.925,1.0,0.85,0.5714285714285714,0.7272727272727273,0.875
chb14,3,16,4,5,chb14_17.edf;chb14_27.edf,196,66,86,11,0,55,0,1.0,1.0,1.0,1.0,1.0,1.0
chb14,3,21,4,5,chb14_17.edf;chb14_27.edf,196,66,24,9,3,52,2,0.9586776859504132,0.8181818181818182,0.9454545454545454,0.75,0.782608695652174,0.9242424242424242
chb15,3,16,0,5,chb15_62.edf,2976,216,39,36,14,166,0,0.9996913580246913,1.0,0.9222222222222223,0.72,0.8372093023255814,0.9351851851851852
chb15,3,21,0,5,chb15_62.edf,2976,216,24,36,9,171,0,0.9984567901234568,1.0,0.95,0.8,0.8888888888888888,0.9583333333333334
chb15,3,16,1,5,chb15_06.edf;chb15_22.edf;chb15_49.edf,2404,930,32,139,9,766,16,0.9956045785639959,0.896774193548387,0.9883870967741936,0.9391891891891891,0.9174917491749175,0.9731182795698925
chb15,3,21,1,5,chb15_06.edf;chb15_22.edf;chb15_49.edf,2404,930,10,137,15,760,18,0.9903350676378772,0.8838709677419355,0.9806451612903225,0.9013157894736842,0.8925081433224755,0.964516129032258
chb15,3,16,2,5,chb15_10.edf;chb15_17.edf;chb15_52.edf,2937,264,21,44,19,201,0,0.9956611570247934,1.0,0.9136363636363637,0.6984126984126984,0.822429906542056,0.928030303030303
chb15,3,21,2,5,chb15_10.edf;chb15_17.edf;chb15_52.edf,2937,264,10,44,13,207,0,0.996797520661157,1.0,0.9409090909090909,0.7719298245614035,0.8712871287128713,0.9507575757575758
chb15,3,16,3,5,chb15_15.edf;chb15_31.edf;chb15_40.edf;chb15_54.edf,1684,1830,39,260,14,1511,45,0.9796850309056705,0.8524590163934426,0.9908196721311475,0.948905109489051,0.8981001727115717,0.9677595628415301
chb15,3,21,3,5,chb15_15.edf;chb15_31.edf;chb15_40.edf;chb15_54.edf,1684,1830,10,272,23,1502,33,0.9765998387530235,0.8918032786885246,0.9849180327868853,0.9220338983050848,0.9066666666666666,0.9693989071038251
chb15,3,16,4,5,chb15_20.edf;chb15_28.edf;chb15_46.edf,2592,696,23,108,22,558,8,0.9813912009512485,0.9310344827586207,0.9620689655172414,0.8307692307692308,0.8780487804878049,0.9568965517241379
chb15,3,21,4,5,chb15_20.edf;chb15_28.edf;chb15_46.edf,2592,696,14,107,8,572,9,0.987782401902497,0.9224137931034483,0.9862068965517241,0.9304347826086956,0.9264069264069265,0.9755747126436781
chb16,3,16,0,5,chb16_10.edf,86,18,82,2,0,15,1,1.0,0.6666666666666666,1.0,1.0,0.8,0.9444444444444444
chb16,3,21,0,5,chb16_10.edf,86,18,24,0,0,15,3,0.5333333333333333,0.0,1.0,,0.0,0.8333333333333334
chb16,3,16,1,5,chb16_11.edf,86,18,55,1,2,13,2,0.8666666666666667,0.3333333333333333,0.8666666666666667,0.3333333333333333,0.3333333333333333,0.7777777777777778
chb16,3,21,1,5,chb16_11.edf,86,18,0,0,0,15,3,0.6222222222222222,0.0,1.0,,0.0,0.8333333333333334
chb16,3,16,2,5,chb16_14.edf,81,24,98,4,20,0,0,0.7,1.0,0.0,0.16666666666666666,0.2857142857142857,0.16666666666666666
chb16,3,21,2,5,chb16_14.edf,81,24,70,2,10,10,2,0.5874999999999999,0.5,0.5,0.16666666666666666,0.25,0.5
chb16,3,16,3,5,chb16_16.edf,91,12,97,1,0,10,1,0.8,0.5,1.0,1.0,0.6666666666666666,0.9166666666666666
chb16,3,21,3,5,chb16_16.edf,91,12,5,0,0,10,2,0.2,0.0,1.0,,0.0,0.8333333333333334
chb16,3,16,4,5,chb16_17.edf,57,54,6,0,0,45,9,0.3950617283950617,0.0,1.0,,0.0,0.8333333333333334
chb16,3,21,4,5,chb16_17.edf,57,54,6,0,0,45,9,0.36296296296296293,0.0,1.0,,0.0,0.8333333333333334
chb17,3,16,0,3,chb17a_03.edf,321,180,94,27,1,149,3,0.9917777777777778,0.9,0.9933333333333333,0.9642857142857143,0.9310344827586207,0.9777777777777777
chb17,3,21,0,3,chb17a_03.edf,321,180,38,25,4,146,5,0.9835555555555555,0.8333333333333334,0.9733333333333334,0.8620689655172413,0.847457627118644,0.95
chb17,3,16,1,3,chb17a_04.edf,283,228,17,34,38,152,4,0.9339335180055403,0.8947368421052632,0.8,0.4722222222222222,0.6181818181818182,0.8157894736842105
chb17,3,21,1,3,chb17a_04.edf,283,228,17,36,5,185,2,0.9829639889196675,0.9473684210526315,0.9736842105263158,0.8780487804878049,0.9113924050632911,0.9692982456140351
chb17,3,16,2,3,chb17b_63.edf,326,174,98,25,9,136,4,0.9648038049940547,0.8620689655172413,0.9379310344827586,0.7352941176470589,0.7936507936507936,0.9252873563218391
chb17,3,21,2,3,chb17b_63.edf,326,174,90,22,9,136,7,0.9557669441141498,0.7586206896551724,0.9379310344827586,0.7096774193548387,0.7333333333333333,0.9080459770114943
chb18,3,16,0,5,chb18_36.edf,422,90,98,15,8,67,0,0.9937777777777778,1.0,0.8933333333333333,0.6521739130434783,0.7894736842105263,0.9111111111111111
chb18,3,21,0,5,chb18_36.edf,422,90,15,15,4,71,0,0.9964444444444445,1.0,0.9466666666666667,0.7894736842105263,0.8823529411764706,0.9555555555555556
chb18,3,16,1,5,chb18_35.edf,388,132,50,21,4,106,1,0.993801652892562,0.9545454545454546,0.9636363636363636,0.84,0.8936170212765957,0.9621212121212122
chb18,3,21,1,5,chb18_35.edf,388,132,27,16,0,110,6,0.9880165289256199,0.7272727272727273,1.0,1.0,0.8421052631578947,0.9545454545454546
chb18,3,16,2,5,chb18_29.edf;chb18_31.edf,312,228,21,36,4,186,2,0.9965373961218836,0.9473684210526315,0.9789473684210527,0.9,0.9230769230769231,0.9736842105263158
chb18,3,21,2,5,chb18_29.edf;chb18_31.edf,312,228,12,34,6,184,4,0.9921052631578947,0.8947368421052632,0.968421052631579,0.85,0.8717948717948718,0.956140350877193
chb18,3,16,3,5,chb18_30.edf,446,60,61,3,0,50,7,0.744,0.3,1.0,1.0,0.46153846153846156,0.8833333333333333
chb18,3,21,3,5,chb18_30.edf,446,60,22,3,0,50,7,0.804,0.3,1.0,1.0,0.46153846153846156,0.8833333333333333
chb18,3,16,4,5,chb18_32.edf,408,108,26,18,3,87,0,0.9981481481481481,1.0,0.9666666666666667,0.8571428571428571,0.9230769230769231,0.9722222222222222
chb18,3,21,4,5,chb18_32.edf,408,108,24,18,0,90,0,1.0,1.0,1.0,1.0,1.0,1.0
chb19,3,16,0,3,chb19_28.edf,249,156,85,18,3,127,8,0.936094674556213,0.6923076923076923,0.9769230769230769,0.8571428571428571,0.7659574468085106,0.9294871794871795
chb19,3,21,0,3,chb19_28.edf,249,156,38,18,10,120,8,0.9218934911242604,0.6923076923076923,0.9230769230769231,0.6428571428571429,0.6666666666666666,0.8846153846153846
chb19,3,16,1,3,chb19_29.edf,254,150,19,23,13,112,2,0.9395199999999999,0.92,0.896,0.6388888888888888,0.7540983606557377,0.9
chb19,3,21,1,3,chb19_29.edf,254,150,13,22,14,111,3,0.93664,0.88,0.888,0.6111111111111112,0.7213114754098361,0.8866666666666667
chb19,3,16,2,3,chb19_30.edf,244,162,79,25,4,131,2,0.9862825788751715,0.9259259259259259,0.9703703703703703,0.8620689655172413,0.8928571428571429,0.9629629629629629
chb19,3,21,2,3,chb19_30.edf,244,162,10,15,0,135,12,0.9503429355281208,0.5555555555555556,1.0,1.0,0.7142857142857143,0.9259259259259259
chb20,3,16,0,5,chb20_15.edf,326,162,41,23,2,133,4,0.9654320987654321,0.8518518518518519,0.9851851851851852,0.92,0.8846153846153846,0.9629629629629629
chb20,3,21,0,5,chb20_15.edf,326,162,41,23,6,129,4,0.9585733882030177,0.8518518518518519,0.9555555555555556,0.7931034482758621,0.8214285714285714,0.9382716049382716
chb20,3,16,1,5,chb20_14.edf,398,72,18,10,2,58,2,0.9916666666666667,0.8333333333333334,0.9666666666666667,0.8333333333333334,0.8333333333333334,0.9444444444444444
chb20,3,21,1,5,chb20_14.edf,398,72,44,10,1,59,2,0.9819444444444445,0.8333333333333334,0.9833333333333333,0.9090909090909091,0.8695652173913043,0.9583333333333334
chb20,3,16,2,5,chb20_12.edf,412,54,21,8,0,45,1,1.0,0.8888888888888888,1.0,1.0,0.9411764705882353,0.9814814814814815
chb20,3,21,2,5,chb20_12.edf,412,54,15,9,0,45,0,1.0,1.0,1.0,1.0,1.0,1.0
chb20,3,16,3,5,chb20_13.edf,345,138,26,23,2,113,0,0.9981096408317581,1.0,0.9826086956521739,0.92,0.9583333333333334,0.9855072463768116
chb20,3,21,3,5,chb20_13.edf,345,138,12,22,3,112,1,0.9886578449905482,0.9565217391304348,0.9739130434782609,0.88,0.9166666666666666,0.9710144927536232
chb20,3,16,4,5,chb20_16.edf;chb20_68.edf,340,144,50,22,7,113,2,0.9093749999999999,0.9166666666666666,0.9416666666666667,0.7586206896551724,0.8301886792452831,0.9375
chb20,3,21,4,5,chb20_16.edf;chb20_68.edf,340,144,21,20,7,113,4,0.9409722222222223,0.8333333333333334,0.9416666666666667,0.7407407407407407,0.7843137254901961,0.9236111111111112
chb21,3,16,0,4,chb21_19.edf,225,108,74,16,1,89,2,0.9950617283950617,0.8888888888888888,0.9888888888888889,0.9411764705882353,0.9142857142857143,0.9722222222222222
chb21,3,21,0,4,chb21_19.edf,225,108,71,14,2,88,4,0.9895061728395061,0.7777777777777778,0.9777777777777777,0.875,0.8235294117647058,0.9444444444444444
chb21,3,16,1,4,chb21_20.edf,235,96,56,15,3,77,1,0.98203125,0.9375,0.9625,0.8333333333333334,0.8823529411764706,0.9583333333333334
chb21,3,21,1,4,chb21_20.edf,235,96,99,14,2,78,2,0.9859375,0.875,0.975,0.875,0.875,0.9583333333333334
chb21,3,16,2,4,chb21_21.edf,182,162,59,23,14,121,4,0.9582990397805212,0.8518518518518519,0.8962962962962963,0.6216216216216216,0.71875,0.8888888888888888
chb21,3,21,2,4,chb21_21.edf,182,162,30,24,5,130,3,0.9753086419753088,0.8888888888888888,0.9629629629629629,0.8275862068965517,0.8571428571428571,0.9506172839506173
chb21,3,16,3,4,chb21_22.edf,292,24,97,4,1,19,0,1.0,1.0,0.95,0.8,0.8888888888888888,0.9583333333333334
chb21,3,21,3,4,chb21_22.edf,292,24,28,4,1,19,0,1.0,1.0,0.95,0.8,0.8888888888888888,0.9583333333333334
chb22,3,16,0,3,chb22_20.edf,230,114,24,19,2,93,0,0.9994459833795013,1.0,0.9789473684210527,0.9047619047619048,0.95,0.9824561403508771
chb22,3,21,0,3,chb22_20.edf,230,114,19,19,0,95,0,1.0,1.0,1.0,1.0,1.0,1.0
chb22,3,16,1,3,chb22_25.edf,206,144,34,24,11,109,0,0.9947916666666667,1.0,0.9083333333333333,0.6857142857142857,0.8135593220338984,0.9236111111111112
chb22,3,21,1,3,chb22_25.edf,206,144,25,22,1,119,2,0.9986111111111111,0.9166666666666666,0.9916666666666667,0.9565217391304348,0.9361702127659575,0.9791666666666666
chb22,3,16,2,3,chb22_38.edf,206,144,67,18,2,118,6,0.9868055555555555,0.75,0.9833333333333333,0.9,0.8181818181818182,0.9444444444444444
chb22,3,21,2,3,chb22_38.edf,206,144,92,20,1,119,4,0.9940972222222222,0.8333333333333334,0.9916666666666667,0.9523809523809523,0.8888888888888888,0.9652777777777778
chb23,3,16,0,3,chb23_06.edf,484,222,30,37,3,182,0,0.9985390796201608,1.0,0.9837837837837838,0.925,0.961038961038961,0.9864864864864865
chb23,3,21,0,3,chb23_06.edf,484,222,10,36,4,181,1,0.9962016070124178,0.972972972972973,0.9783783783783784,0.9,0.935064935064935,0.9774774774774775
chb23,3,16,1,3,chb23_08.edf,561,126,14,15,2,103,6,0.9850340136054422,0.7142857142857143,0.9809523809523809,0.8823529411764706,0.7894736842105263,0.9365079365079365
chb23,3,21,1,3,chb23_08.edf,561,126,9,20,3,102,1,0.9950113378684807,0.9523809523809523,0.9714285714285714,0.8695652173913043,0.9090909090909091,0.9682539682539683
chb23,3,16,2,3,chb23_09.edf,278,480,73,75,5,395,5,0.9848437500000001,0.9375,0.9875,0.9375,0.9375,0.9791666666666666
chb23,3,21,2,3,chb23_09.edf,278,480,96,78,5,395,2,0.99571875,0.975,0.9875,0.9397590361445783,0.9570552147239264,0.9854166666666667
chb24,3,16,0,5,chb24_07.edf;chb24_21.edf,652,174,70,24,9,136,5,0.9621878715814507,0.8275862068965517,0.9379310344827586,0.7272727272727273,0.7741935483870968,0.9195402298850575
chb24,3,21,0,5,chb24_07.edf;chb24_21.edf,652,174,17,25,57,88,4,0.859690844233056,0.8620689655172413,0.6068965517241379,0.3048780487804878,0.45045045045045046,0.6494252873563219
chb24,3,16,1,5,chb24_01.edf;chb24_04.edf;chb24_13.edf,571,276,24,36,38,192,10,0.8744801512287335,0.782608695652174,0.8347826086956521,0.4864864864864865,0.6,0.8260869565217391
chb24,3,21,1,5,chb24_01.edf;chb24_04.edf;chb24_13.edf,571,276,13,37,23,207,9,0.9092627599243855,0.8043478260869565,0.9,0.6166666666666667,0.6981132075471698,0.8840579710144928
chb24,3,16,2,5,chb24_03.edf;chb24_09.edf,681,138,57,19,6,109,4,0.9009451795841209,0.8260869565217391,0.9478260869565217,0.76,0.7916666666666666,0.927536231884058
chb24,3,21,2,5,chb24_03.edf;chb24_09.edf,681,138,15,18,6,109,5,0.90586011342155,0.782608695652174,0.9478260869565217,0.75,0.7659574468085106,0.9202898550724637
chb24,3,16,3,5,chb24_06.edf;chb24_14.edf;chb24_15.edf,686,132,51,15,2,108,7,0.8896694214876033,0.6818181818181818,0.9818181818181818,0.8823529411764706,0.7692307692307693,0.9318181818181818
chb24,3,21,3,5,chb24_06.edf;chb24_14.edf;chb24_15.edf,686,132,16,18,4,106,4,0.9020661157024793,0.8181818181818182,0.9636363636363636,0.8181818181818182,0.8181818181818182,0.9393939393939394
chb24,3,16,4,5,chb24_11.edf;chb24_17.edf,576,270,26,22,5,220,23,0.7725432098765432,0.4888888888888889,0.9777777777777777,0.8148148148148148,0.6111111111111112,0.8962962962962963
chb24,3,21,4,5,chb24_11.edf;chb24_17.edf,576,270,21,26,5,220,19,0.7933827160493827,0.5777777777777777,0.9777777777777777,0.8387096774193549,0.6842105263157895,0.9111111111111111
chb01,5,16,0,5,chb01_03.edf,379,48,98,8,0,40,0,1.0,1.0,1.0,1.0,1.0,1.0
chb01,5,21,0,5,chb01_03.edf,379,48,41,7,0,40,1,0.996875,0.875,1.0,1.0,0.9333333333333333,0.9791666666666666
chb01,5,16,1,5,chb01_21.edf,331,108,70,17,3,87,1,0.9950617283950618,0.9444444444444444,0.9666666666666667,0.85,0.8947368421052632,0.9629629629629629
chb01,5,21,1,5,chb01_21.edf,331,108,26,18,4,86,0,0.9993827160493828,1.0,0.9555555555555556,0.8181818181818182,0.9,0.9629629629629629
chb01,5,16,2,5,chb01_26.edf,321,120,98,19,2,98,1,0.9924999999999999,0.95,0.98,0.9047619047619048,0.926829268292683,0.975
chb01,5,21,2,5,chb01_26.edf,321,120,43,19,2,98,1,0.9944999999999999,0.95,0.98,0.9047619047619048,0.926829268292683,0.975
chb01,5,16,3,5,chb01_15.edf;chb01_16.edf,331,108,96,17,1,89,1,0.9907407407407407,0.9444444444444444,0.9888888888888889,0.9444444444444444,0.9444444444444444,0.9814814814814815
chb01,5,21,3,5,chb01_15.edf;chb01_16.edf,331,108,52,15,0,90,3,1.0,0.8333333333333334,1.0,1.0,0.9090909090909091,0.9722222222222222
chb01,5,16,4,5,chb01_04.edf;chb01_18.edf,307,138,96,22,2,113,1,0.9988657844990548,0.9565217391304348,0.9826086956521739,0.9166666666666666,0.9361702127659575,0.9782608695652174
chb01,5,21,4,5,chb01_04.edf;chb01_18.edf,307,138,26,23,3,112,0,0.9954631379962193,1.0,0.9739130434782609,0.8846153846153846,0.9387755102040817,0.9782608695652174
chb02,5,16,0,3,chb02_16+.edf,81,96,98,6,0,80,10,0.76015625,0.375,1.0,1.0,0.5454545454545454,0.8958333333333334
chb02,5,21,0,3,chb02_16+.edf,81,96,37,9,0,80,7,0.959375,0.5625,1.0,1.0,0.72,0.9270833333333334
chb02,5,16,1,3,chb02_16.edf,81,96,98,2,8,72,14,0.68984375,0.125,0.9,0.2,0.15384615384615385,0.7708333333333334
chb02,5,21,1,3,chb02_16.edf,81,96,98,14,21,59,2,0.8999999999999999,0.875,0.7375,0.4,0.5490196078431373,0.7604166666666666
chb02,5,16,2,3,chb02_19.edf,153,6,70,1,0,5,0,1.0,1.0,1.0,1.0,1.0,1.0
chb02,5,21,2,3,chb02_19.edf,153,6,32,1,1,4,0,0.8,1.0,0.8,0.5,0.6666666666666666,0.8333333333333334
chb03,5,16,0,5,chb03_03.edf,307,78,83,13,2,63,0,0.9988165680473373,1.0,0.9692307692307692,0.8666666666666667,0.9285714285714286,0.9743589743589743
chb03,5,21,0,5,chb03_03.edf,307,78,99,12,1,64,1,0.9881656804733728,0.9230769230769231,0.9846153846153847,0.9230769230769231,0.9230769230769231,0.9743589743589743
chb03,5,16,1,5,chb03_04.edf;chb03_34.edf,278,114,69,19,4,91,0,0.9889196675900277,1.0,0.9578947368421052,0.8260869565217391,0.9047619047619048,0.9649122807017544
chb03,5,21,1,5,chb03_04.edf;chb03_34.edf,278,114,34,19,2,93,0,0.9983379501385042,1.0,0.9789473684210527,0.9047619047619048,0.95,0.9824561403508771
chb03,5,16,2,5,chb03_02.edf,307,78,45,12,0,65,1,0.9952662721893492,0.9230769230769231,1.0,1.0,0.96,0.9871794871794872
chb03,5,21,2,5,chb03_02.edf,307,78,79,12,0,65,1,0.9976331360946745,0.9230769230769231,1.0,1.0,0.96,0.9871794871794872
chb03,5,16,3,5,chb03_35.edf,312,72,60,12,3,57,0,0.9833333333333333,1.0,0.95,0.8,0.8888888888888888,0.9583333333333334
chb03,5,21,3,5,chb03_35.edf,312,72,99,12,2,58,0,0.9972222222222221,1.0,0.9666666666666667,0.8571428571428571,0.9230769230769231,0.9722222222222222
chb03,5,16,4,5,chb03_01.edf;chb03_36.edf,273,120,51,20,3,97,0,0.9994999999999999,1.0,0.97,0.8695652173913043,0.9302325581395349,0.975
chb03,5,21,4,5,chb03_01.edf;chb03_36.edf,273,120,18,19,3,97,1,0.992,0.95,0.97,0.8636363636363636,0.9047619047619048,0.9666666666666667
chb04,5,16,0,3,chb04_05.edf,312,54,70,9,33,12,0,0.8296296296296297,1.0,0.26666666666666666,0.21428571428571427,0.35294117647058826,0.3888888888888889
chb04,5,21,0,3,chb04_05.edf,312,54,26,9,32,13,0,0.8024691358024691,1.0,0.28888888888888886,0.21951219512195122,0.36,0.4074074074074074
chb04,5,16,1,3,chb04_08.edf,249,132,47,22,11,99,0,0.9512396694214876,1.0,0.9,0.6666666666666666,0.8,0.9166666666666666
chb04,5,21,1,3,chb04_08.edf,249,132,93,22,2,108,0,0.9975206611570249,1.0,0.9818181818181818,0.9166666666666666,0.9565217391304348,0.9848484848484849
chb04,5,16,2,3,chb04_28.edf,148,258,98,6,1,214,37,0.3949161709031909,0.13953488372093023,0.9953488372093023,0.8571428571428571,0.24,0.8527131782945736
chb04,5,21,2,3,chb04_28.edf,148,258,99,5,5,210,38,0.5847485127095727,0.11627906976744186,0.9767441860465116,0.5,0.18867924528301888,0.8333333333333334
chb05,5,16,0,5,chb05_06.edf,422,138,99,13,0,115,10,0.9879017013232514,0.5652173913043478,1.0,1.0,0.7222222222222222,0.927536231884058
chb05,5,21,0,5,chb05_06.edf,422,138,91,15,3,112,8,0.9788279773156899,0.6521739130434783,0.9739130434782609,0.8333333333333334,0.7317073170731707,0.9202898550724637
chb05,5,16,1,5,chb05_13.edf,427,132,98,19,0,110,3,0.9851239669421488,0.8636363636363636,1.0,1.0,0.926829268292683,0.9772727272727273
chb05,5,21,1,5,chb05_13.edf,427,132,30,22,2,108,0,0.9991735537190083,1.0,0.9818181818181818,0.9166666666666666,0.9565217391304348,0.9848484848484849
chb05,5,16,2,5,chb05_16.edf,441,114,89,16,0,95,3,0.9878116343490304,0.8421052631578947,1.0,1.0,0.9142857142857143,0.9736842105263158
chb05,5,21,2,5,chb05_16.edf,441,114,29,16,0,95,3,0.9861495844875346,0.8421052631578947,1.0,1.0,0.9142857142857143,0.9736842105263158
chb05,5,16,3,5,chb05_17.edf,417,144,67,24,6,114,0,0.996875,1.0,0.95,0.8,0.8888888888888888,0.9583333333333334
chb05,5,21,3,5,chb05_17.edf,417,144,49,21,0,120,3,0.9968750000000001,0.875,1.0,1.0,0.9333333333333333,0.9791666666666666
chb05,5,16,4,5,chb05_22.edf,422,138,71,23,1,114,0,1.0,1.0,0.991304347826087,0.9583333333333334,0.9787234042553191,0.9927536231884058
chb05,5,21,4,5,chb05_22.edf,422,138,16,23,6,109,0,0.9935727788279773,1.0,0.9478260869565217,0.7931034482758621,0.8846153846153846,0.9565217391304348
chb06,5,16,0,5,chb06_09.edf,120,18,47,2,3,12,1,0.7555555555555555,0.6666666666666666,0.8,0.4,0.5,0.7777777777777778
chb06,5,21,0,5,chb06_09.edf,120,18,47,2,1,14,1,0.8666666666666667,0.6666666666666666,0.9333333333333333,0.6666666666666666,0.6666666666666666,0.8888888888888888
chb06,5,16,1,5,chb06_13.edf,124,12,94,1,0,10,1,1.0,0.5,1.0,1.0,0.6666666666666666,0.9166666666666666
chb06,5,21,1,5,chb06_13.edf,124,12,56,1,0,10,1,1.0,0.5,1.0,1.0,0.6666666666666666,0.9166666666666666
chb06,5,16,2,5,chb06_01.edf;chb06_24.edf,81,66,73,8,7,48,3,0.7983471074380165,0.7272727272727273,0.8727272727272727,0.5333333333333333,0.6153846153846154,0.8484848484848485
chb06,5,21,2,5,chb06_01.edf;chb06_24.edf,81,66,29,8,6,49,3,0.9173553719008265,0.7272727272727273,0.8909090909090909,0.5714285714285714,0.64,0.8636363636363636
chb06,5,16,3,5,chb06_04.edf,96,48,97,5,21,19,3,0.55,0.625,0.475,0.19230769230769232,0.29411764705882354,0.5
chb06,5,21,3,5,chb06_04.edf,96,48,96,4,22,18,4,0.46875,0.5,0.45,0.15384615384615385,0.23529411764705882,0.4583333333333333
chb06,5,16,4,5,chb06_10.edf;chb06_18.edf,115,24,66,4,5,15,0,0.9874999999999999,1.0,0.75,0.4444444444444444,0.6153846153846154,0.7916666666666666
chb06,5,21,4,5,chb06_10.edf;chb06_18.edf,115,24,99,3,0,20,1,0.9750000000000001,0.75,1.0,1.0,0.8571428571428571,0.9583333333333334
chb07,5,16,0,3,chb07_12.edf,225,102,50,17,15,70,0,0.9709342560553633,1.0,0.8235294117647058,0.53125,0.6938775510204082,0.8529411764705882
chb07,5,21,0,3,chb07_12.edf,225,102,99,17,10,75,0,1.0,1.0,0.8823529411764706,0.6296296296296297,0.7727272727272727,0.9019607843137255
chb07,5,16,1,3,chb07_13.edf,216,114,91,14,1,94,5,0.9961218836565098,0.7368421052631579,0.9894736842105263,0.9333333333333333,0.8235294117647058,0.9473684210526315
chb07,5,21,1,3,chb07_13.edf,216,114,32,15,0,95,4,1.0,0.7894736842105263,1.0,1.0,0.8823529411764706,0.9649122807017544
chb07,5,16,2,3,chb07_19.edf,172,168,83,18,0,140,10,0.9125000000000001,0.6428571428571429,1.0,1.0,0.782608695652174,0.9404761904761905
chb07,5,21,2,3,chb07_19.edf,172,168,99,15,2,138,13,0.9535714285714285,0.5357142857142857,0.9857142857142858,0.8823529411764706,0.6666666666666666,0.9107142857142857
chb08,5,16,0,5,chb08_02.edf,710,204,56,33,16,154,1,0.9757785467128027,0.9705882352941176,0.9058823529411765,0.673469387755102,0.7951807228915663,0.9166666666666666
chb08,5,21,0,5,chb08_02.edf,710,204,16,32,19,151,2,0.9799307958477509,0.9411764705882353,0.888235294117647,0.6274509803921569,0.7529411764705882,0.8970588235294118
chb08,5,16,1,5,chb08_05.edf,691,228,43,28,29,161,10,0.9081717451523545,0.7368421052631579,0.8473684210526315,0.49122807017543857,0.5894736842105263,0.8289473684210527
chb08,5,21,1,5,chb08_05.edf,691,228,15,29,18,172,9,0.9277008310249307,0.7631578947368421,0.9052631578947369,0.6170212765957447,0.6823529411764706,0.881578947368421
chb08,5,16,2,5,chb08_11.edf,748,156,65,25,5,125,1,0.9914201183431952,0.9615384615384616,0.9615384615384616,0.8333333333333334,0.8928571428571429,0.9615384615384616
chb08,5,21,2,5,chb08_11.edf,748,156,6,24,6,124,2,0.9846153846153847,0.9230769230769231,0.9538461538461539,0.8,0.8571428571428571,0.9487179487179487
chb08,5,16,3,5,chb08_13.edf,720,192,88,30,1,159,2,0.9962890624999999,0.9375,0.99375,0.967741935483871,0.9523809523809523,0.984375
chb08,5,21,3,5,chb08_13.edf,720,192,15,28,3,157,4,0.99453125,0.875,0.98125,0.9032258064516129,0.8888888888888888,0.9635416666666666
chb08,5,16,4,5,chb08_21.edf,624,312,25,49,49,211,3,0.9453402366863906,0.9423076923076923,0.8115384615384615,0.5,0.6533333333333333,0.8333333333333334
chb08,5,21,4,5,chb08_21.edf,624,312,11,47,26,234,5,0.9639792899408284,0.9038461538461539,0.9,0.6438356164383562,0.752,0.9006410256410257
chb09,5,16,0,3,chb09_06.edf,196,72,99,8,11,49,4,0.8027777777777777,0.6666666666666666,0.8166666666666667,0.42105263157894735,0.5161290322580645,0.7916666666666666
chb09,5,21,0,3,chb09_06.edf,196,72,52,9,4,56,3,0.9555555555555556,0.75,0.9333333333333333,0.6923076923076923,0.72,0.9027777777777778
chb09,5,16,1,3,chb09_08.edf,115,174,89,22,24,121,7,0.896551724137931,0.7586206896551724,0.8344827586206897,0.4782608695652174,0.5866666666666667,0.8218390804597702
chb09,5,21,1,3,chb09_08.edf,115,174,52,25,9,136,4,0.9574316290130798,0.8620689655172413,0.9379310344827586,0.7352941176470589,0.7936507936507936,0.9252873563218391
chb09,5,16,2,3,chb09_19.edf,196,72,91,9,1,59,3,0.9138888888888888,0.75,0.9833333333333333,0.9,0.8181818181818182,0.9444444444444444
chb09,5,21,2,3,chb09_19.edf,196,72,51,10,4,56,2,0.8902777777777777,0.8333333333333334,0.9333333333333333,0.7142857142857143,0.7692307692307693,0.9166666666666666
chb10,5,16,0,5,chb10_38.edf,336,102,99,14,0,85,3,0.972318339100346,0.8235294117647058,1.0,1.0,0.9032258064516129,0.9705882352941176
chb10,5,21,0,5,chb10_38.edf,336,102,52,13,0,85,4,0.9910034602076124,0.7647058823529411,1.0,1.0,0.8666666666666667,0.9607843137254902
chb10,5,16,1,5,chb10_27.edf,355,78,60,12,0,65,1,0.9230769230769231,0.9230769230769231,1.0,1.0,0.96,0.9871794871794872
chb10,5,21,1,5,chb10_27.edf,355,78,86,10,0,65,3,0.9692307692307692,0.7692307692307693,1.0,1.0,0.8695652173913043,0.9615384615384616
chb10,5,16,2,5,chb10_89.edf,369,60,51,6,0,50,4,0.992,0.6,1.0,1.0,0.75,0.9333333333333333
chb10,5,21,2,5,chb10_89.edf,369,60,73,10,0,50,0,1.0,1.0,1.0,1.0,1.0,1.0
chb10,5,16,3,5,chb10_20.edf;chb10_31.edf,278,174,53,29,58,87,0,0.9391200951248514,1.0,0.6,0.3333333333333333,0.5,0.6666666666666666
chb10,5,21,3,5,chb10_20.edf;chb10_31.edf,278,174,28,29,35,110,0,0.9312722948870392,1.0,0.7586206896551724,0.453125,0.6236559139784946,0.7988505747126436
chb10,5,16,4,5,chb10_12.edf;chb10_30.edf,331,108,75,11,0,90,7,0.9925925925925926,0.6111111111111112,1.0,1.0,0.7586206896551724,0.9351851851851852
chb10,5,21,4,5,chb10_12.edf;chb10_30.edf,331,108,53,18,0,90,0,1.0,1.0,1.0,1.0,1.0,1.0
chb11,5,16,0,3,chb11_82.edf,484,24,59,4,0,20,0,1.0,1.0,1.0,1.0,1.0,1.0
chb11,5,21,0,3,chb11_82.edf,484,24,13,4,0,20,0,1.0,1.0,1.0,1.0,1.0,1.0
chb11,5,16,1,3,chb11_92.edf,475,36,34,6,0,30,0,1.0,1.0,1.0,1.0,1.0,1.0
chb11,5,21,1,3,chb11_92.edf,475,36,26,6,0,30,0,1.0,1.0,1.0,1.0,1.0,1.0
chb11,5,16,2,3,chb11_99.edf,48,570,99,121,50,370,29,0.9361746031746032,0.8066666666666666,0.8809523809523809,0.7076023391812866,0.7538940809968847,0.8614035087719298
chb11,5,21,2,3,chb11_99.edf,48,570,99,99,23,397,51,0.9246031746031746,0.66,0.9452380952380952,0.8114754098360656,0.7279411764705882,0.8701754385964913
chb12,5,16,0,5,chb12_08.edf,835,90,87,13,2,73,2,0.944,0.8666666666666667,0.9733333333333334,0.8666666666666667,0.8666666666666667,0.9555555555555556
chb12,5,21,0,5,chb12_08.edf,835,90,21,10,2,73,5,0.92,0.6666666666666666,0.9733333333333334,0.8333333333333334,0.7407407407407407,0.9222222222222223
chb12,5,16,1,5,chb12_10.edf;chb12_23.edf,628,348,61,42,53,237,16,0.8818073721759809,0.7241379310344828,0.8172413793103448,0.4421052631578947,0.5490196078431373,0.8017241379310345
chb12,5,21,1,5,chb12_10.edf;chb12_23.edf,628,348,15,42,25,265,16,0.9169441141498217,0.7241379310344828,0.9137931034482759,0.6268656716417911,0.672,0.882183908045977
chb12,5,16,2,5,chb12_42.edf,768,174,80,27,4,141,2,0.9883472057074911,0.9310344827586207,0.9724137931034482,0.8709677419354839,0.9,0.9655172413793104
chb12,5,21,2,5,chb12_42.edf,768,174,35,26,6,139,3,0.9873959571938169,0.896551724137931,0.9586206896551724,0.8125,0.8524590163934426,0.9482758620689655
chb12,5,16,3,5,chb12_06.edf;chb12_09.edf;chb12_38.edf,585,402,94,57,16,319,10,0.9655602584094453,0.8507462686567164,0.9522388059701492,0.7808219178082192,0.8142857142857143,0.9353233830845771
chb12,5,21,3,5,chb12_06.edf;chb12_09.edf;chb12_38.edf,585,402,39,56,13,322,11,0.9623524170193808,0.835820895522388,0.9611940298507463,0.8115942028985508,0.8235294117647058,0.9402985074626866
chb12,5,16,4,5,chb12_11.edf;chb12_33.edf;chb12_36.edf,811,120,52,17,4,96,3,0.902,0.85,0.96,0.8095238095238095,0.8292682926829268,0.9416666666666667
chb12,5,21,4,5,chb12_11.edf;chb12_33.edf;chb12_36.edf,811,120,30,13,0,100,7,0.9075,0.65,1.0,1.0,0.7878787878787878,0.9416666666666667
chb13,5,16,0,5,chb13_19.edf,369,48,47,8,0,40,0,1.0,1.0,1.0,1.0,1.0,1.0
chb13,5,21,0,5,chb13_19.edf,369,48,32,8,1,39,0,1.0,1.0,0.975,0.8888888888888888,0.9411764705882353,0.9791666666666666
chb13,5,16,1,5,chb13_55.edf,374,42,78,2,1,34,5,0.7918367346938775,0.2857142857142857,0.9714285714285714,0.6666666666666666,0.4,0.8571428571428571
chb13,5,21,1,5,chb13_55.edf,374,42,53,3,0,35,4,0.9346938775510204,0.42857142857142855,1.0,1.0,0.6,0.9047619047619048
chb13,5,16,2,5,chb13_62.edf,230,222,51,21,7,178,16,0.7893352812271731,0.5675675675675675,0.9621621621621622,0.75,0.6461538461538462,0.8963963963963963
chb13,5,21,2,5,chb13_62.edf,230,222,25,23,12,173,14,0.7244704163623082,0.6216216216216216,0.9351351351351351,0.6571428571428571,0.6388888888888888,0.8828828828828829
chb13,5,16,3,5,chb13_58.edf;chb13_59.edf,336,90,94,14,6,69,1,0.9786666666666666,0.9333333333333333,0.92,0.7,0.8,0.9222222222222223
chb13,5,21,3,5,chb13_58.edf;chb13_59.edf,336,90,39,14,6,69,1,0.9751111111111113,0.9333333333333333,0.92,0.7,0.8,0.9222222222222223
chb13,5,16,4,5,chb13_21.edf;chb13_60.edf,321,108,91,12,3,87,6,0.9635802469135804,0.6666666666666666,0.9666666666666667,0.8,0.7272727272727273,0.9166666666666666
chb13,5,21,4,5,chb13_21.edf;chb13_60.edf,321,108,87,6,2,88,12,0.9561728395061728,0.3333333333333333,0.9777777777777777,0.75,0.46153846153846156,0.8703703703703703
chb14,5,16,0,5,chb14_11.edf,110,48,75,3,0,40,5,0.94375,0.375,1.0,1.0,0.5454545454545454,0.8958333333333334
chb14,5,21,0,5,chb14_11.edf,110,48,50,6,0,40,2,1.0,0.75,1.0,1.0,0.8571428571428571,0.9583333333333334
chb14,5,16,1,5,chb14_18.edf,129,24,98,4,0,20,0,1.0,1.0,1.0,1.0,1.0,1.0
chb14,5,21,1,5,chb14_18.edf,129,24,37,4,1,19,0,1.0,1.0,0.95,0.8,0.8888888888888888,0.9583333333333334
chb14,5,16,2,5,chb14_06.edf,139,12,97,2,0,10,0,1.0,1.0,1.0,1.0,1.0,1.0
chb14,5,21,2,5,chb14_06.edf,139,12,41,2,0,10,0,1.0,1.0,1.0,1.0,1.0,1.0
chb14,5,16,3,5,chb14_17.edf;chb14_27.edf,115,42,96,5,1,34,2,0.9836734693877551,0.7142857142857143,0.9714285714285714,0.8333333333333334,0.7692307692307693,0.9285714285714286
chb14,5,21,3,5,chb14_17.edf;chb14_27.edf,115,42,99,4,0,35,3,0.9918367346938776,0.5714285714285714,1.0,1.0,0.7272727272727273,0.9285714285714286
chb14,5,16,4,5,chb14_03.edf;chb14_04.edf,100,60,98,10,1,49,0,1.0,1.0,0.98,0.9090909090909091,0.9523809523809523,0.9833333333333333
chb14,5,21,4,5,chb14_03.edf;chb14_04.edf,100,60,99,9,2,48,1,0.996,0.9,0.96,0.8181818181818182,0.8571428571428571,0.95
chb15,5,16,0,5,chb15_62.edf,1790,126,54,21,10,95,0,0.998639455782313,1.0,0.9047619047619048,0.6774193548387096,0.8076923076923077,0.9206349206349206
chb15,5,21,0,5,chb15_62.edf,1790,126,8,21,3,102,0,0.9995464852607711,1.0,0.9714285714285714,0.875,0.9333333333333333,0.9761904761904762
chb15,5,16,1,5,chb15_15.edf;chb15_40.edf;chb15_54.edf,1132,948,22,140,10,780,18,0.9896410831597501,0.8860759493670886,0.9873417721518988,0.9333333333333333,0.9090909090909091,0.9704641350210971
chb15,5,21,1,5,chb15_15.edf;chb15_40.edf;chb15_54.edf,1132,948,14,141,9,781,17,0.9824787694279764,0.8924050632911392,0.9886075949367089,0.94,0.9155844155844156,0.9725738396624473
chb15,5,16,2,5,chb15_10.edf;chb15_17.edf;chb15_52.edf,1761,162,52,26,4,131,1,0.9989026063100137,0.9629629629629629,0.9703703703703703,0.8666666666666667,0.9122807017543859,0.9691358024691358
chb15,5,21,2,5,chb15_10.edf;chb15_17.edf;chb15_52.edf,1761,162,8,26,1,134,1,0.9967078189300411,0.9629629629629629,0.9925925925925926,0.9629629629629629,0.9629629629629629,0.9876543209876543
chb15,5,16,3,5,chb15_20.edf;chb15_28.edf;chb15_46.edf,1555,420,17,65,7,343,5,0.9923673469387756,0.9285714285714286,0.98,0.9027777777777778,0.9154929577464789,0.9714285714285714
chb15,5,21,3,5,chb15_20.edf;chb15_28.edf;chb15_46.edf,1555,420,9,66,5,345,4,0.9928979591836735,0.9428571428571428,0.9857142857142858,0.9295774647887324,0.9361702127659575,0.9785714285714285
chb15,5,16,4,5,chb15_06.edf;chb15_22.edf;chb15_31.edf;chb15_49.edf,1324,708,45,112,13,577,6,0.9963228957196208,0.9491525423728814,0.9779661016949153,0.896,0.9218106995884774,0.9731638418079096
chb15,5,21,4,5,chb15_06.edf;chb15_22.edf;chb15_31.edf;chb15_49.edf,1324,708,16,110,24,566,8,0.9909221488078139,0.9322033898305084,0.9593220338983051,0.8208955223880597,0.873015873015873,0.9548022598870056
chb16,5,16,0,5,chb16_10.edf,38,6,94,1,0,5,0,1.0,1.0,1.0,1.0,1.0,1.0
chb16,5,21,0,5,chb16_10.edf,38,6,33,1,1,4,0,1.0,1.0,0.8,0.5,0.6666666666666666,0.8333333333333334
chb16,5,16,1,5,chb16_11.edf,38,6,41,1,2,3,0,1.0,1.0,0.6,0.3333333333333333,0.5,0.6666666666666666
chb16,5,21,1,5,chb16_11.edf,38,6,99,1,0,5,0,1.0,1.0,1.0,1.0,1.0,1.0
chb16,5,16,2,5,chb16_14.edf,33,12,40,1,3,7,1,0.6,0.5,0.7,0.25,0.3333333333333333,0.6666666666666666
chb16,5,21,2,5,chb16_14.edf,33,12,4,0,0,10,2,0.0,0.0,1.0,,0.0,0.8333333333333334
chb16,5,16,3,5,chb16_16.edf,38,6,43,1,1,4,0,0.8,1.0,0.8,0.5,0.6666666666666666,0.8333333333333334
chb16,5,21,3,5,chb16_16.edf,38,6,6,0,0,5,1,0.19999999999999996,0.0,1.0,,0.0,0.8333333333333334
chb16,5,16,4,5,chb16_17.edf,24,24,52,0,0,20,4,0.6375,0.0,1.0,,0.0,0.8333333333333334
chb16,5,21,4,5,chb16_17.edf,24,24,50,0,1,19,4,0.4875,0.0,0.95,0.0,0.0,0.7916666666666666
chb17,5,16,0,3,chb17a_03.edf,192,108,53,16,5,85,2,0.9790123456790124,0.8888888888888888,0.9444444444444444,0.7619047619047619,0.8205128205128205,0.9351851851851852
chb17,5,21,0,3,chb17a_03.edf,192,108,34,16,3,87,2,0.9845679012345678,0.8888888888888888,0.9666666666666667,0.8421052631578947,0.8648648648648649,0.9537037037037037
chb17,5,16,1,3,chb17a_04.edf,168,138,48,23,9,106,0,0.9901701323251418,1.0,0.9217391304347826,0.71875,0.8363636363636363,0.9347826086956522
chb17,5,21,1,3,chb17a_04.edf,168,138,28,22,1,114,1,0.9988657844990548,0.9565217391304348,0.991304347826087,0.9565217391304348,0.9565217391304348,0.9855072463768116
chb17,5,16,2,3,chb17b_63.edf,196,102,93,11,1,84,6,0.9550173010380623,0.6470588235294118,0.9882352941176471,0.9166666666666666,0.7586206896551724,0.9313725490196079
chb17,5,21,2,3,chb17b_63.edf,196,102,40,13,8,77,4,0.934948096885813,0.7647058823529411,0.9058823529411765,0.6190476190476191,0.6842105263157895,0.8823529411764706
chb18,5,16,0,5,chb18_36.edf,254,54,64,9,22,23,0,1.0,1.0,0.5111111111111111,0.2903225806451613,0.45,0.5925925925925926
chb18,5,21,0,5,chb18_36.edf,254,54,30,9,4,41,0,1.0,1.0,0.9111111111111111,0.6923076923076923,0.8181818181818182,0.9259259259259259
chb18,5,16,1,5,chb18_32.edf,244,66,28,11,0,55,0,1.0,1.0,1.0,1.0,1.0,1.0
chb18,5,21,1,5,chb18_32.edf,244,66,16,11,0,55,0,1.0,1.0,1.0,1.0,1.0,1.0
chb18,5,16,2,5,chb18_35.edf,235,78,30,12,0,65,1,0.9952662721893492,0.9230769230769231,1.0,1.0,0.96,0.9871794871794872
chb18,5,21,2,5,chb18_35.edf,235,78,23,10,1,64,3,0.9881656804733727,0.7692307692307693,0.9846153846153847,0.9090909090909091,0.8333333333333334,0.9487179487179487
chb18,5,16,3,5,chb18_30.edf,268,36,96,3,0,30,3,0.7722222222222223,0.5,1.0,1.0,0.6666666666666666,0.9166666666666666
chb18,5,21,3,5,chb18_30.edf,268,36,45,2,0,30,4,0.8333333333333333,0.3333333333333333,1.0,1.0,0.5,0.8888888888888888
chb18,5,16,4,5,chb18_29.edf;chb18_31.edf,187,138,89,23,0,115,0,1.0,1.0,1.0,1.0,1.0,1.0
chb18,5,21,4,5,chb18_29.edf;chb18_31.edf,187,138,30,22,3,112,1,0.9943289224952742,0.9565217391304348,0.9739130434782609,0.88,0.9166666666666666,0.9710144927536232
chb19,5,16,0,3,chb19_28.edf,148,90,92,14,5,70,1,0.9786666666666666,0.9333333333333333,0.9333333333333333,0.7368421052631579,0.8235294117647058,0.9333333333333333
chb19,5,21,0,3,chb19_28.edf,148,90,30,11,2,73,4,0.9484444444444444,0.7333333333333333,0.9733333333333334,0.8461538461538461,0.7857142857142857,0.9333333333333333
chb19,5,16,1,3,chb19_29.edf,148,90,57,14,3,72,1,0.9884444444444445,0.9333333333333333,0.96,0.8235294117647058,0.875,0.9555555555555556
chb19,5,21,1,3,chb19_29.edf,148,90,61,14,2,73,1,0.9982222222222222,0.9333333333333333,0.9733333333333334,0.875,0.9032258064516129,0.9666666666666667
chb19,5,16,2,3,chb19_30.edf,144,96,88,14,2,78,2,0.98671875,0.875,0.975,0.875,0.875,0.9583333333333334
chb19,5,21,2,3,chb19_30.edf,144,96,99,15,2,78,1,0.9812500000000001,0.9375,0.975,0.8823529411764706,0.9090909090909091,0.96875
chb20,5,16,0,5,chb20_15.edf,187,96,49,13,1,79,3,0.9742187499999999,0.8125,0.9875,0.9285714285714286,0.8666666666666667,0.9583333333333334
chb20,5,21,0,5,chb20_15.edf,187,96,21,13,2,78,3,0.97890625,0.8125,0.975,0.8666666666666667,0.8387096774193549,0.9479166666666666
chb20,5,16,1,5,chb20_14.edf,230,42,31,7,0,35,0,1.0,1.0,1.0,1.0,1.0,1.0
chb20,5,21,1,5,chb20_14.edf,230,42,15,6,0,35,1,1.0,0.8571428571428571,1.0,1.0,0.9230769230769231,0.9761904761904762
chb20,5,16,2,5,chb20_12.edf;chb20_16.edf,206,72,28,11,3,57,1,0.9597222222222223,0.9166666666666666,0.95,0.7857142857142857,0.8461538461538461,0.9444444444444444
chb20,5,21,2,5,chb20_12.edf;chb20_16.edf,206,72,21,12,4,56,0,0.9694444444444444,1.0,0.9333333333333333,0.75,0.8571428571428571,0.9444444444444444
chb20,5,16,3,5,chb20_13.edf,201,78,73,13,2,63,0,0.98698224852071,1.0,0.9692307692307692,0.8666666666666667,0.9285714285714286,0.9743589743589743
chb20,5,21,3,5,chb20_13.edf,201,78,30,12,3,62,1,0.9846153846153846,0.9230769230769231,0.9538461538461539,0.8,0.8571428571428571,0.9487179487179487
chb20,5,16,4,5,chb20_68.edf,230,42,32,5,1,34,2,0.8571428571428571,0.7142857142857143,0.9714285714285714,0.8333333333333334,0.7692307692307693,0.9285714285714286
chb20,5,21,4,5,chb20_68.edf,230,42,46,5,1,34,2,0.9551020408163265,0.7142857142857143,0.9714285714285714,0.8333333333333334,0.7692307692307693,0.9285714285714286
chb21,5,16,0,4,chb21_19.edf,134,66,99,9,1,54,2,0.9900826446280991,0.8181818181818182,0.9818181818181818,0.9,0.8571428571428571,0.9545454545454546
chb21,5,21,0,4,chb21_19.edf,134,66,99,10,0,55,1,1.0,0.9090909090909091,1.0,1.0,0.9523809523809523,0.9848484848484849
chb21,5,16,1,4,chb21_20.edf,139,60,90,10,0,50,0,1.0,1.0,1.0,1.0,1.0,1.0
chb21,5,21,1,4,chb21_20.edf,139,60,36,10,0,50,0,1.0,1.0,1.0,1.0,1.0,1.0
chb21,5,16,2,4,chb21_21.edf,110,96,99,13,10,70,3,0.95859375,0.8125,0.875,0.5652173913043478,0.6666666666666666,0.8645833333333334
chb21,5,21,2,4,chb21_21.edf,110,96,94,16,8,72,0,0.978125,1.0,0.9,0.6666666666666666,0.8,0.9166666666666666
chb21,5,16,3,4,chb21_22.edf,177,12,97,2,0,10,0,1.0,1.0,1.0,1.0,1.0,1.0
chb21,5,21,3,4,chb21_22.edf,177,12,95,2,0,10,0,1.0,1.0,1.0,1.0,1.0,1.0
chb22,5,16,0,3,chb22_20.edf,134,66,99,11,0,55,0,1.0,1.0,1.0,1.0,1.0,1.0
chb22,5,21,0,3,chb22_20.edf,134,66,78,11,0,55,0,1.0,1.0,1.0,1.0,1.0,1.0
chb22,5,16,1,3,chb22_25.edf,120,84,99,14,5,65,0,0.9989795918367348,1.0,0.9285714285714286,0.7368421052631579,0.8484848484848485,0.9404761904761905
chb22,5,21,1,3,chb22_25.edf,120,84,99,12,1,69,2,0.9938775510204081,0.8571428571428571,0.9857142857142858,0.9230769230769231,0.8888888888888888,0.9642857142857143
chb22,5,16,2,3,chb22_38.edf,120,84,71,12,0,70,2,0.9948979591836735,0.8571428571428571,1.0,1.0,0.9230769230769231,0.9761904761904762
chb22,5,21,2,3,chb22_38.edf,120,84,99,11,0,70,3,0.9969387755102042,0.7857142857142857,1.0,1.0,0.88,0.9642857142857143
chb23,5,16,0,3,chb23_06.edf,288,132,51,22,4,106,0,1.0,1.0,0.9636363636363636,0.8461538461538461,0.9166666666666666,0.9696969696969697
chb23,5,21,0,3,chb23_06.edf,288,132,21,22,0,110,0,1.0,1.0,1.0,1.0,1.0,1.0
chb23,5,16,1,3,chb23_08.edf,331,78,97,11,2,63,2,0.9775147928994083,0.8461538461538461,0.9692307692307692,0.8461538461538461,0.8461538461538461,0.9487179487179487
chb23,5,21,1,3,chb23_08.edf,331,78,35,12,3,62,1,0.9798816568047337,0.9230769230769231,0.9538461538461539,0.8,0.8571428571428571,0.9487179487179487
chb23,5,16,2,3,chb23_09.edf,168,282,63,43,3,232,4,0.9970122227252151,0.9148936170212766,0.9872340425531915,0.9347826086956522,0.9247311827956989,0.975177304964539
chb23,5,21,2,3,chb23_09.edf,168,282,32,43,3,232,4,0.9946582163875057,0.9148936170212766,0.9872340425531915,0.9347826086956522,0.9247311827956989,0.975177304964539
chb24,5,16,0,5,chb24_01.edf;chb24_15.edf,398,78,74,11,1,64,2,0.9905325443786982,0.8461538461538461,0.9846153846153847,0.9166666666666666,0.88,0.9615384615384616
chb24,5,21,0,5,chb24_01.edf;chb24_15.edf,398,78,14,13,1,64,0,0.9952662721893492,1.0,0.9846153846153847,0.9285714285714286,0.9629629629629629,0.9871794871794872
chb24,5,16,1,5,chb24_07.edf;chb24_13.edf;chb24_14.edf,403,72,78,10,6,54,2,0.9430555555555555,0.8333333333333334,0.9,0.625,0.7142857142857143,0.8888888888888888
chb24,5,21,1,5,chb24_07.edf;chb24_13.edf;chb24_14.edf,403,72,19,11,4,56,1,0.9597222222222223,0.9166666666666666,0.9333333333333333,0.7333333333333333,0.8148148148148148,0.9305555555555556
chb24,5,16,2,5,chb24_03.edf;chb24_09.edf,398,78,92,12,11,54,1,0.9443786982248521,0.9230769230769231,0.8307692307692308,0.5217391304347826,0.6666666666666666,0.8461538461538461
chb24,5,21,2,5,chb24_03.edf;chb24_09.edf,398,78,12,11,2,63,2,0.9893491124260356,0.8461538461538461,0.9692307692307692,0.8461538461538461,0.8461538461538461,0.9487179487179487
chb24,5,16,3,5,chb24_04.edf;chb24_06.edf;chb24_21.edf,312,186,96,22,8,147,9,0.922372528616025,0.7096774193548387,0.9483870967741935,0.7333333333333333,0.7213114754098361,0.9086021505376344
chb24,5,21,3,5,chb24_04.edf;chb24_06.edf;chb24_21.edf,312,186,14,26,45,110,5,0.9001040582726326,0.8387096774193549,0.7096774193548387,0.36619718309859156,0.5098039215686274,0.7311827956989247
chb24,5,16,4,5,chb24_11.edf;chb24_17.edf,331,162,55,14,1,134,13,0.8249657064471878,0.5185185185185185,0.9925925925925926,0.9333333333333333,0.6666666666666666,0.9135802469135802
chb24,5,21,4,5,chb24_11.edf;chb24_17.edf,331,162,23,15,1,134,12,0.8537722908093278,0.5555555555555556,0.9925925925925926,0.9375,0.6976744186046512,0.9197530864197531
chb01,8,16,0,5,chb01_03.edf,230,30,99,5,0,25,0,1.0,1.0,1.0,1.0,1.0,1.0
chb01,8,21,0,5,chb01_03.edf,230,30,96,3,0,25,2,1.0,0.6,1.0,1.0,0.75,0.9333333333333333
chb01,8,16,1,5,chb01_21.edf,201,66,63,11,1,54,0,1.0,1.0,0.9818181818181818,0.9166666666666666,0.9565217391304348,0.9848484848484849
chb01,8,21,1,5,chb01_21.edf,201,66,67,11,1,54,0,1.0,1.0,0.9818181818181818,0.9166666666666666,0.9565217391304348,0.9848484848484849
chb01,8,16,2,5,chb01_26.edf,196,72,98,12,1,59,0,1.0,1.0,0.9833333333333333,0.9230769230769231,0.96,0.9861111111111112
chb01,8,21,2,5,chb01_26.edf,196,72,97,12,2,58,0,0.998611111111111,1.0,0.9666666666666667,0.8571428571428571,0.9230769230769231,0.9722222222222222
chb01,8,16,3,5,chb01_15.edf;chb01_16.edf,201,66,85,9,1,54,2,0.9834710743801653,0.8181818181818182,0.9818181818181818,0.9,0.8571428571428571,0.9545454545454546
chb01,8,21,3,5,chb01_15.edf;chb01_16.edf,201,66,98,10,0,55,1,1.0,0.9090909090909091,1.0,1.0,0.9523809523809523,0.9848484848484849
chb01,8,16,4,5,chb01_04.edf;chb01_18.edf,187,84,96,14,0,70,0,1.0,1.0,1.0,1.0,1.0,1.0
chb01,8,21,4,5,chb01_04.edf;chb01_18.edf,187,84,90,14,0,70,0,1.0,1.0,1.0,1.0,1.0,1.0
chb02,8,16,0,3,chb02_16+.edf,52,60,10,0,0,50,10,0.7380000000000001,0.0,1.0,,0.0,0.8333333333333334
chb02,8,21,0,3,chb02_16+.edf,52,60,62,3,0,50,7,0.98,0.3,1.0,1.0,0.46153846153846156,0.8833333333333333
chb02,8,16,1,3,chb02_16.edf,52,60,83,3,12,38,7,0.65,0.3,0.76,0.2,0.24,0.6833333333333333
chb02,8,21,1,3,chb02_16.edf,52,60,70,6,8,42,4,0.896,0.6,0.84,0.42857142857142855,0.5,0.8
chb02,8,16,2,3,chb02_19.edf,96,6,51,1,1,4,0,0.8,1.0,0.8,0.5,0.6666666666666666,0.8333333333333334
chb02,8,21,2,3,chb02_19.edf,96,6,50,1,1,4,0,1.0,1.0,0.8,0.5,0.6666666666666666,0.8333333333333334
chb03,8,16,0,5,chb03_02.edf,187,48,97,7,0,40,1,1.0,0.875,1.0,1.0,0.9333333333333333,0.9791666666666666
chb03,8,21,0,5,chb03_02.edf,187,48,98,8,0,40,0,1.0,1.0,1.0,1.0,1.0,1.0
chb03,8,16,1,5,chb03_03.edf,187,48,98,8,2,38,0,0.99375,1.0,0.95,0.8,0.8888888888888888,0.9583333333333334
chb03,8,21,1,5,chb03_03.edf,187,48,96,7,1,39,1,0.984375,0.875,0.975,0.875,0.875,0.9583333333333334
chb03,8,16,2,5,chb03_35.edf,187,48,98,8,1,39,0,1.0,1.0,0.975,0.8888888888888888,0.9411764705882353,0.9791666666666666
chb03,8,21,2,5,chb03_35.edf,187,48,36,7,4,36,1,0.953125,0.875,0.9,0.6363636363636364,0.7368421052631579,0.8958333333333334
chb03,8,16,3,5,chb03_01.edf;chb03_34.edf,172,66,98,10,1,54,1,0.996694214876033,0.9090909090909091,0.9818181818181818,0.9090909090909091,0.9090909090909091,0.9696969696969697
chb03,8,21,3,5,chb03_01.edf;chb03_34.edf,172,66,99,11,0,55,0,1.0,1.0,1.0,1.0,1.0,1.0
chb03,8,16,4,5,chb03_04.edf;chb03_36.edf,168,72,63,11,4,56,1,0.9861111111111112,0.9166666666666666,0.9333333333333333,0.7333333333333333,0.8148148148148148,0.9305555555555556
chb03,8,21,4,5,chb03_04.edf;chb03_36.edf,168,72,77,11,1,59,1,0.9930555555555555,0.9166666666666666,0.9833333333333333,0.9166666666666666,0.9166666666666666,0.9722222222222222
chb04,8,16,0,3,chb04_05.edf,187,36,96,6,4,26,0,1.0,1.0,0.8666666666666667,0.6,0.75,0.8888888888888888
chb04,8,21,0,3,chb04_05.edf,187,36,55,6,0,30,0,1.0,1.0,1.0,1.0,1.0,1.0
chb04,8,16,1,3,chb04_08.edf,153,78,63,12,7,58,1,0.8994082840236686,0.9230769230769231,0.8923076923076924,0.631578947368421,0.75,0.8974358974358975
chb04,8,21,1,3,chb04_08.edf,153,78,30,13,3,62,0,0.9905325443786982,1.0,0.9538461538461539,0.8125,0.896551724137931,0.9615384615384616
chb04,8,16,2,3,chb04_28.edf,91,156,99,4,1,129,22,0.3437869822485207,0.15384615384615385,0.9923076923076923,0.8,0.25806451612903225,0.8525641025641025
chb04,8,21,2,3,chb04_28.edf,91,156,99,4,1,129,22,0.5674556213017752,0.15384615384615385,0.9923076923076923,0.8,0.25806451612903225,0.8525641025641025
chb05,8,16,0,5,chb05_06.edf,259,84,1,0,0,70,14,0.5275510204081633,0.0,1.0,,0.0,0.8333333333333334
chb05,8,21,0,5,chb05_06.edf,259,84,87,12,0,70,2,1.0,0.8571428571428571,1.0,1.0,0.9230769230769231,0.9761904761904762
chb05,8,16,1,5,chb05_13.edf,264,78,95,12,0,65,1,0.9964497041420117,0.9230769230769231,1.0,1.0,0.96,0.9871794871794872
chb05,8,21,1,5,chb05_13.edf,264,78,38,13,0,65,0,1.0,1.0,1.0,1.0,1.0,1.0
chb05,8,16,2,5,chb05_16.edf,268,72,60,9,1,59,3,0.9930555555555556,0.75,0.9833333333333333,0.9,0.8181818181818182,0.9444444444444444
chb05,8,21,2,5,chb05_16.edf,268,72,99,10,0,60,2,0.9944444444444445,0.8333333333333334,1.0,1.0,0.9090909090909091,0.9722222222222222
chb05,8,16,3,5,chb05_17.edf,254,90,54,13,4,71,2,0.9662222222222222,0.8666666666666667,0.9466666666666667,0.7647058823529411,0.8125,0.9333333333333333
chb05,8,21,3,5,chb05_17.edf,254,90,99,14,5,70,1,0.9804444444444445,0.9333333333333333,0.9333333333333333,0.7368421052631579,0.8235294117647058,0.9333333333333333
chb05,8,16,4,5,chb05_22.edf,259,84,99,14,0,70,0,1.0,1.0,1.0,1.0,1.0,1.0
chb05,8,21,4,5,chb05_22.edf,259,84,54,14,4,66,0,1.0,1.0,0.9428571428571428,0.7777777777777778,0.875,0.9523809523809523
chb06,8,16,0,5,chb06_09.edf,57,12,8,0,0,10,2,0.75,0.0,1.0,,0.0,0.8333333333333334
chb06,8,21,0,5,chb06_09.edf,57,12,63,1,0,10,1,0.9500000000000001,0.5,1.0,1.0,0.6666666666666666,0.9166666666666666
chb06,8,16,1,5,chb06_13.edf,62,6,66,1,0,5,0,1.0,1.0,1.0,1.0,1.0,1.0
chb06,8,21,1,5,chb06_13.edf,62,6,93,1,0,5,0,1.0,1.0,1.0,1.0,1.0,1.0
chb06,8,16,2,5,chb06_01.edf;chb06_24.edf,43,30,99,4,5,20,1,0.944,0.8,0.8,0.4444444444444444,0.5714285714285714,0.8
chb06,8,21,2,5,chb06_01.edf;chb06_24.edf,43,30,60,3,2,23,2,0.904,0.6,0.92,0.6,0.6,0.8666666666666667
chb06,8,16,3,5,chb06_04.edf,48,24,63,3,6,14,1,0.7,0.75,0.7,0.3333333333333333,0.46153846153846156,0.7083333333333334
chb06,8,21,3,5,chb06_04.edf,48,24,68,2,6,14,2,0.85,0.5,0.7,0.25,0.3333333333333333,0.6666666666666666
chb06,8,16,4,5,chb06_10.edf;chb06_18.edf,57,12,99,2,1,9,0,1.0,1.0,0.9,0.6666666666666666,0.8,0.9166666666666666
chb06,8,21,4,5,chb06_10.edf;chb06_18.edf,57,12,77,2,0,10,0,1.0,1.0,1.0,1.0,1.0,1.0
chb07,8,16,0,3,chb07_12.edf,139,60,97,10,7,43,0,0.988,1.0,0.86,0.5882352941176471,0.7407407407407407,0.8833333333333333
chb07,8,21,0,3,chb07_12.edf,139,60,96,10,4,46,0,1.0,1.0,0.92,0.7142857142857143,0.8333333333333334,0.9333333333333333
chb07,8,16,1,3,chb07_13.edf,129,72,99,3,2,58,9,0.9694444444444444,0.25,0.9666666666666667,0.6,0.35294117647058826,0.8472222222222222
chb07,8,21,1,3,chb07_13.edf,129,72,99,10,3,57,2,0.9680555555555556,0.8333333333333334,0.95,0.7692307692307693,0.8,0.9305555555555556
chb07,8,16,2,3,chb07_19.edf,105,102,63,10,1,84,7,0.9100346020761245,0.5882352941176471,0.9882352941176471,0.9090909090909091,0.7142857142857143,0.9215686274509803
chb07,8,21,2,3,chb07_19.edf,105,102,32,10,0,85,7,0.9252595155709342,0.5882352941176471,1.0,1.0,0.7407407407407407,0.9313725490196079
chb08,8,16,0,5,chb08_02.edf,441,126,97,21,7,98,0,0.9823129251700681,1.0,0.9333333333333333,0.75,0.8571428571428571,0.9444444444444444
chb08,8,21,0,5,chb08_02.edf,441,126,43,21,9,96,0,0.9863945578231292,1.0,0.9142857142857143,0.7,0.8235294117647058,0.9285714285714286
chb08,8,16,1,5,chb08_05.edf,432,138,65,17,17,98,6,0.899054820415879,0.7391304347826086,0.8521739130434782,0.5,0.5964912280701754,0.8333333333333334
chb08,8,21,1,5,chb08_05.edf,432,138,19,18,9,106,5,0.9311909262759924,0.782608695652174,0.9217391304347826,0.6666666666666666,0.72,0.8985507246376812
chb08,8,16,2,5,chb08_11.edf,465,96,98,15,2,78,1,0.99375,0.9375,0.975,0.8823529411764706,0.9090909090909091,0.96875
chb08,8,21,2,5,chb08_11.edf,465,96,31,15,1,79,1,0.99296875,0.9375,0.9875,0.9375,0.9375,0.9791666666666666
chb08,8,16,3,5,chb08_13.edf,446,120,97,20,1,99,0,0.999,1.0,0.99,0.9523809523809523,0.975609756097561,0.9916666666666667
chb08,8,21,3,5,chb08_13.edf,446,120,51,19,1,99,1,0.9984999999999999,0.95,0.99,0.95,0.95,0.9833333333333333
chb08,8,16,4,5,chb08_21.edf,384,198,33,32,34,131,1,0.9640036730945822,0.9696969696969697,0.793939393939394,0.48484848484848486,0.6464646464646465,0.8232323232323232
chb08,8,21,4,5,chb08_21.edf,384,198,23,31,14,151,2,0.9799816345270891,0.9393939393939394,0.9151515151515152,0.6888888888888889,0.7948717948717948,0.9191919191919192
chb09,8,16,0,3,chb09_06.edf,115,48,76,6,7,33,2,0.859375,0.75,0.825,0.46153846153846156,0.5714285714285714,0.8125
chb09,8,21,0,3,chb09_06.edf,115,48,35,6,2,38,2,0.978125,0.75,0.95,0.75,0.75,0.9166666666666666
chb09,8,16,1,3,chb09_08.edf,72,102,98,6,9,76,11,0.8788927335640139,0.35294117647058826,0.8941176470588236,0.4,0.375,0.803921568627451
chb09,8,21,1,3,chb09_08.edf,72,102,92,16,3,82,1,0.986159169550173,0.9411764705882353,0.9647058823529412,0.8421052631578947,0.8888888888888888,0.9607843137254902
chb09,8,16,2,3,chb09_19.edf,120,42,98,6,2,33,1,0.9755102040816326,0.8571428571428571,0.9428571428571428,0.75,0.8,0.9285714285714286
chb09,8,21,2,3,chb09_19.edf,120,42,41,6,2,33,1,0.946938775510204,0.8571428571428571,0.9428571428571428,0.75,0.8,0.9285714285714286
chb10,8,16,0,5,chb10_38.edf,201,66,81,7,0,55,4,0.9024793388429752,0.6363636363636364,1.0,1.0,0.7777777777777778,0.9393939393939394
chb10,8,21,0,5,chb10_38.edf,201,66,45,9,0,55,2,1.0,0.8181818181818182,1.0,1.0,0.9,0.9696969696969697
chb10,8,16,1,5,chb10_89.edf,225,36,78,6,1,29,0,1.0,1.0,0.9666666666666667,0.8571428571428571,0.9230769230769231,0.9722222222222222
chb10,8,21,1,5,chb10_89.edf,225,36,32,6,0,30,0,1.0,1.0,1.0,1.0,1.0,1.0
chb10,8,16,2,5,chb10_20.edf;chb10_31.edf,172,102,83,17,27,58,0,0.9813148788927336,1.0,0.6823529411764706,0.38636363636363635,0.5573770491803278,0.7352941176470589
chb10,8,21,2,5,chb10_20.edf;chb10_31.edf,172,102,31,17,13,72,0,0.9896193771626297,1.0,0.8470588235294118,0.5666666666666667,0.723404255319149,0.8725490196078431
chb10,8,16,3,5,chb10_27.edf,216,48,98,7,0,40,1,0.9875,0.875,1.0,1.0,0.9333333333333333,0.9791666666666666
chb10,8,21,3,5,chb10_27.edf,216,48,96,7,0,40,1,1.0,0.875,1.0,1.0,0.9333333333333333,0.9791666666666666
chb10,8,16,4,5,chb10_12.edf;chb10_30.edf,201,66,92,8,0,55,3,1.0,0.7272727272727273,1.0,1.0,0.8421052631578947,0.9545454545454546
chb10,8,21,4,5,chb10_12.edf;chb10_30.edf,201,66,45,11,0,55,0,1.0,1.0,1.0,1.0,1.0,1.0
chb11,8,16,0,3,chb11_82.edf,304,12,88,2,0,10,0,1.0,1.0,1.0,1.0,1.0,1.0
chb11,8,21,0,3,chb11_82.edf,304,12,99,2,0,10,0,1.0,1.0,1.0,1.0,1.0,1.0
chb11,8,16,1,3,chb11_92.edf,294,24,39,3,0,20,1,1.0,0.75,1.0,1.0,0.8571428571428571,0.9583333333333334
chb11,8,21,1,3,chb11_92.edf,294,24,21,4,0,20,0,1.0,1.0,1.0,1.0,1.0,1.0
chb11,8,16,2,3,chb11_99.edf,28,356,99,78,58,204,16,0.91793893129771,0.8297872340425532,0.7786259541984732,0.5735294117647058,0.6782608695652174,0.7921348314606742
chb11,8,21,2,3,chb11_99.edf,28,356,99,68,32,230,26,0.9320691895403606,0.723404255319149,0.8778625954198473,0.68,0.7010309278350515,0.8370786516853933
chb12,8,16,0,5,chb12_08.edf,499,48,33,6,1,39,2,0.9625000000000001,0.75,0.975,0.8571428571428571,0.8,0.9375
chb12,8,21,0,5,chb12_08.edf,499,48,44,6,2,38,2,0.9343750000000001,0.75,0.95,0.75,0.75,0.9166666666666666
chb12,8,16,1,5,chb12_09.edf;chb12_10.edf,456,102,96,17,6,79,0,0.9986159169550173,1.0,0.9294117647058824,0.7391304347826086,0.85,0.9411764705882353
chb12,8,21,1,5,chb12_09.edf;chb12_10.edf,456,102,37,16,13,72,1,0.9709342560553633,0.9411764705882353,0.8470588235294118,0.5517241379310345,0.6956521739130435,0.8627450980392157
chb12,8,16,2,5,chb12_11.edf;chb12_33.edf;chb12_38.edf,398,174,90,24,12,133,5,0.9193816884661118,0.8275862068965517,0.9172413793103448,0.6666666666666666,0.7384615384615385,0.9022988505747126
chb12,8,21,2,5,chb12_11.edf;chb12_33.edf;chb12_38.edf,398,174,59,20,3,142,9,0.9265160523186683,0.6896551724137931,0.9793103448275862,0.8695652173913043,0.7692307692307693,0.9310344827586207
chb12,8,16,3,5,chb12_42.edf,456,102,99,16,4,81,1,0.9840830449826989,0.9411764705882353,0.9529411764705882,0.8,0.8648648648648649,0.9509803921568627
chb12,8,21,3,5,chb12_42.edf,456,102,19,14,1,84,3,0.986159169550173,0.8235294117647058,0.9882352941176471,0.9333333333333333,0.875,0.9607843137254902
chb12,8,16,4,5,chb12_06.edf;chb12_23.edf;chb12_36.edf,340,246,38,28,117,88,13,0.6759071980963711,0.6829268292682927,0.4292682926829268,0.19310344827586207,0.3010752688172043,0.4715447154471545
chb12,8,21,4,5,chb12_06.edf;chb12_23.edf;chb12_36.edf,340,246,39,31,26,179,10,0.8969660916121357,0.7560975609756098,0.8731707317073171,0.543859649122807,0.6326530612244898,0.8536585365853658
chb13,8,16,0,5,chb13_19.edf,220,30,77,5,0,25,0,1.0,1.0,1.0,1.0,1.0,1.0
chb13,8,21,0,5,chb13_19.edf,220,30,50,5,0,25,0,1.0,1.0,1.0,1.0,1.0,1.0
chb13,8,16,1,5,chb13_55.edf,225,24,26,2,1,19,2,0.825,0.5,0.95,0.6666666666666666,0.5714285714285714,0.875
chb13,8,21,1,5,chb13_55.edf,225,24,14,2,2,18,2,0.7125,0.5,0.9,0.5,0.5,0.8333333333333334
chb13,8,16,2,5,chb13_62.edf,134,138,89,14,11,104,9,0.8385633270321362,0.6086956521739131,0.9043478260869565,0.56,0.5833333333333334,0.855072463768116
chb13,8,21,2,5,chb13_62.edf,134,138,49,14,10,105,9,0.8113421550094518,0.6086956521739131,0.9130434782608695,0.5833333333333334,0.5957446808510638,0.8623188405797102
chb13,8,16,3,5,chb13_59.edf;chb13_60.edf,201,54,49,7,2,43,2,0.9753086419753086,0.7777777777777778,0.9555555555555556,0.7777777777777778,0.7777777777777778,0.9259259259259259
chb13,8,21,3,5,chb13_59.edf;chb13_60.edf,201,54,25,9,5,40,0,0.9876543209876544,1.0,0.8888888888888888,0.6428571428571429,0.782608695652174,0.9074074074074074
chb13,8,16,4,5,chb13_21.edf;chb13_58.edf,196,60,99,4,0,50,6,0.994,0.4,1.0,1.0,0.5714285714285714,0.9
chb13,8,21,4,5,chb13_21.edf;chb13_58.edf,196,60,92,2,0,50,8,0.974,0.2,1.0,1.0,0.3333333333333333,0.8666666666666667
chb14,8,16,0,5,chb14_11.edf,57,30,99,2,0,25,3,0.968,0.4,1.0,1.0,0.5714285714285714,0.9
chb14,8,21,0,5,chb14_11.edf,57,30,60,3,0,25,2,1.0,0.6,1.0,1.0,0.75,0.9333333333333333
chb14,8,16,1,5,chb14_06.edf,76,6,93,1,0,5,0,1.0,1.0,1.0,1.0,1.0,1.0
chb14,8,21,1,5,chb14_06.edf,76,6,40,1,0,5,0,1.0,1.0,1.0,1.0,1.0,1.0
chb14,8,16,2,5,chb14_03.edf;chb14_04.edf,57,30,64,5,0,25,0,1.0,1.0,1.0,1.0,1.0,1.0
chb14,8,21,2,5,chb14_03.edf;chb14_04.edf,57,30,36,5,1,24,0,1.0,1.0,0.96,0.8333333333333334,0.9090909090909091,0.9666666666666667
chb14,8,16,3,5,chb14_17.edf;chb14_18.edf,62,24,99,4,0,20,0,1.0,1.0,1.0,1.0,1.0,1.0
chb14,8,21,3,5,chb14_17.edf;chb14_18.edf,62,24,99,3,0,20,1,0.9874999999999999,0.75,1.0,1.0,0.8571428571428571,0.9583333333333334
chb14,8,16,4,5,chb14_27.edf,72,12,94,0,0,10,2,0.9,0.0,1.0,,0.0,0.8333333333333334
chb14,8,21,4,5,chb14_27.edf,72,12,99,2,0,10,0,1.0,1.0,1.0,1.0,1.0,1.0
chb15,8,16,0,5,chb15_62.edf,1075,78,19,13,5,60,0,1.0,1.0,0.9230769230769231,0.7222222222222222,0.8387096774193549,0.9358974358974359
chb15,8,21,0,5,chb15_62.edf,1075,78,10,13,3,62,0,1.0,1.0,0.9538461538461539,0.8125,0.896551724137931,0.9615384615384616
chb15,8,16,1,5,chb15_06.edf;chb15_22.edf;chb15_31.edf;chb15_49.edf,792,432,58,72,9,351,0,0.9981867283950617,1.0,0.975,0.8888888888888888,0.9411764705882353,0.9791666666666666
chb15,8,21,1,5,chb15_06.edf;chb15_22.edf;chb15_31.edf;chb15_49.edf,792,432,20,72,22,338,0,0.9934413580246914,1.0,0.9388888888888889,0.7659574468085106,0.8674698795180723,0.9490740740740741
chb15,8,16,2,5,chb15_15.edf;chb15_52.edf;chb15_54.edf,777,450,99,63,5,370,12,0.9636266666666666,0.84,0.9866666666666667,0.9264705882352942,0.8811188811188811,0.9622222222222222
chb15,8,21,2,5,chb15_15.edf;chb15_52.edf;chb15_54.edf,777,450,41,66,3,372,9,0.9881244444444445,0.88,0.992,0.9565217391304348,0.9166666666666666,0.9733333333333334
chb15,8,16,3,5,chb15_10.edf;chb15_17.edf;chb15_40.edf,969,210,60,32,2,173,3,0.9962448979591836,0.9142857142857143,0.9885714285714285,0.9411764705882353,0.927536231884058,0.9761904761904762
chb15,8,21,3,5,chb15_10.edf;chb15_17.edf;chb15_40.edf,969,210,25,32,1,174,3,0.9931428571428571,0.9142857142857143,0.9942857142857143,0.9696969696969697,0.9411764705882353,0.9809523809523809
chb15,8,16,4,5,chb15_20.edf;chb15_28.edf;chb15_46.edf,936,252,63,39,1,209,3,0.9892290249433107,0.9285714285714286,0.9952380952380953,0.975,0.9512195121951219,0.9841269841269841
chb15,8,21,4,5,chb15_20.edf;chb15_28.edf;chb15_46.edf,936,252,25,38,0,210,4,0.9992063492063492,0.9047619047619048,1.0,1.0,0.95,0.9841269841269841
chb16,8,16,0,4,chb16_10.edf,24,6,98,0,0,5,1,0.6,0.0,1.0,,0.0,0.8333333333333334
chb16,8,21,0,4,chb16_10.edf,24,6,81,0,0,5,1,1.0,0.0,1.0,,0.0,0.8333333333333334
chb16,8,16,1,4,chb16_11.edf,24,6,0,0,0,5,1,0.4,0.0,1.0,,0.0,0.8333333333333334
chb16,8,21,1,4,chb16_11.edf,24,6,58,1,1,4,0,1.0,1.0,0.8,0.5,0.6666666666666666,0.8333333333333334
chb16,8,16,2,4,chb16_14.edf,24,6,99,0,2,3,1,0.0,0.0,0.6,0.0,0.0,0.5
chb16,8,21,2,4,chb16_14.edf,24,6,99,1,5,0,0,0.19999999999999996,1.0,0.0,0.16666666666666666,0.2857142857142857,0.16666666666666666
chb16,8,16,3,4,chb16_17.edf,14,18,96,0,0,15,3,0.7333333333333334,0.0,1.0,,0.0,0.8333333333333334
chb16,8,21,3,4,chb16_17.edf,14,18,4,0,0,15,3,0.0,0.0,1.0,,0.0,0.8333333333333334
chb17,8,16,0,3,chb17a_03.edf,120,66,77,10,5,50,1,0.9735537190082644,0.9090909090909091,0.9090909090909091,0.6666666666666666,0.7692307692307693,0.9090909090909091
chb17,8,21,0,3,chb17a_03.edf,120,66,42,9,3,52,2,0.9834710743801653,0.8181818181818182,0.9454545454545454,0.75,0.782608695652174,0.9242424242424242
chb17,8,16,1,3,chb17a_04.edf,105,84,94,14,7,63,0,0.9908163265306122,1.0,0.9,0.6666666666666666,0.8,0.9166666666666666
chb17,8,21,1,3,chb17a_04.edf,105,84,46,13,0,70,1,0.9948979591836735,0.9285714285714286,1.0,1.0,0.9629629629629629,0.9880952380952381
chb17,8,16,2,3,chb17b_63.edf,120,66,97,7,0,55,4,0.9438016528925619,0.6363636363636364,1.0,1.0,0.7777777777777778,0.9393939393939394
chb17,8,21,2,3,chb17b_63.edf,120,66,99,10,2,53,1,0.9752066115702479,0.9090909090909091,0.9636363636363636,0.8333333333333334,0.8695652173913043,0.9545454545454546
chb18,8,16,0,5,chb18_30.edf,158,18,51,1,0,15,2,0.7333333333333334,0.3333333333333333,1.0,1.0,0.5,0.8888888888888888
chb18,8,21,0,5,chb18_30.edf,158,18,26,1,0,15,2,0.8666666666666667,0.3333333333333333,1.0,1.0,0.5,0.8888888888888888
chb18,8,16,1,5,chb18_36.edf,148,30,69,5,12,13,0,1.0,1.0,0.52,0.29411764705882354,0.45454545454545453,0.6
chb18,8,21,1,5,chb18_36.edf,148,30,34,5,1,24,0,1.0,1.0,0.96,0.8333333333333334,0.9090909090909091,0.9666666666666667
chb18,8,16,2,5,chb18_32.edf,144,36,58,6,2,28,0,1.0,1.0,0.9333333333333333,0.75,0.8571428571428571,0.9444444444444444
chb18,8,21,2,5,chb18_32.edf,144,36,33,6,0,30,0,1.0,1.0,1.0,1.0,1.0,1.0
chb18,8,16,3,5,chb18_35.edf,134,48,75,5,0,40,3,0.9937499999999999,0.625,1.0,1.0,0.7692307692307693,0.9375
chb18,8,21,3,5,chb18_35.edf,134,48,70,6,0,40,2,0.9937499999999999,0.75,1.0,1.0,0.8571428571428571,0.9583333333333334
chb18,8,16,4,5,chb18_29.edf;chb18_31.edf,105,84,40,14,5,65,0,1.0,1.0,0.9285714285714286,0.7368421052631579,0.8484848484848485,0.9404761904761905
chb18,8,21,4,5,chb18_29.edf;chb18_31.edf,105,84,95,13,1,69,1,0.9989795918367348,0.9285714285714286,0.9857142857142858,0.9285714285714286,0.9285714285714286,0.9761904761904762
chb19,8,16,0,3,chb19_28.edf,91,54,39,8,0,45,1,1.0,0.8888888888888888,1.0,1.0,0.9411764705882353,0.9814814814814815
chb19,8,21,0,3,chb19_28.edf,91,54,83,6,2,43,3,0.945679012345679,0.6666666666666666,0.9555555555555556,0.75,0.7058823529411765,0.9074074074074074
chb19,8,16,1,3,chb19_29.edf,91,54,36,9,5,40,0,0.9728395061728395,1.0,0.8888888888888888,0.6428571428571429,0.782608695652174,0.9074074074074074
chb19,8,21,1,3,chb19_29.edf,91,54,21,8,4,41,1,0.9629629629629629,0.8888888888888888,0.9111111111111111,0.6666666666666666,0.7619047619047619,0.9074074074074074
chb19,8,16,2,3,chb19_30.edf,86,60,39,5,1,49,5,0.978,0.5,0.98,0.8333333333333334,0.625,0.9
chb19,8,21,2,3,chb19_30.edf,86,60,26,6,2,48,4,0.9680000000000001,0.6,0.96,0.75,0.6666666666666666,0.9
chb20,8,16,0,5,chb20_15.edf,105,60,84,7,0,50,3,1.0,0.7,1.0,1.0,0.8235294117647058,0.95
chb20,8,21,0,5,chb20_15.edf,105,60,26,8,0,50,2,0.996,0.8,1.0,1.0,0.8888888888888888,0.9666666666666667
chb20,8,16,1,5,chb20_14.edf,134,24,55,3,0,20,1,1.0,0.75,1.0,1.0,0.8571428571428571,0.9583333333333334
chb20,8,21,1,5,chb20_14.edf,134,24,64,4,0,20,0,1.0,1.0,1.0,1.0,1.0,1.0
chb20,8,16,2,5,chb20_12.edf;chb20_16.edf,120,42,57,7,5,30,0,0.926530612244898,1.0,0.8571428571428571,0.5833333333333334,0.7368421052631579,0.8809523809523809
chb20,8,21,2,5,chb20_12.edf;chb20_16.edf,120,42,47,7,5,30,0,0.9306122448979592,1.0,0.8571428571428571,0.5833333333333334,0.7368421052631579,0.8809523809523809
chb20,8,16,3,5,chb20_13.edf,120,42,49,7,0,35,0,1.0,1.0,1.0,1.0,1.0,1.0
chb20,8,21,3,5,chb20_13.edf,120,42,33,7,0,35,0,1.0,1.0,1.0,1.0,1.0,1.0
chb20,8,16,4,5,chb20_68.edf,134,24,99,3,1,19,1,0.9624999999999999,0.75,0.95,0.75,0.75,0.9166666666666666
chb20,8,21,4,5,chb20_68.edf,134,24,61,3,0,20,1,0.9874999999999999,0.75,1.0,1.0,0.8571428571428571,0.9583333333333334
chb21,8,16,0,4,chb21_19.edf,81,42,74,5,2,33,2,0.9836734693877551,0.7142857142857143,0.9428571428571428,0.7142857142857143,0.7142857142857143,0.9047619047619048
chb21,8,21,0,4,chb21_19.edf,81,42,68,7,0,35,0,1.0,1.0,1.0,1.0,1.0,1.0
chb21,8,16,1,4,chb21_20.edf,86,36,85,6,0,30,0,1.0,1.0,1.0,1.0,1.0,1.0
chb21,8,21,1,4,chb21_20.edf,86,36,55,6,0,30,0,1.0,1.0,1.0,1.0,1.0,1.0
chb21,8,16,2,4,chb21_21.edf,67,60,38,0,0,50,10,0.882,0.0,1.0,,0.0,0.8333333333333334
chb21,8,21,2,4,chb21_21.edf,67,60,96,10,4,46,0,0.988,1.0,0.92,0.7142857142857143,0.8333333333333334,0.9333333333333333
chb21,8,16,3,4,chb21_22.edf,110,6,98,1,0,5,0,1.0,1.0,1.0,1.0,1.0,1.0
chb21,8,21,3,4,chb21_22.edf,110,6,98,1,0,5,0,1.0,1.0,1.0,1.0,1.0,1.0
chb22,8,16,0,3,chb22_20.edf,86,42,98,7,0,35,0,1.0,1.0,1.0,1.0,1.0,1.0
chb22,8,21,0,3,chb22_20.edf,86,42,61,7,0,35,0,1.0,1.0,1.0,1.0,1.0,1.0
chb22,8,16,1,3,chb22_25.edf,76,54,99,9,1,44,0,1.0,1.0,0.9777777777777777,0.9,0.9473684210526315,0.9814814814814815
chb22,8,21,1,3,chb22_25.edf,76,54,99,9,1,44,0,1.0,1.0,0.9777777777777777,0.9,0.9473684210526315,0.9814814814814815
chb22,8,16,2,3,chb22_38.edf,76,54,99,7,1,44,2,0.9950617283950617,0.7777777777777778,0.9777777777777777,0.875,0.8235294117647058,0.9444444444444444
chb22,8,21,2,3,chb22_38.edf,76,54,86,8,0,45,1,1.0,0.8888888888888888,1.0,1.0,0.9411764705882353,0.9814814814814815
chb23,8,16,0,3,chb23_06.edf,168,84,99,14,2,68,0,0.9979591836734694,1.0,0.9714285714285714,0.875,0.9333333333333333,0.9761904761904762
chb23,8,21,0,3,chb23_06.edf,168,84,97,14,0,70,0,1.0,1.0,1.0,1.0,1.0,1.0
chb23,8,16,1,3,chb23_08.edf,201,42,98,6,0,35,1,1.0,0.8571428571428571,1.0,1.0,0.9230769230769231,0.9761904761904762
chb23,8,21,1,3,chb23_08.edf,201,42,54,7,0,35,0,1.0,1.0,1.0,1.0,1.0,1.0
chb23,8,16,2,3,chb23_09.edf,100,168,97,27,1,139,1,0.9971938775510205,0.9642857142857143,0.9928571428571429,0.9642857142857143,0.9642857142857143,0.9880952380952381
chb23,8,21,2,3,chb23_09.edf,100,168,99,26,1,139,2,0.9984693877551021,0.9285714285714286,0.9928571428571429,0.9629629629629629,0.9454545454545454,0.9821428571428571
chb24,8,16,0,5,chb24_07.edf;chb24_13.edf;chb24_21.edf,225,72,25,9,0,60,3,0.9972222222222222,0.75,1.0,1.0,0.8571428571428571,0.9583333333333334
chb24,8,21,0,5,chb24_07.edf;chb24_13.edf;chb24_21.edf,225,72,28,11,2,58,1,0.9958333333333333,0.9166666666666666,0.9666666666666667,0.8461538461538461,0.88,0.9583333333333334
chb24,8,16,1,5,chb24_01.edf;chb24_09.edf,244,48,27,7,0,40,1,0.9781249999999999,0.875,1.0,1.0,0.9333333333333333,0.9791666666666666
chb24,8,21,1,5,chb24_01.edf;chb24_09.edf,244,48,20,7,0,40,1,0.996875,0.875,1.0,1.0,0.9333333333333333,0.9791666666666666
chb24,8,16,2,5,chb24_03.edf;chb24_15.edf,244,48,72,8,0,40,0,1.0,1.0,1.0,1.0,1.0,1.0
chb24,8,21,2,5,chb24_03.edf;chb24_15.edf,244,48,19,8,0,40,0,1.0,1.0,1.0,1.0,1.0,1.0
chb24,8,16,3,5,chb24_04.edf;chb24_06.edf;chb24_14.edf,211,90,49,13,4,71,2,0.9395555555555555,0.8666666666666667,0.9466666666666667,0.7647058823529411,0.8125,0.9333333333333333
chb24,8,21,3,5,chb24_04.edf;chb24_06.edf;chb24_14.edf,211,90,56,13,5,70,2,0.9555555555555555,0.8666666666666667,0.9333333333333333,0.7222222222222222,0.7878787878787878,0.9222222222222223
chb24,8,16,4,5,chb24_11.edf;chb24_17.edf,206,96,79,8,0,80,8,0.8031250000000001,0.5,1.0,1.0,0.6666666666666666,0.9166666666666666
chb24,8,21,4,5,chb24_11.edf;chb24_17.edf,206,96,40,9,1,79,7,0.8078124999999999,0.5625,0.9875,0.9,0.6923076923076923,0.9166666666666666
chb01,10,16,0,5,chb01_21.edf,163,54,99,9,1,44,0,1.0,1.0,0.9777777777777777,0.9,0.9473684210526315,0.9814814814814815
chb01,10,21,0,5,chb01_21.edf,163,54,60,9,0,45,0,1.0,1.0,1.0,1.0,1.0,1.0
chb01,10,16,1,5,chb01_26.edf,158,60,99,10,1,49,0,0.998,1.0,0.98,0.9090909090909091,0.9523809523809523,0.9833333333333333
chb01,10,21,1,5,chb01_26.edf,158,60,80,10,0,50,0,1.0,1.0,1.0,1.0,1.0,1.0
chb01,10,16,2,5,chb01_03.edf,187,24,94,4,0,20,0,1.0,1.0,1.0,1.0,1.0,1.0
chb01,10,21,2,5,chb01_03.edf,187,24,99,4,0,20,0,1.0,1.0,1.0,1.0,1.0,1.0
chb01,10,16,3,5,chb01_15.edf;chb01_16.edf,163,54,92,7,0,45,2,0.980246913580247,0.7777777777777778,1.0,1.0,0.875,0.9629629629629629
chb01,10,21,3,5,chb01_15.edf;chb01_16.edf,163,54,90,8,0,45,1,1.0,0.8888888888888888,1.0,1.0,0.9411764705882353,0.9814814814814815
chb01,10,16,4,5,chb01_04.edf;chb01_18.edf,153,66,99,11,0,55,0,1.0,1.0,1.0,1.0,1.0,1.0
chb01,10,21,4,5,chb01_04.edf;chb01_18.edf,153,66,99,11,0,55,0,1.0,1.0,1.0,1.0,1.0,1.0
chb02,10,16,0,2,chb02_16+.edf,38,48,2,0,0,40,8,0.253125,0.0,1.0,,0.0,0.8333333333333334
chb02,10,21,0,2,chb02_16+.edf,38,48,36,0,0,40,8,0.846875,0.0,1.0,,0.0,0.8333333333333334
chb02,10,16,1,2,chb02_16.edf,38,48,99,5,32,8,3,0.46875,0.625,0.2,0.13513513513513514,0.2222222222222222,0.2708333333333333
chb02,10,21,1,2,chb02_16.edf,38,48,99,8,29,11,0,0.709375,1.0,0.275,0.21621621621621623,0.35555555555555557,0.3958333333333333
chb03,10,16,0,5,chb03_02.edf,148,36,53,6,0,30,0,1.0,1.0,1.0,1.0,1.0,1.0
chb03,10,21,0,5,chb03_02.edf,148,36,73,6,1,29,0,1.0,1.0,0.9666666666666667,0.8571428571428571,0.9230769230769231,0.9722222222222222
chb03,10,16,1,5,chb03_03.edf,148,36,95,6,0,30,0,1.0,1.0,1.0,1.0,1.0,1.0
chb03,10,21,1,5,chb03_03.edf,148,36,42,6,0,30,0,1.0,1.0,1.0,1.0,1.0,1.0
chb03,10,16,2,5,chb03_01.edf;chb03_34.edf,134,54,98,9,3,42,0,0.9777777777777779,1.0,0.9333333333333333,0.75,0.8571428571428571,0.9444444444444444
chb03,10,21,2,5,chb03_01.edf;chb03_34.edf,134,54,99,9,4,41,0,0.9629629629629629,1.0,0.9111111111111111,0.6923076923076923,0.8181818181818182,0.9259259259259259
chb03,10,16,3,5,chb03_35.edf,148,36,71,4,0,30,2,0.9888888888888889,0.6666666666666666,1.0,1.0,0.8,0.9444444444444444
chb03,10,21,3,5,chb03_35.edf,148,36,28,4,3,27,2,0.8888888888888888,0.6666666666666666,0.9,0.5714285714285714,0.6153846153846154,0.8611111111111112
chb03,10,16,4,5,chb03_04.edf;chb03_36.edf,129,60,93,5,2,48,5,0.952,0.5,0.96,0.7142857142857143,0.5882352941176471,0.8833333333333333
chb03,10,21,4,5,chb03_04.edf;chb03_36.edf,129,60,88,10,2,48,0,0.998,1.0,0.96,0.8333333333333334,0.9090909090909091,0.9666666666666667
chb04,10,16,0,3,chb04_05.edf,153,24,98,4,15,5,0,0.7999999999999999,1.0,0.25,0.21052631578947367,0.34782608695652173,0.375
chb04,10,21,0,3,chb04_05.edf,153,24,99,4,14,6,0,0.9750000000000001,1.0,0.3,0.2222222222222222,0.36363636363636365,0.4166666666666667
chb04,10,16,1,3,chb04_08.edf,120,66,50,6,4,51,5,0.9355371900826446,0.5454545454545454,0.9272727272727272,0.6,0.5714285714285714,0.8636363636363636
chb04,10,21,1,3,chb04_08.edf,120,66,29,10,6,49,1,0.9239669421487604,0.9090909090909091,0.8909090909090909,0.625,0.7407407407407407,0.8939393939393939
chb04,10,16,2,3,chb04_28.edf,72,126,99,3,0,105,18,0.35873015873015873,0.14285714285714285,1.0,1.0,0.25,0.8571428571428571
chb04,10,21,2,3,chb04_28.edf,72,126,99,4,0,105,17,0.7578231292517006,0.19047619047619047,1.0,1.0,0.32,0.8650793650793651
chb05,10,16,0,5,chb05_06.edf,206,66,94,6,0,55,5,1.0,0.5454545454545454,1.0,1.0,0.7058823529411765,0.9242424242424242
chb05,10,21,0,5,chb05_06.edf,206,66,53,10,0,55,1,0.9983471074380165,0.9090909090909091,1.0,1.0,0.9523809523809523,0.9848484848484849
chb05,10,16,1,5,chb05_13.edf,206,66,85,11,0,55,0,1.0,1.0,1.0,1.0,1.0,1.0
chb05,10,21,1,5,chb05_13.edf,206,66,44,11,2,53,0,0.996694214876033,1.0,0.9636363636363636,0.8461538461538461,0.9166666666666666,0.9696969696969697
chb05,10,16,2,5,chb05_16.edf,216,54,95,8,0,45,1,1.0,0.8888888888888888,1.0,1.0,0.9411764705882353,0.9814814814814815
chb05,10,21,2,5,chb05_16.edf,216,54,96,7,0,45,2,0.9950617283950617,0.7777777777777778,1.0,1.0,0.875,0.9629629629629629
chb05,10,16,3,5,chb05_17.edf,201,72,46,11,1,59,1,0.9597222222222221,0.9166666666666666,0.9833333333333333,0.9166666666666666,0.9166666666666666,0.9722222222222222
chb05,10,21,3,5,chb05_17.edf,201,72,47,11,2,58,1,0.9638888888888888,0.9166666666666666,0.9666666666666667,0.8461538461538461,0.88,0.9583333333333334
chb05,10,16,4,5,chb05_22.edf,206,66,99,11,9,46,0,0.9768595041322313,1.0,0.8363636363636363,0.55,0.7096774193548387,0.8636363636363636
chb05,10,21,4,5,chb05_22.edf,206,66,69,11,4,51,0,0.9933884297520661,1.0,0.9272727272727272,0.7333333333333333,0.8461538461538461,0.9393939393939394
chb06,10,16,0,5,chb06_09.edf,52,6,9,0,0,5,1,1.0,0.0,1.0,,0.0,0.8333333333333334
chb06,10,21,0,5,chb06_09.edf,52,6,42,1,0,5,0,1.0,1.0,1.0,1.0,1.0,1.0
chb06,10,16,1,5,chb06_13.edf,52,6,65,1,0,5,0,1.0,1.0,1.0,1.0,1.0,1.0
chb06,10,21,1,5,chb06_13.edf,52,6,51,1,0,5,0,1.0,1.0,1.0,1.0,1.0,1.0
chb06,10,16,2,5,chb06_01.edf;chb06_18.edf,38,24,1,0,0,20,4,0.175,0.0,1.0,,0.0,0.8333333333333334
chb06,10,21,2,5,chb06_01.edf;chb06_18.edf,38,24,49,4,0,20,0,1.0,1.0,1.0,1.0,1.0,1.0
chb06,10,16,3,5,chb06_04.edf;chb06_24.edf,33,30,0,0,0,25,5,0.872,0.0,1.0,,0.0,0.8333333333333334
chb06,10,21,3,5,chb06_04.edf;chb06_24.edf,33,30,99,2,11,14,3,0.5680000000000001,0.4,0.56,0.15384615384615385,0.2222222222222222,0.5333333333333333
chb06,10,16,4,5,chb06_10.edf,52,6,59,0,0,5,1,1.0,0.0,1.0,,0.0,0.8333333333333334
chb06,10,21,4,5,chb06_10.edf,52,6,46,1,0,5,0,1.0,1.0,1.0,1.0,1.0,1.0
chb07,10,16,0,3,chb07_12.edf,110,48,52,6,6,34,2,0.89375,0.75,0.85,0.5,0.6,0.8333333333333334
chb07,10,21,0,3,chb07_12.edf,110,48,33,7,2,38,1,0.984375,0.875,0.95,0.7777777777777778,0.8235294117647058,0.9375
chb07,10,16,1,3,chb07_13.edf,105,54,53,7,1,44,2,0.9876543209876544,0.7777777777777778,0.9777777777777777,0.875,0.8235294117647058,0.9444444444444444
chb07,10,21,1,3,chb07_13.edf,105,54,99,6,1,44,3,0.9925925925925926,0.6666666666666666,0.9777777777777777,0.8571428571428571,0.75,0.9259259259259259
chb07,10,16,2,3,chb07_19.edf,81,84,92,9,0,70,5,0.9938775510204082,0.6428571428571429,1.0,1.0,0.782608695652174,0.9404761904761905
chb07,10,21,2,3,chb07_19.edf,81,84,50,5,0,70,9,0.9887755102040816,0.35714285714285715,1.0,1.0,0.5263157894736842,0.8928571428571429
chb08,10,16,0,5,chb08_02.edf,355,102,34,16,8,77,1,0.9764705882352942,0.9411764705882353,0.9058823529411765,0.6666666666666666,0.7804878048780488,0.9117647058823529
chb08,10,21,0,5,chb08_02.edf,355,102,18,17,5,80,0,0.9896193771626298,1.0,0.9411764705882353,0.7727272727272727,0.8717948717948718,0.9509803921568627
chb08,10,16,1,5,chb08_05.edf,345,114,94,13,8,87,6,0.9191135734072021,0.6842105263157895,0.9157894736842105,0.6190476190476191,0.65,0.8771929824561403
chb08,10,21,1,5,chb08_05.edf,345,114,47,11,4,91,8,0.9390581717451523,0.5789473684210527,0.9578947368421052,0.7333333333333333,0.6470588235294118,0.8947368421052632
chb08,10,16,2,5,chb08_11.edf,374,78,57,12,0,65,1,0.9964497041420117,0.9230769230769231,1.0,1.0,0.96,0.9871794871794872
chb08,10,21,2,5,chb08_11.edf,374,78,24,12,0,65,1,0.9928994082840237,0.9230769230769231,1.0,1.0,0.96,0.9871794871794872
chb08,10,16,3,5,chb08_13.edf,360,96,94,16,1,79,0,0.99765625,1.0,0.9875,0.9411764705882353,0.9696969696969697,0.9895833333333334
chb08,10,21,3,5,chb08_13.edf,360,96,24,16,4,76,0,0.9953125,1.0,0.95,0.8,0.8888888888888888,0.9583333333333334
chb08,10,16,4,5,chb08_21.edf,312,156,71,25,22,108,1,0.9594674556213018,0.9615384615384616,0.8307692307692308,0.5319148936170213,0.684931506849315,0.8525641025641025
chb08,10,21,4,5,chb08_21.edf,312,156,41,23,7,123,3,0.9789940828402366,0.8846153846153846,0.9461538461538461,0.7666666666666667,0.8214285714285714,0.9358974358974359
chb09,10,16,0,3,chb09_06.edf,96,36,72,5,2,28,1,0.8055555555555557,0.8333333333333334,0.9333333333333333,0.7142857142857143,0.7692307692307693,0.9166666666666666
chb09,10,21,0,3,chb09_06.edf,96,36,72,6,2,28,0,0.9888888888888889,1.0,0.9333333333333333,0.75,0.8571428571428571,0.9444444444444444
chb09,10,16,1,3,chb09_08.edf,57,84,10,0,0,70,14,0.9163265306122448,0.0,1.0,,0.0,0.8333333333333334
chb09,10,21,1,3,chb09_08.edf,57,84,44,10,4,66,4,0.960204081632653,0.7142857142857143,0.9428571428571428,0.7142857142857143,0.7142857142857143,0.9047619047619048
chb09,10,16,2,3,chb09_19.edf,96,36,96,3,3,27,3,0.8833333333333334,0.5,0.9,0.5,0.5,0.8333333333333334
chb09,10,21,2,3,chb09_19.edf,96,36,99,3,3,27,3,0.8777777777777778,0.5,0.9,0.5,0.5,0.8333333333333334
chb10,10,16,0,5,chb10_27.edf,168,36,73,5,1,29,1,0.9944444444444445,0.8333333333333334,0.9666666666666667,0.8333333333333334,0.8333333333333334,0.9444444444444444
chb10,10,21,0,5,chb10_27.edf,168,36,66,6,0,30,0,1.0,1.0,1.0,1.0,1.0,1.0
chb10,10,16,1,5,chb10_89.edf,172,30,97,5,1,24,0,0.976,1.0,0.96,0.8333333333333334,0.9090909090909091,0.9666666666666667
chb10,10,21,1,5,chb10_89.edf,172,30,90,5,0,25,0,1.0,1.0,1.0,1.0,1.0,1.0
chb10,10,16,2,5,chb10_38.edf,158,48,97,6,1,39,2,0.98125,0.75,0.975,0.8571428571428571,0.8,0.9375
chb10,10,21,2,5,chb10_38.edf,158,48,44,7,0,40,1,0.9875,0.875,1.0,1.0,0.9333333333333333,0.9791666666666666
chb10,10,16,3,5,chb10_20.edf;chb10_31.edf,129,84,99,14,22,48,0,0.9510204081632653,1.0,0.6857142857142857,0.3888888888888889,0.56,0.7380952380952381
chb10,10,21,3,5,chb10_20.edf;chb10_31.edf,129,84,99,14,14,56,0,0.986734693877551,1.0,0.8,0.5,0.6666666666666666,0.8333333333333334
chb10,10,16,4,5,chb10_12.edf;chb10_30.edf,158,48,72,7,1,39,1,0.990625,0.875,0.975,0.875,0.875,0.9583333333333334
chb10,10,21,4,5,chb10_12.edf;chb10_30.edf,158,48,99,8,0,40,0,1.0,1.0,1.0,1.0,1.0,1.0
chb11,10,16,0,3,chb11_82.edf,242,12,43,2,0,10,0,1.0,1.0,1.0,1.0,1.0,1.0
chb11,10,21,0,3,chb11_82.edf,242,12,27,2,0,10,0,1.0,1.0,1.0,1.0,1.0,1.0
chb11,10,16,1,3,chb11_92.edf,237,18,99,3,0,15,0,1.0,1.0,1.0,1.0,1.0,1.0
chb11,10,21,1,3,chb11_92.edf,237,18,98,3,0,15,0,1.0,1.0,1.0,1.0,1.0,1.0
chb11,10,16,2,3,chb11_99.edf,24,285,99,62,38,172,13,0.920952380952381,0.8266666666666667,0.819047619047619,0.62,0.7085714285714285,0.8210526315789474
chb11,10,21,2,3,chb11_99.edf,24,285,99,53,24,186,22,0.9074920634920635,0.7066666666666667,0.8857142857142857,0.6883116883116883,0.6973684210526315,0.8385964912280702
chb12,10,16,0,5,chb12_42.edf,364,78,79,12,6,59,1,0.9609467455621301,0.9230769230769231,0.9076923076923077,0.6666666666666666,0.7741935483870968,0.9102564102564102
chb12,10,21,0,5,chb12_42.edf,364,78,26,11,9,56,2,0.9384615384615385,0.8461538461538461,0.8615384615384616,0.55,0.6666666666666666,0.8589743589743589
chb12,10,16,1,5,chb12_08.edf,393,42,90,7,3,32,0,0.9877551020408163,1.0,0.9142857142857143,0.7,0.8235294117647058,0.9285714285714286
chb12,10,21,1,5,chb12_08.edf,393,42,25,5,1,34,2,0.9102040816326531,0.7142857142857143,0.9714285714285714,0.8333333333333334,0.7692307692307693,0.9285714285714286
chb12,10,16,2,5,chb12_10.edf;chb12_23.edf,292,168,94,22,46,94,6,0.8163265306122449,0.7857142857142857,0.6714285714285714,0.3235294117647059,0.4583333333333333,0.6904761904761905
chb12,10,21,2,5,chb12_10.edf;chb12_23.edf,292,168,44,20,17,123,8,0.8936224489795919,0.7142857142857143,0.8785714285714286,0.5405405405405406,0.6153846153846154,0.8511904761904762
chb12,10,16,3,5,chb12_06.edf;chb12_33.edf;chb12_38.edf,283,180,95,27,7,143,3,0.9875555555555555,0.9,0.9533333333333334,0.7941176470588235,0.84375,0.9444444444444444
chb12,10,21,3,5,chb12_06.edf;chb12_33.edf;chb12_38.edf,283,180,31,22,11,139,8,0.9191111111111111,0.7333333333333333,0.9266666666666666,0.6666666666666666,0.6984126984126984,0.8944444444444445
chb12,10,16,4,5,chb12_09.edf;chb12_11.edf;chb12_36.edf,374,66,99,9,0,55,2,0.9669421487603306,0.8181818181818182,1.0,1.0,0.9,0.9696969696969697
chb12,10,21,4,5,chb12_09.edf;chb12_11.edf;chb12_36.edf,374,66,51,8,0,55,3,0.9305785123966942,0.7272727272727273,1.0,1.0,0.8421052631578947,0.9545454545454546
chb13,10,16,0,5,chb13_19.edf,172,24,94,4,0,20,0,1.0,1.0,1.0,1.0,1.0,1.0
chb13,10,21,0,5,chb13_19.edf,172,24,25,4,0,20,0,1.0,1.0,1.0,1.0,1.0,1.0
chb13,10,16,1,5,chb13_55.edf,177,18,53,1,2,13,2,0.8,0.3333333333333333,0.8666666666666667,0.3333333333333333,0.3333333333333333,0.7777777777777778
chb13,10,21,1,5,chb13_55.edf,177,18,25,2,2,13,1,0.9111111111111111,0.6666666666666666,0.8666666666666667,0.5,0.5714285714285714,0.8333333333333334
chb13,10,16,2,5,chb13_62.edf,110,102,58,10,3,82,7,0.8352941176470587,0.5882352941176471,0.9647058823529412,0.7692307692307693,0.6666666666666666,0.9019607843137255
chb13,10,21,2,5,chb13_62.edf,110,102,97,10,2,83,7,0.7667820069204152,0.5882352941176471,0.9764705882352941,0.8333333333333334,0.6896551724137931,0.9117647058823529
chb13,10,16,3,5,chb13_58.edf;chb13_59.edf,158,42,65,6,2,33,1,0.9918367346938776,0.8571428571428571,0.9428571428571428,0.75,0.8,0.9285714285714286
chb13,10,21,3,5,chb13_58.edf;chb13_59.edf,158,42,30,6,2,33,1,0.9877551020408163,0.8571428571428571,0.9428571428571428,0.75,0.8,0.9285714285714286
chb13,10,16,4,5,chb13_21.edf;chb13_60.edf,148,54,48,5,0,45,4,0.9901234567901235,0.5555555555555556,1.0,1.0,0.7142857142857143,0.9259259259259259
chb13,10,21,4,5,chb13_21.edf;chb13_60.edf,148,54,21,7,0,45,2,0.9950617283950618,0.7777777777777778,1.0,1.0,0.875,0.9629629629629629
chb14,10,16,0,5,chb14_06.edf,67,6,97,1,1,4,0,0.8,1.0,0.8,0.5,0.6666666666666666,0.8333333333333334
chb14,10,21,0,5,chb14_06.edf,67,6,99,1,1,4,0,0.8,1.0,0.8,0.5,0.6666666666666666,0.8333333333333334
chb14,10,16,1,5,chb14_11.edf,52,24,72,3,0,20,1,1.0,0.75,1.0,1.0,0.8571428571428571,0.9583333333333334
chb14,10,21,1,5,chb14_11.edf,52,24,78,2,0,20,2,1.0,0.5,1.0,1.0,0.6666666666666666,0.9166666666666666
chb14,10,16,2,5,chb14_17.edf;chb14_18.edf,52,24,99,3,0,20,1,0.9874999999999999,0.75,1.0,1.0,0.8571428571428571,0.9583333333333334
chb14,10,21,2,5,chb14_17.edf;chb14_18.edf,52,24,33,4,0,20,0,1.0,1.0,1.0,1.0,1.0,1.0
chb14,10,16,3,5,chb14_27.edf,67,6,86,1,0,5,0,1.0,1.0,1.0,1.0,1.0,1.0
chb14,10,21,3,5,chb14_27.edf,67,6,53,1,0,5,0,1.0,1.0,1.0,1.0,1.0,1.0
chb14,10,16,4,5,chb14_03.edf;chb14_04.edf,48,30,69,5,0,25,0,1.0,1.0,1.0,1.0,1.0,1.0
chb14,10,21,4,5,chb14_03.edf;chb14_04.edf,48,30,63,5,0,25,0,1.0,1.0,1.0,1.0,1.0,1.0
chb15,10,16,0,5,chb15_62.edf,873,60,78,10,2,48,0,1.0,1.0,0.96,0.8333333333333334,0.9090909090909091,0.9666666666666667
chb15,10,21,0,5,chb15_62.edf,873,60,36,10,0,50,0,1.0,1.0,1.0,1.0,1.0,1.0
chb15,10,16,1,5,chb15_06.edf;chb15_22.edf;chb15_31.edf;chb15_49.edf,643,348,52,57,4,286,1,0.9966111771700357,0.9827586206896551,0.9862068965517241,0.9344262295081968,0.957983193277311,0.985632183908046
chb15,10,21,1,5,chb15_06.edf;chb15_22.edf;chb15_31.edf;chb15_49.edf,643,348,97,56,4,286,2,0.9955410225921522,0.9655172413793104,0.9862068965517241,0.9333333333333333,0.9491525423728814,0.9827586206896551
chb15,10,16,2,5,chb15_15.edf;chb15_52.edf;chb15_54.edf,628,366,43,49,1,304,12,0.9846815372211771,0.8032786885245902,0.9967213114754099,0.98,0.8828828828828829,0.9644808743169399
chb15,10,21,2,5,chb15_15.edf;chb15_52.edf;chb15_54.edf,628,366,18,52,2,303,9,0.9889277076054823,0.8524590163934426,0.9934426229508196,0.9629629629629629,0.9043478260869565,0.9699453551912568
chb15,10,16,3,5,chb15_10.edf;chb15_17.edf;chb15_40.edf,782,174,96,27,0,145,2,0.9980975029726517,0.9310344827586207,1.0,1.0,0.9642857142857143,0.9885057471264368
chb15,10,21,3,5,chb15_10.edf;chb15_17.edf;chb15_40.edf,782,174,28,27,0,145,2,0.9976218787158145,0.9310344827586207,1.0,1.0,0.9642857142857143,0.9885057471264368
chb15,10,16,4,5,chb15_20.edf;chb15_28.edf;chb15_46.edf,758,204,97,32,3,167,2,0.9889273356401385,0.9411764705882353,0.9823529411764705,0.9142857142857143,0.927536231884058,0.9754901960784313
chb15,10,21,4,5,chb15_20.edf;chb15_28.edf;chb15_46.edf,758,204,56,31,1,169,3,0.9972318339100346,0.9117647058823529,0.9941176470588236,0.96875,0.9393939393939394,0.9803921568627451
chb17,10,16,0,3,chb17a_03.edf,91,54,92,7,0,45,2,0.9950617283950618,0.7777777777777778,1.0,1.0,0.875,0.9629629629629629
chb17,10,21,0,3,chb17a_03.edf,91,54,53,7,1,44,2,0.980246913580247,0.7777777777777778,0.9777777777777777,0.875,0.8235294117647058,0.9444444444444444
chb17,10,16,1,3,chb17a_04.edf,81,66,98,10,0,55,1,0.996694214876033,0.9090909090909091,1.0,1.0,0.9523809523809523,0.9848484848484849
chb17,10,21,1,3,chb17a_04.edf,81,66,99,11,0,55,0,1.0,1.0,1.0,1.0,1.0,1.0
chb17,10,16,2,3,chb17b_63.edf,96,48,99,5,0,40,3,0.996875,0.625,1.0,1.0,0.7692307692307693,0.9375
chb17,10,21,2,3,chb17b_63.edf,96,48,99,6,2,38,2,0.95625,0.75,0.95,0.75,0.75,0.9166666666666666
chb18,10,16,0,5,chb18_30.edf,124,18,76,1,0,15,2,0.8222222222222222,0.3333333333333333,1.0,1.0,0.5,0.8888888888888888
chb18,10,21,0,5,chb18_30.edf,124,18,96,1,0,15,2,0.8222222222222222,0.3333333333333333,1.0,1.0,0.5,0.8888888888888888
chb18,10,16,1,5,chb18_36.edf,120,24,92,4,2,18,0,1.0,1.0,0.9,0.6666666666666666,0.8,0.9166666666666666
chb18,10,21,1,5,chb18_36.edf,120,24,53,4,3,17,0,1.0,1.0,0.85,0.5714285714285714,0.7272727272727273,0.875
chb18,10,16,2,5,chb18_32.edf,115,30,98,5,1,24,0,1.0,1.0,0.96,0.8333333333333334,0.9090909090909091,0.9666666666666667
chb18,10,21,2,5,chb18_32.edf,115,30,93,5,1,24,0,0.992,1.0,0.96,0.8333333333333334,0.9090909090909091,0.9666666666666667
chb18,10,16,3,5,chb18_35.edf,110,36,99,5,0,30,1,0.9944444444444445,0.8333333333333334,1.0,1.0,0.9090909090909091,0.9722222222222222
chb18,10,21,3,5,chb18_35.edf,110,36,95,5,0,30,1,1.0,0.8333333333333334,1.0,1.0,0.9090909090909091,0.9722222222222222
chb18,10,16,4,5,chb18_29.edf;chb18_31.edf,86,66,66,11,1,54,0,1.0,1.0,0.9818181818181818,0.9166666666666666,0.9565217391304348,0.9848484848484849
chb18,10,21,4,5,chb18_29.edf;chb18_31.edf,86,66,55,11,1,54,0,1.0,1.0,0.9818181818181818,0.9166666666666666,0.9565217391304348,0.9848484848484849
chb19,10,16,0,3,chb19_28.edf,72,42,78,6,1,34,1,0.9755102040816327,0.8571428571428571,0.9714285714285714,0.8571428571428571,0.8571428571428571,0.9523809523809523
chb19,10,21,0,3,chb19_28.edf,72,42,92,5,1,34,2,0.9714285714285714,0.7142857142857143,0.9714285714285714,0.8333333333333334,0.7692307692307693,0.9285714285714286
chb19,10,16,1,3,chb19_29.edf,72,42,46,7,1,34,0,1.0,1.0,0.9714285714285714,0.875,0.9333333333333333,0.9761904761904762
chb19,10,21,1,3,chb19_29.edf,72,42,23,7,1,34,0,1.0,1.0,0.9714285714285714,0.875,0.9333333333333333,0.9761904761904762
chb19,10,16,2,3,chb19_30.edf,67,48,78,7,2,38,1,0.9656250000000001,0.875,0.95,0.7777777777777778,0.8235294117647058,0.9375
chb19,10,21,2,3,chb19_30.edf,67,48,73,6,2,38,2,0.953125,0.75,0.95,0.75,0.75,0.9166666666666666
chb20,10,16,0,5,chb20_15.edf,81,42,98,5,0,35,2,1.0,0.7142857142857143,1.0,1.0,0.8333333333333334,0.9523809523809523
chb20,10,21,0,5,chb20_15.edf,81,42,59,5,0,35,2,1.0,0.7142857142857143,1.0,1.0,0.8333333333333334,0.9523809523809523
chb20,10,16,1,5,chb20_14.edf,100,18,57,2,1,14,1,0.9555555555555556,0.6666666666666666,0.9333333333333333,0.6666666666666666,0.6666666666666666,0.8888888888888888
chb20,10,21,1,5,chb20_14.edf,100,18,61,3,0,15,0,1.0,1.0,1.0,1.0,1.0,1.0
chb20,10,16,2,5,chb20_12.edf;chb20_16.edf,91,30,47,5,1,24,0,0.984,1.0,0.96,0.8333333333333334,0.9090909090909091,0.9666666666666667
chb20,10,21,2,5,chb20_12.edf;chb20_16.edf,91,30,32,4,0,25,1,0.992,0.8,1.0,1.0,0.8888888888888888,0.9666666666666667
chb20,10,16,3,5,chb20_13.edf,86,36,99,6,1,29,0,1.0,1.0,0.9666666666666667,0.8571428571428571,0.9230769230769231,0.9722222222222222
chb20,10,21,3,5,chb20_13.edf,86,36,99,6,1,29,0,1.0,1.0,0.9666666666666667,0.8571428571428571,0.9230769230769231,0.9722222222222222
chb20,10,16,4,5,chb20_68.edf,100,18,96,3,2,13,0,0.888888888888889,1.0,0.8666666666666667,0.6,0.75,0.8888888888888888
chb20,10,21,4,5,chb20_68.edf,100,18,69,2,2,13,1,0.8666666666666667,0.6666666666666666,0.8666666666666667,0.5,0.5714285714285714,0.8333333333333334
chb21,10,16,0,4,chb21_19.edf,67,30,34,0,0,25,5,0.976,0.0,1.0,,0.0,0.8333333333333334
chb21,10,21,0,4,chb21_19.edf,67,30,99,4,0,25,1,1.0,0.8,1.0,1.0,0.8888888888888888,0.9666666666666667
chb21,10,16,1,4,chb21_20.edf,67,30,98,3,2,23,2,0.952,0.6,0.92,0.6,0.6,0.8666666666666667
chb21,10,21,1,4,chb21_20.edf,67,30,75,5,1,24,0,1.0,1.0,0.96,0.8333333333333334,0.9090909090909091,0.9666666666666667
chb21,10,16,2,4,chb21_21.edf,52,48,98,6,0,40,2,0.96875,0.75,1.0,1.0,0.8571428571428571,0.9583333333333334
chb21,10,21,2,4,chb21_21.edf,52,48,55,7,1,39,1,0.990625,0.875,0.975,0.875,0.875,0.9583333333333334
chb21,10,16,3,4,chb21_22.edf,86,6,98,1,0,5,0,1.0,1.0,1.0,1.0,1.0,1.0
chb21,10,21,3,4,chb21_22.edf,86,6,56,1,0,5,0,1.0,1.0,1.0,1.0,1.0,1.0
chb22,10,16,0,3,chb22_20.edf,67,30,99,5,0,25,0,1.0,1.0,1.0,1.0,1.0,1.0
chb22,10,21,0,3,chb22_20.edf,67,30,96,5,0,25,0,1.0,1.0,1.0,1.0,1.0,1.0
chb22,10,16,1,3,chb22_25.edf,57,42,99,7,2,33,0,0.9877551020408163,1.0,0.9428571428571428,0.7777777777777778,0.875,0.9523809523809523
chb22,10,21,1,3,chb22_25.edf,57,42,68,6,2,33,1,0.9836734693877551,0.8571428571428571,0.9428571428571428,0.75,0.8,0.9285714285714286
chb22,10,16,2,3,chb22_38.edf,57,42,99,5,0,35,2,0.9755102040816327,0.7142857142857143,1.0,1.0,0.8333333333333334,0.9523809523809523
chb22,10,21,2,3,chb22_38.edf,57,42,99,5,0,35,2,0.9877551020408163,0.7142857142857143,1.0,1.0,0.8333333333333334,0.9523809523809523
chb23,10,16,0,3,chb23_06.edf,139,66,72,11,0,55,0,1.0,1.0,1.0,1.0,1.0,1.0
chb23,10,21,0,3,chb23_06.edf,139,66,34,11,0,55,0,1.0,1.0,1.0,1.0,1.0,1.0
chb23,10,16,1,3,chb23_08.edf,163,36,62,4,0,30,2,0.9944444444444445,0.6666666666666666,1.0,1.0,0.8,0.9444444444444444
chb23,10,21,1,3,chb23_08.edf,163,36,89,6,0,30,0,1.0,1.0,1.0,1.0,1.0,1.0
chb23,10,16,2,3,chb23_09.edf,81,138,99,23,3,112,0,0.985633270321361,1.0,0.9739130434782609,0.8846153846153846,0.9387755102040817,0.9782608695652174
chb23,10,21,2,3,chb23_09.edf,81,138,99,23,3,112,0,0.9943289224952742,1.0,0.9739130434782609,0.8846153846153846,0.9387755102040817,0.9782608695652174
chb24,10,16,0,5,chb24_01.edf;chb24_13.edf;chb24_14.edf,168,42,35,7,0,35,0,1.0,1.0,1.0,1.0,1.0,1.0
chb24,10,21,0,5,chb24_01.edf;chb24_13.edf;chb24_14.edf,168,42,40,7,1,34,0,1.0,1.0,0.9714285714285714,0.875,0.9333333333333333,0.9761904761904762
chb24,10,16,1,5,chb24_03.edf;chb24_04.edf,153,60,80,9,7,43,1,0.976,0.9,0.86,0.5625,0.6923076923076923,0.8666666666666667
chb24,10,21,1,5,chb24_03.edf;chb24_04.edf,153,60,28,10,4,46,0,0.992,1.0,0.92,0.7142857142857143,0.8333333333333334,0.9333333333333333
chb24,10,16,2,5,chb24_06.edf;chb24_09.edf,187,18,56,3,0,15,0,1.0,1.0,1.0,1.0,1.0,1.0
chb24,10,21,2,5,chb24_06.edf;chb24_09.edf,187,18,48,3,0,15,0,1.0,1.0,1.0,1.0,1.0,1.0
chb24,10,16,3,5,chb24_07.edf;chb24_15.edf,187,18,84,3,1,14,0,1.0,1.0,0.9333333333333333,0.75,0.8571428571428571,0.9444444444444444
chb24,10,21,3,5,chb24_07.edf;chb24_15.edf,187,18,62,3,1,14,0,1.0,1.0,0.9333333333333333,0.75,0.8571428571428571,0.9444444444444444
chb24,10,16,4,5,chb24_11.edf;chb24_17.edf;chb24_21.edf,110,114,44,10,0,95,9,0.8836565096952909,0.5263157894736842,1.0,1.0,0.6896551724137931,0.9210526315789473
chb24,10,21,4,5,chb24_11.edf;chb24_17.edf;chb24_21.edf,110,114,31,6,0,95,13,0.8343490304709141,0.3157894736842105,1.0,1.0,0.48,0.8859649122807017
