patient,window_sec,tcn_layers,fold,test_recordings,n_train_win,n_val_win,n_test_seg,n_boundary_seg,best_epoch,TP,FP,TN,FN,bTP,bFP,bTN,bFN,shuf_TP,shuf_FP,shuf_TN,shuf_FN,shuf_bTP,shuf_bFP,shuf_bTN,shuf_bFN,auroc
chb01,3,0,0,chb01_15.edf;chb01_21.edf,1482,420,810,16,5,120,70,607,13,6,4,4,2,120,70,607,13,6,4,4,2,0.9714796592663342
chb01,3,1,0,chb01_15.edf;chb01_21.edf,1482,420,810,16,6,125,38,639,8,7,2,6,1,127,39,638,6,8,3,5,0,0.987039237680612
chb01,3,2,0,chb01_15.edf;chb01_21.edf,1482,420,810,16,5,124,32,645,9,7,2,6,1,125,28,649,8,8,2,6,0,0.9861840717006696
chb01,3,3,0,chb01_15.edf;chb01_21.edf,1482,420,810,16,4,125,28,649,8,8,2,6,0,125,29,648,8,8,2,6,0,0.9875612221099276
chb01,3,0,1,chb01_03.edf;chb01_18.edf,1614,318,810,16,8,117,22,658,13,7,2,6,1,117,22,658,13,7,2,6,1,0.9863009049773755
chb01,3,1,1,chb01_03.edf;chb01_18.edf,1614,318,810,16,4,119,13,667,11,7,4,4,1,119,11,669,11,7,4,4,1,0.9938461538461538
chb01,3,2,1,chb01_03.edf;chb01_18.edf,1614,318,810,16,2,121,13,667,9,7,3,5,1,121,14,666,9,7,4,4,1,0.9944117647058824
chb01,3,3,1,chb01_03.edf;chb01_18.edf,1614,318,810,16,6,126,10,670,4,7,4,4,1,127,11,669,3,7,4,4,1,0.9970927601809956
chb01,3,0,2,chb01_16.edf,1986,396,324,8,21,43,6,267,8,3,1,3,1,43,6,267,8,3,1,3,1,0.9818286288874524
chb01,3,1,2,chb01_16.edf,1986,396,324,8,29,30,3,270,21,0,1,3,4,33,3,270,18,1,1,3,3,0.9787402140343316
chb01,3,2,2,chb01_16.edf,1986,396,324,8,28,39,1,272,12,2,0,4,2,35,3,270,16,1,1,3,3,0.991955756661639
chb01,3,3,2,chb01_16.edf,1986,396,324,8,24,36,4,269,15,1,0,4,3,36,3,270,15,0,0,4,4,0.9860662213603392
chb01,3,0,3,chb01_04.edf,2202,324,162,8,4,24,8,127,3,3,3,1,1,24,8,127,3,3,3,1,1,0.9739368998628256
chb01,3,1,3,chb01_04.edf,2202,324,162,8,13,24,9,126,3,2,4,0,2,24,9,126,3,2,4,0,2,0.9824417009602194
chb01,3,2,3,chb01_04.edf,2202,324,162,8,9,24,9,126,3,2,4,0,2,24,10,125,3,2,4,0,2,0.9843621399176956
chb01,3,3,3,chb01_04.edf,2202,324,162,8,19,27,9,126,0,4,4,0,0,27,9,126,0,4,4,0,0,0.9821673525377228
chb01,3,0,4,chb01_26.edf,1614,468,630,8,35,92,22,507,9,2,2,2,2,92,22,507,9,2,2,2,2,0.9810028261805388
chb01,3,1,4,chb01_26.edf,1614,468,630,8,14,97,7,522,4,3,2,2,1,97,9,520,4,3,2,2,1,0.993711280390799
chb01,3,2,4,chb01_26.edf,1614,468,630,8,33,99,10,519,2,3,2,2,1,100,7,522,1,3,2,2,1,0.9966871923487244
chb01,3,3,4,chb01_26.edf,1614,468,630,8,29,97,7,522,4,2,2,2,2,96,9,520,5,2,2,2,2,0.9955080574219992
chb01,5,0,0,chb01_15.edf;chb01_21.edf,1518,420,840,16,4,117,38,669,16,6,3,5,2,117,38,669,16,6,3,5,2,0.9737214322936052
chb01,5,1,0,chb01_15.edf;chb01_21.edf,1518,420,840,16,5,125,16,691,8,6,1,7,2,122,15,692,11,5,3,5,3,0.996798928013102
chb01,5,2,0,chb01_15.edf;chb01_21.edf,1518,420,840,16,13,132,27,680,1,8,4,4,0,128,28,679,5,6,4,4,2,0.9979793897757122
chb01,5,3,0,chb01_15.edf;chb01_21.edf,1518,420,840,16,9,130,17,690,3,7,2,6,1,125,16,691,8,6,3,5,2,0.997596537312163
chb01,5,0,1,chb01_03.edf;chb01_18.edf,1662,330,810,16,2,116,30,650,14,7,2,6,1,116,30,650,14,7,2,6,1,0.9780429864253394
chb01,5,1,1,chb01_03.edf;chb01_18.edf,1662,330,810,16,6,126,18,662,4,8,5,3,0,128,15,665,2,8,4,4,0,0.9970814479638008
chb01,5,2,1,chb01_03.edf;chb01_18.edf,1662,330,810,16,2,127,11,669,3,8,4,4,0,129,11,669,1,8,4,4,0,0.9972285067873304
chb01,5,3,1,chb01_03.edf;chb01_18.edf,1662,330,810,16,7,130,13,667,0,8,4,4,0,130,13,667,0,8,4,4,0,0.9978733031674208
chb01,5,0,2,chb01_16.edf,2034,384,330,8,30,41,7,272,10,3,2,2,1,41,7,272,10,3,2,2,1,0.9813057839623304
chb01,5,1,2,chb01_16.edf,2034,384,330,8,29,35,1,278,16,2,0,4,2,40,3,276,11,3,1,3,1,0.9818680160236136
chb01,5,2,2,chb01_16.edf,2034,384,330,8,32,33,0,279,18,2,0,4,2,36,1,278,15,3,0,4,1,0.9743481622039496
chb01,5,3,2,chb01_16.edf,2034,384,330,8,35,34,2,277,17,2,0,4,2,35,2,277,16,3,0,4,1,0.9837655492304448
chb01,5,0,3,chb01_04.edf,2238,324,180,8,6,25,9,144,2,3,4,0,1,25,9,144,2,3,4,0,1,0.9789397240377632
chb01,5,1,3,chb01_04.edf,2238,324,180,8,7,25,7,146,2,2,3,1,2,26,8,145,1,3,4,0,1,0.981360445412733
chb01,5,2,3,chb01_04.edf,2238,324,180,8,5,25,7,146,2,2,3,1,2,26,8,145,1,3,4,0,1,0.9832970225127088
chb01,5,3,3,chb01_04.edf,2238,324,180,8,2,27,8,145,0,4,4,0,0,27,8,145,0,4,4,0,0,0.980150084725248
chb01,5,0,4,chb01_26.edf,1662,456,630,8,26,90,11,518,11,1,2,2,3,90,11,518,11,1,2,2,3,0.9898931291994983
chb01,5,1,4,chb01_26.edf,1662,456,630,8,7,94,8,521,7,2,2,2,2,93,5,524,8,2,2,2,2,0.9948716988901158
chb01,5,2,4,chb01_26.edf,1662,456,630,8,14,98,3,526,3,2,2,2,2,97,3,526,4,2,2,2,2,0.9973048344531996
chb01,5,3,4,chb01_26.edf,1662,456,630,8,25,98,3,526,3,2,2,2,2,98,2,527,3,2,2,2,2,0.9976791630013664
chb01,8,0,0,chb01_15.edf;chb01_21.edf,1572,420,912,16,5,122,46,733,11,6,4,4,2,122,46,733,11,6,4,4,2,0.9779068981825552
chb01,8,1,0,chb01_15.edf;chb01_21.edf,1572,420,912,16,4,124,25,754,9,7,5,3,1,127,20,759,6,5,4,4,3,0.9955697974075112
chb01,8,2,0,chb01_15.edf;chb01_21.edf,1572,420,912,16,7,124,7,772,9,5,2,6,3,123,10,769,10,5,4,4,3,0.9978572876350054
chb01,8,3,0,chb01_15.edf;chb01_21.edf,1572,420,912,16,10,129,13,766,4,7,4,4,1,130,11,768,3,7,4,4,1,0.9981661470750046
chb01,8,0,1,chb01_03.edf;chb01_18.edf,1728,348,864,16,3,119,39,695,11,7,2,6,1,119,39,695,11,7,2,6,1,0.981995388807378
chb01,8,1,1,chb01_03.edf;chb01_18.edf,1728,348,864,16,4,121,9,725,9,7,4,4,1,123,12,722,7,6,2,6,2,0.9975896038566338
chb01,8,2,1,chb01_03.edf;chb01_18.edf,1728,348,864,16,7,129,5,729,1,8,3,5,0,126,10,724,4,7,4,4,1,0.998438482498428
chb01,8,3,1,chb01_03.edf;chb01_18.edf,1728,348,864,16,2,127,6,728,3,7,3,5,1,125,9,725,5,6,4,4,2,0.9981136030182352
chb01,8,0,2,chb01_16.edf,2106,366,384,8,11,44,12,321,7,4,1,3,0,44,12,321,7,4,1,3,0,0.9695577930872048
chb01,8,1,2,chb01_16.edf,2106,366,384,8,27,36,1,332,15,2,0,4,2,40,5,328,11,2,0,4,2,0.982394158864747
chb01,8,2,2,chb01_16.edf,2106,366,384,8,21,34,0,333,17,1,0,4,3,34,5,328,17,1,0,4,3,0.978095742801625
chb01,8,3,2,chb01_16.edf,2106,366,384,8,13,30,0,333,21,1,0,4,3,31,0,333,20,1,0,4,3,0.9688512041453218
chb01,8,0,3,chb01_04.edf,2292,324,192,8,11,27,5,160,0,4,4,0,0,27,5,160,0,4,4,0,0,0.9961840628507296
chb01,8,1,3,chb01_04.edf,2292,324,192,8,7,25,4,161,2,2,4,0,2,27,5,160,0,4,4,0,0,0.9937149270482604
chb01,8,2,3,chb01_04.edf,2292,324,192,8,4,27,5,160,0,4,4,0,0,27,5,160,0,4,4,0,0,0.9968574635241302
chb01,8,3,3,chb01_04.edf,2292,324,192,8,6,27,5,160,0,4,4,0,0,27,5,160,0,4,4,0,0,0.9946127946127946
chb01,8,0,4,chb01_26.edf,1734,438,672,8,19,93,24,547,8,2,2,2,2,93,24,547,8,2,2,2,2,0.9878621837665378
chb01,8,1,4,chb01_26.edf,1734,438,672,8,13,98,8,563,3,2,1,3,2,97,6,565,4,0,2,2,4,0.9980406096651696
chb01,8,2,4,chb01_26.edf,1734,438,672,8,23,98,1,570,3,1,0,4,3,96,2,569,5,0,2,2,4,0.9987688786391774
chb01,8,3,4,chb01_26.edf,1734,438,672,8,18,99,1,570,2,2,0,4,2,99,1,570,2,2,1,3,2,0.9981273083525516
chb01,10,0,0,chb01_15.edf;chb01_21.edf,1608,420,900,16,4,122,65,702,11,6,4,4,2,122,65,702,11,6,4,4,2,0.9787277842585604
chb01,10,1,0,chb01_15.edf;chb01_21.edf,1608,420,900,16,5,126,14,753,7,7,2,6,1,124,17,750,9,5,3,5,3,0.9975590867651528
chb01,10,2,0,chb01_15.edf;chb01_21.edf,1608,420,900,16,16,130,11,756,3,8,3,5,0,126,13,754,7,5,4,4,3,0.9985099646116596
chb01,10,3,0,chb01_15.edf;chb01_21.edf,1608,420,900,16,9,130,5,762,3,7,2,6,1,128,6,761,5,5,4,4,3,0.9990981364754782
chb01,10,0,1,chb01_03.edf;chb01_18.edf,1764,360,840,16,5,113,14,696,17,7,2,6,1,113,14,696,17,7,2,6,1,0.98273022751896
chb01,10,1,1,chb01_03.edf;chb01_18.edf,1764,360,840,16,4,124,11,699,6,7,3,5,1,122,13,697,8,5,2,6,3,0.9973672806067172
chb01,10,2,1,chb01_03.edf;chb01_18.edf,1764,360,840,16,7,130,9,701,0,8,3,5,0,127,14,696,3,6,4,4,2,0.998450704225352
chb01,10,3,1,chb01_03.edf;chb01_18.edf,1764,360,840,16,4,126,6,704,4,7,2,6,1,124,6,704,6,5,3,5,3,0.9987432286023836
chb01,10,0,2,chb01_16.edf,2154,354,360,8,14,43,15,294,8,3,1,3,1,43,15,294,8,3,1,3,1,0.9725236372866298
chb01,10,1,2,chb01_16.edf,2154,354,360,8,21,36,6,303,15,2,0,4,2,36,3,306,15,2,0,4,2,0.9666857034075764
chb01,10,2,2,chb01_16.edf,2154,354,360,8,36,34,3,306,17,1,0,4,3,32,1,308,19,2,0,4,2,0.9510755758614124
chb01,10,3,2,chb01_16.edf,2154,354,360,8,46,36,2,307,15,1,0,4,3,37,0,309,14,2,0,4,2,0.983755314423504
chb01,10,0,3,chb01_04.edf,2328,324,240,8,3,24,17,196,3,2,4,0,2,24,17,196,3,2,4,0,2,0.974265345157364
chb01,10,1,3,chb01_04.edf,2328,324,240,8,3,25,8,205,2,2,4,0,2,26,7,206,1,3,2,2,1,0.9866110241697096
chb01,10,2,3,chb01_04.edf,2328,324,240,8,4,26,7,206,1,3,3,1,1,25,6,207,2,3,2,2,1,0.990262563032516
chb01,10,3,3,chb01_04.edf,2328,324,240,8,7,27,6,207,0,4,2,2,0,27,6,207,0,4,2,2,0,0.9933924534863502
chb01,10,0,4,chb01_26.edf,1782,426,660,8,15,84,18,541,17,1,2,2,3,84,18,541,17,1,2,2,3,0.984147788660798
chb01,10,1,4,chb01_26.edf,1782,426,660,8,9,96,7,552,5,3,0,4,1,95,11,548,6,2,2,2,2,0.9970598133158576
chb01,10,2,4,chb01_26.edf,1782,426,660,8,16,94,3,556,7,0,0,4,4,92,6,553,9,1,0,4,3,0.9978745638427886
chb01,10,3,4,chb01_26.edf,1782,426,660,8,25,97,0,559,4,2,0,4,2,95,2,557,6,2,1,3,2,0.9976088843231372
chb18,3,0,0,chb18_30.edf;chb18_31.edf,900,438,630,16,8,57,18,514,41,1,2,6,7,57,18,514,41,1,2,6,7,0.8841875095903023
chb18,3,1,0,chb18_30.edf;chb18_31.edf,900,438,630,16,7,59,8,524,39,2,1,7,6,59,10,522,39,2,1,7,6,0.9172356912689889
chb18,3,2,0,chb18_30.edf;chb18_31.edf,900,438,630,16,3,66,29,503,32,2,1,7,6,66,30,502,32,2,2,6,6,0.9131310418904404
chb18,3,3,0,chb18_30.edf;chb18_31.edf,900,438,630,16,11,61,9,523,37,2,1,7,6,61,9,523,37,2,1,7,6,0.9191153905171092
chb18,3,0,1,chb18_29.edf,1320,342,306,8,12,42,1,255,8,2,0,4,2,42,1,255,8,2,0,4,2,0.98703125
chb18,3,1,1,chb18_29.edf,1320,342,306,8,9,45,0,256,5,2,0,4,2,47,0,256,3,2,0,4,2,0.982109375
chb18,3,2,1,chb18_29.edf,1320,342,306,8,7,47,0,256,3,2,0,4,2,48,0,256,2,2,0,4,2,0.99515625
chb18,3,3,1,chb18_29.edf,1320,342,306,8,5,47,0,256,3,2,0,4,2,48,0,256,2,2,0,4,2,0.993984375
chb18,3,0,2,chb18_35.edf,1092,444,414,8,2,37,3,343,31,1,0,4,3,37,3,343,31,1,0,4,3,0.9512070724243455
chb18,3,1,2,chb18_35.edf,1092,444,414,8,2,22,1,345,46,1,0,4,3,23,1,345,45,1,0,4,3,0.9604301258075484
chb18,3,2,2,chb18_35.edf,1092,444,414,8,2,38,0,346,30,1,0,4,3,38,0,346,30,1,0,4,3,0.9835940156409384
chb18,3,3,2,chb18_35.edf,1092,444,414,8,1,35,3,343,33,1,0,4,3,36,4,342,32,1,0,4,3,0.9516746004760286
chb18,3,0,3,chb18_32.edf,1326,282,342,8,7,54,22,265,1,3,1,3,1,54,22,265,1,3,1,3,1,0.9930947101678808
chb18,3,1,3,chb18_32.edf,1326,282,342,8,12,55,4,283,0,4,0,4,0,55,6,281,0,4,1,3,0,0.9991764333227748
chb18,3,2,3,chb18_32.edf,1326,282,342,8,10,55,9,278,0,4,0,4,0,55,11,276,0,4,1,3,0,0.99854292049414
chb18,3,3,3,chb18_32.edf,1326,282,342,8,14,55,10,277,0,4,1,3,0,55,10,277,0,4,1,3,0,0.9987963256255938
chb18,3,0,4,chb18_36.edf,1326,336,288,8,7,45,88,154,1,4,4,0,0,45,88,154,1,4,4,0,0,0.9721523535752784
chb18,3,1,4,chb18_36.edf,1326,336,288,8,9,45,58,184,1,4,4,0,0,46,56,186,0,4,4,0,0,0.9766439094502336
chb18,3,2,4,chb18_36.edf,1326,336,288,8,6,46,62,180,0,4,4,0,0,46,63,179,0,4,4,0,0,0.9738591448077614
chb18,3,3,4,chb18_36.edf,1326,336,288,8,5,46,49,193,0,4,4,0,0,46,48,194,0,4,4,0,0,0.9793388429752066
chb18,5,0,0,chb18_30.edf;chb18_31.edf,924,438,630,16,9,64,13,519,34,2,2,6,6,64,13,519,34,2,2,6,6,0.8998005217124444
chb18,5,1,0,chb18_30.edf;chb18_31.edf,924,438,630,16,4,67,17,515,31,2,2,6,6,70,20,512,28,3,1,7,5,0.924409237379162
chb18,5,2,0,chb18_30.edf;chb18_31.edf,924,438,630,16,4,66,18,514,32,4,4,4,4,66,17,515,32,3,3,5,5,0.9310457265613012
chb18,5,3,0,chb18_30.edf;chb18_31.edf,924,438,630,16,10,64,13,519,34,3,2,6,5,66,11,521,32,3,1,7,5,0.9295304588000614
chb18,5,0,1,chb18_29.edf,1368,354,330,8,14,42,3,277,8,2,0,4,2,42,3,277,8,2,0,4,2,0.9805
chb18,5,1,1,chb18_29.edf,1368,354,330,8,13,48,3,277,2,2,0,4,2,45,5,275,5,1,1,3,3,0.9882857142857142
chb18,5,2,1,chb18_29.edf,1368,354,330,8,8,48,2,278,2,2,0,4,2,48,4,276,2,2,1,3,2,0.9925714285714284
chb18,5,3,1,chb18_29.edf,1368,354,330,8,19,47,2,278,3,1,0,4,3,47,3,277,3,1,0,4,3,0.9912142857142858
chb18,5,0,2,chb18_35.edf,1128,444,420,8,4,50,3,349,18,1,0,4,3,50,3,349,18,1,0,4,3,0.9755180481283424
chb18,5,1,2,chb18_35.edf,1128,444,420,8,2,27,0,352,41,1,0,4,3,27,0,352,41,1,0,4,3,0.9703375668449198
chb18,5,2,2,chb18_35.edf,1128,444,420,8,2,62,2,350,6,2,1,3,2,62,3,349,6,2,1,3,2,0.9955715240641712
chb18,5,3,2,chb18_35.edf,1128,444,420,8,2,40,0,352,28,1,0,4,3,39,0,352,29,1,0,4,3,0.9866727941176472
chb18,5,0,3,chb18_32.edf,1362,282,360,8,6,51,8,297,4,2,1,3,2,51,8,297,4,2,1,3,2,0.99177347242921
chb18,5,1,3,chb18_32.edf,1362,282,360,8,20,50,5,300,5,0,0,4,4,50,5,300,5,0,0,4,4,0.9936810730253354
chb18,5,2,3,chb18_32.edf,1362,282,360,8,12,50,5,300,5,0,0,4,4,50,6,299,5,0,0,4,4,0.9935022354694486
chb18,5,3,3,chb18_32.edf,1362,282,360,8,9,50,5,300,5,0,0,4,4,50,5,300,5,0,0,4,4,0.993084947839046
chb18,5,0,4,chb18_36.edf,1362,336,300,8,10,45,76,178,1,4,4,0,0,45,76,178,1,4,4,0,0,0.9575487846627868
chb18,5,1,4,chb18_36.edf,1362,336,300,8,17,46,62,192,0,4,4,0,0,46,68,186,0,4,4,0,0,0.983224922971585
chb18,5,2,4,chb18_36.edf,1362,336,300,8,13,46,50,204,0,4,4,0,0,46,48,206,0,4,4,0,0,0.9804861348853132
chb18,5,3,4,chb18_36.edf,1362,336,300,8,17,46,40,214,0,4,4,0,0,46,38,216,0,4,4,0,0,0.9805717220130092
chb18,8,0,0,chb18_30.edf;chb18_31.edf,960,438,720,16,7,59,20,602,39,2,2,6,6,59,20,602,39,2,2,6,6,0.8909869414003543
chb18,8,1,0,chb18_30.edf;chb18_31.edf,960,438,720,16,4,66,18,604,32,2,2,6,6,62,19,603,36,1,2,6,7,0.9184821838703328
chb18,8,2,0,chb18_30.edf;chb18_31.edf,960,438,720,16,2,61,12,610,37,1,0,8,7,62,9,613,36,1,0,8,7,0.9181212677997244
chb18,8,3,0,chb18_30.edf;chb18_31.edf,960,438,720,16,9,59,2,620,39,2,0,8,6,59,0,622,39,1,0,8,7,0.9230428505807468
chb18,8,0,1,chb18_29.edf,1428,372,336,8,23,42,4,282,8,2,0,4,2,42,4,282,8,2,0,4,2,0.9846853146853146
chb18,8,1,1,chb18_29.edf,1428,372,336,8,7,44,0,286,6,2,0,4,2,42,1,285,8,1,0,4,3,0.9889510489510488
chb18,8,2,1,chb18_29.edf,1428,372,336,8,15,47,0,286,3,2,0,4,2,45,2,284,5,1,0,4,3,0.9991608391608392
chb18,8,3,1,chb18_29.edf,1428,372,336,8,5,49,2,284,1,3,0,4,1,50,5,281,0,4,0,4,0,0.9996503496503496
chb18,8,0,2,chb18_35.edf,1182,444,432,8,4,49,2,362,19,1,0,4,3,49,2,362,19,1,0,4,3,0.9774563671622496
chb18,8,1,2,chb18_35.edf,1182,444,432,8,2,51,0,364,17,1,0,4,3,53,0,364,15,1,0,4,3,0.9805672268907564
chb18,8,2,2,chb18_35.edf,1182,444,432,8,1,33,0,364,35,1,0,4,3,30,0,364,38,1,0,4,3,0.985980930833872
chb18,8,3,2,chb18_35.edf,1182,444,432,8,1,29,0,364,39,1,0,4,3,30,1,363,38,1,0,4,3,0.968608597285068
chb18,8,0,3,chb18_32.edf,1416,282,384,8,7,49,5,324,6,0,1,3,4,49,5,324,6,0,1,3,4,0.9925393755180988
chb18,8,1,3,chb18_32.edf,1416,282,384,8,12,52,8,321,3,2,1,3,2,52,12,317,3,1,2,2,3,0.9951367781155016
chb18,8,2,3,chb18_32.edf,1416,282,384,8,42,51,8,321,4,1,1,3,3,52,8,321,3,1,1,3,3,0.9961315280464216
chb18,8,3,3,chb18_32.edf,1416,282,384,8,12,52,12,317,3,2,1,3,2,52,13,316,3,1,1,3,3,0.9967946946670352
chb18,8,0,4,chb18_36.edf,1416,336,336,8,6,45,96,194,1,4,4,0,0,45,96,194,1,4,4,0,0,0.973688155922039
chb18,8,1,4,chb18_36.edf,1416,336,336,8,8,46,45,245,0,4,4,0,0,46,53,237,0,4,4,0,0,0.9886056971514244
chb18,8,2,4,chb18_36.edf,1416,336,336,8,6,46,45,245,0,4,4,0,0,46,36,254,0,4,3,1,0,0.9925037481259372
chb18,8,3,4,chb18_36.edf,1416,336,336,8,15,46,17,273,0,4,2,2,0,45,15,275,1,3,2,2,1,0.99167916041979
chb18,10,0,0,chb18_30.edf;chb18_31.edf,984,438,720,16,4,56,12,610,42,2,2,6,6,56,12,610,42,2,2,6,6,0.904127567425684
chb18,10,1,0,chb18_30.edf;chb18_31.edf,984,438,720,16,6,67,11,611,31,2,2,6,6,67,7,615,31,3,2,6,5,0.9377583830960036
chb18,10,2,0,chb18_30.edf;chb18_31.edf,984,438,720,16,5,67,6,616,31,3,2,6,5,66,6,616,32,2,2,6,6,0.934624975392086
chb18,10,3,0,chb18_30.edf;chb18_31.edf,984,438,720,16,7,55,0,622,43,3,0,8,5,55,0,622,43,1,0,8,7,0.928292538880504
chb18,10,0,1,chb18_29.edf,1464,384,360,8,10,41,3,307,9,1,0,4,3,41,3,307,9,1,0,4,3,0.9841935483870968
chb18,10,1,1,chb18_29.edf,1464,384,360,8,7,47,1,309,3,2,0,4,2,46,1,309,4,1,1,3,3,0.9918709677419356
chb18,10,2,1,chb18_29.edf,1464,384,360,8,14,48,0,310,2,2,0,4,2,45,1,309,5,1,0,4,3,0.9972258064516129
chb18,10,3,1,chb18_29.edf,1464,384,360,8,8,45,0,310,5,0,0,4,4,46,1,309,4,1,0,4,3,0.9998064516129032
chb18,10,0,2,chb18_35.edf,1218,444,480,8,3,50,3,409,18,1,0,4,3,50,3,409,18,1,0,4,3,0.9703383780696744
chb18,10,1,2,chb18_35.edf,1218,444,480,8,2,49,2,410,19,1,0,4,3,49,3,409,19,1,0,4,3,0.9800828098229584
chb18,10,2,2,chb18_35.edf,1218,444,480,8,1,19,0,412,49,1,0,4,3,17,0,412,51,1,0,4,3,0.9879354654483152
chb18,10,3,2,chb18_35.edf,1218,444,480,8,1,16,0,412,52,0,0,4,4,17,0,412,51,1,0,4,3,0.9872929754426044
chb18,10,0,3,chb18_32.edf,1452,282,420,8,6,52,10,355,3,2,1,3,2,52,10,355,3,2,1,3,2,0.9907845579078456
chb18,10,1,3,chb18_32.edf,1452,282,420,8,9,50,8,357,5,0,0,4,4,51,6,359,4,1,0,4,3,0.9911830635118308
chb18,10,2,3,chb18_32.edf,1452,282,420,8,21,52,6,359,3,1,1,3,3,53,5,360,2,2,1,3,2,0.9981070983810708
chb18,10,3,3,chb18_32.edf,1452,282,420,8,14,52,11,354,3,1,1,3,3,53,7,358,2,2,1,3,2,0.9955666251556664
chb18,10,0,4,chb18_36.edf,1452,336,300,8,6,45,71,183,1,4,4,0,0,45,71,183,1,4,4,0,0,0.9732968161588498
chb18,10,1,4,chb18_36.edf,1452,336,300,8,9,46,45,209,0,4,4,0,0,46,43,211,0,4,4,0,0,0.9914412872304004
chb18,10,2,4,chb18_36.edf,1452,336,300,8,7,46,26,228,0,4,4,0,0,46,30,224,0,4,4,0,0,0.9953782951044162
chb18,10,3,4,chb18_36.edf,1452,336,300,8,17,46,17,237,0,4,4,0,0,46,19,235,0,4,4,0,0,0.998373844573776
chb06,3,0,0,chb06_09.edf;chb06_10.edf,738,96,180,16,16,18,7,145,10,5,1,7,3,18,7,145,10,5,1,7,3,0.9400845864661654
chb06,3,1,0,chb06_09.edf;chb06_10.edf,738,96,180,16,31,22,5,147,6,5,0,8,3,22,4,148,6,6,0,8,2,0.955592105263158
chb06,3,2,0,chb06_09.edf;chb06_10.edf,738,96,180,16,11,17,6,146,11,5,1,7,3,19,6,146,9,5,1,7,3,0.9262218045112782
chb06,3,3,0,chb06_09.edf;chb06_10.edf,738,96,180,16,35,21,6,146,7,5,1,7,3,22,6,146,6,5,1,7,3,0.9767387218045112
chb06,3,0,1,chb06_18.edf;chb06_24.edf,582,264,198,16,0,0,0,170,28,0,0,8,8,0,0,170,28,0,0,8,8,0.7054621848739495
chb06,3,1,1,chb06_18.edf;chb06_24.edf,582,264,198,16,1,0,0,170,28,0,0,8,8,0,0,170,28,0,0,8,8,0.7163865546218487
chb06,3,2,1,chb06_18.edf;chb06_24.edf,582,264,198,16,0,0,0,170,28,0,0,8,8,0,0,170,28,0,0,8,8,0.6214285714285714
chb06,3,3,1,chb06_18.edf;chb06_24.edf,582,264,198,16,1,0,0,170,28,0,0,8,8,0,0,170,28,0,0,8,8,0.6720588235294117
chb06,3,0,2,chb06_01.edf,612,114,306,24,23,37,5,257,7,7,2,10,5,37,5,257,7,7,2,10,5,0.9581020124913254
chb06,3,1,2,chb06_01.edf,612,114,306,24,6,30,6,256,14,5,2,10,7,28,4,258,16,5,2,10,7,0.9603573907009022
chb06,3,2,2,chb06_01.edf,612,114,306,24,8,34,17,245,10,6,5,7,6,34,18,244,10,6,4,8,6,0.9339868147120056
chb06,3,3,2,chb06_01.edf,612,114,306,24,15,40,9,253,4,9,4,8,3,40,8,254,4,9,4,8,3,0.975711311589174
chb06,3,0,3,chb06_04.edf,660,102,252,16,71,27,54,158,13,3,0,8,5,27,54,158,13,3,0,8,5,0.7720518867924528
chb06,3,1,3,chb06_04.edf,660,102,252,16,30,27,74,138,13,3,0,8,5,25,77,135,15,2,0,8,6,0.7629716981132075
chb06,3,2,3,chb06_04.edf,660,102,252,16,24,28,36,176,12,3,0,8,5,29,35,177,11,4,0,8,4,0.8594339622641509
chb06,3,3,3,chb06_04.edf,660,102,252,16,19,30,87,125,10,4,0,8,4,30,88,124,10,4,0,8,4,0.7504716981132076
chb06,3,0,4,chb06_13.edf,756,192,90,8,16,12,9,68,1,3,1,3,1,12,9,68,1,3,1,3,1,0.94005994005994
chb06,3,1,4,chb06_13.edf,756,192,90,8,11,12,4,73,1,3,1,3,1,12,3,74,1,3,0,4,1,0.948051948051948
chb06,3,2,4,chb06_13.edf,756,192,90,8,16,12,4,73,1,3,1,3,1,12,5,72,1,3,1,3,1,0.9550449550449552
chb06,3,3,4,chb06_13.edf,756,192,90,8,10,12,6,71,1,3,1,3,1,12,6,71,1,3,1,3,1,0.957042957042957
chb06,5,0,0,chb06_09.edf;chb06_10.edf,810,108,210,16,16,21,9,173,7,5,1,7,3,21,9,173,7,5,1,7,3,0.9372056514913658
chb06,5,1,0,chb06_09.edf;chb06_10.edf,810,108,210,16,22,24,4,178,4,6,0,8,2,23,3,179,5,5,0,8,3,0.9629120879120878
chb06,5,2,0,chb06_09.edf;chb06_10.edf,810,108,210,16,16,23,6,176,5,6,1,7,2,21,3,179,7,5,2,6,3,0.939756671899529
chb06,5,3,0,chb06_09.edf;chb06_10.edf,810,108,210,16,12,22,2,180,6,5,0,8,3,22,1,181,6,5,0,8,3,0.9689952904238618
chb06,5,0,1,chb06_18.edf;chb06_24.edf,654,288,240,16,2,0,0,212,28,0,0,8,8,0,0,212,28,0,0,8,8,0.7377021563342319
chb06,5,1,1,chb06_18.edf;chb06_24.edf,654,288,240,16,2,0,0,212,28,0,0,8,8,0,0,212,28,0,0,8,8,0.7931266846361187
chb06,5,2,1,chb06_18.edf;chb06_24.edf,654,288,240,16,1,0,0,212,28,0,0,8,8,0,0,212,28,0,0,8,8,0.7358490566037736
chb06,5,3,1,chb06_18.edf;chb06_24.edf,654,288,240,16,3,0,0,212,28,0,0,8,8,0,0,212,28,0,0,8,8,0.8130053908355794
chb06,5,0,2,chb06_01.edf,672,126,330,24,12,37,14,272,7,7,3,9,5,37,14,272,7,7,3,9,5,0.9576446280991736
chb06,5,1,2,chb06_01.edf,672,126,330,24,23,43,24,262,1,11,6,6,1,42,21,265,2,10,6,6,2,0.9896694214876032
chb06,5,2,2,chb06_01.edf,672,126,330,24,7,38,9,277,6,8,4,8,4,34,10,276,10,6,4,8,6,0.9746503496503496
chb06,5,3,2,chb06_01.edf,672,126,330,24,9,38,4,282,6,9,2,10,3,36,5,281,8,9,2,10,3,0.986888111888112
chb06,5,0,3,chb06_04.edf,732,102,300,16,28,27,60,200,13,3,0,8,5,27,60,200,13,3,0,8,5,0.7914423076923076
chb06,5,1,3,chb06_04.edf,732,102,300,16,31,28,107,153,12,3,0,8,5,25,107,153,15,1,0,8,7,0.7038461538461538
chb06,5,2,3,chb06_04.edf,732,102,300,16,22,29,46,214,11,3,0,8,5,24,40,220,16,1,0,8,7,0.8527884615384616
chb06,5,3,3,chb06_04.edf,732,102,300,16,14,29,108,152,11,3,1,7,5,24,107,153,16,2,0,8,6,0.7437499999999999
chb06,5,0,4,chb06_13.edf,840,216,90,8,13,12,5,72,1,3,1,3,1,12,5,72,1,3,1,3,1,0.966033966033966
chb06,5,1,4,chb06_13.edf,840,216,90,8,13,11,1,76,2,2,0,4,2,11,0,77,2,2,0,4,2,0.9890109890109888
chb06,5,2,4,chb06_13.edf,840,216,90,8,10,12,0,77,1,3,0,4,1,12,0,77,1,3,0,4,1,0.996003996003996
chb06,5,3,4,chb06_13.edf,840,216,90,8,10,12,1,76,1,3,0,4,1,12,0,77,1,3,0,4,1,0.993006993006993
chb06,8,0,0,chb06_09.edf;chb06_10.edf,918,126,240,16,9,23,13,199,5,6,1,7,2,23,13,199,5,6,1,7,2,0.9359838274932616
chb06,8,1,0,chb06_09.edf;chb06_10.edf,918,126,240,16,28,24,2,210,4,6,1,7,2,18,3,209,10,3,2,6,5,0.9691711590296496
chb06,8,2,0,chb06_09.edf;chb06_10.edf,918,126,240,16,20,21,2,210,7,6,1,7,2,15,6,206,13,3,2,6,5,0.9590633423180592
chb06,8,3,0,chb06_09.edf;chb06_10.edf,918,126,240,16,21,25,4,208,3,6,2,6,2,18,3,209,10,3,1,7,5,0.9863544474393532
chb06,8,0,1,chb06_18.edf;chb06_24.edf,762,324,288,16,0,0,0,260,28,0,0,8,8,0,0,260,28,0,0,8,8,0.704532967032967
chb06,8,1,1,chb06_18.edf;chb06_24.edf,762,324,288,16,0,0,0,260,28,0,0,8,8,0,0,260,28,0,0,8,8,0.7192994505494505
chb06,8,2,1,chb06_18.edf;chb06_24.edf,762,324,288,16,1,0,0,260,28,0,0,8,8,0,0,260,28,0,0,8,8,0.7637362637362637
chb06,8,3,1,chb06_18.edf;chb06_24.edf,762,324,288,16,2,0,0,260,28,0,0,8,8,0,0,260,28,0,0,8,8,0.7745879120879121
chb06,8,0,2,chb06_01.edf,762,144,432,24,20,38,11,377,6,8,2,10,4,38,11,377,6,8,2,10,4,0.963448922211809
chb06,8,1,2,chb06_01.edf,762,144,432,24,7,30,4,384,14,6,2,10,6,27,5,383,17,4,2,10,8,0.9817244611059044
chb06,8,2,2,chb06_01.edf,762,144,432,24,10,35,2,386,9,6,2,10,6,26,3,385,18,4,2,10,8,0.9930880974695409
chb06,8,3,2,chb06_01.edf,762,144,432,24,8,40,9,379,4,8,5,7,4,39,12,376,5,8,4,8,4,0.9848875351452672
chb06,8,0,3,chb06_04.edf,840,102,336,16,32,24,83,213,16,2,0,8,6,24,83,213,16,2,0,8,6,0.7540540540540541
chb06,8,1,3,chb06_04.edf,840,102,336,16,19,28,117,179,12,2,0,8,6,28,117,179,12,3,0,8,5,0.7177364864864865
chb06,8,2,3,chb06_04.edf,840,102,336,16,8,27,100,196,13,1,0,8,7,27,106,190,13,3,1,7,5,0.793581081081081
chb06,8,3,3,chb06_04.edf,840,102,336,16,24,23,106,190,17,2,0,8,6,19,108,188,21,1,0,8,7,0.7266891891891891
chb06,8,0,4,chb06_13.edf,966,252,96,8,18,12,0,83,1,3,0,4,1,12,0,83,1,3,0,4,1,0.9545875810936052
chb06,8,1,4,chb06_13.edf,966,252,96,8,7,11,6,77,2,2,1,3,2,11,5,78,2,2,1,3,2,0.9629286376274327
chb06,8,2,4,chb06_13.edf,966,252,96,8,4,12,5,78,1,3,1,3,1,12,8,75,1,3,2,2,1,0.9620018535681186
chb06,8,3,4,chb06_13.edf,966,252,96,8,10,12,7,76,1,3,2,2,1,12,8,75,1,3,2,2,1,0.9833178869323448
chb06,10,0,0,chb06_09.edf;chb06_10.edf,990,138,240,16,13,23,16,196,5,6,1,7,2,23,16,196,5,6,1,7,2,0.9383423180592992
chb06,10,1,0,chb06_09.edf;chb06_10.edf,990,138,240,16,17,21,8,204,7,6,0,8,2,20,15,197,8,6,1,7,2,0.9221698113207548
chb06,10,2,0,chb06_09.edf;chb06_10.edf,990,138,240,16,11,21,12,200,7,6,2,6,2,20,17,195,8,6,2,6,2,0.912567385444744
chb06,10,3,0,chb06_09.edf;chb06_10.edf,990,138,240,16,27,22,8,204,6,6,0,8,2,24,16,196,4,6,1,7,2,0.9465970350404312
chb06,10,0,1,chb06_18.edf;chb06_24.edf,834,348,360,16,0,0,0,332,28,0,0,8,8,0,0,332,28,0,0,8,8,0.6143502581755593
chb06,10,1,1,chb06_18.edf;chb06_24.edf,834,348,360,16,1,0,0,332,28,0,0,8,8,0,0,332,28,0,0,8,8,0.7459122203098107
chb06,10,2,1,chb06_18.edf;chb06_24.edf,834,348,360,16,1,0,0,332,28,0,0,8,8,0,0,332,28,0,0,8,8,0.7725903614457831
chb06,10,3,1,chb06_18.edf;chb06_24.edf,834,348,360,16,2,0,0,332,28,0,0,8,8,0,0,332,28,0,0,8,8,0.7431153184165233
chb06,10,0,2,chb06_01.edf,822,156,360,24,23,37,7,309,7,7,3,9,5,37,7,309,7,7,3,9,5,0.961018411967779
chb06,10,1,2,chb06_01.edf,822,156,360,24,7,33,3,313,11,6,2,10,6,25,2,314,19,6,2,10,6,0.9828107019562716
chb06,10,2,2,chb06_01.edf,822,156,360,24,10,39,5,311,5,9,3,9,3,31,4,312,13,8,3,9,4,0.991728998849252
chb06,10,3,2,chb06_01.edf,822,156,360,24,9,40,5,311,4,10,3,9,2,31,5,311,13,7,4,8,5,0.985759493670886
chb06,10,0,3,chb06_04.edf,912,102,360,16,19,27,87,233,13,3,0,8,5,27,87,233,13,3,0,8,5,0.7984375
chb06,10,1,3,chb06_04.edf,912,102,360,16,31,26,84,236,14,3,0,8,5,21,86,234,19,2,0,8,6,0.798828125
chb06,10,2,3,chb06_04.edf,912,102,360,16,17,23,47,273,17,2,0,8,6,21,42,278,19,2,0,8,6,0.857265625
chb06,10,3,3,chb06_04.edf,912,102,360,16,15,28,101,219,12,3,0,8,5,25,102,218,15,3,2,6,5,0.811796875
chb06,10,0,4,chb06_13.edf,1050,276,120,8,11,11,1,106,2,2,0,4,2,11,1,106,2,2,0,4,2,0.9698058950395398
chb06,10,1,4,chb06_13.edf,1050,276,120,8,6,11,0,107,2,2,0,4,2,9,2,105,4,2,1,3,2,0.9834651329978432
chb06,10,2,4,chb06_13.edf,1050,276,120,8,7,12,3,104,1,3,0,4,1,9,3,104,4,2,2,2,2,0.9884974838245866
chb06,10,3,4,chb06_13.edf,1050,276,120,8,9,12,2,105,1,3,0,4,1,9,1,106,4,2,1,3,2,0.99352983465133
chb02,3,0,0,chb02_16+.edf,504,66,504,8,16,35,3,420,46,0,0,4,4,35,3,420,46,0,0,4,4,0.9848816507602952
chb02,3,1,0,chb02_16+.edf,504,66,504,8,19,52,3,420,29,0,0,4,4,52,3,420,29,0,0,4,4,0.9899892011791144
chb02,3,2,0,chb02_16+.edf,504,66,504,8,22,57,3,420,24,0,0,4,4,57,3,420,24,0,0,4,4,0.9928786154160464
chb02,3,3,0,chb02_16+.edf,504,66,504,8,32,55,3,420,26,0,0,4,4,54,3,420,27,0,0,4,4,0.9929953594256196
chb02,3,0,1,chb02_16.edf,234,318,504,8,17,56,101,321,26,1,0,4,3,56,101,321,26,1,0,4,3,0.8106288290371056
chb02,3,1,1,chb02_16.edf,234,318,504,8,13,63,148,274,19,2,1,3,2,64,147,275,18,1,1,3,3,0.8031730435787771
chb02,3,2,1,chb02_16.edf,234,318,504,8,7,60,171,251,22,1,1,3,3,61,179,243,21,1,1,3,3,0.7091954687319385
chb02,3,3,1,chb02_16.edf,234,318,504,8,9,64,194,228,18,1,1,3,3,64,195,227,18,0,1,3,4,0.7300312102647093
chb02,3,0,2,chb02_19.edf,798,174,54,8,71,8,4,41,1,3,1,3,1,8,4,41,1,3,1,3,1,0.9111111111111112
chb02,3,1,2,chb02_19.edf,798,174,54,8,78,8,3,42,1,3,0,4,1,8,3,42,1,3,0,4,1,0.9728395061728397
chb02,3,2,2,chb02_19.edf,798,174,54,8,13,8,1,44,1,3,0,4,1,8,1,44,1,3,0,4,1,0.982716049382716
chb02,3,3,2,chb02_19.edf,798,174,54,8,18,8,6,39,1,3,0,4,1,9,4,41,0,4,0,4,0,0.9629629629629628
chb02,5,0,0,chb02_16+.edf,516,78,510,8,18,58,4,425,23,0,0,4,4,58,4,425,23,0,0,4,4,0.9906472128694352
chb02,5,1,0,chb02_16+.edf,516,78,510,8,12,64,5,424,17,1,0,4,3,69,3,426,12,1,0,4,3,0.990992546548102
chb02,5,2,0,chb02_16+.edf,516,78,510,8,5,75,11,418,6,1,1,3,3,76,11,418,5,1,2,2,3,0.9894961006072118
chb02,5,3,0,chb02_16+.edf,516,78,510,8,1,0,0,429,81,0,0,4,4,0,0,429,81,0,0,4,4,0.9177818066706956
chb02,5,0,1,chb02_16.edf,246,318,510,8,13,58,150,278,24,1,1,3,3,58,150,278,24,1,1,3,3,0.7618532026441761
chb02,5,1,1,chb02_16.edf,246,318,510,8,9,45,76,352,37,0,0,4,4,47,69,359,35,0,0,4,4,0.7678367905174379
chb02,5,2,1,chb02_16.edf,246,318,510,8,5,53,135,293,29,1,1,3,3,51,137,291,31,0,1,3,4,0.6887394574880328
chb02,5,3,1,chb02_16.edf,246,318,510,8,14,73,230,198,9,4,2,2,0,72,226,202,10,4,2,2,0,0.8285274675176659
chb02,5,0,2,chb02_19.edf,810,168,90,8,35,8,0,81,1,3,0,4,1,8,0,81,1,3,0,4,1,0.97119341563786
chb02,5,1,2,chb02_19.edf,810,168,90,8,83,8,1,80,1,3,1,3,1,8,3,78,1,3,1,3,1,0.9917695473251028
chb02,5,2,2,chb02_19.edf,810,168,90,8,33,8,0,81,1,3,0,4,1,8,2,79,1,3,1,3,1,0.9876543209876544
chb02,5,3,2,chb02_19.edf,810,168,90,8,77,7,1,80,2,2,0,4,2,7,1,80,2,2,1,3,2,0.9835390946502056
chb02,8,0,0,chb02_16+.edf,534,96,528,8,12,45,7,440,36,0,0,4,4,45,7,440,36,0,0,4,4,0.9830971911508825
chb02,8,1,0,chb02_16+.edf,534,96,528,8,16,53,5,442,28,0,0,4,4,52,4,443,29,0,0,4,4,0.9867428950203
chb02,8,2,0,chb02_16+.edf,534,96,528,8,9,60,6,441,21,0,0,4,4,56,5,442,25,0,0,4,4,0.9882067003618084
chb02,8,3,0,chb02_16+.edf,534,96,528,8,7,65,8,439,16,1,0,4,3,61,10,437,20,1,0,4,3,0.9842571878366062
chb02,8,0,1,chb02_16.edf,264,318,528,8,13,67,222,224,15,1,2,2,3,67,222,224,15,1,2,2,3,0.73731269823909
chb02,8,1,1,chb02_16.edf,264,318,528,8,12,65,213,233,17,2,1,3,2,63,211,235,19,3,1,3,1,0.7168325494914143
chb02,8,2,1,chb02_16.edf,264,318,528,8,10,65,200,246,17,1,1,3,3,64,193,253,18,2,1,3,2,0.706865908345182
chb02,8,3,1,chb02_16.edf,264,318,528,8,15,66,174,272,16,0,1,3,4,66,169,277,16,2,1,3,2,0.7722848080498741
chb02,8,0,2,chb02_19.edf,828,159,96,8,71,7,2,85,2,2,0,4,2,7,2,85,2,2,0,4,2,0.9323116219667944
chb02,8,1,2,chb02_19.edf,828,159,96,8,26,7,16,71,2,2,1,3,2,7,15,72,2,2,2,2,2,0.8773946360153256
chb02,8,2,2,chb02_19.edf,828,159,96,8,51,7,10,77,2,2,1,3,2,7,10,77,2,2,1,3,2,0.9016602809706258
chb02,8,3,2,chb02_19.edf,828,159,96,8,33,7,22,65,2,2,1,3,2,9,26,61,0,4,2,2,0,0.8914431673052363
chb02,10,0,0,chb02_16+.edf,546,108,540,8,12,40,1,458,41,0,0,4,4,40,1,458,41,0,0,4,4,0.9904515990209526
chb02,10,1,0,chb02_16+.edf,546,108,540,8,10,34,1,458,47,0,0,4,4,30,0,459,51,0,0,4,4,0.991366093762608
chb02,10,2,0,chb02_16+.edf,546,108,540,8,1,0,0,459,81,0,0,4,4,0,0,459,81,0,0,4,4,0.9664864574087524
chb02,10,3,0,chb02_16+.edf,546,108,540,8,3,4,0,459,77,0,0,4,4,4,0,459,77,0,0,4,4,0.9636353855671212
chb02,10,0,1,chb02_16.edf,276,306,540,8,13,49,108,350,33,1,0,4,3,49,108,350,33,1,0,4,3,0.7485355202897007
chb02,10,1,1,chb02_16.edf,276,306,540,8,11,52,140,318,30,0,0,4,4,52,130,328,30,1,0,4,3,0.7218287357546065
chb02,10,2,1,chb02_16.edf,276,306,540,8,10,64,137,321,18,2,0,4,2,62,126,332,20,2,0,4,2,0.8174459473852381
chb02,10,3,1,chb02_16.edf,276,306,540,8,5,9,48,410,73,0,0,4,4,9,50,408,73,0,0,4,4,0.6473799126637554
chb02,10,0,2,chb02_19.edf,840,153,120,8,42,8,4,107,1,3,0,4,1,8,4,107,1,3,0,4,1,0.947947947947948
chb02,10,1,2,chb02_19.edf,840,153,120,8,42,7,7,104,2,2,0,4,2,7,6,105,2,2,0,4,2,0.92992992992993
chb02,10,2,2,chb02_19.edf,840,153,120,8,40,8,11,100,1,3,2,2,1,9,7,104,0,4,2,2,0,0.973973973973974
chb02,10,3,2,chb02_19.edf,840,153,120,8,57,9,7,104,0,4,1,3,0,8,9,102,1,3,2,2,1,0.990990990990991
chb03,3,0,0,chb03_03.edf;chb03_36.edf,1440,288,738,16,11,113,11,605,9,7,2,6,1,113,11,605,9,7,2,6,1,0.9908851394507132
chb03,3,1,0,chb03_03.edf;chb03_36.edf,1440,288,738,16,5,118,9,607,4,8,2,6,0,117,10,606,5,8,2,6,0,0.9928145624866936
chb03,3,2,0,chb03_03.edf;chb03_36.edf,1440,288,738,16,8,115,9,607,7,7,3,5,1,115,8,608,7,7,3,5,1,0.9890222482435596
chb03,3,3,0,chb03_03.edf;chb03_36.edf,1440,288,738,16,15,115,8,608,7,8,4,4,0,115,10,606,7,8,3,5,0,0.9850702576112412
chb03,3,0,1,chb03_02.edf;chb03_04.edf,1176,582,738,16,8,106,26,595,11,5,3,5,3,106,26,595,11,5,3,5,3,0.9853420867913624
chb03,3,1,1,chb03_02.edf;chb03_04.edf,1176,582,738,16,12,115,16,605,2,7,4,4,1,115,20,601,2,7,4,4,1,0.9942744677044194
chb03,3,2,1,chb03_02.edf;chb03_04.edf,1176,582,738,16,7,113,22,599,4,6,4,4,2,115,21,600,2,7,3,5,1,0.99259534525235
chb03,3,3,1,chb03_02.edf;chb03_04.edf,1176,582,738,16,7,114,25,596,3,7,2,6,1,115,24,597,2,7,3,5,1,0.992044813300852
chb03,3,0,2,chb03_34.edf,1986,192,306,8,10,45,21,238,2,4,2,2,0,45,21,238,2,4,2,2,0,0.965908157397519
chb03,3,1,2,chb03_34.edf,1986,192,306,8,6,43,14,245,4,4,2,2,0,42,14,245,5,4,2,2,0,0.9734658670828884
chb03,3,2,2,chb03_34.edf,1986,192,306,8,16,42,12,247,5,4,2,2,0,42,11,248,5,4,2,2,0,0.9712478435882692
chb03,3,3,2,chb03_34.edf,1986,192,306,8,11,39,9,250,8,4,2,2,0,41,8,251,6,4,2,2,0,0.9746981023576768
chb03,3,0,3,chb03_01.edf,1758,390,324,8,8,51,7,265,1,4,2,2,0,51,7,265,1,4,2,2,0,0.9971719457013576
chb03,3,1,3,chb03_01.edf,1758,390,324,8,9,52,8,264,0,4,4,0,0,52,8,264,0,4,4,0,0,0.9982324660633484
chb03,3,2,3,chb03_01.edf,1758,390,324,8,9,52,8,264,0,4,4,0,0,52,8,264,0,4,4,0,0,0.9997171945701356
chb03,3,3,3,chb03_01.edf,1758,390,324,8,4,52,5,267,0,4,2,2,0,52,5,267,0,4,2,2,0,0.9980203619909502
chb03,3,0,4,chb03_35.edf,1536,552,396,8,12,58,17,315,6,3,2,2,1,58,17,315,6,3,2,2,1,0.982351280120482
chb03,3,1,4,chb03_35.edf,1536,552,396,8,22,58,11,321,6,4,2,2,0,56,10,322,8,4,2,2,0,0.9924698795180724
chb03,3,2,4,chb03_35.edf,1536,552,396,8,14,59,11,321,5,4,1,3,0,59,10,322,5,4,1,3,0,0.9895048945783134
chb03,3,3,4,chb03_35.edf,1536,552,396,8,8,63,12,320,1,4,2,2,0,64,11,321,0,4,2,2,0,0.9947289156626504
chb03,5,0,0,chb03_03.edf;chb03_36.edf,1464,288,780,16,8,117,17,641,5,8,2,6,0,117,17,641,5,8,2,6,0,0.9873561213812349
chb03,5,1,0,chb03_03.edf;chb03_36.edf,1464,288,780,16,6,116,7,651,6,7,2,6,1,115,7,651,7,8,4,4,0,0.9928745826897204
chb03,5,2,0,chb03_03.edf;chb03_36.edf,1464,288,780,16,20,117,16,642,5,7,4,4,1,118,17,641,4,8,4,4,0,0.993385320643779
chb03,5,3,0,chb03_03.edf;chb03_36.edf,1464,288,780,16,10,119,22,636,3,8,5,3,0,119,19,639,3,8,5,3,0,0.9947306791569086
chb03,5,0,1,chb03_02.edf;chb03_04.edf,1200,582,750,16,5,103,18,615,14,5,2,6,3,103,18,615,14,5,2,6,3,0.9846342879518236
chb03,5,1,1,chb03_02.edf;chb03_04.edf,1200,582,750,16,6,115,12,621,2,7,5,3,1,114,18,615,3,7,5,3,1,0.9925061773403006
chb03,5,2,1,chb03_02.edf;chb03_04.edf,1200,582,750,16,9,111,7,626,6,6,4,4,2,109,9,624,8,6,6,2,2,0.997299523365874
chb03,5,3,1,chb03_02.edf;chb03_04.edf,1200,582,750,16,7,109,9,624,8,6,4,4,2,109,7,626,8,6,2,6,2,0.9971915043005092
chb03,5,0,2,chb03_34.edf,2022,192,300,8,9,45,19,234,2,4,2,2,0,45,19,234,2,4,2,2,0,0.9661929190143806
chb03,5,1,2,chb03_34.edf,2022,192,300,8,13,41,8,245,6,4,2,2,0,43,7,246,4,4,2,2,0,0.9793961819863763
chb03,5,2,2,chb03_34.edf,2022,192,300,8,8,43,12,241,4,4,3,1,0,44,12,241,3,4,3,1,0,0.9757800016819442
chb03,5,3,2,chb03_34.edf,2022,192,300,8,13,45,9,244,2,4,2,2,0,43,8,245,4,4,2,2,0,0.9799007652846692
chb03,5,0,3,chb03_01.edf,1806,390,330,8,6,50,14,264,2,4,1,3,0,50,14,264,2,4,1,3,0,0.9907304925290537
chb03,5,1,3,chb03_01.edf,1806,390,330,8,10,52,10,268,0,4,3,1,0,52,11,267,0,4,2,2,0,0.9966104039845048
chb03,5,2,3,chb03_01.edf,1806,390,330,8,12,52,16,262,0,4,4,0,0,52,16,262,0,4,4,0,0,0.9980630879911456
chb03,5,3,3,chb03_01.edf,1806,390,330,8,8,50,5,273,2,4,2,2,0,51,2,276,1,4,1,3,0,0.997163807415606
chb03,5,0,4,chb03_35.edf,1572,552,420,8,11,58,13,343,6,3,2,2,1,58,13,343,6,3,2,2,1,0.9894224016853932
chb03,5,1,4,chb03_35.edf,1572,552,420,8,8,59,14,342,5,3,2,2,1,59,11,345,5,4,1,3,0,0.9920997191011236
chb03,5,2,4,chb03_35.edf,1572,552,420,8,11,57,9,347,7,3,2,2,1,56,9,347,8,2,2,2,2,0.9897735252808988
chb03,5,3,4,chb03_35.edf,1572,552,420,8,3,63,22,334,1,3,2,2,1,63,22,334,1,3,2,2,1,0.9882373595505618
chb03,8,0,0,chb03_03.edf;chb03_36.edf,1500,288,816,16,4,115,14,680,7,7,2,6,1,115,14,680,7,7,2,6,1,0.9904095998488212
chb03,8,1,0,chb03_03.edf;chb03_36.edf,1500,288,816,16,8,122,58,636,0,8,5,3,0,121,56,638,1,7,3,5,1,0.9971772098077196
chb03,8,2,0,chb03_03.edf;chb03_36.edf,1500,288,816,16,5,120,12,682,2,7,4,4,1,120,11,683,2,6,3,5,2,0.9986535645107952
chb03,8,3,0,chb03_03.edf;chb03_36.edf,1500,288,816,16,5,117,10,684,5,7,4,4,1,114,8,686,8,6,4,4,2,0.9978031842018236
chb03,8,0,1,chb03_02.edf;chb03_04.edf,1230,582,768,16,8,112,28,623,5,6,4,4,2,112,28,623,5,6,4,4,2,0.987199180747568
chb03,8,1,1,chb03_02.edf;chb03_04.edf,1230,582,768,16,7,114,25,626,3,6,6,2,2,112,17,634,5,6,5,3,2,0.9882232462877624
chb03,8,2,1,chb03_02.edf;chb03_04.edf,1230,582,768,16,6,116,29,622,1,7,6,2,1,113,24,627,4,6,5,3,2,0.9914267333622172
chb03,8,3,1,chb03_02.edf;chb03_04.edf,1230,582,768,16,13,114,19,632,3,6,6,2,2,114,17,634,3,7,5,3,1,0.9946696075728334
chb03,8,0,2,chb03_34.edf,2076,192,336,8,11,42,10,279,5,4,2,2,0,42,10,279,5,4,2,2,0,0.9799749687108884
chb03,8,1,2,chb03_34.edf,2076,192,336,8,6,43,8,281,4,4,2,2,0,44,10,279,3,3,2,2,1,0.988515055584186
chb03,8,2,2,chb03_34.edf,2076,192,336,8,10,45,10,279,2,4,2,2,0,41,9,280,6,2,2,2,2,0.9882205698299346
chb03,8,3,2,chb03_34.edf,2076,192,336,8,22,41,6,283,6,4,2,2,0,42,6,283,5,3,2,2,1,0.988588677022749
chb03,8,0,3,chb03_01.edf,1878,390,336,8,8,51,5,279,1,4,1,3,0,51,5,279,1,4,1,3,0,0.9978331527627304
chb03,8,1,3,chb03_01.edf,1878,390,336,8,6,52,3,281,0,4,3,1,0,52,4,280,0,4,4,0,0,0.9994582881906826
chb03,8,2,3,chb03_01.edf,1878,390,336,8,8,52,4,280,0,4,4,0,0,52,4,280,0,4,4,0,0,0.9998645720476708
chb03,8,3,3,chb03_01.edf,1878,390,336,8,6,52,5,279,0,4,4,0,0,52,5,279,0,4,4,0,0,0.9996614301191766
chb03,8,0,4,chb03_35.edf,1626,546,384,8,11,60,11,309,4,3,2,2,1,60,11,309,4,3,2,2,1,0.990625
chb03,8,1,4,chb03_35.edf,1626,546,384,8,22,62,14,306,2,4,2,2,0,63,12,308,1,4,2,2,0,0.993408203125
chb03,8,2,4,chb03_35.edf,1626,546,384,8,3,64,15,305,0,4,2,2,0,63,17,303,1,4,2,2,0,0.990478515625
chb03,8,3,4,chb03_35.edf,1626,546,384,8,4,59,15,305,5,4,2,2,0,56,16,304,8,4,2,2,0,0.9921875
chb03,10,0,0,chb03_03.edf;chb03_36.edf,1524,288,840,16,13,114,13,705,8,6,1,7,2,114,13,705,8,6,1,7,2,0.992511073565003
chb03,10,1,0,chb03_03.edf;chb03_36.edf,1524,288,840,16,4,118,14,704,4,7,3,5,1,117,12,706,5,6,3,5,2,0.997020411890954
chb03,10,2,0,chb03_03.edf;chb03_36.edf,1524,288,840,16,6,114,13,705,8,6,4,4,2,115,13,705,7,6,3,5,2,0.9925453217041872
chb03,10,3,0,chb03_03.edf;chb03_36.edf,1524,288,840,16,5,113,13,705,9,7,4,4,1,110,15,703,12,6,5,3,2,0.99176903054934
chb03,10,0,1,chb03_02.edf;chb03_04.edf,1242,582,780,16,10,114,34,629,3,6,3,5,2,114,34,629,3,6,3,5,2,0.9877015895115444
chb03,10,1,1,chb03_02.edf;chb03_04.edf,1242,582,780,16,5,112,13,650,5,6,5,3,2,111,15,648,6,7,5,3,1,0.9930128527413596
chb03,10,2,1,chb03_02.edf;chb03_04.edf,1242,582,780,16,6,113,14,649,4,7,3,5,1,111,18,645,6,6,5,3,2,0.996699797604775
chb03,10,3,1,chb03_02.edf;chb03_04.edf,1242,582,780,16,7,116,25,638,1,7,6,2,1,115,31,632,2,7,6,2,1,0.9981694189838988
chb03,10,0,2,chb03_34.edf,2112,192,300,8,16,42,10,243,5,4,2,2,0,42,10,243,5,4,2,2,0,0.9577831973761668
chb03,10,1,2,chb03_34.edf,2112,192,300,8,19,45,11,242,2,4,2,2,0,44,13,240,3,4,4,0,0,0.9650996552014128
chb03,10,2,2,chb03_34.edf,2112,192,300,8,10,46,13,240,1,4,4,0,0,45,11,242,2,4,2,2,0,0.9672020856109662
chb03,10,3,2,chb03_34.edf,2112,192,300,8,28,43,11,242,4,4,2,2,0,39,11,242,8,4,2,2,0,0.954839794802792
chb03,10,0,3,chb03_01.edf,1926,390,360,8,5,50,13,295,2,4,1,3,0,50,13,295,2,4,1,3,0,0.9867007992007992
chb03,10,1,3,chb03_01.edf,1926,390,360,8,5,52,11,297,0,4,2,2,0,52,13,295,0,4,3,1,0,0.9930694305694304
chb03,10,2,3,chb03_01.edf,1926,390,360,8,7,52,17,291,0,4,4,0,0,52,16,292,0,4,4,0,0,0.9932567432567432
chb03,10,3,3,chb03_01.edf,1926,390,360,8,5,52,17,291,0,4,4,0,0,52,16,292,0,4,4,0,0,0.9979395604395604
chb03,10,0,4,chb03_35.edf,1662,534,420,8,13,62,15,341,2,4,2,2,0,62,15,341,2,4,2,2,0,0.9912658005617978
chb03,10,1,4,chb03_35.edf,1662,534,420,8,16,62,15,341,2,3,2,2,1,62,14,342,2,4,2,2,0,0.9909585674157304
chb03,10,2,4,chb03_35.edf,1662,534,420,8,6,64,16,340,0,4,2,2,0,64,15,341,0,4,2,2,0,0.9903879915730336
chb03,10,3,4,chb03_35.edf,1662,534,420,8,4,59,10,346,5,4,2,2,0,57,9,347,7,3,2,2,1,0.9932408707865168
chb04,3,0,0,chb04_05.edf,1392,594,306,8,5,45,182,75,4,3,0,4,1,45,182,75,4,3,0,4,1,0.3332803938696101
chb04,3,1,0,chb04_05.edf,1392,594,306,8,4,49,184,73,0,4,1,3,0,49,184,73,0,4,1,3,0,0.3253394743111252
chb04,3,2,0,chb04_05.edf,1392,594,306,8,2,38,181,76,11,1,0,4,3,38,181,76,11,1,0,4,3,0.2998491225283888
chb04,3,3,0,chb04_05.edf,1392,594,306,8,4,48,190,67,1,3,3,1,1,48,189,68,1,3,3,1,1,0.3552767410466132
chb04,3,0,1,chb04_08.edf,1266,348,684,8,28,106,11,562,5,1,2,2,3,106,11,562,5,1,2,2,3,0.9970441645834316
chb04,3,1,1,chb04_08.edf,1266,348,684,8,20,105,6,567,6,1,0,4,3,106,7,566,5,1,0,4,3,0.996352373315724
chb04,3,2,1,chb04_08.edf,1266,348,684,8,30,106,7,566,5,2,2,2,2,108,8,565,3,2,2,2,2,0.995613414461582
chb04,3,3,1,chb04_08.edf,1266,348,684,8,8,108,22,551,3,4,2,2,0,108,25,548,3,4,2,2,0,0.9925003537568984
chb04,3,0,2,chb04_28.edf,870,102,1350,16,10,52,147,985,166,3,0,8,5,52,147,985,166,3,0,8,5,0.5733337115440723
chb04,3,1,2,chb04_28.edf,870,102,1350,16,14,31,79,1053,187,1,0,8,7,29,73,1059,189,1,0,8,7,0.5006321522352255
chb04,3,2,2,chb04_28.edf,870,102,1350,16,12,42,131,1001,176,4,1,7,4,38,131,1001,180,2,2,6,6,0.4696080656141602
chb04,3,3,2,chb04_28.edf,870,102,1350,16,19,43,209,923,175,2,0,8,6,44,203,929,174,2,0,8,6,0.4153604888643952
chb04,5,0,0,chb04_05.edf,1392,582,330,8,3,47,204,77,2,4,0,4,0,47,204,77,2,4,0,4,0,0.2871668240249836
chb04,5,1,0,chb04_05.edf,1392,582,330,8,3,46,201,80,3,3,0,4,1,47,200,81,2,3,0,4,1,0.2955915462270317
chb04,5,2,0,chb04_05.edf,1392,582,330,8,2,48,204,77,1,3,2,2,1,48,204,77,1,3,2,2,1,0.3226813857215483
chb04,5,3,0,chb04_05.edf,1392,582,330,8,2,48,205,76,1,3,2,2,1,48,206,75,1,3,2,2,1,0.3521679134287167
chb04,5,0,1,chb04_08.edf,1290,336,690,8,31,105,19,560,6,1,1,3,3,105,19,560,6,1,1,3,3,0.9932160139414024
chb04,5,1,1,chb04_08.edf,1290,336,690,8,15,100,3,576,11,1,0,4,3,100,2,577,11,2,0,4,2,0.9962812553486128
chb04,5,2,1,chb04_08.edf,1290,336,690,8,65,102,4,575,9,2,0,4,2,103,2,577,8,1,1,3,3,0.9954099176897104
chb04,5,3,1,chb04_08.edf,1290,336,690,8,33,104,1,578,7,2,0,4,2,103,0,579,8,1,0,4,3,0.997821655852744
chb04,5,0,2,chb04_28.edf,882,102,1380,16,18,56,87,1075,162,2,1,7,6,56,87,1075,162,2,1,7,6,0.6474798275671494
chb04,5,1,2,chb04_28.edf,882,102,1380,16,21,42,165,997,176,2,0,8,6,41,160,1002,177,1,0,8,7,0.4823461605267728
chb04,5,2,2,chb04_28.edf,882,102,1380,16,12,26,116,1046,192,0,0,8,8,23,113,1049,195,0,0,8,8,0.4833725465426581
chb04,5,3,2,chb04_28.edf,882,102,1380,16,14,50,148,1014,168,2,1,7,6,45,143,1019,173,2,0,8,6,0.4762510066478232
chb04,8,0,0,chb04_05.edf,1392,564,336,8,2,42,201,86,7,3,0,4,1,42,201,86,7,3,0,4,1,0.3165754106520657
chb04,8,1,0,chb04_05.edf,1392,564,336,8,2,48,205,82,1,3,0,4,1,48,205,82,1,3,1,3,1,0.3386190713219085
chb04,8,2,0,chb04_05.edf,1392,564,336,8,2,48,202,85,1,3,2,2,1,48,202,85,1,3,4,0,1,0.3709023679158074
chb04,8,3,0,chb04_05.edf,1392,564,336,8,8,48,200,87,1,3,0,4,1,48,200,87,1,3,0,4,1,0.3782265519448197
chb04,8,0,1,chb04_08.edf,1326,318,720,8,15,107,16,593,4,2,2,2,2,107,16,593,4,2,2,2,2,0.9942602701223392
chb04,8,1,1,chb04_08.edf,1326,318,720,8,26,110,16,593,1,3,0,4,1,107,13,596,4,1,0,4,3,0.9974407905442388
chb04,8,2,1,chb04_08.edf,1326,318,720,8,15,109,7,602,2,2,1,3,2,105,7,602,6,1,0,4,3,0.9984911019393776
chb04,8,3,1,chb04_08.edf,1326,318,720,8,22,109,10,599,2,3,0,4,1,105,10,599,6,0,0,4,4,0.9984319294664122
chb04,8,0,2,chb04_28.edf,900,102,1440,16,14,50,237,985,168,4,1,7,4,50,237,985,168,4,1,7,4,0.5169409450592352
chb04,8,1,2,chb04_28.edf,900,102,1440,16,10,32,233,989,186,2,0,8,6,26,228,994,192,2,0,8,6,0.3563041487109416
chb04,8,2,2,chb04_28.edf,900,102,1440,16,12,41,275,947,177,2,0,8,6,38,260,962,180,1,0,8,7,0.4147472184267031
chb04,8,3,2,chb04_28.edf,900,102,1440,16,17,39,155,1067,179,2,1,7,6,38,154,1068,180,1,0,8,7,0.4146871574648268
chb04,10,0,0,chb04_05.edf,1392,552,360,8,4,46,218,93,3,3,0,4,1,46,218,93,3,3,0,4,1,0.482183870332699
chb04,10,1,0,chb04_05.edf,1392,552,360,8,2,46,215,96,3,3,0,4,1,43,215,96,6,2,0,4,2,0.3315178161296673
chb04,10,2,0,chb04_05.edf,1392,552,360,8,4,48,215,96,1,3,0,4,1,47,218,93,2,2,1,3,2,0.5021326858717764
chb04,10,3,0,chb04_05.edf,1392,552,360,8,2,49,228,83,0,4,2,2,0,48,225,86,1,4,2,2,0,0.4453704311306516
chb04,10,0,1,chb04_08.edf,1350,306,720,8,20,104,31,578,7,2,1,3,2,104,31,578,7,2,1,3,2,0.9891270580925752
chb04,10,1,1,chb04_08.edf,1350,306,720,8,18,106,12,597,5,2,0,4,2,104,11,598,7,1,2,2,3,0.9952218228080296
chb04,10,2,1,chb04_08.edf,1350,306,720,8,19,109,9,600,2,3,2,2,1,109,12,597,2,3,2,2,1,0.998535481294102
chb04,10,3,1,chb04_08.edf,1350,306,720,8,17,108,8,601,3,3,1,3,1,107,8,601,4,2,1,3,2,0.9983579638752051
chb04,10,0,2,chb04_28.edf,912,102,1440,16,7,56,311,911,162,3,1,7,5,56,311,911,162,3,1,7,5,0.4754162975420051
chb04,10,1,2,chb04_28.edf,912,102,1440,16,4,30,387,835,188,2,1,7,6,29,382,840,189,2,0,8,6,0.313488190513371
chb04,10,2,2,chb04_28.edf,912,102,1440,16,18,23,29,1193,195,0,0,8,8,25,50,1172,193,1,0,8,7,0.5102629168606134
chb04,10,3,2,chb04_28.edf,912,102,1440,16,14,33,70,1152,185,1,0,8,7,31,108,1114,187,1,0,8,7,0.4362265199177165
chb05,3,0,0,chb05_06.edf,2064,618,702,8,6,67,3,584,48,0,0,4,4,67,3,584,48,0,0,4,4,0.9762239834086364
chb05,3,1,0,chb05_06.edf,2064,618,702,8,6,100,0,587,15,3,0,4,1,101,0,587,14,3,0,4,1,0.9945781793941189
chb05,3,2,0,chb05_06.edf,2064,618,702,8,14,103,3,584,12,3,0,4,1,103,3,584,12,3,0,4,1,0.9920450337012072
chb05,3,3,0,chb05_06.edf,2064,618,702,8,7,93,0,587,22,1,0,4,3,94,0,587,21,1,0,4,3,0.9944152285015924
chb05,3,0,1,chb05_13.edf,2580,132,666,8,1,92,23,533,18,2,2,2,2,92,23,533,18,2,2,2,2,0.9646173969914976
chb05,3,1,1,chb05_13.edf,2580,132,666,8,6,107,11,545,3,2,1,3,2,107,11,545,3,2,1,3,2,0.989077828646174
chb05,3,2,1,chb05_13.edf,2580,132,666,8,5,107,14,542,3,2,1,3,2,107,10,546,3,2,1,3,2,0.9955526487900588
chb05,3,3,1,chb05_13.edf,2580,132,666,8,9,107,13,543,3,2,1,3,2,107,13,543,3,2,1,3,2,0.9835186396337476
chb05,3,0,2,chb05_16.edf,2172,624,594,8,29,87,5,493,9,2,0,4,2,87,5,493,9,2,0,4,2,0.981425702811245
chb05,3,1,2,chb05_16.edf,2172,624,594,8,12,82,3,495,14,1,0,4,3,82,4,494,14,1,1,3,3,0.9881191432396252
chb05,3,2,2,chb05_16.edf,2172,624,594,8,17,84,3,495,12,2,0,4,2,83,3,495,13,1,0,4,3,0.9958584337349398
chb05,3,3,2,chb05_16.edf,2172,624,594,8,7,81,4,494,15,1,1,3,3,84,4,494,12,2,1,3,2,0.9802752677376172
chb05,3,0,3,chb05_17.edf,2322,330,720,8,7,90,9,591,30,1,0,4,3,90,9,591,30,1,0,4,3,0.9789166666666668
chb05,3,1,3,chb05_17.edf,2322,330,720,8,4,90,4,596,30,0,0,4,4,85,4,596,35,0,0,4,4,0.9844027777777776
chb05,3,2,3,chb05_17.edf,2322,330,720,8,14,87,2,598,33,0,0,4,4,84,3,597,36,0,0,4,4,0.9926666666666666
chb05,3,3,3,chb05_17.edf,2322,330,720,8,12,89,1,599,31,0,0,4,4,88,1,599,32,0,0,4,4,0.9909166666666668
chb05,3,0,4,chb05_22.edf,2286,384,720,8,5,115,109,494,2,4,3,1,0,115,109,494,2,4,3,1,0,0.9713824042182252
chb05,3,1,4,chb05_22.edf,2286,384,720,8,2,115,161,442,2,4,3,1,0,116,173,430,1,4,3,1,0,0.9664781505577524
chb05,3,2,4,chb05_22.edf,2286,384,720,8,1,115,138,465,2,3,3,1,1,115,137,466,2,3,3,1,1,0.9761023940128418
chb05,3,3,4,chb05_22.edf,2286,384,720,8,2,114,138,465,3,3,3,1,1,114,138,465,3,3,3,1,1,0.9710563989170954
chb05,5,0,0,chb05_06.edf,2088,618,720,8,7,72,3,602,43,1,0,4,3,72,3,602,43,1,0,4,3,0.9843047071505568
chb05,5,1,0,chb05_06.edf,2088,618,720,8,18,100,0,605,15,2,0,4,2,96,0,605,19,0,0,4,4,0.9863456701401366
chb05,5,2,0,chb05_06.edf,2088,618,720,8,11,108,0,605,7,2,0,4,2,107,0,605,8,1,0,4,3,0.9965648580668344
chb05,5,3,0,chb05_06.edf,2088,618,720,8,19,110,1,604,5,4,1,3,0,107,0,605,8,0,0,4,4,0.9996406755300036
chb05,5,0,1,chb05_13.edf,2604,132,690,8,4,107,17,563,3,3,2,2,1,107,17,563,3,3,2,2,1,0.9938401253918496
chb05,5,1,1,chb05_13.edf,2604,132,690,8,15,107,19,561,3,2,3,1,2,106,26,554,4,2,3,1,2,0.9840595611285268
chb05,5,2,1,chb05_13.edf,2604,132,690,8,3,107,31,549,3,2,3,1,2,107,28,552,3,2,3,1,2,0.9920846394984326
chb05,5,3,1,chb05_13.edf,2604,132,690,8,6,106,3,577,4,2,1,3,2,106,3,577,4,2,2,2,2,0.9882131661442008
chb05,5,0,2,chb05_16.edf,2196,624,600,8,7,86,10,494,10,3,1,3,1,86,10,494,10,3,1,3,1,0.978401951058201
chb05,5,1,2,chb05_16.edf,2196,624,600,8,16,85,5,499,11,2,0,4,2,81,5,499,15,1,0,4,3,0.9835896164021164
chb05,5,2,2,chb05_16.edf,2196,624,600,8,6,86,10,494,10,2,2,2,2,84,8,496,12,2,1,3,2,0.992332175925926
chb05,5,3,2,chb05_16.edf,2196,624,600,8,18,76,5,499,20,1,0,4,3,75,5,499,21,0,0,4,4,0.9736896494708996
chb05,5,0,3,chb05_17.edf,2346,330,750,8,7,86,1,629,34,1,0,4,3,86,1,629,34,1,0,4,3,0.9846560846560848
chb05,5,1,3,chb05_17.edf,2346,330,750,8,29,94,0,630,26,0,0,4,4,96,0,630,24,0,0,4,4,0.9923677248677248
chb05,5,2,3,chb05_17.edf,2346,330,750,8,22,95,0,630,25,1,0,4,3,94,0,630,26,1,0,4,3,0.9925132275132276
chb05,5,3,3,chb05_17.edf,2346,330,750,8,19,87,0,630,33,0,0,4,4,87,0,630,33,0,0,4,4,0.990542328042328
chb05,5,0,4,chb05_22.edf,2310,384,720,8,14,115,91,512,2,4,3,1,0,115,91,512,2,4,3,1,0,0.9822964947343056
chb05,5,1,4,chb05_22.edf,2310,384,720,8,15,111,26,577,6,4,3,1,0,114,22,581,3,4,2,2,0,0.9904891496931296
chb05,5,2,4,chb05_22.edf,2310,384,720,8,8,116,41,562,1,4,3,1,0,117,32,571,0,4,3,1,0,0.9957052345112046
chb05,5,3,4,chb05_22.edf,2310,384,720,8,10,117,68,535,0,4,3,1,0,117,63,540,0,4,3,1,0,0.9934515456903515
chb05,8,0,0,chb05_06.edf,2118,618,720,8,5,75,1,604,40,1,0,4,3,75,1,604,40,1,0,4,3,0.9888609414301116
chb05,8,1,0,chb05_06.edf,2118,618,720,8,4,108,9,596,7,4,1,3,0,107,14,591,8,3,1,3,1,0.996406755300036
chb05,8,2,0,chb05_06.edf,2118,618,720,8,5,96,0,605,19,3,0,4,1,95,1,604,20,2,1,3,2,0.9861588214157384
chb05,8,3,0,chb05_06.edf,2118,618,720,8,16,99,0,605,16,3,0,4,1,99,1,604,16,2,1,3,2,0.9963205174272368
chb05,8,0,1,chb05_13.edf,2640,132,720,8,3,106,14,596,4,3,1,3,1,106,14,596,4,3,1,3,1,0.9944709388971684
chb05,8,1,1,chb05_13.edf,2640,132,720,8,5,108,10,600,2,2,1,3,2,107,14,596,3,2,2,2,2,0.9874366616989568
chb05,8,2,1,chb05_13.edf,2640,132,720,8,3,108,32,578,2,2,2,2,2,108,41,569,2,2,3,1,2,0.9912220566318928
chb05,8,3,1,chb05_13.edf,2640,132,720,8,14,108,1,609,2,2,1,3,2,107,3,607,3,2,1,3,2,0.9906110283159464
chb05,8,0,2,chb05_16.edf,2232,624,624,8,7,85,10,518,11,3,0,4,1,85,10,518,11,3,0,4,1,0.9805673926767676
chb05,8,1,2,chb05_16.edf,2232,624,624,8,18,80,0,528,16,1,0,4,3,76,0,528,20,1,0,4,3,0.990194917929293
chb05,8,2,2,chb05_16.edf,2232,624,624,8,6,89,1,527,7,2,1,3,2,87,1,527,9,2,1,3,2,0.9979087752525252
chb05,8,3,2,chb05_16.edf,2232,624,624,8,5,80,1,527,16,1,1,3,3,76,1,527,20,0,1,3,4,0.9982047032828284
chb05,8,0,3,chb05_17.edf,2382,330,768,8,10,90,5,643,30,1,0,4,3,90,5,643,30,1,0,4,3,0.9809284979423868
chb05,8,1,3,chb05_17.edf,2382,330,768,8,7,83,5,643,37,0,0,4,4,88,8,640,32,0,0,4,4,0.9815715020576132
chb05,8,2,3,chb05_17.edf,2382,330,768,8,4,84,7,641,36,0,0,4,4,91,9,639,29,0,0,4,4,0.9807098765432098
chb05,8,3,3,chb05_17.edf,2382,330,768,8,10,90,4,644,30,0,0,4,4,95,7,641,25,0,0,4,4,0.9880787037037037
chb05,8,0,4,chb05_22.edf,2346,384,768,8,4,107,64,587,10,4,3,1,0,107,64,587,10,4,3,1,0,0.961781348878123
chb05,8,1,4,chb05_22.edf,2346,384,768,8,6,117,66,585,0,4,3,1,0,116,44,607,1,3,3,1,1,0.9886696338309242
chb05,8,2,4,chb05_22.edf,2346,384,768,8,1,114,16,635,3,2,2,2,2,113,17,634,4,3,3,1,1,0.9975842556487716
chb05,8,3,4,chb05_22.edf,2346,384,768,8,2,117,22,629,0,4,3,1,0,117,23,628,0,4,4,0,0,0.998555805007418
chb05,10,0,0,chb05_06.edf,2130,612,780,8,8,86,5,660,29,2,0,4,2,86,5,660,29,2,0,4,2,0.9829094475318731
chb05,10,1,0,chb05_06.edf,2130,612,780,8,12,96,1,664,19,2,0,4,2,94,2,663,21,0,0,4,4,0.9848839490029422
chb05,10,2,0,chb05_06.edf,2130,612,780,8,3,102,1,664,13,2,0,4,2,97,4,661,18,0,0,4,4,0.9822425629290618
chb05,10,3,0,chb05_06.edf,2130,612,780,8,9,104,0,665,11,0,0,4,4,100,0,665,15,0,0,4,4,0.9999738476626348
chb05,10,0,1,chb05_13.edf,2652,132,720,8,18,101,10,600,9,1,1,3,3,101,10,600,9,1,1,3,3,0.990655737704918
chb05,10,1,1,chb05_13.edf,2652,132,720,8,14,106,14,596,4,2,1,3,2,108,17,593,2,2,2,2,2,0.9882861400894188
chb05,10,2,1,chb05_13.edf,2652,132,720,8,2,106,10,600,4,2,2,2,2,106,18,592,4,2,3,1,2,0.987377049180328
chb05,10,3,1,chb05_13.edf,2652,132,720,8,14,106,10,600,4,2,2,2,2,106,9,601,4,2,2,2,2,0.9856631892697466
chb05,10,0,2,chb05_16.edf,2256,612,660,8,4,86,8,556,10,3,1,3,1,86,8,556,10,3,1,3,1,0.9829713356973996
chb05,10,1,2,chb05_16.edf,2256,612,660,8,29,85,3,561,11,2,0,4,2,83,4,560,13,2,0,4,2,0.9900450650118204
chb05,10,2,2,chb05_16.edf,2256,612,660,8,6,78,0,564,18,0,0,4,4,78,0,564,18,0,0,4,4,0.9968232860520094
chb05,10,3,2,chb05_16.edf,2256,612,660,8,24,78,0,564,18,1,0,4,3,75,0,564,21,0,0,4,4,0.9947731973995272
chb05,10,0,3,chb05_17.edf,2400,324,780,8,10,97,5,655,23,2,0,4,2,97,5,655,23,2,0,4,2,0.9822727272727272
chb05,10,1,3,chb05_17.edf,2400,324,780,8,3,78,10,650,42,0,0,4,4,78,11,649,42,0,0,4,4,0.9743813131313132
chb05,10,2,3,chb05_17.edf,2400,324,780,8,10,86,14,646,34,1,0,4,3,90,10,650,30,1,0,4,3,0.9850505050505052
chb05,10,3,3,chb05_17.edf,2400,324,780,8,25,89,4,656,31,1,0,4,3,90,0,660,30,1,0,4,3,0.9895454545454546
chb05,10,0,4,chb05_22.edf,2370,384,780,8,3,108,86,577,9,4,2,2,0,108,86,577,9,4,2,2,0,0.9606425081538204
chb05,10,1,4,chb05_22.edf,2370,384,780,8,3,116,62,601,1,4,3,1,0,117,68,595,0,4,4,0,0,0.9909115519975248
chb05,10,2,4,chb05_22.edf,2370,384,780,8,1,115,97,566,2,3,3,1,1,116,97,566,1,3,3,1,1,0.992213584973766
chb05,10,3,4,chb05_22.edf,2370,384,780,8,7,117,42,621,0,4,4,0,0,117,43,620,0,4,4,0,0,0.99488210800428
chb07,3,0,0,chb07_12.edf,1260,186,522,8,10,83,36,400,3,4,1,3,0,83,36,400,3,4,1,3,0,0.9897589076168124
chb07,3,1,0,chb07_12.edf,1260,186,522,8,6,86,120,316,0,4,3,1,0,86,121,315,0,4,3,1,0,0.9867985918497972
chb07,3,2,0,chb07_12.edf,1260,186,522,8,40,86,50,386,0,4,1,3,0,86,53,383,0,4,2,2,0,0.999333262214636
chb07,3,3,0,chb07_12.edf,1260,186,522,8,19,86,46,390,0,4,3,1,0,86,44,392,0,4,3,1,0,0.9971463622786432
chb07,3,0,1,chb07_13.edf,1074,312,576,8,10,75,19,461,21,2,1,3,2,75,19,461,21,2,1,3,2,0.9690972222222222
chb07,3,1,1,chb07_13.edf,1074,312,576,8,8,79,17,463,17,3,0,4,1,81,16,464,15,3,0,4,1,0.9813585069444444
chb07,3,2,1,chb07_13.edf,1074,312,576,8,20,84,18,462,12,2,2,2,2,83,18,462,13,2,2,2,2,0.9868055555555556
chb07,3,3,1,chb07_13.edf,1074,312,576,8,28,84,19,461,12,4,2,2,0,85,15,465,11,4,1,3,0,0.9842664930555556
chb07,3,0,2,chb07_19.edf,978,126,882,8,13,77,11,728,66,2,0,4,2,77,11,728,66,2,0,4,2,0.9563008033914666
chb07,3,1,2,chb07_19.edf,978,126,882,8,24,73,5,734,70,1,0,4,3,73,6,733,70,1,0,4,3,0.946080982616842
chb07,3,2,2,chb07_19.edf,978,126,882,8,13,71,10,729,72,1,0,4,3,69,11,728,74,1,0,4,3,0.9570578271525498
chb07,3,3,2,chb07_19.edf,978,126,882,8,9,69,13,726,74,1,0,4,3,72,13,726,71,1,0,4,3,0.945333421652772
chb07,5,0,0,chb07_12.edf,1272,186,540,8,19,83,29,425,3,3,1,3,1,83,29,425,3,3,1,3,1,0.9949544104087696
chb07,5,1,0,chb07_12.edf,1272,186,540,8,3,86,151,303,0,4,2,2,0,86,159,295,0,4,3,1,0,0.97272308165147
chb07,5,2,0,chb07_12.edf,1272,186,540,8,8,86,56,398,0,4,0,4,0,86,57,397,0,4,1,3,0,0.990754021104395
chb07,5,3,0,chb07_12.edf,1272,186,540,8,17,86,85,369,0,4,2,2,0,86,78,376,0,4,2,2,0,0.9923675852883924
chb07,5,0,1,chb07_13.edf,1086,312,600,8,17,73,17,487,23,2,0,4,2,73,17,487,23,2,0,4,2,0.962880291005291
chb07,5,1,1,chb07_13.edf,1086,312,600,8,5,86,32,472,10,4,2,2,0,85,32,472,11,3,2,2,1,0.9701347552910052
chb07,5,2,1,chb07_13.edf,1086,312,600,8,6,80,18,486,16,2,2,2,2,80,17,487,16,2,2,2,2,0.9739583333333334
chb07,5,3,1,chb07_13.edf,1086,312,600,8,4,81,28,476,15,3,2,2,1,82,29,475,14,2,2,2,2,0.9716435185185184
chb07,5,0,2,chb07_19.edf,990,126,900,8,27,76,2,755,67,1,0,4,3,76,2,755,67,1,0,4,3,0.971261235462028
chb07,5,1,2,chb07_19.edf,990,126,900,8,23,73,1,756,70,1,0,4,3,73,2,755,70,0,0,4,4,0.9549750117781822
chb07,5,2,2,chb07_19.edf,990,126,900,8,8,51,2,755,92,0,0,4,4,52,2,755,91,0,0,4,4,0.9663836823678305
chb07,5,3,2,chb07_19.edf,990,126,900,8,11,94,9,748,49,0,0,4,4,96,9,748,47,0,0,4,4,0.9785036627837156
chb07,8,0,0,chb07_12.edf,1290,186,528,8,10,85,56,386,1,3,1,3,1,85,56,386,1,3,1,3,1,0.9833473639903187
chb07,8,1,0,chb07_12.edf,1290,186,528,8,10,86,75,367,0,4,2,2,0,86,73,369,0,4,2,2,0,0.9807429232873828
chb07,8,2,0,chb07_12.edf,1290,186,528,8,3,86,150,292,0,4,3,1,0,86,154,288,0,4,3,1,0,0.9651952015153108
chb07,8,3,0,chb07_12.edf,1290,186,528,8,6,86,88,354,0,4,2,2,0,86,91,351,0,4,2,2,0,0.9806640008418396
chb07,8,0,1,chb07_13.edf,1104,312,624,8,6,69,14,514,27,2,1,3,2,69,14,514,27,2,1,3,2,0.9680595012626262
chb07,8,1,1,chb07_13.edf,1104,312,624,8,5,71,8,520,25,2,1,3,2,71,9,519,25,2,2,2,2,0.9840396148989898
chb07,8,2,1,chb07_13.edf,1104,312,624,8,9,92,11,517,4,4,2,2,0,91,12,516,5,4,3,1,0,0.9938249684343434
chb07,8,3,1,chb07_13.edf,1104,312,624,8,9,76,7,521,20,2,2,2,2,75,8,520,21,2,2,2,2,0.9917534722222222
chb07,8,0,2,chb07_19.edf,1008,126,864,8,17,94,3,718,49,2,0,4,2,94,3,718,49,2,0,4,2,0.9764701318099376
chb07,8,1,2,chb07_19.edf,1008,126,864,8,6,86,5,716,57,2,0,4,2,83,2,719,60,3,0,4,1,0.9573921224406662
chb07,8,2,2,chb07_19.edf,1008,126,864,8,23,72,0,721,71,2,0,4,2,74,0,721,69,2,0,4,2,0.9525620011056904
chb07,8,3,2,chb07_19.edf,1008,126,864,8,15,83,1,720,60,2,0,4,2,79,1,720,64,2,0,4,2,0.9729202835998952
chb07,10,0,0,chb07_12.edf,1296,186,540,8,31,85,114,340,1,3,1,3,1,85,114,340,1,3,1,3,1,0.9907540211043953
chb07,10,1,0,chb07_12.edf,1296,186,540,8,3,86,153,301,0,4,3,1,0,86,141,313,0,4,1,3,0,0.9616330294027252
chb07,10,2,0,chb07_12.edf,1296,186,540,8,16,86,68,386,0,4,0,4,0,85,72,382,1,4,0,4,0,0.9742854215756582
chb07,10,3,0,chb07_12.edf,1296,186,540,8,3,86,124,330,0,4,3,1,0,86,128,326,0,4,2,2,0,0.9581753918655876
chb07,10,0,1,chb07_13.edf,1116,312,660,8,4,70,28,536,26,2,0,4,2,70,28,536,26,2,0,4,2,0.9510379728132388
chb07,10,1,1,chb07_13.edf,1116,312,660,8,9,75,16,548,21,3,0,4,1,70,16,548,26,3,2,2,1,0.9714649822695036
chb07,10,2,1,chb07_13.edf,1116,312,660,8,7,82,25,539,14,2,2,2,2,80,27,537,16,2,2,2,2,0.9813460401891252
chb07,10,3,1,chb07_13.edf,1116,312,660,8,14,84,17,547,12,2,2,2,2,87,20,544,9,2,2,2,2,0.9850768321513004
chb07,10,0,2,chb07_19.edf,1020,126,960,8,19,85,5,812,58,2,0,4,2,85,5,812,58,2,0,4,2,0.9720108532838032
chb07,10,1,2,chb07_19.edf,1020,126,960,8,11,66,5,812,77,1,0,4,3,61,4,813,82,0,0,4,4,0.9600876479701448
chb07,10,2,2,chb07_19.edf,1020,126,960,8,24,59,0,817,84,0,0,4,4,60,0,817,83,0,0,4,4,0.9601561229468206
chb07,10,3,2,chb07_19.edf,1020,126,960,8,18,64,3,814,79,0,0,4,4,64,0,817,79,0,0,4,4,0.9635541936643528
chb08,3,0,0,chb08_02.edf,3540,948,1026,8,28,152,64,791,19,4,1,3,0,152,64,791,19,4,1,3,0,0.9587838993194489
chb08,3,1,0,chb08_02.edf,3540,948,1026,8,26,165,85,770,6,4,2,2,0,165,86,769,6,4,2,2,0,0.977483670189118
chb08,3,2,0,chb08_02.edf,3540,948,1026,8,11,164,66,789,7,4,2,2,0,162,67,788,9,4,2,2,0,0.9768680961663416
chb08,3,3,0,chb08_02.edf,3540,948,1026,8,41,163,70,785,8,4,0,4,0,161,75,780,10,4,1,3,0,0.971683594952293
chb08,3,0,1,chb08_05.edf,3756,618,1152,8,22,136,120,842,54,0,0,4,4,136,120,842,54,0,0,4,4,0.8842324105482
chb08,3,1,1,chb08_05.edf,3756,618,1152,8,14,139,78,884,51,0,0,4,4,143,81,881,47,0,0,4,4,0.917983367983368
chb08,3,2,1,chb08_05.edf,3756,618,1152,8,9,131,60,902,59,0,0,4,4,129,61,901,61,0,0,4,4,0.9254349491191596
chb08,3,3,1,chb08_05.edf,3756,618,1152,8,24,155,107,855,35,0,0,4,4,156,104,858,34,0,0,4,4,0.9287722945617682
chb08,3,0,2,chb08_11.edf,3858,840,810,8,9,121,22,654,13,0,1,3,4,121,22,654,13,0,1,3,4,0.9768391768965822
chb08,3,1,2,chb08_11.edf,3858,840,810,8,8,123,17,659,11,0,0,4,4,122,17,659,12,0,1,3,4,0.9916651947363772
chb08,3,2,2,chb08_11.edf,3858,840,810,8,8,123,11,665,11,0,0,4,4,122,12,664,12,0,0,4,4,0.9857480349730636
chb08,3,3,2,chb08_11.edf,3858,840,810,8,8,123,21,655,11,0,1,3,4,123,20,656,11,0,1,3,4,0.9871279696193588
chb08,3,0,3,chb08_13.edf,3822,720,972,8,13,147,51,761,13,3,2,2,1,147,51,761,13,3,2,2,1,0.9857065886699508
chb08,3,1,3,chb08_13.edf,3822,720,972,8,3,145,21,791,15,0,2,2,4,145,18,794,15,0,2,2,4,0.9844134852216748
chb08,3,2,3,chb08_13.edf,3822,720,972,8,8,157,56,756,3,3,4,0,1,157,61,751,3,3,4,0,1,0.9884082512315272
chb08,3,3,3,chb08_13.edf,3822,720,972,8,6,149,21,791,11,0,2,2,4,150,19,793,10,0,2,2,4,0.9879849137931034
chb08,3,0,4,chb08_21.edf,2892,1050,1602,8,18,217,140,1198,47,2,1,3,2,217,140,1198,47,2,1,3,2,0.9312321646962902
chb08,3,1,4,chb08_21.edf,2892,1050,1602,8,8,211,83,1255,53,1,0,4,3,214,80,1258,50,1,0,4,3,0.9485663813018071
chb08,3,2,4,chb08_21.edf,2892,1050,1602,8,10,229,100,1238,35,1,0,4,3,228,97,1241,36,1,0,4,3,0.9492458214431309
chb08,3,3,4,chb08_21.edf,2892,1050,1602,8,21,220,89,1249,44,1,0,4,3,219,93,1245,45,1,2,2,3,0.9494354984825836
chb08,5,0,0,chb08_02.edf,3552,930,1050,8,14,156,78,801,15,4,1,3,0,156,78,801,15,4,1,3,0,0.9648590570092276
chb08,5,1,0,chb08_02.edf,3552,930,1050,8,17,164,57,822,7,4,2,2,0,162,54,825,9,4,2,2,0,0.978989947375074
chb08,5,2,0,chb08_02.edf,3552,930,1050,8,11,162,52,827,9,4,2,2,0,161,47,832,10,4,2,2,0,0.983001683199276
chb08,5,3,0,chb08_02.edf,3552,930,1050,8,24,163,50,829,8,4,2,2,0,162,49,830,9,4,2,2,0,0.9857892740953634
chb08,5,0,1,chb08_05.edf,3768,606,1170,8,24,143,95,885,47,1,0,4,3,143,95,885,47,1,0,4,3,0.9093984962406017
chb08,5,1,1,chb08_05.edf,3768,606,1170,8,31,135,83,897,55,0,0,4,4,138,74,906,52,1,0,4,3,0.9189581095596132
chb08,5,2,1,chb08_05.edf,3768,606,1170,8,44,156,110,870,34,1,2,2,3,151,108,872,39,1,2,2,3,0.9438882921589687
chb08,5,3,1,chb08_05.edf,3768,606,1170,8,40,150,117,863,40,1,2,2,3,146,115,865,44,1,2,2,3,0.931342642320086
chb08,5,0,2,chb08_11.edf,3870,816,840,8,11,118,9,697,16,0,0,4,4,118,9,697,16,0,0,4,4,0.9859308274491564
chb08,5,1,2,chb08_11.edf,3870,816,840,8,4,123,2,704,11,0,0,4,4,122,3,703,12,0,0,4,4,0.9897573041309036
chb08,5,2,2,chb08_11.edf,3870,816,840,8,5,124,2,704,10,0,0,4,4,122,5,701,12,0,0,4,4,0.992896706270348
chb08,5,3,2,chb08_11.edf,3870,816,840,8,10,125,0,706,9,0,0,4,4,125,0,706,9,0,0,4,4,0.9949156483869604
chb08,5,0,3,chb08_13.edf,3822,708,990,8,18,149,40,790,11,3,2,2,1,149,40,790,11,3,2,2,1,0.9857831325301204
chb08,5,1,3,chb08_13.edf,3822,708,990,8,4,149,23,807,11,0,2,2,4,149,24,806,11,0,1,3,4,0.985835843373494
chb08,5,2,3,chb08_13.edf,3822,708,990,8,6,153,45,785,7,2,2,2,2,154,47,783,6,2,2,2,2,0.9893147590361446
chb08,5,3,3,chb08_13.edf,3822,708,990,8,4,151,34,796,9,0,2,2,4,151,31,799,9,0,2,2,4,0.9892469879518072
chb08,5,0,4,chb08_21.edf,2916,1032,1620,8,14,210,118,1238,54,2,0,4,2,210,118,1238,54,2,0,4,2,0.9343769553946544
chb08,5,1,4,chb08_21.edf,2916,1032,1620,8,9,212,98,1258,52,0,0,4,4,210,93,1263,54,0,0,4,4,0.951441963886654
chb08,5,2,4,chb08_21.edf,2916,1032,1620,8,13,209,78,1278,55,0,0,4,4,210,68,1288,54,0,0,4,4,0.9525649191025296
chb08,5,3,4,chb08_21.edf,2916,1032,1620,8,19,231,110,1246,33,2,2,2,2,230,107,1249,34,2,2,2,2,0.9480675113971574
chb08,8,0,0,chb08_02.edf,3570,894,1104,8,25,153,53,880,18,4,1,3,0,153,53,880,18,4,1,3,0,0.9686542186119104
chb08,8,1,0,chb08_02.edf,3570,894,1104,8,9,166,60,873,5,4,3,1,0,165,61,872,6,4,3,1,0,0.9864487943689164
chb08,8,2,0,chb08_02.edf,3570,894,1104,8,7,162,23,910,9,2,2,2,2,161,31,902,10,2,2,2,2,0.990598145954382
chb08,8,3,0,chb08_02.edf,3570,894,1104,8,18,167,31,902,4,4,2,2,0,163,35,898,8,2,2,2,2,0.9886927035344704
chb08,8,0,1,chb08_05.edf,3786,588,1152,8,16,131,65,897,59,0,0,4,4,131,65,897,59,0,0,4,4,0.9197997592734436
chb08,8,1,1,chb08_05.edf,3786,588,1152,8,30,143,99,863,47,0,0,4,4,138,109,853,52,0,0,4,4,0.9224969909180436
chb08,8,2,1,chb08_05.edf,3786,588,1152,8,40,134,46,916,56,0,0,4,4,135,45,917,55,2,0,4,2,0.9418918918918918
chb08,8,3,1,chb08_05.edf,3786,588,1152,8,19,150,32,930,40,0,0,4,4,156,34,928,34,0,0,4,4,0.95419083050662
chb08,8,0,2,chb08_11.edf,3888,780,864,8,8,121,15,715,13,0,0,4,4,121,15,715,13,0,0,4,4,0.9821713351052956
chb08,8,1,2,chb08_11.edf,3888,780,864,8,5,122,13,717,12,0,0,4,4,122,12,718,12,0,0,4,4,0.9882437129421386
chb08,8,2,2,chb08_11.edf,3888,780,864,8,5,120,16,714,14,0,0,4,4,117,12,718,17,0,0,4,4,0.986597832754038
chb08,8,3,2,chb08_11.edf,3888,780,864,8,4,128,17,713,6,0,0,4,4,124,14,716,10,0,0,4,4,0.9874463299938664
chb08,8,0,3,chb08_13.edf,3822,690,1008,8,13,152,64,784,8,3,2,2,1,152,64,784,8,3,2,2,1,0.9855321344339624
chb08,8,1,3,chb08_13.edf,3822,690,1008,8,3,150,34,814,10,1,2,2,3,154,37,811,6,3,3,1,1,0.981308962264151
chb08,8,2,3,chb08_13.edf,3822,690,1008,8,7,159,46,802,1,3,2,2,1,158,43,805,2,4,3,1,0,0.992357016509434
chb08,8,3,3,chb08_13.edf,3822,690,1008,8,11,154,30,818,6,2,2,2,2,155,24,824,5,3,2,2,1,0.990964033018868
chb08,8,0,4,chb08_21.edf,2952,996,1632,8,16,212,122,1246,52,1,0,4,3,212,122,1246,52,1,0,4,3,0.9398286594010278
chb08,8,1,4,chb08_21.edf,2952,996,1632,8,9,216,107,1261,48,2,0,4,2,222,121,1247,42,0,1,3,4,0.950131800460748
chb08,8,2,4,chb08_21.edf,2952,996,1632,8,8,220,75,1293,44,2,1,3,2,221,90,1278,43,1,1,3,3,0.9610357965621124
chb08,8,3,4,chb08_21.edf,2952,996,1632,8,4,215,84,1284,49,2,1,3,2,226,95,1273,38,2,1,3,2,0.9646187754740386
chb08,10,0,0,chb08_02.edf,3582,870,1080,8,16,159,71,838,12,4,1,3,0,159,71,838,12,4,1,3,0,0.9667329306030016
chb08,10,1,0,chb08_02.edf,3582,870,1080,8,12,166,68,841,5,4,3,1,0,164,59,850,7,4,2,2,0,0.9740862975186408
chb08,10,2,0,chb08_02.edf,3582,870,1080,8,5,170,40,869,1,4,2,2,0,168,46,863,3,4,2,2,0,0.9936052084740638
chb08,10,3,0,chb08_02.edf,3582,870,1080,8,22,170,34,875,1,4,2,2,0,166,32,877,5,4,2,2,0,0.9941777803511344
chb08,10,0,1,chb08_05.edf,3798,576,1200,8,30,135,72,938,55,1,0,4,3,135,72,938,55,1,0,4,3,0.9138978634705576
chb08,10,1,1,chb08_05.edf,3798,576,1200,8,27,145,93,917,45,0,0,4,4,150,94,916,40,0,0,4,4,0.9351902032308492
chb08,10,2,1,chb08_05.edf,3798,576,1200,8,33,143,78,932,47,0,1,3,4,138,67,943,52,0,0,4,4,0.9409327774882752
chb08,10,3,1,chb08_05.edf,3798,576,1200,8,8,137,37,973,53,0,0,4,4,141,40,970,49,0,0,4,4,0.9455966649296508
chb08,10,0,2,chb08_11.edf,3900,756,900,8,8,122,14,752,12,0,0,4,4,122,14,752,12,0,0,4,4,0.9815186469740071
chb08,10,1,2,chb08_11.edf,3900,756,900,8,6,123,2,764,11,0,0,4,4,120,3,763,14,0,1,3,4,0.9941935232453918
chb08,10,2,2,chb08_11.edf,3900,756,900,8,7,124,8,758,10,0,0,4,4,122,5,761,12,0,0,4,4,0.9950605977943182
chb08,10,3,2,chb08_11.edf,3900,756,900,8,11,130,4,762,4,0,0,4,4,126,7,759,8,0,0,4,4,0.9962004598417832
chb08,10,0,3,chb08_13.edf,3822,678,1020,8,15,149,39,821,11,3,2,2,1,149,39,821,11,3,2,2,1,0.9863662790697676
chb08,10,1,3,chb08_13.edf,3822,678,1020,8,18,155,44,816,5,3,4,0,1,155,41,819,5,2,2,2,2,0.993844476744186
chb08,10,2,3,chb08_13.edf,3822,678,1020,8,6,157,31,829,3,2,2,2,2,157,32,828,3,2,2,2,2,0.9974273255813954
chb08,10,3,3,chb08_13.edf,3822,678,1020,8,4,156,26,834,4,1,2,2,3,157,30,830,3,2,2,2,2,0.9959883720930232
chb08,10,0,4,chb08_21.edf,2976,972,1620,8,11,203,94,1262,61,2,0,4,2,203,94,1262,61,2,0,4,2,0.9468132653973362
chb08,10,1,4,chb08_21.edf,2976,972,1620,8,7,207,45,1311,57,1,0,4,3,205,43,1313,59,2,1,3,2,0.9547689282202556
chb08,10,2,4,chb08_21.edf,2976,972,1620,8,8,221,42,1314,43,2,1,3,2,219,56,1300,45,2,1,3,2,0.9595205372307142
chb08,10,3,4,chb08_21.edf,2976,972,1620,8,12,221,55,1301,43,2,1,3,2,221,75,1281,43,2,2,2,2,0.9735351300616788
chb09,3,0,0,chb09_06.edf,1170,126,396,8,1,23,9,323,41,1,0,4,3,23,9,323,41,1,0,4,3,0.8053463855421689
chb09,3,1,0,chb09_06.edf,1170,126,396,8,2,58,46,286,6,2,1,3,2,59,51,281,5,2,2,2,2,0.922016189759036
chb09,3,2,0,chb09_06.edf,1170,126,396,8,1,0,0,332,64,0,0,4,4,0,0,332,64,0,0,4,4,0.8531626506024096
chb09,3,3,0,chb09_06.edf,1170,126,396,8,1,5,6,326,59,2,0,4,2,6,9,323,58,2,0,4,2,0.8114175451807228
chb09,3,0,1,chb09_08.edf,438,330,918,16,31,106,49,719,44,2,1,7,6,106,49,719,44,2,1,7,6,0.928420138888889
chb09,3,1,1,chb09_08.edf,438,330,918,16,37,130,46,722,20,4,1,7,4,130,47,721,20,5,1,7,3,0.9680642361111113
chb09,3,2,1,chb09_08.edf,438,330,918,16,26,118,55,713,32,4,2,6,4,116,56,712,34,4,1,7,4,0.9550954861111112
chb09,3,3,1,chb09_08.edf,438,330,918,16,25,120,51,717,30,2,0,8,6,123,56,712,27,2,0,8,6,0.9551822916666668
chb09,3,0,2,chb09_19.edf,1146,162,378,8,17,54,27,289,8,3,0,4,1,54,27,289,8,3,0,4,1,0.916343405471621
chb09,3,1,2,chb09_19.edf,1146,162,378,8,8,53,13,303,9,3,1,3,1,54,12,304,8,3,0,4,1,0.9225704369130256
chb09,3,2,2,chb09_19.edf,1146,162,378,8,8,52,9,307,10,3,1,3,1,53,10,306,9,3,1,3,1,0.9167517354022048
chb09,3,3,2,chb09_19.edf,1146,162,378,8,12,54,20,296,8,2,1,3,2,54,20,296,8,2,1,3,2,0.9156288280930992
chb09,5,0,0,chb09_06.edf,1194,126,390,8,1,0,0,326,64,0,0,4,4,0,0,326,64,0,0,4,4,0.8981019938650305
chb09,5,1,0,chb09_06.edf,1194,126,390,8,3,59,109,217,5,2,3,1,2,57,116,210,7,2,3,1,2,0.8426476226993864
chb09,5,2,0,chb09_06.edf,1194,126,390,8,1,0,0,326,64,0,0,4,4,0,0,326,64,0,0,4,4,0.7901648773006136
chb09,5,3,0,chb09_06.edf,1194,126,390,8,1,0,0,326,64,0,0,4,4,0,0,326,64,0,0,4,4,0.7000575153374233
chb09,5,0,1,chb09_08.edf,450,330,930,16,33,117,59,721,33,3,1,7,5,117,59,721,33,3,1,7,5,0.9376923076923076
chb09,5,1,1,chb09_08.edf,450,330,930,16,28,126,28,752,24,4,0,8,4,127,29,751,23,4,0,8,4,0.9755470085470084
chb09,5,2,1,chb09_08.edf,450,330,930,16,17,146,86,694,4,5,2,6,3,142,86,694,8,5,2,6,3,0.9753931623931624
chb09,5,3,1,chb09_08.edf,450,330,930,16,24,125,17,763,25,4,0,8,4,123,17,763,27,2,1,7,6,0.9825042735042736
chb09,5,0,2,chb09_19.edf,1170,162,420,8,14,54,27,331,8,3,0,4,1,54,27,331,8,3,0,4,1,0.9116958010452334
chb09,5,1,2,chb09_19.edf,1170,162,420,8,6,55,21,337,7,3,0,4,1,53,24,334,9,2,0,4,2,0.9062894215173906
chb09,5,2,2,chb09_19.edf,1170,162,420,8,6,54,15,343,8,2,0,4,2,54,14,344,8,2,0,4,2,0.9116507478825012
chb09,5,3,2,chb09_19.edf,1170,162,420,8,10,53,18,340,9,2,0,4,2,53,14,344,9,2,0,4,2,0.907460803748423
chb09,8,0,0,chb09_06.edf,1230,126,432,8,1,0,0,368,64,0,0,4,4,0,0,368,64,0,0,4,4,0.8792883831521741
chb09,8,1,0,chb09_06.edf,1230,126,432,8,2,33,39,329,31,2,1,3,2,34,36,332,30,2,1,3,2,0.8591627038043478
chb09,8,2,0,chb09_06.edf,1230,126,432,8,0,0,0,368,64,0,0,4,4,0,0,368,64,0,0,4,4,0.7297044836956522
chb09,8,3,0,chb09_06.edf,1230,126,432,8,1,8,18,350,56,2,0,4,2,10,19,349,54,2,0,4,2,0.8577190896739131
chb09,8,0,1,chb09_08.edf,468,318,1008,16,23,108,50,808,42,2,0,8,6,108,50,808,42,2,0,8,6,0.9333411033411034
chb09,8,1,1,chb09_08.edf,468,318,1008,16,21,119,29,829,31,2,0,8,6,119,24,834,31,1,0,8,7,0.971072261072261
chb09,8,2,1,chb09_08.edf,468,318,1008,16,19,126,18,840,24,2,0,8,6,118,12,846,32,0,1,7,8,0.9784537684537684
chb09,8,3,1,chb09_08.edf,468,318,1008,16,20,129,18,840,21,2,0,8,6,124,18,840,26,1,1,7,7,0.9716394716394716
chb09,8,0,2,chb09_19.edf,1194,162,432,8,16,54,21,349,8,3,0,4,1,54,21,349,8,3,0,4,1,0.9123801220575414
chb09,8,1,2,chb09_19.edf,1194,162,432,8,3,51,15,355,11,3,0,4,1,49,17,353,13,3,0,4,1,0.9096338273757628
chb09,8,2,2,chb09_19.edf,1194,162,432,8,5,46,2,368,16,1,0,4,3,46,4,366,16,1,0,4,3,0.9047515257192676
chb09,8,3,2,chb09_19.edf,1194,162,432,8,10,52,10,360,10,2,0,4,2,48,15,355,14,2,1,3,2,0.8849607672188317
chb09,10,0,0,chb09_06.edf,1254,126,420,8,0,0,0,356,64,0,0,4,4,0,0,356,64,0,0,4,4,0.795119382022472
chb09,10,1,0,chb09_06.edf,1254,126,420,8,0,0,0,356,64,0,0,4,4,0,0,356,64,0,0,4,4,0.743504213483146
chb09,10,2,0,chb09_06.edf,1254,126,420,8,0,0,0,356,64,0,0,4,4,0,0,356,64,0,0,4,4,0.6978142556179775
chb09,10,3,0,chb09_06.edf,1254,126,420,8,0,0,0,356,64,0,0,4,4,0,0,356,64,0,0,4,4,0.8101738061797753
chb09,10,0,1,chb09_08.edf,480,306,960,16,25,106,38,772,44,2,0,8,6,106,38,772,44,2,0,8,6,0.948329218106996
chb09,10,1,1,chb09_08.edf,480,306,960,16,32,128,27,783,22,4,0,8,4,123,23,787,27,4,1,7,4,0.9773086419753084
chb09,10,2,1,chb09_08.edf,480,306,960,16,18,142,34,776,8,5,2,6,3,137,31,779,13,6,2,6,2,0.9851604938271604
chb09,10,3,1,chb09_08.edf,480,306,960,16,14,137,30,780,13,6,1,7,2,131,35,775,19,5,1,7,3,0.9756543209876544
chb09,10,0,2,chb09_19.edf,1206,162,480,8,7,55,32,386,7,3,0,4,1,55,32,386,7,3,0,4,1,0.9017595307917888
chb09,10,1,2,chb09_19.edf,1206,162,480,8,4,48,12,406,14,2,0,4,2,46,11,407,16,3,0,4,1,0.9140685290939958
chb09,10,2,2,chb09_19.edf,1206,162,480,8,3,52,13,405,10,1,0,4,3,49,16,402,13,2,0,4,2,0.9148402531254824
chb09,10,3,2,chb09_19.edf,1206,162,480,8,3,50,12,406,12,1,0,4,3,49,15,403,13,1,0,4,3,0.8914956011730205
chb10,3,0,0,chb10_31.edf;chb10_89.edf,1812,126,792,16,2,114,73,589,16,4,1,7,4,114,73,589,16,4,1,7,4,0.9421682547060192
chb10,3,1,0,chb10_31.edf;chb10_89.edf,1812,126,792,16,7,124,75,587,6,6,2,6,2,123,77,585,7,5,2,6,3,0.9717174064606088
chb10,3,2,0,chb10_31.edf;chb10_89.edf,1812,126,792,16,1,111,45,617,19,5,0,8,3,113,43,619,17,4,0,8,4,0.9465256797583084
chb10,3,3,0,chb10_31.edf;chb10_89.edf,1812,126,792,16,13,119,9,653,11,5,0,8,3,120,12,650,10,5,0,8,3,0.9847083430165
chb10,3,0,1,chb10_30.edf,1866,516,360,8,10,51,9,293,7,2,2,2,2,51,9,293,7,2,2,2,2,0.9754510162137474
chb10,3,1,1,chb10_30.edf,1866,516,360,8,7,54,2,300,4,2,0,4,2,54,3,299,4,2,0,4,2,0.9872687828271294
chb10,3,2,1,chb10_30.edf,1866,516,360,8,8,51,0,302,7,2,0,4,2,52,0,302,6,2,0,4,2,0.9873829641470656
chb10,3,3,1,chb10_30.edf,1866,516,360,8,7,54,0,302,4,2,0,4,2,54,0,302,4,2,0,4,2,0.9849851564284084
chb10,3,0,2,chb10_20.edf,1668,630,432,8,9,66,25,337,4,2,1,3,2,66,25,337,4,2,1,3,2,0.9902131018153116
chb10,3,1,2,chb10_20.edf,1668,630,432,8,6,69,28,334,1,4,2,2,0,70,27,335,0,4,2,2,0,0.99672454617206
chb10,3,2,2,chb10_20.edf,1668,630,432,8,10,70,28,334,0,4,2,2,0,70,29,333,0,4,2,2,0,0.99956590370955
chb10,3,3,2,chb10_20.edf,1668,630,432,8,17,68,22,340,2,3,0,4,1,69,23,339,1,4,0,4,0,0.9957379636937648
chb10,3,0,3,chb10_27.edf,1770,570,396,8,5,59,14,317,6,4,1,3,0,59,14,317,6,4,1,3,0,0.9190797118289566
chb10,3,1,3,chb10_27.edf,1770,570,396,8,7,58,8,323,7,4,1,3,0,57,11,320,8,4,1,3,0,0.960167325122008
chb10,3,2,3,chb10_27.edf,1770,570,396,8,5,57,9,322,8,4,1,3,0,57,10,321,8,4,1,3,0,0.9572391354868696
chb10,3,3,3,chb10_27.edf,1770,570,396,8,41,62,4,327,3,4,1,3,0,61,3,328,4,4,1,3,0,0.9976295607715548
chb10,3,0,4,chb10_12.edf;chb10_38.edf,1536,450,756,16,2,106,16,616,18,3,0,8,5,106,16,616,18,3,0,8,5,0.9746325030624744
chb10,3,1,4,chb10_12.edf;chb10_38.edf,1536,450,756,16,4,119,14,618,5,4,2,6,4,118,17,615,6,4,3,5,4,0.9912081461821152
chb10,3,2,4,chb10_12.edf;chb10_38.edf,1536,450,756,16,15,121,18,614,3,5,3,5,3,121,20,612,3,5,3,5,3,0.9982263168640262
chb10,3,3,4,chb10_12.edf;chb10_38.edf,1536,450,756,16,3,120,65,567,4,5,4,4,3,120,65,567,4,5,4,4,3,0.9907232543895468
chb10,5,0,0,chb10_31.edf;chb10_89.edf,1848,126,840,16,2,104,62,648,26,4,1,7,4,104,62,648,26,4,1,7,4,0.9094366197183098
chb10,5,1,0,chb10_31.edf;chb10_89.edf,1848,126,840,16,0,47,5,705,83,1,0,8,7,47,4,706,83,1,0,8,7,0.8947995666305526
chb10,5,2,0,chb10_31.edf;chb10_89.edf,1848,126,840,16,12,122,25,685,8,4,2,6,4,121,26,684,9,4,3,5,4,0.9791765980498376
chb10,5,3,0,chb10_31.edf;chb10_89.edf,1848,126,840,16,2,124,70,640,6,4,2,6,4,124,76,634,6,4,3,5,4,0.9759804983748646
chb10,5,0,1,chb10_30.edf,1914,516,360,8,12,52,5,297,6,2,0,4,2,52,5,297,6,2,0,4,2,0.9784197305320848
chb10,5,1,1,chb10_30.edf,1914,516,360,8,13,52,4,298,6,2,1,3,2,54,4,298,4,2,1,3,2,0.9840717058689198
chb10,5,2,1,chb10_30.edf,1914,516,360,8,6,54,4,298,4,2,1,3,2,54,5,297,4,2,1,3,2,0.9876113267869376
chb10,5,3,1,chb10_30.edf,1914,516,360,8,26,54,2,300,4,2,1,3,2,54,2,300,4,2,1,3,2,0.9886389586663622
chb10,5,0,2,chb10_20.edf,1716,618,450,8,14,63,12,368,7,2,1,3,2,63,12,368,7,2,1,3,2,0.9875563909774436
chb10,5,1,2,chb10_20.edf,1716,618,450,8,4,69,19,361,1,4,0,4,0,69,21,359,1,3,2,2,1,0.9966541353383458
chb10,5,2,2,chb10_20.edf,1716,618,450,8,2,68,11,369,2,2,0,4,2,68,11,369,2,2,1,3,2,0.9975187969924812
chb10,5,3,2,chb10_20.edf,1716,618,450,8,2,68,18,362,2,2,1,3,2,68,18,362,2,2,2,2,2,0.995187969924812
chb10,5,0,3,chb10_27.edf,1818,570,420,8,3,57,6,349,8,4,0,4,0,57,6,349,8,4,0,4,0,0.9317009750812566
chb10,5,1,3,chb10_27.edf,1818,570,420,8,2,58,1,354,7,3,0,4,1,57,5,350,8,3,2,2,1,0.9770314192849404
chb10,5,2,3,chb10_27.edf,1818,570,420,8,4,61,6,349,4,4,3,1,0,59,7,348,6,3,4,0,1,0.98080173347779
chb10,5,3,3,chb10_27.edf,1818,570,420,8,5,62,14,341,3,4,4,0,0,62,15,340,3,4,4,0,0,0.991679306608884
chb10,5,0,4,chb10_12.edf;chb10_38.edf,1572,456,810,16,4,109,12,674,15,3,0,8,5,109,12,674,15,3,0,8,5,0.973114360951754
chb10,5,1,4,chb10_12.edf;chb10_38.edf,1572,456,810,16,2,118,27,659,6,3,0,8,5,116,32,654,8,2,1,7,6,0.9820135427442864
chb10,5,2,4,chb10_12.edf;chb10_38.edf,1572,456,810,16,1,113,2,684,11,1,0,8,7,113,3,683,11,1,0,8,7,0.9813904824602652
chb10,5,3,4,chb10_12.edf;chb10_38.edf,1572,456,810,16,2,117,19,667,7,2,1,7,6,117,23,663,7,2,3,5,6,0.9887966707420296
chb10,8,0,0,chb10_31.edf;chb10_89.edf,1902,126,864,16,1,102,70,664,28,4,1,7,4,102,70,664,28,4,1,7,4,0.90237895619367
chb10,8,1,0,chb10_31.edf;chb10_89.edf,1902,126,864,16,4,122,12,722,8,5,1,7,3,124,17,717,6,5,3,5,3,0.9776357157828546
chb10,8,2,0,chb10_31.edf;chb10_89.edf,1902,126,864,16,0,0,0,734,130,0,0,8,8,0,0,734,130,0,0,8,8,0.884699224481241
chb10,8,3,0,chb10_31.edf;chb10_89.edf,1902,126,864,16,6,125,4,730,5,6,2,6,2,124,8,726,6,5,2,6,3,0.9810731502829596
chb10,8,0,1,chb10_30.edf,1986,516,384,8,11,52,12,314,6,2,1,3,2,52,12,314,6,2,1,3,2,0.9756187856991748
chb10,8,1,1,chb10_30.edf,1986,516,384,8,16,49,4,322,9,2,0,4,2,51,6,320,7,2,2,2,2,0.9826528453564628
chb10,8,2,1,chb10_30.edf,1986,516,384,8,10,57,7,319,1,3,2,2,1,54,10,316,4,2,3,1,2,0.997144066003808
chb10,8,3,1,chb10_30.edf,1986,516,384,8,5,52,6,320,6,2,2,2,2,51,6,320,7,2,2,2,2,0.989792680346943
chb10,8,0,2,chb10_20.edf,1788,600,432,8,14,64,10,352,6,2,0,4,2,64,10,352,6,2,0,4,2,0.992659826361484
chb10,8,1,2,chb10_20.edf,1788,600,432,8,6,70,29,333,0,4,2,2,0,70,33,329,0,4,2,2,0,0.9958563535911604
chb10,8,2,2,chb10_20.edf,1788,600,432,8,3,70,20,342,0,4,0,4,0,70,19,343,0,4,2,2,0,0.998145224940805
chb10,8,3,2,chb10_20.edf,1788,600,432,8,3,70,52,310,0,4,2,2,0,70,53,309,0,4,2,2,0,0.9991318074191002
chb10,8,0,3,chb10_27.edf,1890,570,432,8,3,58,15,352,7,4,0,4,0,58,15,352,7,4,0,4,0,0.925717878851394
chb10,8,1,3,chb10_27.edf,1890,570,432,8,2,60,13,354,5,4,2,2,0,62,13,354,3,4,2,2,0,0.9798365122615804
chb10,8,2,3,chb10_27.edf,1890,570,432,8,3,62,8,359,3,4,3,1,0,62,9,358,3,4,2,2,0,0.9938796897924964
chb10,8,3,3,chb10_27.edf,1890,570,432,8,8,63,17,350,2,4,3,1,0,64,16,351,1,4,3,1,0,0.996101446237686
chb10,8,0,4,chb10_12.edf;chb10_38.edf,1626,456,816,16,7,114,24,668,10,3,0,8,5,114,24,668,10,3,0,8,5,0.9810507178817826
chb10,8,1,4,chb10_12.edf;chb10_38.edf,1626,456,816,16,3,116,2,690,8,2,0,8,6,115,3,689,9,3,0,8,5,0.9919937534961776
chb10,8,2,4,chb10_12.edf;chb10_38.edf,1626,456,816,16,7,117,1,691,7,3,0,8,5,118,4,688,6,4,3,5,4,0.9953500839082604
chb10,8,3,4,chb10_12.edf;chb10_38.edf,1626,456,816,16,1,102,3,689,22,2,0,8,6,101,2,690,23,1,0,8,7,0.9782887376468394
chb10,10,0,0,chb10_31.edf;chb10_89.edf,1938,126,840,16,0,53,3,707,77,0,0,8,8,53,3,707,77,0,0,8,8,0.8910292524377031
chb10,10,1,0,chb10_31.edf;chb10_89.edf,1938,126,840,16,1,99,21,689,31,4,0,8,4,100,20,690,30,4,0,8,4,0.9478439869989166
chb10,10,2,0,chb10_31.edf;chb10_89.edf,1938,126,840,16,13,123,21,689,7,5,2,6,3,123,33,677,7,6,4,4,2,0.97738894907909
chb10,10,3,0,chb10_31.edf;chb10_89.edf,1938,126,840,16,5,122,16,694,8,5,2,6,3,119,25,685,11,5,5,3,3,0.9805200433369448
chb10,10,0,1,chb10_30.edf,2034,516,360,8,10,52,4,298,6,2,1,3,2,52,4,298,6,2,1,3,2,0.978419730532085
chb10,10,1,1,chb10_30.edf,2034,516,360,8,5,55,11,291,3,2,1,3,2,54,7,295,4,3,2,2,1,0.9820164421100708
chb10,10,2,1,chb10_30.edf,2034,516,360,8,7,56,4,298,2,2,1,3,2,54,2,300,4,3,2,2,1,0.9955469285224936
chb10,10,3,1,chb10_30.edf,2034,516,360,8,10,55,4,298,3,2,1,3,2,51,1,301,7,2,1,3,2,0.9956611098424296
chb10,10,0,2,chb10_20.edf,1836,588,480,8,14,66,12,398,4,2,1,3,2,66,12,398,4,2,1,3,2,0.9937630662020908
chb10,10,1,2,chb10_20.edf,1836,588,480,8,6,69,8,402,1,3,0,4,1,68,13,397,2,2,2,2,2,0.9991289198606272
chb10,10,2,2,chb10_20.edf,1836,588,480,8,4,69,18,392,1,3,2,2,1,69,16,394,1,3,2,2,1,0.9986411149825783
chb10,10,3,2,chb10_20.edf,1836,588,480,8,3,68,4,406,2,2,2,2,2,68,6,404,2,2,2,2,2,0.9975261324041812
chb10,10,0,3,chb10_27.edf,1938,570,420,8,4,58,7,348,7,4,0,4,0,58,7,348,7,4,0,4,0,0.9226435536294691
chb10,10,1,3,chb10_27.edf,1938,570,420,8,4,60,4,351,5,4,1,3,0,60,6,349,5,4,2,2,0,0.985872156013001
chb10,10,2,3,chb10_27.edf,1938,570,420,8,3,63,10,345,2,4,4,0,0,65,16,339,0,4,4,0,0,0.99397616468039
chb10,10,3,3,chb10_27.edf,1938,570,420,8,3,63,6,349,2,4,4,0,0,64,6,349,1,4,4,0,0,0.9980498374864571
chb10,10,0,4,chb10_12.edf;chb10_38.edf,1662,456,840,16,4,111,26,690,13,3,1,7,5,111,26,690,13,3,1,7,5,0.9722021985943412
chb10,10,1,4,chb10_12.edf;chb10_38.edf,1662,456,840,16,2,117,6,710,7,2,0,8,6,112,13,703,12,1,3,5,7,0.9899869345828078
chb10,10,2,4,chb10_12.edf;chb10_38.edf,1662,456,840,16,11,113,0,716,11,2,0,8,6,105,3,713,19,1,2,6,7,0.9945147774373762
chb10,10,3,4,chb10_12.edf;chb10_38.edf,1662,456,840,16,0,98,2,714,26,1,0,8,7,95,4,712,29,1,0,8,7,0.9814606235357722
chb11,3,0,0,chb11_82.edf,2447,586,144,8,20,19,4,118,3,3,2,2,1,19,4,118,3,3,2,2,1,0.9880774962742176
chb11,3,1,0,chb11_82.edf,2447,586,144,8,20,21,4,118,1,3,2,2,1,21,4,118,1,3,2,2,1,0.9858420268256334
chb11,3,2,0,chb11_82.edf,2447,586,144,8,11,19,5,117,3,3,3,1,1,19,5,117,3,3,3,1,1,0.9858420268256334
chb11,3,3,0,chb11_82.edf,2447,586,144,8,12,21,4,118,1,3,2,2,1,20,4,118,2,3,2,2,1,0.9828614008941876
chb11,3,0,1,chb11_92.edf,2325,644,198,8,17,22,0,166,10,2,0,4,2,22,0,166,10,2,0,4,2,0.9890813253012049
chb11,3,1,1,chb11_92.edf,2325,644,198,8,5,19,0,166,13,2,0,4,2,20,0,166,12,2,0,4,2,0.9787274096385544
chb11,3,2,1,chb11_92.edf,2325,644,198,8,38,24,1,165,8,2,0,4,2,24,0,166,8,2,0,4,2,0.981551204819277
chb11,3,3,1,chb11_92.edf,2325,644,198,8,25,24,3,163,8,2,1,3,2,24,3,163,8,2,1,3,2,0.9815512048192772
chb11,3,0,2,chb11_99.edf,174,162,2859,8,31,455,229,1878,297,2,3,1,2,455,229,1878,297,2,3,1,2,0.8582088327661593
chb11,3,1,2,chb11_99.edf,174,162,2859,8,24,532,230,1877,220,2,2,2,2,521,231,1876,231,2,2,2,2,0.8853675438507911
chb11,3,2,2,chb11_99.edf,174,162,2859,8,18,580,384,1723,172,2,3,1,2,579,383,1724,173,2,3,1,2,0.8751830271940543
chb11,3,3,2,chb11_99.edf,174,162,2859,8,39,522,296,1811,230,2,2,2,2,514,293,1814,238,2,2,2,2,0.871140019590221
chb11,5,0,0,chb11_82.edf,2443,572,150,8,10,18,4,124,4,3,2,2,1,18,4,124,4,3,2,2,1,0.9829545454545454
chb11,5,1,0,chb11_82.edf,2443,572,150,8,22,22,3,125,0,4,2,2,0,22,3,125,0,4,2,2,0,0.9904119318181818
chb11,5,2,0,chb11_82.edf,2443,572,150,8,21,22,3,125,0,4,2,2,0,22,3,125,0,4,2,2,0,0.9925426136363636
chb11,5,3,0,chb11_82.edf,2443,572,150,8,31,22,3,125,0,4,2,2,0,22,3,125,0,4,2,2,0,0.9879261363636364
chb11,5,0,1,chb11_92.edf,2319,628,210,8,9,23,1,177,9,2,0,4,2,23,1,177,9,2,0,4,2,0.9845505617977528
chb11,5,1,1,chb11_92.edf,2319,628,210,8,31,24,0,178,8,2,0,4,2,21,0,178,11,2,0,4,2,0.9973665730337078
chb11,5,2,1,chb11_92.edf,2319,628,210,8,15,22,0,178,10,1,0,4,3,20,0,178,12,2,0,4,2,1.0
chb11,5,3,1,chb11_92.edf,2319,628,210,8,35,21,0,178,11,2,0,4,2,20,0,178,12,2,0,4,2,1.0
chb11,5,0,2,chb11_99.edf,186,162,2855,8,19,463,262,1841,289,2,2,2,2,463,262,1841,289,2,2,2,2,0.8502778452261711
chb11,5,1,2,chb11_99.edf,186,162,2855,8,39,467,141,1962,285,2,2,2,2,459,133,1970,293,2,2,2,2,0.8948829433129977
chb11,5,2,2,chb11_99.edf,186,162,2855,8,19,485,236,1867,267,2,2,2,2,488,239,1864,264,2,2,2,2,0.8874979765481935
chb11,5,3,2,chb11_99.edf,186,162,2855,8,20,575,362,1741,177,2,2,2,2,579,360,1743,173,2,2,2,2,0.8837773545391083
chb11,8,0,0,chb11_82.edf,2437,551,144,8,20,19,4,118,3,3,2,2,1,19,4,118,3,3,2,2,1,0.9891952309985096
chb11,8,1,0,chb11_82.edf,2437,551,144,8,14,21,2,120,1,3,2,2,1,22,2,120,0,4,2,2,0,0.993666169895678
chb11,8,2,0,chb11_82.edf,2437,551,144,8,11,19,2,120,3,4,2,2,0,19,2,120,3,4,2,2,0,0.9959016393442622
chb11,8,3,0,chb11_82.edf,2437,551,144,8,14,22,2,120,0,4,2,2,0,22,2,120,0,4,2,2,0,0.99478390461997
chb11,8,0,1,chb11_92.edf,2310,604,240,8,28,26,1,207,6,2,0,4,2,26,1,207,6,2,0,4,2,0.9921875
chb11,8,1,1,chb11_92.edf,2310,604,240,8,14,25,0,208,7,3,0,4,1,25,1,207,7,2,0,4,2,0.994140625
chb11,8,2,1,chb11_92.edf,2310,604,240,8,8,26,1,207,6,3,1,3,1,27,1,207,5,3,1,3,1,0.996544471153846
chb11,8,3,1,chb11_92.edf,2310,604,240,8,38,31,2,206,1,3,1,3,1,31,2,206,1,3,1,3,1,0.995643028846154
chb11,8,0,2,chb11_99.edf,204,162,2856,8,33,497,242,1862,255,2,3,1,2,497,242,1862,255,2,3,1,2,0.8711876061807298
chb11,8,1,2,chb11_99.edf,204,162,2856,8,25,558,226,1878,194,2,3,1,2,561,225,1879,191,2,3,1,2,0.9001066863522369
chb11,8,2,2,chb11_99.edf,204,162,2856,8,25,625,419,1685,127,2,3,1,2,622,405,1699,130,2,3,1,2,0.8915692500606747
chb11,8,3,2,chb11_99.edf,204,162,2856,8,16,630,469,1635,122,2,3,1,2,627,468,1636,125,2,3,1,2,0.8870123270770973
chb11,10,0,0,chb11_82.edf,2433,537,180,8,11,19,4,154,3,3,1,3,1,19,4,154,3,3,1,3,1,0.987054085155351
chb11,10,1,0,chb11_82.edf,2433,537,180,8,10,22,4,154,0,4,2,2,0,22,4,154,0,4,1,3,0,0.9916570771001152
chb11,10,2,0,chb11_82.edf,2433,537,180,8,13,22,2,156,0,4,2,2,0,22,0,158,0,4,0,4,0,0.9959723820483316
chb11,10,3,0,chb11_82.edf,2433,537,180,8,11,22,4,154,0,4,2,2,0,22,3,155,0,4,1,3,0,0.9994246260069044
chb11,10,0,1,chb11_92.edf,2304,588,240,8,25,24,5,203,8,2,0,4,2,24,5,203,8,2,0,4,2,0.991736778846154
chb11,10,1,1,chb11_92.edf,2304,588,240,8,6,22,0,208,10,1,0,4,3,19,1,207,13,1,0,4,3,0.9920372596153846
chb11,10,2,1,chb11_92.edf,2304,588,240,8,15,20,0,208,12,1,0,4,3,14,1,207,18,0,0,4,4,0.9968449519230768
chb11,10,3,1,chb11_92.edf,2304,588,240,8,26,28,0,208,4,2,0,4,2,18,1,207,14,1,0,4,3,0.9959435096153846
chb11,10,0,2,chb11_99.edf,216,162,2850,8,18,441,224,1874,311,2,2,2,2,441,224,1874,311,2,2,2,2,0.8577713957568505
chb11,10,1,2,chb11_99.edf,216,162,2850,8,29,474,138,1960,278,2,2,2,2,469,142,1956,283,2,3,1,2,0.9013403089061516
chb11,10,2,2,chb11_99.edf,216,162,2850,8,14,521,308,1790,231,2,2,2,2,523,305,1793,229,2,2,2,2,0.8813218769648905
chb11,10,3,2,chb11_99.edf,216,162,2850,8,13,456,200,1898,296,2,2,2,2,460,204,1894,292,2,2,2,2,0.8861440987363852
chb12,3,0,0,chb12_10.edf;chb12_23.edf,3450,912,1836,40,7,176,135,1407,118,10,5,15,10,176,135,1407,118,10,5,15,10,0.832940698977386
chb12,3,1,0,chb12_10.edf;chb12_23.edf,3450,912,1836,40,6,199,127,1415,95,11,6,14,9,195,128,1414,99,11,6,14,9,0.876154742052463
chb12,3,2,0,chb12_10.edf;chb12_23.edf,3450,912,1836,40,5,198,149,1393,96,10,7,13,10,198,149,1393,96,11,7,13,9,0.8690829120234345
chb12,3,3,0,chb12_10.edf;chb12_23.edf,3450,912,1836,40,6,191,100,1442,103,12,7,13,8,192,97,1445,102,13,7,13,7,0.8634867695456911
chb12,3,0,1,chb12_06.edf;chb12_08.edf,4050,1032,1116,48,14,142,59,882,33,15,5,19,9,142,59,882,33,15,5,19,9,0.9454804918779414
chb12,3,1,1,chb12_06.edf;chb12_08.edf,4050,1032,1116,48,33,151,58,883,24,19,7,17,5,155,48,893,20,19,8,16,5,0.9683254896007288
chb12,3,2,1,chb12_06.edf;chb12_08.edf,4050,1032,1116,48,20,149,25,916,26,16,3,21,8,148,30,911,27,17,4,20,7,0.9771853651131016
chb12,3,3,1,chb12_06.edf;chb12_08.edf,4050,1032,1116,48,22,155,61,880,20,18,8,16,6,156,62,879,19,19,8,16,5,0.9729345680886594
chb12,3,0,2,chb12_33.edf;chb12_38.edf,3990,708,1512,56,7,177,85,1191,59,17,9,19,11,177,85,1191,59,17,9,19,11,0.8974582912703897
chb12,3,1,2,chb12_33.edf;chb12_38.edf,3990,708,1512,56,14,191,85,1191,45,14,14,14,14,189,84,1192,47,13,15,13,15,0.9499495244673504
chb12,3,2,2,chb12_33.edf;chb12_38.edf,3990,708,1512,56,5,174,33,1243,62,13,7,21,15,174,31,1245,62,13,6,22,15,0.9285505552308592
chb12,3,3,2,chb12_33.edf;chb12_38.edf,3990,708,1512,56,7,167,42,1234,69,11,7,21,17,169,38,1238,67,11,5,23,17,0.9254888156846076
chb12,3,0,3,chb12_36.edf;chb12_42.edf,4158,858,1170,48,13,149,91,896,34,11,5,19,13,149,91,896,34,11,5,19,13,0.940903881608451
chb12,3,1,3,chb12_36.edf;chb12_42.edf,4158,858,1170,48,8,155,140,847,28,13,9,15,11,158,134,853,25,13,10,14,11,0.9324331057850416
chb12,3,2,3,chb12_36.edf;chb12_42.edf,4158,858,1170,48,18,165,124,863,18,14,6,18,10,165,124,863,18,14,9,15,10,0.9619756285260296
chb12,3,3,3,chb12_36.edf;chb12_42.edf,4158,858,1170,48,21,147,57,930,36,10,7,17,14,145,54,933,38,10,6,18,14,0.958648219199318
chb12,3,0,4,chb12_09.edf;chb12_11.edf,4512,1014,648,24,18,79,11,536,22,5,6,6,7,79,11,536,22,5,6,6,7,0.9443046681267762
chb12,3,1,4,chb12_09.edf;chb12_11.edf,4512,1014,648,24,18,63,3,544,38,5,2,10,7,62,1,546,39,5,1,11,7,0.9361594294712836
chb12,3,2,4,chb12_09.edf;chb12_11.edf,4512,1014,648,24,15,79,9,538,22,8,4,8,4,80,10,537,21,8,4,8,4,0.9366481437906132
chb12,3,3,4,chb12_09.edf;chb12_11.edf,4512,1014,648,24,12,83,14,533,18,8,6,6,4,83,12,535,18,8,4,8,4,0.9432367368363894
chb12,5,0,0,chb12_10.edf;chb12_23.edf,3630,924,1860,40,2,165,89,1477,129,8,3,17,12,165,89,1477,129,8,3,17,12,0.8219607127653106
chb12,5,1,0,chb12_10.edf;chb12_23.edf,3630,924,1860,40,4,213,259,1307,81,14,9,11,6,215,251,1315,79,16,10,10,4,0.8622937680819454
chb12,5,2,0,chb12_10.edf;chb12_23.edf,3630,924,1860,40,5,199,103,1463,95,13,7,13,7,199,107,1459,95,13,6,14,7,0.8799337103934805
chb12,5,3,0,chb12_10.edf;chb12_23.edf,3630,924,1860,40,3,200,121,1445,94,13,7,13,7,201,122,1444,93,13,8,12,7,0.8860587657796196
chb12,5,0,1,chb12_06.edf;chb12_08.edf,4218,1056,1170,48,8,135,40,955,40,14,4,20,10,135,40,955,40,14,4,20,10,0.9381880832735104
chb12,5,1,1,chb12_06.edf;chb12_08.edf,4218,1056,1170,48,9,146,9,986,29,16,3,21,8,146,21,974,29,16,7,17,8,0.9755865039483128
chb12,5,2,1,chb12_06.edf;chb12_08.edf,4218,1056,1170,48,15,155,20,975,20,18,7,17,6,155,21,974,20,16,7,17,8,0.9709921033740128
chb12,5,3,1,chb12_06.edf;chb12_08.edf,4218,1056,1170,48,16,155,15,980,20,16,5,19,8,153,20,975,22,15,6,18,9,0.9750179468772434
chb12,5,0,2,chb12_33.edf;chb12_38.edf,4152,720,1590,56,11,163,41,1313,73,14,3,25,14,163,41,1313,73,14,3,25,14,0.909984227524222
chb12,5,1,2,chb12_33.edf;chb12_38.edf,4152,720,1590,56,10,199,57,1297,37,21,7,21,7,187,62,1292,49,19,12,16,9,0.9619144781313372
chb12,5,2,2,chb12_33.edf;chb12_38.edf,4152,720,1590,56,10,185,26,1328,51,17,5,23,11,183,24,1330,53,17,8,20,11,0.9600430613624416
chb12,5,3,2,chb12_33.edf;chb12_38.edf,4152,720,1590,56,17,174,40,1314,62,19,6,22,9,174,35,1319,62,16,8,20,12,0.9284261322384398
chb12,5,0,3,chb12_36.edf;chb12_42.edf,4326,870,1230,48,8,146,74,973,37,10,5,19,14,146,74,973,37,10,5,19,14,0.939937682997479
chb12,5,1,3,chb12_36.edf;chb12_42.edf,4326,870,1230,48,13,164,98,949,19,13,8,16,11,170,108,939,13,17,9,15,7,0.9685126904348098
chb12,5,2,3,chb12_36.edf;chb12_42.edf,4326,870,1230,48,20,159,74,973,24,17,6,18,7,164,73,974,19,17,7,17,7,0.9724740476302316
chb12,5,3,3,chb12_36.edf;chb12_42.edf,4326,870,1230,48,22,165,66,981,18,16,8,16,8,164,72,975,19,14,9,15,10,0.9759291444199144
chb12,5,0,4,chb12_09.edf;chb12_11.edf,4692,1026,660,24,16,83,25,534,18,7,5,7,5,83,25,534,18,7,5,7,5,0.9481039338280876
chb12,5,1,4,chb12_09.edf;chb12_11.edf,4692,1026,660,24,43,85,10,549,16,8,5,7,4,83,12,547,18,8,6,6,4,0.953878035388512
chb12,5,2,4,chb12_09.edf;chb12_11.edf,4692,1026,660,24,36,84,16,543,17,8,6,6,4,82,14,545,19,8,5,7,4,0.9442604367771305
chb12,5,3,4,chb12_09.edf;chb12_11.edf,4692,1026,660,24,11,79,23,536,22,8,7,5,4,79,24,535,22,8,7,5,4,0.9527090455020456
chb12,8,0,0,chb12_10.edf;chb12_23.edf,3900,936,1968,40,2,175,187,1487,119,9,4,16,11,175,187,1487,119,9,4,16,11,0.7993258235193719
chb12,8,1,0,chb12_10.edf;chb12_23.edf,3900,936,1968,40,5,207,158,1516,87,15,6,14,5,208,186,1488,86,14,11,9,6,0.8544201432066255
chb12,8,2,0,chb12_10.edf;chb12_23.edf,3900,936,1968,40,3,180,54,1620,114,14,9,11,6,185,51,1623,109,12,9,11,8,0.885774022870797
chb12,8,3,0,chb12_10.edf;chb12_23.edf,3900,936,1968,40,4,218,197,1477,76,16,12,8,4,222,222,1452,72,15,12,8,5,0.8929302903957281
chb12,8,0,1,chb12_06.edf;chb12_08.edf,4470,1080,1296,48,10,137,38,1083,38,15,4,20,9,137,38,1083,38,15,4,20,9,0.940619344972601
chb12,8,1,1,chb12_06.edf;chb12_08.edf,4470,1080,1296,48,7,149,44,1077,26,17,6,18,7,147,43,1078,28,17,10,14,7,0.9629820313495604
chb12,8,2,1,chb12_06.edf;chb12_08.edf,4470,1080,1296,48,23,156,47,1074,19,18,9,15,6,150,46,1075,25,17,9,15,7,0.9689562890276538
chb12,8,3,1,chb12_06.edf;chb12_08.edf,4470,1080,1296,48,9,142,17,1104,33,15,8,16,9,144,16,1105,31,15,9,15,9,0.9767350579839428
chb12,8,0,2,chb12_33.edf;chb12_38.edf,4374,738,1776,56,12,178,102,1438,58,17,6,22,11,178,102,1438,58,17,6,22,11,0.911641536429672
chb12,8,1,2,chb12_33.edf;chb12_38.edf,4374,738,1776,56,9,178,45,1495,58,15,5,23,13,187,46,1494,49,17,8,20,11,0.9580068236847898
chb12,8,2,2,chb12_33.edf;chb12_38.edf,4374,738,1776,56,16,196,79,1461,40,14,12,16,14,200,81,1459,36,20,11,17,8,0.9651056570548096
chb12,8,3,2,chb12_33.edf;chb12_38.edf,4374,738,1776,56,10,200,83,1457,36,20,14,14,8,195,72,1468,41,20,15,13,8,0.943657825225622
chb12,8,0,3,chb12_36.edf;chb12_42.edf,4566,882,1296,48,8,142,59,1054,41,11,4,20,13,142,59,1054,41,11,4,20,13,0.935796031991516
chb12,8,1,3,chb12_36.edf;chb12_42.edf,4566,882,1296,48,10,144,58,1055,39,13,4,20,11,144,66,1047,39,12,8,16,12,0.9611791102666448
chb12,8,2,3,chb12_36.edf;chb12_42.edf,4566,882,1296,48,6,157,51,1062,26,13,6,18,11,157,57,1056,26,15,10,14,9,0.9687743950039032
chb12,8,3,3,chb12_36.edf;chb12_42.edf,4566,882,1296,48,5,160,113,1000,23,15,9,15,9,165,108,1005,18,17,12,12,7,0.9532254184280166
chb12,8,0,4,chb12_09.edf;chb12_11.edf,4962,1026,768,24,14,80,19,648,21,6,4,8,6,80,19,648,21,6,4,8,6,0.9443199192482966
chb12,8,1,4,chb12_09.edf;chb12_11.edf,4962,1026,768,24,15,70,7,660,31,7,3,9,5,70,5,662,31,4,4,8,8,0.9498122226015704
chb12,8,2,4,chb12_09.edf;chb12_11.edf,4962,1026,768,24,7,84,15,652,17,9,5,7,3,77,9,658,24,6,4,8,6,0.9497825344753366
chb12,8,3,4,chb12_09.edf;chb12_11.edf,4962,1026,768,24,9,76,5,662,25,7,3,9,5,73,4,663,28,5,3,9,7,0.9494114328974128
chb12,10,0,0,chb12_10.edf;chb12_23.edf,4080,936,1980,40,4,160,72,1614,134,4,3,17,16,160,72,1614,134,4,3,17,16,0.8226995424504322
chb12,10,1,0,chb12_10.edf;chb12_23.edf,4080,936,1980,40,1,213,502,1184,81,16,15,5,4,213,483,1203,81,15,14,6,5,0.7951860459486285
chb12,10,2,0,chb12_10.edf;chb12_23.edf,4080,936,1980,40,5,193,59,1627,101,15,7,13,5,193,59,1627,101,15,7,13,5,0.89396470331905
chb12,10,3,0,chb12_10.edf;chb12_23.edf,4080,936,1980,40,6,226,271,1415,68,19,13,7,1,227,262,1424,67,17,14,6,3,0.8787170858853625
chb12,10,0,1,chb12_06.edf;chb12_08.edf,4638,1092,1380,48,8,142,59,1146,33,15,4,20,9,142,59,1146,33,15,4,20,9,0.9462714878482512
chb12,10,1,1,chb12_06.edf;chb12_08.edf,4638,1092,1380,48,7,151,13,1192,24,18,3,21,6,143,37,1168,32,15,11,13,9,0.9710302311796088
chb12,10,2,1,chb12_06.edf;chb12_08.edf,4638,1092,1380,48,7,154,33,1172,21,18,11,13,6,157,49,1156,18,18,15,9,6,0.9802062833432128
chb12,10,3,1,chb12_06.edf;chb12_08.edf,4638,1092,1380,48,18,149,12,1193,26,16,9,15,8,149,32,1173,26,15,13,11,9,0.9824161232957912
chb12,10,0,2,chb12_33.edf;chb12_38.edf,4518,750,1860,56,12,176,88,1536,60,17,7,21,11,176,88,1536,60,17,7,21,11,0.9119823411538782
chb12,10,1,2,chb12_33.edf;chb12_38.edf,4518,750,1860,56,4,163,21,1603,73,14,3,25,14,166,26,1598,70,11,6,22,17,0.9464729272772816
chb12,10,2,2,chb12_33.edf;chb12_38.edf,4518,750,1860,56,23,206,83,1541,30,21,12,16,7,202,98,1526,34,18,13,15,10,0.9745893170242964
chb12,10,3,2,chb12_33.edf;chb12_38.edf,4518,750,1860,56,8,190,72,1552,46,17,12,16,11,193,72,1552,43,15,9,19,13,0.9533298196543376
chb12,10,0,3,chb12_36.edf;chb12_42.edf,4722,882,1380,48,8,146,106,1091,37,10,5,19,14,146,106,1091,37,10,5,19,14,0.9314223628287476
chb12,10,1,3,chb12_36.edf;chb12_42.edf,4722,882,1380,48,6,160,163,1034,23,14,6,18,10,166,151,1046,17,17,8,16,7,0.944821069066108
chb12,10,2,3,chb12_36.edf;chb12_42.edf,4722,882,1380,48,4,157,104,1093,26,12,5,19,12,151,103,1094,32,13,6,18,11,0.9498290352474994
chb12,10,3,3,chb12_36.edf;chb12_42.edf,4722,882,1380,48,13,156,127,1070,27,13,9,15,11,155,118,1079,28,14,7,17,10,0.954298314091239
chb12,10,0,4,chb12_09.edf;chb12_11.edf,5142,1026,780,24,16,78,21,658,23,4,5,7,8,78,21,658,23,4,5,7,8,0.953484302774902
chb12,10,1,4,chb12_09.edf;chb12_11.edf,5142,1026,780,24,6,60,8,671,41,7,6,6,5,64,9,670,37,7,5,7,5,0.9396170839469808
chb12,10,2,4,chb12_09.edf;chb12_11.edf,5142,1026,780,24,5,79,9,670,22,8,7,5,4,84,16,663,17,8,7,5,4,0.9493722568133102
chb12,10,3,4,chb12_09.edf;chb12_11.edf,5142,1026,780,24,18,73,6,673,28,7,3,9,5,76,9,670,25,6,5,7,6,0.9542862975546448
chb13,3,0,0,chb13_55.edf;chb13_58.edf,1608,716,378,24,5,48,40,283,7,7,8,4,5,48,40,283,7,7,8,4,5,0.9367858148043906
chb13,3,1,0,chb13_55.edf;chb13_58.edf,1608,716,378,24,1,51,45,278,4,9,8,4,3,52,42,281,3,9,8,4,3,0.9423585702223474
chb13,3,2,0,chb13_55.edf;chb13_58.edf,1608,716,378,24,0,34,11,312,21,4,3,9,8,35,11,312,20,3,3,9,9,0.9308190261750634
chb13,3,3,0,chb13_55.edf;chb13_58.edf,1608,716,378,24,0,32,10,313,23,3,3,9,9,32,10,313,23,3,3,9,9,0.9296369265409512
chb13,3,0,1,chb13_19.edf;chb13_60.edf,1620,708,414,16,1,59,34,314,7,3,3,5,5,59,34,314,7,3,3,5,5,0.945445837687217
chb13,3,1,1,chb13_19.edf;chb13_60.edf,1620,708,414,16,2,61,48,300,5,5,3,5,3,60,51,297,6,4,3,5,4,0.9519331243469172
chb13,3,2,1,chb13_19.edf;chb13_60.edf,1620,708,414,16,0,36,6,342,30,2,1,7,6,36,6,342,30,2,1,7,6,0.9376088470916056
chb13,3,3,1,chb13_19.edf;chb13_60.edf,1620,708,414,16,1,55,12,336,11,3,2,6,5,54,13,335,12,3,2,6,5,0.944096133751306
chb13,3,0,2,chb13_21.edf,1734,570,432,8,0,14,0,362,56,0,0,4,4,14,0,362,56,0,0,4,4,0.959037095501184
chb13,3,1,2,chb13_21.edf,1734,570,432,8,0,27,0,362,43,0,0,4,4,28,0,362,42,0,0,4,4,0.944238358326756
chb13,3,2,2,chb13_21.edf,1734,570,432,8,0,30,0,362,40,0,0,4,4,30,1,361,40,0,0,4,4,0.9572612470402526
chb13,3,3,2,chb13_21.edf,1734,570,432,8,0,57,14,348,13,0,0,4,4,58,12,350,12,0,0,4,4,0.9661010260457774
chb13,3,0,3,chb13_59.edf,1962,378,378,8,14,57,17,299,5,2,2,2,2,57,17,299,5,2,2,2,2,0.97182523478971
chb13,3,1,3,chb13_59.edf,1962,378,378,8,8,58,17,299,4,2,2,2,2,57,16,300,5,2,2,2,2,0.9734075132707228
chb13,3,2,3,chb13_59.edf,1962,378,378,8,12,58,17,299,4,2,2,2,2,56,15,301,6,2,2,2,2,0.972948142098816
chb13,3,3,3,chb13_59.edf,1962,378,378,8,9,56,17,299,6,2,2,2,2,56,15,301,6,2,2,2,2,0.9762147815434872
chb13,3,0,4,chb13_62.edf,1344,258,1152,24,2,110,60,905,77,4,4,8,8,110,60,905,77,4,4,8,8,0.7991410600980854
chb13,3,1,4,chb13_62.edf,1344,258,1152,24,4,118,109,856,69,5,6,6,7,118,107,858,69,5,6,6,7,0.733157850987781
chb13,3,2,4,chb13_62.edf,1344,258,1152,24,6,117,70,895,70,5,6,6,7,116,75,890,71,5,6,6,7,0.7297553406666482
chb13,3,3,4,chb13_62.edf,1344,258,1152,24,1,110,52,913,77,4,4,8,8,110,51,914,77,4,4,8,8,0.7926574492255687
chb13,5,0,0,chb13_55.edf;chb13_58.edf,1656,700,420,24,1,42,35,330,13,6,7,5,6,42,35,330,13,6,7,5,6,0.92826899128269
chb13,5,1,0,chb13_55.edf;chb13_58.edf,1656,700,420,24,0,7,3,362,48,0,1,11,12,6,4,361,49,0,1,11,12,0.9030136986301368
chb13,5,2,0,chb13_55.edf;chb13_58.edf,1656,700,420,24,0,39,23,342,16,5,6,6,7,40,24,341,15,5,6,6,7,0.92453300124533
chb13,5,3,0,chb13_55.edf;chb13_58.edf,1656,700,420,24,1,52,46,319,3,9,8,4,3,52,44,321,3,9,7,5,3,0.9492403486924036
chb13,5,0,1,chb13_19.edf;chb13_60.edf,1680,720,450,16,1,52,21,363,14,3,2,6,5,52,21,363,14,3,2,6,5,0.9393150252525252
chb13,5,1,1,chb13_19.edf;chb13_60.edf,1680,720,450,16,0,44,12,372,22,2,1,7,6,42,11,373,24,2,1,7,6,0.9356060606060604
chb13,5,2,1,chb13_19.edf;chb13_60.edf,1680,720,450,16,0,35,6,378,31,1,1,7,7,34,7,377,32,1,1,7,7,0.9285037878787878
chb13,5,3,1,chb13_19.edf;chb13_60.edf,1680,720,450,16,10,64,60,324,2,6,4,4,2,62,65,319,4,5,4,4,3,0.964922664141414
chb13,5,0,2,chb13_21.edf,1806,582,450,8,0,30,1,379,40,0,0,4,4,30,1,379,40,0,0,4,4,0.9521052631578948
chb13,5,1,2,chb13_21.edf,1806,582,450,8,0,17,0,380,53,0,0,4,4,18,0,380,52,0,0,4,4,0.9502255639097744
chb13,5,2,2,chb13_21.edf,1806,582,450,8,0,35,2,378,35,0,0,4,4,35,0,380,35,0,0,4,4,0.9689849624060152
chb13,5,3,2,chb13_21.edf,1806,582,450,8,2,45,2,378,25,0,0,4,4,43,2,378,27,0,0,4,4,0.983796992481203
chb13,5,0,3,chb13_59.edf,2022,378,420,8,5,56,17,341,6,2,2,2,2,56,17,341,6,2,2,2,2,0.962335555956028
chb13,5,1,3,chb13_59.edf,2022,378,420,8,18,56,18,340,6,2,2,2,2,56,15,343,6,2,2,2,2,0.9814831501171382
chb13,5,2,3,chb13_59.edf,2022,378,420,8,18,56,14,344,6,2,2,2,2,56,14,344,6,2,2,2,2,0.984997296810236
chb13,5,3,3,chb13_59.edf,2022,378,420,8,6,56,13,345,6,2,2,2,2,56,15,343,6,2,2,2,2,0.9748152820327988
chb13,5,0,4,chb13_62.edf,1404,282,1230,24,3,113,99,944,74,4,4,8,8,113,99,944,74,4,4,8,8,0.7745038222732656
chb13,5,1,4,chb13_62.edf,1404,282,1230,24,2,116,75,968,71,4,4,8,8,114,80,963,73,4,4,8,8,0.7640342287006321
chb13,5,2,4,chb13_62.edf,1404,282,1230,24,1,112,52,991,75,4,4,8,8,111,54,989,76,4,4,8,8,0.7701508913510493
chb13,5,3,4,chb13_62.edf,1404,282,1230,24,1,115,99,944,72,4,4,8,8,114,91,952,73,4,4,8,8,0.7955609333422204
chb13,8,0,0,chb13_55.edf;chb13_58.edf,1728,676,432,24,1,42,19,358,13,6,7,5,6,42,19,358,13,6,7,5,6,0.9497468049192188
chb13,8,1,0,chb13_55.edf;chb13_58.edf,1728,676,432,24,0,19,7,370,36,1,3,9,11,17,8,369,38,1,4,8,11,0.9297323366288884
chb13,8,2,0,chb13_55.edf;chb13_58.edf,1728,676,432,24,0,0,0,377,55,0,0,12,12,0,0,377,55,0,0,12,12,0.9259223535085604
chb13,8,3,0,chb13_55.edf;chb13_58.edf,1728,676,432,24,0,17,2,375,38,1,1,11,11,16,4,373,39,1,2,10,11,0.9467084639498432
chb13,8,0,1,chb13_19.edf;chb13_60.edf,1770,732,528,16,0,34,7,455,32,1,1,7,7,34,7,455,32,1,1,7,7,0.9389020070838252
chb13,8,1,1,chb13_19.edf;chb13_60.edf,1770,732,528,16,0,32,6,456,34,2,1,7,6,30,7,455,36,2,1,7,6,0.9415584415584416
chb13,8,2,1,chb13_19.edf;chb13_60.edf,1770,732,528,16,0,57,20,442,9,3,3,5,5,56,18,444,10,4,2,6,4,0.9416568280204644
chb13,8,3,1,chb13_19.edf;chb13_60.edf,1770,732,528,16,0,19,0,462,47,1,0,8,7,18,0,462,48,1,0,8,7,0.946346582710219
chb13,8,0,2,chb13_21.edf,1914,588,480,8,0,7,0,410,63,0,0,4,4,7,0,410,63,0,0,4,4,0.9515331010452962
chb13,8,1,2,chb13_21.edf,1914,588,480,8,0,17,0,410,53,0,0,4,4,16,0,410,54,0,0,4,4,0.9589198606271776
chb13,8,2,2,chb13_21.edf,1914,588,480,8,0,10,0,410,60,0,0,4,4,9,0,410,61,0,0,4,4,0.9627874564459932
chb13,8,3,2,chb13_21.edf,1914,588,480,8,0,49,9,401,21,0,0,4,4,49,9,401,21,0,0,4,4,0.9752961672473868
chb13,8,0,3,chb13_59.edf,2106,378,432,8,10,56,32,338,6,2,2,2,2,56,32,338,6,2,2,2,2,0.9574978204010464
chb13,8,1,3,chb13_59.edf,2106,378,432,8,8,57,37,333,5,2,2,2,2,57,41,329,5,2,2,2,2,0.959285091543156
chb13,8,2,3,chb13_59.edf,2106,378,432,8,17,57,38,332,5,2,2,2,2,57,33,337,5,2,2,2,2,0.9613339145597212
chb13,8,3,3,chb13_59.edf,2106,378,432,8,9,57,34,336,5,2,2,2,2,57,28,342,5,2,2,2,2,0.96102877070619
chb13,8,0,4,chb13_62.edf,1494,318,1248,24,2,118,154,907,69,5,5,7,7,118,154,907,69,5,5,7,7,0.7786066015815973
chb13,8,1,4,chb13_62.edf,1494,318,1248,24,1,117,143,918,70,4,7,5,8,116,137,924,71,4,6,6,8,0.7794735064791061
chb13,8,2,4,chb13_62.edf,1494,318,1248,24,6,115,47,1014,72,4,4,8,8,110,43,1018,77,4,4,8,8,0.7134879313733891
chb13,8,3,4,chb13_62.edf,1494,318,1248,24,5,117,63,998,70,4,5,7,8,112,55,1006,75,4,4,8,8,0.7273987308915512
chb13,10,0,0,chb13_55.edf;chb13_58.edf,1776,660,540,24,0,30,16,469,25,2,3,9,10,30,16,469,25,2,3,9,10,0.9248734770384254
chb13,10,1,0,chb13_55.edf;chb13_58.edf,1776,660,540,24,0,22,13,472,33,1,3,9,11,21,14,471,34,1,4,8,11,0.926522961574508
chb13,10,2,0,chb13_55.edf;chb13_58.edf,1776,660,540,24,0,15,2,483,40,1,1,11,11,14,3,482,41,1,1,11,11,0.9444423617619494
chb13,10,3,0,chb13_55.edf;chb13_58.edf,1776,660,540,24,0,29,12,473,26,3,4,8,9,31,15,470,24,2,5,7,10,0.9450046860356138
chb13,10,0,1,chb13_19.edf;chb13_60.edf,1830,732,540,16,1,52,18,456,14,2,2,6,6,52,18,456,14,2,2,6,6,0.9475770361846312
chb13,10,1,1,chb13_19.edf;chb13_60.edf,1830,732,540,16,0,21,3,471,45,1,1,7,7,21,2,472,45,1,1,7,7,0.9231875719217492
chb13,10,2,1,chb13_19.edf;chb13_60.edf,1830,732,540,16,0,40,4,470,26,2,1,7,6,40,3,471,26,1,1,7,7,0.9605549162511188
chb13,10,3,1,chb13_19.edf;chb13_60.edf,1830,732,540,16,0,18,0,474,48,1,0,8,7,20,0,474,46,1,0,8,7,0.956719089630482
chb13,10,0,2,chb13_21.edf,1986,576,480,8,0,15,0,410,55,0,0,4,4,15,0,410,55,0,0,4,4,0.951184668989547
chb13,10,1,2,chb13_21.edf,1986,576,480,8,0,16,0,410,54,0,0,4,4,16,0,410,54,0,0,4,4,0.9417770034843206
chb13,10,2,2,chb13_21.edf,1986,576,480,8,0,47,3,407,23,0,0,4,4,50,4,406,20,0,0,4,4,0.9691289198606272
chb13,10,3,2,chb13_21.edf,1986,576,480,8,0,38,0,410,32,0,0,4,4,41,0,410,29,0,0,4,4,0.9704878048780488
chb13,10,0,3,chb13_59.edf,2154,378,480,8,5,57,19,399,5,2,2,2,2,57,19,399,5,2,2,2,2,0.9654653495909862
chb13,10,1,3,chb13_59.edf,2154,378,480,8,4,58,27,391,4,2,2,2,2,58,27,391,4,2,2,2,2,0.9782373823120852
chb13,10,2,3,chb13_59.edf,2154,378,480,8,6,60,10,408,2,2,2,2,2,58,11,407,4,2,2,2,2,0.9886170705355763
chb13,10,3,3,chb13_59.edf,2154,378,480,8,5,59,20,398,3,2,2,2,2,56,20,398,6,2,2,2,2,0.9846041055718476
chb13,10,0,4,chb13_62.edf,1554,342,1320,24,2,109,92,1041,78,4,4,8,8,109,92,1041,78,4,4,8,8,0.780984655757513
chb13,10,1,4,chb13_62.edf,1554,342,1320,24,1,113,100,1033,74,4,5,7,8,114,98,1035,73,4,6,6,8,0.7781669034459648
chb13,10,2,4,chb13_62.edf,1554,342,1320,24,19,115,81,1052,72,5,4,8,7,117,88,1045,70,5,6,6,7,0.7262249198804933
chb13,10,3,4,chb13_62.edf,1554,342,1320,24,3,114,57,1076,73,4,4,8,8,113,64,1069,74,4,4,8,8,0.7474500993529082
chb14,3,0,0,chb14_04.edf;chb14_11.edf,432,144,540,24,8,59,14,443,24,5,1,11,7,59,14,443,24,5,1,11,7,0.959689963354512
chb14,3,1,0,chb14_04.edf;chb14_11.edf,432,144,540,24,8,57,1,456,26,4,0,12,8,56,1,456,27,4,0,12,8,0.9650945137222852
chb14,3,2,0,chb14_04.edf;chb14_11.edf,432,144,540,24,9,58,6,451,25,5,0,12,7,60,6,451,23,6,0,12,6,0.9565526877751708
chb14,3,3,0,chb14_04.edf;chb14_11.edf,432,144,540,24,9,59,3,454,24,4,0,12,8,59,3,454,24,4,1,11,8,0.961957238142944
chb14,3,0,1,chb14_06.edf;chb14_17.edf,738,144,234,16,10,27,9,191,7,5,2,6,3,27,9,191,7,5,2,6,3,0.9625
chb14,3,1,1,chb14_06.edf;chb14_17.edf,738,144,234,16,15,33,11,189,1,7,4,4,1,33,11,189,1,7,4,4,1,0.9827941176470588
chb14,3,2,1,chb14_06.edf;chb14_17.edf,738,144,234,16,5,29,10,190,5,6,4,4,2,28,11,189,6,6,4,4,2,0.9729411764705884
chb14,3,3,1,chb14_06.edf;chb14_17.edf,738,144,234,16,7,24,9,191,10,5,3,5,3,23,9,191,11,4,4,4,4,0.9527941176470588
chb14,3,0,2,chb14_03.edf,762,228,90,8,20,11,4,72,3,2,1,3,2,11,4,72,3,2,1,3,2,0.8919172932330827
chb14,3,1,2,chb14_03.edf,762,228,90,8,25,11,5,71,3,2,2,2,2,11,4,72,3,2,2,2,2,0.9295112781954886
chb14,3,2,2,chb14_03.edf,762,228,90,8,28,11,1,75,3,2,1,3,2,10,1,75,4,1,1,3,3,0.925751879699248
chb14,3,3,2,chb14_03.edf,762,228,90,8,11,11,4,72,3,2,2,2,2,11,5,71,3,2,2,2,2,0.9116541353383458
chb14,3,0,3,chb14_27.edf,816,162,108,8,4,9,4,88,7,0,1,3,4,9,4,88,7,0,1,3,4,0.873641304347826
chb14,3,1,3,chb14_27.edf,816,162,108,8,5,8,3,89,8,0,1,3,4,8,4,88,8,0,1,3,4,0.8722826086956522
chb14,3,2,3,chb14_27.edf,816,162,108,8,1,8,2,90,8,0,1,3,4,7,2,90,9,0,1,3,4,0.8797554347826088
chb14,3,3,3,chb14_27.edf,816,162,108,8,5,9,3,89,7,0,1,3,4,9,3,89,7,0,1,3,4,0.8994565217391304
chb14,3,0,4,chb14_18.edf,714,240,144,8,6,19,15,107,3,1,0,4,3,19,15,107,3,1,0,4,3,0.9709388971684054
chb14,3,1,4,chb14_18.edf,714,240,144,8,2,17,2,120,5,0,0,4,4,17,2,120,5,0,0,4,4,0.9742921013412816
chb14,3,2,4,chb14_18.edf,714,240,144,8,1,19,2,120,3,1,0,4,3,19,2,120,3,1,0,4,3,0.9716840536512668
chb14,3,3,4,chb14_18.edf,714,240,144,8,1,17,0,122,5,0,0,4,4,18,0,122,4,0,0,4,4,0.9735469448584202
chb14,5,0,0,chb14_04.edf;chb14_11.edf,480,156,570,24,7,52,1,486,31,4,0,12,8,52,1,486,31,4,0,12,8,0.96472130823087
chb14,5,1,0,chb14_04.edf;chb14_11.edf,480,156,570,24,6,62,1,486,21,4,0,12,8,61,2,485,22,4,1,11,8,0.9645481309220456
chb14,5,2,0,chb14_04.edf;chb14_11.edf,480,156,570,24,14,58,2,485,25,4,1,11,8,56,1,486,27,3,1,11,9,0.9727369436678952
chb14,5,3,0,chb14_04.edf;chb14_11.edf,480,156,570,24,8,56,1,486,27,3,0,12,9,54,0,487,29,3,0,12,9,0.97488929022043
chb14,5,0,1,chb14_06.edf;chb14_17.edf,798,156,240,16,13,27,11,195,7,4,4,4,4,27,11,195,7,4,4,4,4,0.9605939463163906
chb14,5,1,1,chb14_06.edf;chb14_17.edf,798,156,240,16,17,31,9,197,3,6,3,5,2,28,11,195,6,5,4,4,3,0.9831524842946888
chb14,5,2,1,chb14_06.edf;chb14_17.edf,798,156,240,16,21,33,12,194,1,7,4,4,1,30,15,191,4,7,4,4,1,0.9850085665334096
chb14,5,3,1,chb14_06.edf;chb14_17.edf,798,156,240,16,11,31,15,191,3,7,4,4,1,30,14,192,4,7,4,4,1,0.9693032552826956
chb14,5,0,2,chb14_03.edf,822,228,90,8,18,10,7,69,4,1,2,2,3,10,7,69,4,1,2,2,3,0.9022556390977444
chb14,5,1,2,chb14_03.edf,822,228,90,8,9,9,1,75,5,1,0,4,3,10,3,73,4,2,1,3,2,0.9201127819548872
chb14,5,2,2,chb14_03.edf,822,228,90,8,24,10,3,73,4,2,1,3,2,10,2,74,4,2,0,4,2,0.925751879699248
chb14,5,3,2,chb14_03.edf,822,228,90,8,20,9,2,74,5,1,1,3,3,10,4,72,4,2,2,2,2,0.9031954887218046
chb14,5,0,3,chb14_27.edf,876,162,120,8,3,10,5,99,6,1,2,2,3,10,5,99,6,1,2,2,3,0.8828125
chb14,5,1,3,chb14_27.edf,876,162,120,8,8,9,3,101,7,0,2,2,4,9,2,102,7,0,1,3,4,0.8671874999999999
chb14,5,2,3,chb14_27.edf,876,162,120,8,19,10,4,100,6,0,2,2,4,10,5,99,6,0,2,2,4,0.8713942307692308
chb14,5,3,3,chb14_27.edf,876,162,120,8,6,10,3,101,6,0,1,3,4,9,3,101,7,0,1,3,4,0.9098557692307694
chb14,5,0,4,chb14_18.edf,774,252,180,8,2,18,1,157,4,1,0,4,3,18,1,157,4,1,0,4,3,0.988204833141542
chb14,5,1,4,chb14_18.edf,774,252,180,8,3,20,1,157,2,2,0,4,2,20,1,157,2,2,0,4,2,0.9864787111622556
chb14,5,2,4,chb14_18.edf,774,252,180,8,5,20,6,152,2,2,2,2,2,20,5,153,2,2,1,3,2,0.9890678941311852
chb14,5,3,4,chb14_18.edf,774,252,180,8,1,18,1,157,4,1,0,4,3,19,1,157,3,1,0,4,3,0.9879171461449944
chb14,8,0,0,chb14_04.edf;chb14_11.edf,552,174,576,24,10,52,6,487,31,2,0,12,10,52,6,487,31,2,0,12,10,0.951440651042303
chb14,8,1,0,chb14_04.edf;chb14_11.edf,552,174,576,24,8,62,9,484,21,4,0,12,8,63,7,486,20,4,1,11,8,0.9688164422395464
chb14,8,2,0,chb14_04.edf;chb14_11.edf,552,174,576,24,9,62,8,485,21,7,1,11,5,60,6,487,23,5,2,10,7,0.9710647865294852
chb14,8,3,0,chb14_04.edf;chb14_11.edf,552,174,576,24,7,63,8,485,20,6,1,11,6,63,8,485,20,6,2,10,6,0.9800581636892398
chb14,8,0,1,chb14_06.edf;chb14_17.edf,882,174,336,16,6,27,18,284,7,4,5,3,4,27,18,284,7,4,5,3,4,0.9572458122321776
chb14,8,1,1,chb14_06.edf;chb14_17.edf,882,174,336,16,14,32,19,283,2,7,4,4,1,31,23,279,3,6,4,4,2,0.9783794312426956
chb14,8,2,1,chb14_06.edf;chb14_17.edf,882,174,336,16,14,32,16,286,2,6,3,5,2,32,19,283,2,6,4,4,2,0.989189715621348
chb14,8,3,1,chb14_06.edf;chb14_17.edf,882,174,336,16,12,32,22,280,2,6,3,5,2,32,23,279,2,6,4,4,2,0.973802103622906
chb14,8,0,2,chb14_03.edf,912,228,96,8,6,10,7,75,4,1,2,2,3,10,7,75,4,1,2,2,3,0.8998257839721254
chb14,8,1,2,chb14_03.edf,912,228,96,8,6,10,4,78,4,1,1,3,3,10,5,77,4,2,1,3,2,0.906794425087108
chb14,8,2,2,chb14_03.edf,912,228,96,8,22,11,3,79,3,1,0,4,3,9,1,81,5,2,0,4,2,0.9729965156794425
chb14,8,3,2,chb14_03.edf,912,228,96,8,24,11,5,77,3,1,2,2,3,9,3,79,5,2,1,3,2,0.9608013937282228
chb14,8,0,3,chb14_27.edf,966,162,144,8,5,8,2,126,8,0,1,3,4,8,2,126,8,0,1,3,4,0.87451171875
chb14,8,1,3,chb14_27.edf,966,162,144,8,4,8,3,125,8,0,2,2,4,9,3,125,7,0,2,2,4,0.88525390625
chb14,8,2,3,chb14_27.edf,966,162,144,8,3,8,2,126,8,0,1,3,4,9,3,125,7,0,1,3,4,0.95654296875
chb14,8,3,3,chb14_27.edf,966,162,144,8,15,12,4,124,4,1,2,2,3,12,4,124,4,1,3,1,3,0.96826171875
chb14,8,0,4,chb14_18.edf,864,270,192,8,2,18,6,164,4,1,0,4,3,18,6,164,4,1,0,4,3,0.9786096256684492
chb14,8,1,4,chb14_18.edf,864,270,192,8,2,20,10,160,2,2,0,4,2,20,8,162,2,2,0,4,2,0.979144385026738
chb14,8,2,4,chb14_18.edf,864,270,192,8,2,21,20,150,1,3,2,2,1,21,22,148,1,3,2,2,1,0.9788770053475936
chb14,8,3,4,chb14_18.edf,864,270,192,8,4,21,15,155,1,3,2,2,1,21,16,154,1,3,2,2,1,0.9863636363636364
chb14,10,0,0,chb14_04.edf;chb14_11.edf,600,186,660,24,6,48,0,577,35,2,0,12,10,48,0,577,35,2,0,12,10,0.955524002422167
chb14,10,1,0,chb14_04.edf;chb14_11.edf,600,186,660,24,11,62,0,577,21,3,0,12,9,60,3,574,23,3,2,10,9,0.9793489382138606
chb14,10,2,0,chb14_04.edf;chb14_11.edf,600,186,660,24,16,66,2,575,17,6,1,11,6,64,3,574,19,5,2,10,7,0.9849867407237268
chb14,10,3,0,chb14_04.edf;chb14_11.edf,600,186,660,24,11,67,2,575,16,4,2,10,8,65,4,573,18,3,4,8,9,0.9881397339792444
chb14,10,0,1,chb14_06.edf;chb14_17.edf,930,186,300,16,8,27,13,253,7,5,4,4,3,27,13,253,7,5,4,4,3,0.961189739053516
chb14,10,1,1,chb14_06.edf;chb14_17.edf,930,186,300,16,12,33,21,245,1,7,3,5,1,31,24,242,3,6,4,4,2,0.9889429455992924
chb14,10,2,1,chb14_06.edf;chb14_17.edf,930,186,300,16,16,33,16,250,1,7,4,4,1,32,19,247,2,7,4,4,1,0.994250331711632
chb14,10,3,1,chb14_06.edf;chb14_17.edf,930,186,300,16,25,31,9,257,3,7,4,4,1,28,8,258,6,5,3,5,3,0.986842105263158
chb14,10,0,2,chb14_03.edf,972,228,120,8,11,10,7,99,4,1,2,2,3,10,7,99,4,1,2,2,3,0.8942048517520217
chb14,10,1,2,chb14_03.edf,972,228,120,8,8,9,0,106,5,1,0,4,3,10,0,106,4,2,0,4,2,0.9278975741239892
chb14,10,2,2,chb14_03.edf,972,228,120,8,26,10,0,106,4,2,0,4,2,10,0,106,4,2,0,4,2,0.9548517520215634
chb14,10,3,2,chb14_03.edf,972,228,120,8,20,10,3,103,4,2,2,2,2,10,0,106,4,2,0,4,2,0.9622641509433962
chb14,10,0,3,chb14_27.edf,1026,162,120,8,6,8,2,102,8,0,1,3,4,8,2,102,8,0,1,3,4,0.8329326923076923
chb14,10,1,3,chb14_27.edf,1026,162,120,8,2,8,2,102,8,0,1,3,4,8,1,103,8,0,0,4,4,0.810096153846154
chb14,10,2,3,chb14_27.edf,1026,162,120,8,13,12,3,101,4,1,2,2,3,15,5,99,1,3,2,2,1,0.9645432692307692
chb14,10,3,3,chb14_27.edf,1026,162,120,8,13,11,2,102,5,0,1,3,4,13,3,101,3,3,1,3,1,0.9741586538461536
chb14,10,0,4,chb14_18.edf,924,282,240,8,1,18,6,212,4,1,0,4,3,18,6,212,4,1,0,4,3,0.9664303586321936
chb14,10,1,4,chb14_18.edf,924,282,240,8,2,20,21,197,2,2,0,4,2,20,19,199,2,2,0,4,2,0.969557964970809
chb14,10,2,4,chb14_18.edf,924,282,240,8,1,20,11,207,2,2,0,4,2,20,10,208,2,2,0,4,2,0.9712260216847372
chb14,10,3,4,chb14_18.edf,924,282,240,8,4,20,31,187,2,2,0,4,2,20,25,193,2,2,0,4,2,0.9708090075062552
chb15,3,0,0,chb15_10.edf;chb15_22.edf;chb15_31.edf,7872,2040,2178,24,10,319,23,1799,37,7,3,9,5,319,23,1799,37,7,3,9,5,0.9899557838651192
chb15,3,1,0,chb15_10.edf;chb15_22.edf;chb15_31.edf,7872,2040,2178,24,18,329,24,1798,27,6,4,8,6,329,20,1802,27,4,4,8,8,0.9963661983990922
chb15,3,2,0,chb15_10.edf;chb15_22.edf;chb15_31.edf,7872,2040,2178,24,8,333,23,1799,23,6,5,7,6,328,20,1802,28,5,4,8,7,0.9945793608702624
chb15,3,3,0,chb15_10.edf;chb15_22.edf;chb15_31.edf,7872,2040,2178,24,17,323,18,1804,33,6,5,7,6,320,14,1808,36,5,4,8,7,0.9947427817313976
chb15,3,0,1,chb15_40.edf;chb15_49.edf;chb15_54.edf,5616,1620,4824,72,17,703,112,3924,85,19,15,21,17,703,112,3924,85,19,15,21,17,0.9749268009236668
chb15,3,1,1,chb15_40.edf;chb15_49.edf;chb15_54.edf,5616,1620,4824,72,25,725,90,3946,63,17,18,18,19,726,97,3939,62,17,19,17,19,0.9880152233955316
chb15,3,2,1,chb15_40.edf;chb15_49.edf;chb15_54.edf,5616,1620,4824,72,33,722,70,3966,66,21,20,16,15,720,78,3958,68,21,20,16,15,0.9895455494458504
chb15,3,3,1,chb15_40.edf;chb15_49.edf;chb15_54.edf,5616,1620,4824,72,30,725,71,3965,63,21,18,18,15,721,70,3966,67,21,17,19,15,0.9899521061713614
chb15,3,0,2,chb15_06.edf;chb15_15.edf;chb15_52.edf,8556,1362,2160,24,14,339,72,1735,14,8,8,4,4,339,72,1735,14,8,8,4,4,0.9900685248271204
chb15,3,1,2,chb15_06.edf;chb15_15.edf;chb15_52.edf,8556,1362,2160,24,9,346,84,1723,7,10,10,2,2,346,74,1733,7,10,10,2,2,0.992652119315661
chb15,3,2,2,chb15_06.edf;chb15_15.edf;chb15_52.edf,8556,1362,2160,24,7,346,71,1736,7,10,10,2,2,346,72,1735,7,10,10,2,2,0.992134773331912
chb15,3,3,2,chb15_06.edf;chb15_15.edf;chb15_52.edf,8556,1362,2160,24,5,346,167,1640,7,10,10,2,2,346,166,1641,7,10,10,2,2,0.9917067871089922
chb15,3,0,3,chb15_17.edf;chb15_46.edf;chb15_62.edf,8172,2352,1548,24,29,239,18,1280,11,7,3,9,5,239,18,1280,11,7,3,9,5,0.992342064714946
chb15,3,1,3,chb15_17.edf;chb15_46.edf;chb15_62.edf,8172,2352,1548,24,17,233,5,1293,17,6,3,9,6,233,5,1293,17,6,3,9,6,0.9943697996918336
chb15,3,2,3,chb15_17.edf;chb15_46.edf;chb15_62.edf,8172,2352,1548,24,20,235,5,1293,15,6,3,9,6,236,4,1294,14,6,2,10,6,0.9953713405238828
chb15,3,3,3,chb15_17.edf;chb15_46.edf;chb15_62.edf,8172,2352,1548,24,11,241,11,1287,9,6,3,9,6,242,11,1287,8,6,3,9,6,0.9980770416024652
chb15,3,0,4,chb15_20.edf;chb15_28.edf,8466,1852,1494,16,3,224,37,1212,21,5,1,7,3,224,37,1212,21,5,1,7,3,0.9717684351562884
chb15,3,1,4,chb15_20.edf;chb15_28.edf,8466,1852,1494,16,8,227,26,1223,18,3,2,6,5,227,28,1221,18,3,2,6,5,0.9897354618388589
chb15,3,2,4,chb15_20.edf;chb15_28.edf,8466,1852,1494,16,1,211,15,1234,34,2,1,7,6,212,14,1235,33,2,1,7,6,0.9783630986421792
chb15,3,3,4,chb15_20.edf;chb15_28.edf,8466,1852,1494,16,2,227,46,1203,18,3,2,6,5,227,47,1202,18,4,2,6,4,0.984065619842813
chb15,5,0,0,chb15_10.edf;chb15_22.edf;chb15_31.edf,7962,2028,2190,24,15,318,19,1815,38,5,3,9,7,318,19,1815,38,5,3,9,7,0.9920417090414516
chb15,5,1,0,chb15_10.edf;chb15_22.edf;chb15_31.edf,7962,2028,2190,24,4,328,38,1796,28,5,4,8,7,332,34,1800,24,5,4,8,7,0.9924184872508056
chb15,5,2,0,chb15_10.edf;chb15_22.edf;chb15_31.edf,7962,2028,2190,24,7,341,23,1811,15,9,5,7,3,345,25,1809,11,9,4,8,3,0.9946132969012288
chb15,5,3,0,chb15_10.edf;chb15_22.edf;chb15_31.edf,7962,2028,2190,24,17,343,27,1807,13,9,5,7,3,347,27,1807,9,10,5,7,2,0.994242645166824
chb15,5,0,1,chb15_40.edf;chb15_49.edf;chb15_54.edf,5676,1572,4950,72,26,702,132,4030,86,20,16,20,16,702,132,4030,86,20,16,20,16,0.9753983344594676
chb15,5,1,1,chb15_40.edf;chb15_49.edf;chb15_54.edf,5676,1572,4950,72,41,716,87,4075,72,20,19,17,16,717,83,4079,71,19,18,18,17,0.9858610171310648
chb15,5,2,1,chb15_40.edf;chb15_49.edf;chb15_54.edf,5676,1572,4950,72,23,716,76,4086,72,21,16,20,15,718,63,4099,70,22,15,21,14,0.9892061850389188
chb15,5,3,1,chb15_40.edf;chb15_49.edf;chb15_54.edf,5676,1572,4950,72,30,706,65,4097,82,18,16,20,18,713,69,4093,75,18,16,20,18,0.9897757569696334
chb15,5,0,2,chb15_06.edf;chb15_15.edf;chb15_52.edf,8646,1338,2190,24,10,340,102,1735,13,8,10,2,4,340,102,1735,13,8,10,2,4,0.9903340370508018
chb15,5,1,2,chb15_06.edf;chb15_15.edf;chb15_52.edf,8646,1338,2190,24,4,346,163,1674,7,10,10,2,2,346,160,1677,7,10,9,3,2,0.9903294107124406
chb15,5,2,2,chb15_06.edf;chb15_15.edf;chb15_52.edf,8646,1338,2190,24,7,346,168,1669,7,10,9,3,2,346,182,1655,7,10,9,3,2,0.9912747258508992
chb15,5,3,2,chb15_06.edf;chb15_15.edf;chb15_52.edf,8646,1338,2190,24,12,346,71,1766,7,10,9,3,2,346,73,1764,7,10,9,3,2,0.99095088216562
chb15,5,0,3,chb15_17.edf;chb15_46.edf;chb15_62.edf,8268,2298,1530,24,11,234,12,1268,16,6,3,9,6,234,12,1268,16,6,3,9,6,0.992196875
chb15,5,1,3,chb15_17.edf;chb15_46.edf;chb15_62.edf,8268,2298,1530,24,8,236,6,1274,14,7,2,10,5,238,7,1273,12,7,4,8,5,0.995425
chb15,5,2,3,chb15_17.edf;chb15_46.edf;chb15_62.edf,8268,2298,1530,24,21,236,8,1272,14,8,4,8,4,240,9,1271,10,8,5,7,4,0.99735625
chb15,5,3,3,chb15_17.edf;chb15_46.edf;chb15_62.edf,8268,2298,1530,24,13,240,10,1270,10,7,3,9,5,242,11,1269,8,8,4,8,4,0.998665625
chb15,5,0,4,chb15_20.edf;chb15_28.edf,8586,1820,1530,16,1,204,37,1248,41,2,1,7,6,204,37,1248,41,2,1,7,6,0.9646470261256253
chb15,5,1,4,chb15_20.edf;chb15_28.edf,8586,1820,1530,16,6,230,18,1267,15,2,2,6,6,230,14,1271,15,3,2,6,5,0.988615897720956
chb15,5,2,4,chb15_20.edf;chb15_28.edf,8586,1820,1530,16,3,225,12,1273,20,2,2,6,6,223,8,1277,22,3,2,6,5,0.9846200269991264
chb15,5,3,4,chb15_20.edf;chb15_28.edf,8586,1820,1530,16,5,228,5,1280,17,3,2,6,5,229,2,1283,16,3,2,6,5,0.988768363376479
chb15,8,0,0,chb15_10.edf;chb15_22.edf;chb15_31.edf,8088,1998,2256,24,9,320,27,1873,36,7,3,9,5,320,27,1873,36,7,3,9,5,0.9894603784742756
chb15,8,1,0,chb15_10.edf;chb15_22.edf;chb15_31.edf,8088,1998,2256,24,16,333,24,1876,23,6,4,8,6,330,26,1874,26,9,3,9,3,0.9945934358367832
chb15,8,2,0,chb15_10.edf;chb15_22.edf;chb15_31.edf,8088,1998,2256,24,4,330,30,1870,26,7,5,7,5,335,34,1866,21,9,5,7,3,0.993061797752809
chb15,8,3,0,chb15_10.edf;chb15_22.edf;chb15_31.edf,8088,1998,2256,24,16,338,25,1875,18,8,5,7,4,342,34,1866,14,9,5,7,3,0.9954997043169722
chb15,8,0,1,chb15_40.edf;chb15_49.edf;chb15_54.edf,5754,1500,5136,72,31,710,208,4140,78,22,19,17,14,710,208,4140,78,22,19,17,14,0.9692145055314538
chb15,8,1,1,chb15_40.edf;chb15_49.edf;chb15_54.edf,5754,1500,5136,72,27,706,82,4266,82,17,15,21,19,704,87,4261,84,17,15,21,19,0.9836312511966524
chb15,8,2,1,chb15_40.edf;chb15_49.edf;chb15_54.edf,5754,1500,5136,72,11,713,102,4246,75,18,16,20,18,723,108,4240,65,17,16,20,19,0.9867635624524258
chb15,8,3,1,chb15_40.edf;chb15_49.edf;chb15_54.edf,5754,1500,5136,72,15,718,75,4273,70,20,18,18,16,720,81,4267,68,19,17,19,17,0.9905785494468544
chb15,8,0,2,chb15_06.edf;chb15_15.edf;chb15_52.edf,8772,1302,2256,24,7,338,91,1812,15,9,8,4,3,338,91,1812,15,9,8,4,3,0.9886804642736458
chb15,8,1,2,chb15_06.edf;chb15_15.edf;chb15_52.edf,8772,1302,2256,24,3,347,152,1751,6,10,10,2,2,346,141,1762,7,10,10,2,2,0.9922278674346008
chb15,8,2,2,chb15_06.edf;chb15_15.edf;chb15_52.edf,8772,1302,2256,24,8,348,116,1787,5,10,10,2,2,348,106,1797,5,10,10,2,2,0.9945084472258652
chb15,8,3,2,chb15_06.edf;chb15_15.edf;chb15_52.edf,8772,1302,2256,24,1,348,102,1801,5,10,10,2,2,348,109,1794,5,10,10,2,2,0.9938221892077368
chb15,8,0,3,chb15_17.edf;chb15_46.edf;chb15_62.edf,8412,2208,1632,24,29,239,27,1355,11,7,3,9,5,239,27,1355,11,7,3,9,5,0.991178002894356
chb15,8,1,3,chb15_17.edf;chb15_46.edf;chb15_62.edf,8412,2208,1632,24,5,229,9,1373,21,5,2,10,7,228,8,1374,22,5,2,10,7,0.990138929088278
chb15,8,2,3,chb15_17.edf;chb15_46.edf;chb15_62.edf,8412,2208,1632,24,10,239,8,1374,11,6,4,8,6,239,7,1375,11,6,4,8,6,0.9935716353111432
chb15,8,3,3,chb15_17.edf;chb15_46.edf;chb15_62.edf,8412,2208,1632,24,25,240,15,1367,10,6,3,9,6,239,12,1370,11,6,4,8,6,0.9983907380607816
chb15,8,0,4,chb15_20.edf;chb15_28.edf,8754,1772,1584,16,1,201,34,1305,44,2,1,7,6,201,34,1305,44,2,1,7,6,0.9666671747115576
chb15,8,1,4,chb15_20.edf;chb15_28.edf,8754,1772,1584,16,0,188,28,1311,57,1,0,8,7,191,31,1308,54,1,1,7,7,0.9618021368368108
chb15,8,2,4,chb15_20.edf;chb15_28.edf,8754,1772,1584,16,0,188,27,1312,57,1,0,8,7,184,30,1309,61,1,0,8,7,0.9621984118516712
chb15,8,3,4,chb15_20.edf;chb15_28.edf,8754,1772,1584,16,0,186,24,1315,59,2,0,8,6,181,30,1309,64,1,0,8,7,0.9554068677508344
chb15,10,0,0,chb15_10.edf;chb15_22.edf;chb15_31.edf,8160,1974,2280,24,10,321,21,1903,35,5,4,8,7,321,21,1903,35,5,4,8,7,0.9925307762386416
chb15,10,1,0,chb15_10.edf;chb15_22.edf;chb15_31.edf,8160,1974,2280,24,2,325,37,1887,31,6,4,8,6,336,31,1893,20,9,3,9,3,0.9937965731505056
chb15,10,2,0,chb15_10.edf;chb15_22.edf;chb15_31.edf,8160,1974,2280,24,6,348,24,1900,8,9,4,8,3,350,28,1896,6,9,5,7,3,0.9963851059356678
chb15,10,3,0,chb15_10.edf;chb15_22.edf;chb15_31.edf,8160,1974,2280,24,6,349,29,1895,7,8,4,8,4,350,38,1886,6,9,5,7,3,0.9974742460697515
chb15,10,0,1,chb15_40.edf;chb15_49.edf;chb15_54.edf,5802,1452,5160,72,22,689,113,4259,99,18,14,22,18,689,113,4259,99,18,14,22,18,0.9699512588182296
chb15,10,1,1,chb15_40.edf;chb15_49.edf;chb15_54.edf,5802,1452,5160,72,20,701,70,4302,87,16,14,22,20,704,74,4298,84,18,17,19,18,0.9878422796661728
chb15,10,2,1,chb15_40.edf;chb15_49.edf;chb15_54.edf,5802,1452,5160,72,35,705,61,4311,83,15,12,24,21,712,74,4298,76,16,15,21,20,0.9878715963607824
chb15,10,3,1,chb15_40.edf;chb15_49.edf;chb15_54.edf,5802,1452,5160,72,22,721,71,4301,67,19,13,23,17,717,83,4289,71,19,18,18,17,0.9895426479535204
chb15,10,0,2,chb15_06.edf;chb15_15.edf;chb15_52.edf,8856,1278,2220,24,3,334,105,1762,19,9,9,3,3,334,105,1762,19,9,9,3,3,0.9868371340002516
chb15,10,1,2,chb15_06.edf;chb15_15.edf;chb15_52.edf,8856,1278,2220,24,1,344,141,1726,9,10,10,2,2,346,132,1735,7,10,10,2,2,0.987571523296376
chb15,10,2,2,chb15_06.edf;chb15_15.edf;chb15_52.edf,8856,1278,2220,24,9,346,134,1733,7,10,10,2,2,346,135,1732,7,10,10,2,2,0.990765509801214
chb15,10,3,2,chb15_06.edf;chb15_15.edf;chb15_52.edf,8856,1278,2220,24,6,346,124,1743,7,10,10,2,2,346,131,1736,7,10,10,2,2,0.9914574137661578
chb15,10,0,3,chb15_17.edf;chb15_46.edf;chb15_62.edf,8508,2148,1560,24,24,239,16,1294,11,7,3,9,5,239,16,1294,11,7,3,9,5,0.9917282442748092
chb15,10,1,3,chb15_17.edf;chb15_46.edf;chb15_62.edf,8508,2148,1560,24,2,231,7,1303,19,6,2,10,6,233,10,1300,17,7,5,7,5,0.9939419847328244
chb15,10,2,3,chb15_17.edf;chb15_46.edf;chb15_62.edf,8508,2148,1560,24,5,236,3,1307,14,8,3,9,4,238,7,1303,12,9,5,7,3,0.9988946564885496
chb15,10,3,3,chb15_17.edf;chb15_46.edf;chb15_62.edf,8508,2148,1560,24,18,236,2,1308,14,8,2,10,4,236,6,1304,14,8,5,7,4,0.9994229007633588
chb15,10,0,4,chb15_20.edf;chb15_28.edf,8862,1740,1620,16,0,177,35,1340,68,2,1,7,6,177,35,1340,68,2,1,7,6,0.9497974025974024
chb15,10,1,4,chb15_20.edf;chb15_28.edf,8862,1740,1620,16,0,192,36,1339,53,2,1,7,6,189,33,1342,56,1,0,8,7,0.9630100185528756
chb15,10,2,4,chb15_20.edf;chb15_28.edf,8862,1740,1620,16,0,174,29,1346,71,1,0,8,7,165,41,1334,80,0,0,8,8,0.9401528756957328
chb15,10,3,4,chb15_20.edf;chb15_28.edf,8862,1740,1620,16,0,199,47,1328,46,2,0,8,6,194,55,1320,51,0,0,8,8,0.9579755102040816
chb16,3,0,0,chb16_10.edf,336,108,72,8,19,3,8,55,6,1,2,2,3,3,8,55,6,1,2,2,3,0.8412698412698413
chb16,3,1,0,chb16_10.edf,336,108,72,8,16,4,6,57,5,1,2,2,3,4,5,58,5,1,2,2,3,0.8201058201058201
chb16,3,2,0,chb16_10.edf,336,108,72,8,13,7,16,47,2,4,4,0,0,7,16,47,2,4,3,1,0,0.8871252204585538
chb16,3,3,0,chb16_10.edf,336,108,72,8,19,6,14,49,3,3,3,1,1,6,15,48,3,3,3,1,1,0.853615520282187
chb16,3,0,1,chb16_11.edf,330,114,72,8,22,3,7,56,6,0,1,3,4,3,7,56,6,0,1,3,4,0.8783068783068784
chb16,3,1,1,chb16_11.edf,330,114,72,8,26,7,11,52,2,2,3,1,2,6,10,53,3,2,2,2,2,0.8906525573192239
chb16,3,2,1,chb16_11.edf,330,114,72,8,26,7,8,55,2,2,1,3,2,8,7,56,1,3,1,3,1,0.9329805996472664
chb16,3,3,1,chb16_11.edf,330,114,72,8,35,7,7,56,2,2,1,3,2,8,7,56,1,3,1,3,1,0.9365079365079364
chb16,3,0,2,chb16_14.edf,354,60,90,8,14,4,40,36,10,2,1,3,2,4,40,36,10,2,1,3,2,0.3703007518796993
chb16,3,1,2,chb16_14.edf,354,60,90,8,19,7,27,49,7,2,0,4,2,7,29,47,7,2,0,4,2,0.4671052631578947
chb16,3,2,2,chb16_14.edf,354,60,90,8,9,8,56,20,6,2,1,3,2,8,56,20,6,2,1,3,2,0.3900375939849623
chb16,3,3,2,chb16_14.edf,354,60,90,8,19,6,31,45,8,1,0,4,3,5,33,43,9,1,0,4,3,0.4520676691729323
chb16,3,0,3,chb16_16.edf,348,114,54,8,20,3,11,37,3,2,2,2,2,3,11,37,3,2,2,2,2,0.7638888888888888
chb16,3,1,3,chb16_16.edf,348,114,54,8,28,3,5,43,3,1,3,1,3,4,5,43,2,2,3,1,2,0.8472222222222223
chb16,3,2,3,chb16_16.edf,348,114,54,8,23,3,4,44,3,2,2,2,2,3,4,44,3,2,2,2,2,0.8680555555555556
chb16,3,3,3,chb16_16.edf,348,114,54,8,16,2,7,41,4,1,3,1,3,2,8,40,4,1,3,1,3,0.6909722222222223
chb16,3,0,4,chb16_17.edf,216,48,270,32,2,0,0,239,31,0,0,16,16,0,0,239,31,0,0,16,16,0.5965717370765286
chb16,3,1,4,chb16_17.edf,216,48,270,32,7,0,0,239,31,0,0,16,16,0,0,239,31,0,0,16,16,0.5591847752733161
chb16,3,2,4,chb16_17.edf,216,48,270,32,2,0,0,239,31,0,0,16,16,0,0,239,31,0,0,16,16,0.6497503036847078
chb16,3,3,4,chb16_17.edf,216,48,270,32,7,1,1,238,30,0,0,16,16,1,1,238,30,0,0,16,16,0.682683223107032
chb16,5,0,0,chb16_10.edf,396,132,60,8,22,5,2,49,4,3,1,3,1,5,2,49,4,3,1,3,1,0.9063180827886712
chb16,5,1,0,chb16_10.edf,396,132,60,8,26,5,1,50,4,2,1,3,2,5,2,49,4,2,1,3,2,0.9368191721132896
chb16,5,2,0,chb16_10.edf,396,132,60,8,27,5,2,49,4,2,2,2,2,5,4,47,4,2,2,2,2,0.9673202614379084
chb16,5,3,0,chb16_10.edf,396,132,60,8,18,5,2,49,4,2,2,2,2,5,2,49,4,2,2,2,2,0.9498910675381264
chb16,5,0,1,chb16_11.edf,390,138,60,8,26,3,3,48,6,0,1,3,4,3,3,48,6,0,1,3,4,0.8932461873638343
chb16,5,1,1,chb16_11.edf,390,138,60,8,25,7,5,46,2,2,1,3,2,7,4,47,2,2,0,4,2,0.9389978213507624
chb16,5,2,1,chb16_11.edf,390,138,60,8,28,9,1,50,0,4,1,3,0,9,2,49,0,4,0,4,0,1.0
chb16,5,3,1,chb16_11.edf,390,138,60,8,24,7,1,50,2,2,1,3,2,8,3,48,1,3,1,3,1,0.9738562091503268
chb16,5,0,2,chb16_14.edf,414,60,120,8,13,5,65,41,9,2,2,2,2,5,65,41,9,2,2,2,2,0.3625336927223719
chb16,5,1,2,chb16_14.edf,414,60,120,8,20,6,36,70,8,2,2,2,2,7,40,66,7,2,2,2,2,0.5168463611859838
chb16,5,2,2,chb16_14.edf,414,60,120,8,29,7,37,69,7,1,0,4,3,7,41,65,7,2,1,3,2,0.522911051212938
chb16,5,3,2,chb16_14.edf,414,60,120,8,14,9,72,34,5,3,4,0,1,8,70,36,6,2,3,1,2,0.4130727762803234
chb16,5,0,3,chb16_16.edf,408,138,60,8,21,3,7,47,3,2,2,2,2,3,7,47,3,2,2,2,2,0.8271604938271606
chb16,5,1,3,chb16_16.edf,408,138,60,8,21,4,8,46,2,2,3,1,2,4,9,45,2,2,3,1,2,0.8641975308641975
chb16,5,2,3,chb16_16.edf,408,138,60,8,15,3,8,46,3,2,3,1,2,3,8,46,3,2,3,1,2,0.8024691358024691
chb16,5,3,3,chb16_16.edf,408,138,60,8,30,2,7,47,4,1,3,1,3,2,7,47,4,1,3,1,3,0.8240740740740742
chb16,5,0,4,chb16_17.edf,252,48,270,32,3,0,0,239,31,0,0,16,16,0,0,239,31,0,0,16,16,0.5841544068025374
chb16,5,1,4,chb16_17.edf,252,48,270,32,5,0,0,239,31,0,0,16,16,0,0,239,31,0,0,16,16,0.5487920097179106
chb16,5,2,4,chb16_17.edf,252,48,270,32,2,0,0,239,31,0,0,16,16,0,0,239,31,0,0,16,16,0.6245107301930085
chb16,5,3,4,chb16_17.edf,252,48,270,32,16,12,10,229,19,6,2,14,10,14,6,233,17,8,2,14,8,0.8353354028883789
chb16,8,0,0,chb16_10.edf,468,168,96,8,17,2,7,80,7,1,1,3,3,2,7,80,7,1,1,3,3,0.8556832694763729
chb16,8,1,0,chb16_10.edf,468,168,96,8,18,8,5,82,1,4,3,1,0,7,5,82,2,3,3,1,1,0.9782886334610472
chb16,8,2,0,chb16_10.edf,468,168,96,8,17,8,3,84,1,4,3,1,0,7,3,84,2,3,3,1,1,0.9808429118773948
chb16,8,3,0,chb16_10.edf,468,168,96,8,19,6,7,80,3,2,4,0,2,6,6,81,3,3,4,0,1,0.959131545338442
chb16,8,0,1,chb16_11.edf,480,156,96,8,17,3,4,83,6,0,0,4,4,3,4,83,6,0,0,4,4,0.7752234993614303
chb16,8,1,1,chb16_11.edf,480,156,96,8,20,5,3,84,4,0,0,4,4,5,1,86,4,1,0,4,3,0.9553001277139208
chb16,8,2,1,chb16_11.edf,480,156,96,8,17,7,9,78,2,2,1,3,2,7,6,81,2,2,0,4,2,0.9489144316730523
chb16,8,3,1,chb16_11.edf,480,156,96,8,15,8,9,78,1,3,0,4,1,8,8,79,1,3,0,4,1,0.9438058748403576
chb16,8,0,2,chb16_14.edf,486,60,144,8,17,4,33,97,10,2,1,3,2,4,33,97,10,2,1,3,2,0.5
chb16,8,1,2,chb16_14.edf,486,60,144,8,17,6,26,104,8,1,0,4,3,2,28,102,12,0,1,3,4,0.4538461538461538
chb16,8,2,2,chb16_14.edf,486,60,144,8,23,6,27,103,8,1,0,4,3,3,29,101,11,0,1,3,4,0.5796703296703297
chb16,8,3,2,chb16_14.edf,486,60,144,8,11,7,107,23,7,2,4,0,2,5,103,27,9,2,2,2,2,0.345054945054945
chb16,8,0,3,chb16_16.edf,498,174,96,8,26,3,9,81,3,2,2,2,2,3,9,81,3,2,2,2,2,0.8481481481481482
chb16,8,1,3,chb16_16.edf,498,174,96,8,25,5,7,83,1,3,3,1,1,4,7,83,2,2,3,1,2,0.9277777777777778
chb16,8,2,3,chb16_16.edf,498,174,96,8,12,3,4,86,3,2,2,2,2,4,4,86,2,2,2,2,2,0.9259259259259259
chb16,8,3,3,chb16_16.edf,498,174,96,8,21,5,11,79,1,3,3,1,1,5,7,83,1,3,2,2,1,0.9222222222222222
chb16,8,0,4,chb16_17.edf,306,48,384,32,3,0,0,353,31,0,0,16,16,0,0,353,31,0,0,16,16,0.6071461208078224
chb16,8,1,4,chb16_17.edf,306,48,384,32,5,0,0,353,31,0,0,16,16,0,0,353,31,0,0,16,16,0.5489353924883487
chb16,8,2,4,chb16_17.edf,306,48,384,32,0,0,0,353,31,0,0,16,16,0,0,353,31,0,0,16,16,0.5906058667641415
chb16,8,3,4,chb16_17.edf,306,48,384,32,2,0,0,353,31,0,0,16,16,0,0,353,31,0,0,16,16,0.5709586036735813
chb16,10,0,0,chb16_10.edf,516,192,60,8,20,4,1,50,5,2,1,3,2,4,1,50,5,2,1,3,2,0.8976034858387799
chb16,10,1,0,chb16_10.edf,516,192,60,8,25,7,1,50,2,3,1,3,1,8,1,50,1,4,1,3,0,0.9847494553376906
chb16,10,2,0,chb16_10.edf,516,192,60,8,18,9,2,49,0,4,2,2,0,9,2,49,0,4,2,2,0,0.9978213507625272
chb16,10,3,0,chb16_10.edf,516,192,60,8,20,6,4,47,3,2,3,1,2,7,2,49,2,3,1,3,1,0.9368191721132897
chb16,10,0,1,chb16_11.edf,540,168,60,8,14,3,4,47,6,0,0,4,4,3,4,47,6,0,0,4,4,0.8257080610021785
chb16,10,1,1,chb16_11.edf,540,168,60,8,25,7,2,49,2,2,0,4,2,3,3,48,6,0,0,4,4,0.9869281045751633
chb16,10,2,1,chb16_11.edf,540,168,60,8,21,7,1,50,2,2,1,3,2,6,0,51,3,1,0,4,3,0.9869281045751634
chb16,10,3,1,chb16_11.edf,540,168,60,8,19,7,1,50,2,2,1,3,2,2,0,51,7,0,0,4,4,0.9673202614379085
chb16,10,0,2,chb16_14.edf,534,60,120,8,10,4,41,65,10,2,1,3,2,4,41,65,10,2,1,3,2,0.3969002695417789
chb16,10,1,2,chb16_14.edf,534,60,120,8,14,3,27,79,11,1,0,4,3,0,25,81,14,0,0,4,4,0.42452830188679247
chb16,10,2,2,chb16_14.edf,534,60,120,8,18,3,25,81,11,1,0,4,3,1,29,77,13,0,0,4,4,0.4696765498652291
chb16,10,3,2,chb16_14.edf,534,60,120,8,13,9,79,27,5,3,2,2,1,8,81,25,6,2,2,2,2,0.43463611859838275
chb16,10,0,3,chb16_16.edf,558,198,60,8,21,2,8,46,4,1,2,2,3,2,8,46,4,1,2,2,3,0.7870370370370371
chb16,10,1,3,chb16_16.edf,558,198,60,8,17,3,7,47,3,1,3,1,3,4,13,41,2,2,3,1,2,0.8487654320987654
chb16,10,2,3,chb16_16.edf,558,198,60,8,12,5,9,45,1,3,3,1,1,5,12,42,1,3,3,1,1,0.8641975308641976
chb16,10,3,3,chb16_16.edf,558,198,60,8,15,4,11,43,2,2,3,1,2,3,12,42,3,2,3,1,2,0.7870370370370371
chb16,10,0,4,chb16_17.edf,342,48,300,32,2,0,0,269,31,0,0,16,16,0,0,269,31,0,0,16,16,0.6613502818083703
chb16,10,1,4,chb16_17.edf,342,48,300,32,4,0,0,269,31,0,0,16,16,0,0,269,31,0,0,16,16,0.5301594915457489
chb16,10,2,4,chb16_17.edf,342,48,300,32,1,0,0,269,31,0,0,16,16,0,0,269,31,0,0,16,16,0.5616980453291761
chb16,10,3,4,chb16_17.edf,342,48,300,32,17,7,1,268,24,3,1,15,13,1,0,269,30,0,0,16,16,0.8578966302914018
chb17,3,0,0,chb17a_03.edf,966,264,558,8,6,80,29,439,10,1,1,3,3,80,29,439,10,1,1,3,3,0.9725546058879393
chb17,3,1,0,chb17a_03.edf,966,264,558,8,5,78,12,456,12,1,1,3,3,79,11,457,11,1,1,3,3,0.9782763532763533
chb17,3,2,0,chb17a_03.edf,966,264,558,8,21,87,23,445,3,3,2,2,1,87,26,442,3,3,2,2,1,0.9941832858499524
chb17,3,3,0,chb17a_03.edf,966,264,558,8,6,86,24,444,4,3,1,3,1,86,23,445,4,3,1,3,1,0.9867996201329535
chb17,3,0,1,chb17a_04.edf,888,192,702,8,10,108,21,566,7,3,1,3,1,108,21,566,7,3,1,3,1,0.9885934375231464
chb17,3,1,1,chb17a_04.edf,888,192,702,8,9,112,12,575,3,3,2,2,1,112,11,576,3,3,2,2,1,0.9976298051996147
chb17,3,2,1,chb17a_04.edf,888,192,702,8,5,105,6,581,10,2,1,3,2,107,5,582,8,2,1,3,2,0.9972594622620546
chb17,3,3,1,chb17a_04.edf,888,192,702,8,7,115,16,571,0,4,3,1,0,113,18,569,2,4,3,1,0,0.9982223538997111
chb17,3,0,2,chb17b_63.edf,1122,120,540,8,10,66,24,428,22,0,1,3,4,66,24,428,22,0,1,3,4,0.9385559131134352
chb17,3,1,2,chb17b_63.edf,1122,120,540,8,12,71,19,433,17,0,0,4,4,72,14,438,16,0,0,4,4,0.9703841512469832
chb17,3,2,2,chb17b_63.edf,1122,120,540,8,39,66,3,449,22,0,0,4,4,64,5,447,24,0,1,3,4,0.9710126709573612
chb17,3,3,2,chb17b_63.edf,1122,120,540,8,21,70,12,440,18,0,0,4,4,70,11,441,18,0,1,3,4,0.9751357602574418
chb17,5,0,0,chb17a_03.edf,978,264,570,8,6,77,10,470,13,1,1,3,3,77,10,470,13,1,1,3,3,0.9708796296296296
chb17,5,1,0,chb17a_03.edf,978,264,570,8,10,84,12,468,6,1,1,3,3,83,11,469,7,2,2,2,2,0.9878935185185185
chb17,5,2,0,chb17a_03.edf,978,264,570,8,13,86,7,473,4,3,1,3,1,85,10,470,5,3,3,1,1,0.9954861111111111
chb17,5,3,0,chb17a_03.edf,978,264,570,8,6,87,33,447,3,4,2,2,0,85,35,445,5,2,2,2,2,0.9911574074074074
chb17,5,0,1,chb17a_04.edf,900,192,690,8,10,104,15,560,11,3,1,3,1,104,15,560,11,3,1,3,1,0.9854820415879018
chb17,5,1,1,chb17a_04.edf,900,192,690,8,7,107,6,569,8,3,1,3,1,109,6,569,6,4,1,3,0,0.9977013232514178
chb17,5,2,1,chb17a_04.edf,900,192,690,8,8,110,6,569,5,4,1,3,0,111,6,569,4,4,1,3,0,0.998593572778828
chb17,5,3,1,chb17a_04.edf,900,192,690,8,9,110,3,572,5,4,1,3,0,110,5,570,5,4,1,3,0,0.9990321361058602
chb17,5,0,2,chb17b_63.edf,1134,120,540,8,8,70,21,431,18,0,1,3,4,70,21,431,18,0,1,3,4,0.9295555108608207
chb17,5,1,2,chb17b_63.edf,1134,120,540,8,7,69,12,440,19,0,0,4,4,72,12,440,16,0,1,3,4,0.9635458567980691
chb17,5,2,2,chb17b_63.edf,1134,120,540,8,19,68,5,447,20,0,0,4,4,68,2,450,20,0,0,4,4,0.9701830249396621
chb17,5,3,2,chb17b_63.edf,1134,120,540,8,7,77,8,444,11,1,0,4,3,76,9,443,12,0,1,3,4,0.9829042638777151
chb17,8,0,0,chb17a_03.edf,996,264,576,8,5,78,11,475,12,1,1,3,3,78,11,475,12,1,1,3,3,0.9704389574759946
chb17,8,1,0,chb17a_03.edf,996,264,576,8,4,80,11,475,10,1,1,3,3,82,13,473,8,1,2,2,3,0.9801554641060813
chb17,8,2,0,chb17a_03.edf,996,264,576,8,5,85,10,476,5,2,4,0,2,89,9,477,1,3,4,0,1,0.9979423868312757
chb17,8,3,0,chb17a_03.edf,996,264,576,8,13,85,7,479,5,1,1,3,3,89,7,479,1,3,3,1,1,0.9982167352537723
chb17,8,0,1,chb17a_04.edf,918,192,720,8,8,105,24,581,10,3,1,3,1,105,24,581,10,3,1,3,1,0.9838735177865612
chb17,8,1,1,chb17a_04.edf,918,192,720,8,4,101,4,601,14,2,1,3,2,101,3,602,14,2,1,3,2,0.9933740567732663
chb17,8,2,1,chb17a_04.edf,918,192,720,8,3,92,0,605,23,0,0,4,4,92,0,605,23,0,0,4,4,0.9962630255120374
chb17,8,3,1,chb17a_04.edf,918,192,720,8,5,115,12,593,0,4,3,1,0,115,13,592,0,4,3,1,0,0.9984477182896154
chb17,8,0,2,chb17b_63.edf,1152,120,528,8,13,70,33,407,18,1,1,3,3,70,33,407,18,1,1,3,3,0.9264979338842974
chb17,8,1,2,chb17b_63.edf,1152,120,528,8,10,64,6,434,24,0,0,4,4,63,5,435,25,1,1,3,3,0.9579545454545455
chb17,8,2,2,chb17b_63.edf,1152,120,528,8,8,67,8,432,21,0,0,4,4,69,6,434,19,1,0,4,3,0.962525826446281
chb17,8,3,2,chb17b_63.edf,1152,120,528,8,3,87,65,375,1,4,2,2,0,87,69,371,1,4,2,2,0,0.9755165289256199
chb17,10,0,0,chb17a_03.edf,1008,264,600,8,7,75,16,494,15,1,1,3,3,75,16,494,15,1,1,3,3,0.9703050108932462
chb17,10,1,0,chb17a_03.edf,1008,264,600,8,5,80,16,494,10,1,1,3,3,82,13,497,8,1,2,2,3,0.979128540305011
chb17,10,2,0,chb17a_03.edf,1008,264,600,8,4,89,27,483,1,4,4,0,0,90,28,482,0,4,4,0,0,0.9961002178649238
chb17,10,3,0,chb17a_03.edf,1008,264,600,8,28,88,33,477,2,3,2,2,1,90,32,478,0,4,3,1,0,0.9945969498910676
chb17,10,0,1,chb17a_04.edf,930,192,720,8,6,100,12,593,15,2,1,3,2,100,12,593,15,2,1,3,2,0.9814157384117859
chb17,10,1,1,chb17a_04.edf,930,192,720,8,6,109,11,594,6,3,1,3,1,108,9,596,7,2,1,3,2,0.9959180740208409
chb17,10,2,1,chb17a_04.edf,930,192,720,8,2,99,2,603,16,1,1,3,3,95,4,601,20,1,1,3,3,0.9903701042040964
chb17,10,3,1,chb17a_04.edf,930,192,720,8,7,114,4,601,1,3,1,3,1,114,9,596,1,3,3,1,1,0.9996837944664032
chb17,10,0,2,chb17b_63.edf,1164,120,600,8,11,70,35,477,18,0,1,3,4,70,35,477,18,0,1,3,4,0.9350807883522728
chb17,10,1,2,chb17b_63.edf,1164,120,600,8,15,69,10,502,19,0,0,4,4,68,9,503,20,0,1,3,4,0.9701926491477273
chb17,10,2,2,chb17b_63.edf,1164,120,600,8,7,65,8,504,23,0,0,4,4,66,5,507,22,0,0,4,4,0.9659534801136364
chb17,10,3,2,chb17b_63.edf,1164,120,600,8,3,73,8,504,15,0,0,4,4,72,5,507,16,0,0,4,4,0.9867276278409091
chb19,3,0,0,chb19_28.edf,600,348,486,8,18,57,48,360,21,3,2,2,1,57,48,360,21,3,2,2,1,0.8225867269984918
chb19,3,1,0,chb19_28.edf,600,348,486,8,26,53,52,356,25,2,3,1,2,54,49,359,24,2,2,2,2,0.7921694318753143
chb19,3,2,0,chb19_28.edf,600,348,486,8,25,57,68,340,21,3,3,1,1,58,61,347,20,3,3,1,1,0.8207327802916038
chb19,3,3,0,chb19_28.edf,600,348,486,8,21,54,47,361,24,2,3,1,2,55,45,363,23,2,3,1,2,0.8363499245852187
chb19,3,0,1,chb19_29.edf,864,102,468,8,3,58,29,362,19,1,1,3,3,58,29,362,19,1,1,3,3,0.9160992460225197
chb19,3,1,1,chb19_29.edf,864,102,468,8,3,70,45,346,7,2,2,2,2,69,50,341,8,2,2,2,2,0.9360281662071943
chb19,3,2,1,chb19_29.edf,864,102,468,8,28,74,59,332,3,3,3,1,1,76,59,332,1,4,3,1,0,0.9746570564984888
chb19,3,3,1,chb19_29.edf,864,102,468,8,8,71,30,361,6,2,2,2,2,70,29,362,7,2,3,1,2,0.9626664895207095
chb19,3,0,2,chb19_30.edf,696,246,486,8,8,58,14,391,23,1,1,3,3,58,14,391,23,1,1,3,3,0.9572016460905349
chb19,3,1,2,chb19_30.edf,696,246,486,8,4,57,11,394,24,1,2,2,3,56,11,394,25,1,2,2,3,0.945679012345679
chb19,3,2,2,chb19_30.edf,696,246,486,8,5,54,7,398,27,1,2,2,3,53,8,397,28,1,2,2,3,0.965767413504039
chb19,3,3,2,chb19_30.edf,696,246,486,8,5,56,13,392,25,0,2,2,4,57,12,393,24,1,2,2,3,0.9538789818625211
chb19,5,0,0,chb19_28.edf,612,336,510,8,21,47,27,405,31,2,2,2,2,47,27,405,31,2,2,2,2,0.831582383665717
chb19,5,1,0,chb19_28.edf,612,336,510,8,7,66,51,381,12,3,3,1,1,66,43,389,12,2,2,2,2,0.92088081671415
chb19,5,2,0,chb19_28.edf,612,336,510,8,23,42,10,422,36,2,2,2,2,42,15,417,36,2,2,2,2,0.8492402659069327
chb19,5,3,0,chb19_28.edf,612,336,510,8,17,51,12,420,27,2,2,2,2,54,14,418,24,2,2,2,2,0.9025106837606838
chb19,5,0,1,chb19_29.edf,876,102,510,8,2,53,29,404,24,1,1,3,3,53,29,404,24,1,1,3,3,0.9037821301100746
chb19,5,1,1,chb19_29.edf,876,102,510,8,3,58,23,410,19,0,0,4,4,59,24,409,18,0,1,3,4,0.9363546384331604
chb19,5,2,1,chb19_29.edf,876,102,510,8,13,73,53,380,4,3,2,2,1,74,50,383,3,3,2,2,1,0.9769952910830508
chb19,5,3,1,chb19_29.edf,876,102,510,8,2,69,42,391,8,1,2,2,3,68,43,390,9,1,2,2,3,0.9463423412615098
chb19,5,0,2,chb19_30.edf,708,246,510,8,7,56,16,413,25,1,2,2,3,56,16,413,25,1,2,2,3,0.9278828167717056
chb19,5,1,2,chb19_30.edf,708,246,510,8,4,49,12,417,32,0,2,2,4,50,10,419,31,0,1,3,4,0.9355089355089355
chb19,5,2,2,chb19_30.edf,708,246,510,8,3,37,10,419,44,0,1,3,4,40,7,422,41,0,1,3,4,0.9496100607211718
chb19,5,3,2,chb19_30.edf,708,246,510,8,4,63,27,402,18,1,2,2,3,62,23,406,19,0,2,2,4,0.9375809375809376
chb19,8,0,0,chb19_28.edf,630,318,528,8,20,53,56,394,25,3,2,2,1,53,56,394,25,3,2,2,1,0.7856980056980057
chb19,8,1,0,chb19_28.edf,630,318,528,8,23,51,49,401,27,2,2,2,2,52,43,407,26,2,2,2,2,0.8142450142450142
chb19,8,2,0,chb19_28.edf,630,318,528,8,15,51,35,415,27,2,2,2,2,56,40,410,22,2,2,2,2,0.8915099715099716
chb19,8,3,0,chb19_28.edf,630,318,528,8,15,66,75,375,12,3,2,2,1,63,65,385,15,2,2,2,2,0.9032478632478632
chb19,8,0,1,chb19_29.edf,894,102,528,8,2,61,53,398,16,2,2,2,2,61,53,398,16,2,2,2,2,0.9078238834336395
chb19,8,1,1,chb19_29.edf,894,102,528,8,3,62,23,428,15,0,1,3,4,62,25,426,15,0,2,2,4,0.9352089152532611
chb19,8,2,1,chb19_29.edf,894,102,528,8,4,70,34,417,7,2,3,1,2,72,32,419,5,2,3,1,2,0.9630546836755263
chb19,8,3,1,chb19_29.edf,894,102,528,8,6,71,33,418,6,2,3,1,2,70,36,415,7,3,3,1,1,0.9738244017623174
chb19,8,0,2,chb19_30.edf,726,246,528,8,5,59,30,417,22,1,2,2,3,59,30,417,22,1,2,2,3,0.9239925981163863
chb19,8,1,2,chb19_30.edf,726,246,528,8,5,65,25,422,16,1,2,2,3,67,29,418,14,1,2,2,3,0.9493191924213551
chb19,8,2,2,chb19_30.edf,726,246,528,8,4,59,15,432,22,0,1,3,4,65,16,431,16,0,2,2,4,0.9626039163697626
chb19,8,3,2,chb19_30.edf,726,246,528,8,5,66,23,424,15,1,2,2,3,68,25,422,13,2,2,2,2,0.9479658629546772
chb19,10,0,0,chb19_28.edf,642,306,540,8,30,44,55,407,34,2,2,2,2,44,55,407,34,2,2,2,2,0.7704240204240205
chb19,10,1,0,chb19_28.edf,642,306,540,8,37,59,49,413,19,2,2,2,2,59,55,407,19,2,1,3,2,0.837912087912088
chb19,10,2,0,chb19_28.edf,642,306,540,8,21,50,27,435,28,2,2,2,2,53,25,437,25,2,0,4,2,0.842074592074592
chb19,10,3,0,chb19_28.edf,642,306,540,8,32,47,14,448,31,2,2,2,2,45,9,453,33,1,0,4,3,0.7915695415695416
chb19,10,0,1,chb19_29.edf,906,102,540,8,2,49,22,441,28,1,1,3,3,49,22,441,28,1,1,3,3,0.9211803315475021
chb19,10,1,1,chb19_29.edf,906,102,540,8,2,55,18,445,22,0,0,4,4,56,18,445,21,0,1,3,4,0.9407309752882107
chb19,10,2,1,chb19_29.edf,906,102,540,8,4,72,31,432,5,2,3,1,2,73,35,428,4,2,3,1,2,0.9664245042214804
chb19,10,3,1,chb19_29.edf,906,102,540,8,3,64,22,441,13,2,1,3,2,68,25,438,9,2,2,2,2,0.9646012734565651
chb19,10,0,2,chb19_30.edf,738,246,540,8,5,55,21,438,26,1,1,3,3,55,21,438,26,1,1,3,3,0.9396433470507545
chb19,10,1,2,chb19_30.edf,738,246,540,8,3,52,17,442,29,1,2,2,3,55,18,441,26,0,2,2,4,0.9307673686758654
chb19,10,2,2,chb19_30.edf,738,246,540,8,3,57,19,440,24,0,2,2,4,56,19,440,25,0,2,2,4,0.9439468517173673
chb19,10,3,2,chb19_30.edf,738,246,540,8,5,63,20,439,18,1,2,2,3,64,20,439,17,2,2,2,2,0.9463406761881707
chb20,3,0,0,chb20_12.edf;chb20_16.edf,1230,222,396,16,9,53,12,320,11,4,4,4,4,53,12,320,11,4,4,4,4,0.9664909638554217
chb20,3,1,0,chb20_12.edf;chb20_16.edf,1230,222,396,16,5,56,8,324,8,6,3,5,2,56,8,324,8,5,3,5,3,0.9813629518072289
chb20,3,2,0,chb20_12.edf;chb20_16.edf,1230,222,396,16,8,58,10,322,6,7,4,4,1,59,10,322,5,7,5,3,1,0.9806570030120482
chb20,3,3,0,chb20_12.edf;chb20_16.edf,1230,222,396,16,7,57,13,319,7,5,4,4,3,57,15,317,7,5,5,3,3,0.9791509789156627
chb20,3,0,1,chb20_13.edf,1044,354,432,16,12,65,11,352,4,5,4,4,3,65,11,352,4,5,4,4,3,0.9889807162534435
chb20,3,1,1,chb20_13.edf,1044,354,432,16,16,66,9,354,3,6,2,6,2,65,9,354,4,6,2,6,2,0.9908971134267578
chb20,3,2,1,chb20_13.edf,1044,354,432,16,8,66,10,353,3,6,3,5,2,65,12,351,4,5,3,5,3,0.9934523096578433
chb20,3,3,1,chb20_13.edf,1044,354,432,16,12,66,11,352,3,6,3,5,2,64,10,353,5,4,3,5,4,0.9942108835389468
chb20,3,0,2,chb20_14.edf,1122,486,234,8,10,34,5,191,4,2,2,2,2,34,5,191,4,2,2,2,2,0.989124597207304
chb20,3,1,2,chb20_14.edf,1122,486,234,8,4,38,7,189,0,4,2,2,0,38,7,189,0,4,2,2,0,0.984156820622986
chb20,3,2,2,chb20_14.edf,1122,486,234,8,5,38,7,189,0,4,2,2,0,38,7,189,0,4,2,2,0,0.9889903329752954
chb20,3,3,2,chb20_14.edf,1122,486,234,8,6,37,5,191,1,4,2,2,0,38,5,191,0,4,2,2,0,0.985499462943072
chb20,3,0,3,chb20_68.edf,1392,186,252,8,8,31,13,200,8,2,1,3,2,31,13,200,8,2,1,3,2,0.941013602985434
chb20,3,1,3,chb20_68.edf,1392,186,252,8,5,29,14,199,10,2,2,2,2,29,14,199,10,2,2,2,2,0.9402913205730107
chb20,3,2,3,chb20_68.edf,1392,186,252,8,7,30,14,199,9,2,2,2,2,29,14,199,10,1,2,2,3,0.9584687612856627
chb20,3,3,3,chb20_68.edf,1392,186,252,8,5,25,15,198,14,2,2,2,2,24,14,199,15,2,2,2,2,0.9317443120260023
chb20,3,0,4,chb20_15.edf,1020,300,522,16,7,75,16,422,9,5,3,5,3,75,16,422,9,5,3,5,3,0.9754566210045662
chb20,3,1,4,chb20_15.edf,1020,300,522,16,3,69,9,429,15,6,4,4,2,69,9,429,15,6,4,4,2,0.9723853011524245
chb20,3,2,4,chb20_15.edf,1020,300,522,16,8,81,29,409,3,6,5,3,2,81,25,413,3,6,5,3,2,0.9835290280495761
chb20,3,3,4,chb20_15.edf,1020,300,522,16,7,81,24,414,3,6,6,2,2,80,23,415,4,6,6,2,2,0.9803761687323331
chb20,5,0,0,chb20_12.edf;chb20_16.edf,1290,234,450,16,5,55,18,368,9,5,4,4,3,55,18,368,9,5,4,4,3,0.9659569300518135
chb20,5,1,0,chb20_12.edf;chb20_16.edf,1290,234,450,16,4,49,17,369,15,5,3,5,3,48,15,371,16,5,3,5,3,0.9770482512953368
chb20,5,2,0,chb20_12.edf;chb20_16.edf,1290,234,450,16,3,54,16,370,10,5,4,4,3,53,16,370,11,5,4,4,3,0.9807723445595854
chb20,5,3,0,chb20_12.edf;chb20_16.edf,1290,234,450,16,5,59,20,366,5,5,4,4,3,58,21,365,6,5,4,4,3,0.9850631476683938
chb20,5,0,1,chb20_13.edf,1080,354,450,16,9,62,17,364,7,3,4,4,5,62,17,364,7,3,4,4,5,0.977709308075621
chb20,5,1,1,chb20_13.edf,1080,354,450,16,29,61,10,371,8,3,1,7,5,62,7,374,7,2,2,6,6,0.9915554034006618
chb20,5,2,1,chb20_13.edf,1080,354,450,16,13,64,6,375,5,3,0,8,5,64,6,375,5,3,0,8,5,0.9913652097835597
chb20,5,3,1,chb20_13.edf,1080,354,450,16,29,62,7,374,7,2,0,8,6,63,3,378,6,3,0,8,5,0.9929247974437978
chb20,5,0,2,chb20_14.edf,1182,486,240,8,13,36,13,189,2,3,2,2,1,36,13,189,2,3,2,2,1,0.9777227722772277
chb20,5,1,2,chb20_14.edf,1182,486,240,8,10,38,13,189,0,4,3,1,0,38,14,188,0,4,3,1,0,0.9847576862949452
chb20,5,2,2,chb20_14.edf,1182,486,240,8,11,36,9,193,2,4,3,1,0,37,8,194,1,4,3,1,0,0.9872329338196978
chb20,5,3,2,chb20_14.edf,1182,486,240,8,2,32,8,194,6,4,2,2,0,34,8,194,4,4,2,2,0,0.9665190203230849
chb20,5,0,3,chb20_68.edf,1440,186,270,8,7,30,3,228,9,2,1,3,2,30,3,228,9,2,1,3,2,0.960927960927961
chb20,5,1,3,chb20_68.edf,1440,186,270,8,5,16,3,228,23,0,1,3,4,15,2,229,24,1,1,3,3,0.9504939504939504
chb20,5,2,3,chb20_68.edf,1440,186,270,8,9,25,3,228,14,2,2,2,2,29,3,228,10,2,2,2,2,0.9385059385059386
chb20,5,3,3,chb20_68.edf,1440,186,270,8,3,25,3,228,14,2,2,2,2,26,4,227,13,2,2,2,2,0.9650349650349651
chb20,5,0,4,chb20_15.edf,1068,312,540,16,4,79,35,421,5,6,5,3,2,79,35,421,5,6,5,3,2,0.9718828320802005
chb20,5,1,4,chb20_15.edf,1068,312,540,16,3,68,10,446,16,6,3,5,2,65,10,446,19,6,3,5,2,0.971047410192147
chb20,5,2,4,chb20_15.edf,1068,312,540,16,4,79,16,440,5,6,5,3,2,77,19,437,7,6,5,3,2,0.9865810359231412
chb20,5,3,4,chb20_15.edf,1068,312,540,16,2,65,10,446,19,6,4,4,2,68,12,444,16,6,4,4,2,0.9824822472848789
chb20,8,0,0,chb20_12.edf;chb20_16.edf,1380,252,480,16,5,59,24,392,5,7,5,3,1,59,24,392,5,7,5,3,1,0.9692758413461539
chb20,8,1,0,chb20_12.edf;chb20_16.edf,1380,252,480,16,8,55,15,401,9,6,4,4,2,55,15,401,9,5,4,4,3,0.9823091947115384
chb20,8,2,0,chb20_12.edf;chb20_16.edf,1380,252,480,16,3,58,20,396,6,6,4,4,2,57,18,398,7,5,4,4,3,0.9715670072115384
chb20,8,3,0,chb20_12.edf;chb20_16.edf,1380,252,480,16,3,56,19,397,8,4,4,4,4,56,17,399,8,4,5,3,4,0.9741586538461539
chb20,8,0,1,chb20_13.edf,1134,354,480,16,12,62,8,403,7,3,3,5,5,62,8,403,7,3,3,5,5,0.9931944003667266
chb20,8,1,1,chb20_13.edf,1134,354,480,16,16,62,2,409,7,3,0,8,5,58,5,406,11,3,3,5,5,0.9950632956028068
chb20,8,2,1,chb20_13.edf,1134,354,480,16,23,64,0,411,5,4,0,8,4,58,1,410,11,3,1,7,5,0.9969321908388871
chb20,8,3,1,chb20_13.edf,1134,354,480,16,18,64,4,407,5,4,1,7,4,61,2,409,8,4,2,6,4,0.9980253182411228
chb20,8,0,2,chb20_14.edf,1272,486,288,8,7,34,5,245,4,3,1,3,1,34,5,245,4,3,1,3,1,0.986421052631579
chb20,8,1,2,chb20_14.edf,1272,486,288,8,2,32,7,243,6,4,2,2,0,32,7,243,6,3,2,2,1,0.9817894736842105
chb20,8,2,2,chb20_14.edf,1272,486,288,8,3,38,8,242,0,4,3,1,0,38,8,242,0,4,3,1,0,0.9861052631578947
chb20,8,3,2,chb20_14.edf,1272,486,288,8,1,32,9,241,6,4,3,1,0,34,8,242,4,4,3,1,0,0.9715789473684211
chb20,8,0,3,chb20_68.edf,1512,186,240,8,9,28,10,191,11,2,1,3,2,28,10,191,11,2,1,3,2,0.9261385380788366
chb20,8,1,3,chb20_68.edf,1512,186,240,8,4,18,4,197,21,0,2,2,4,18,6,195,21,1,1,3,3,0.9267763745375686
chb20,8,2,3,chb20_68.edf,1512,186,240,8,14,25,8,193,14,2,2,2,2,21,11,190,18,2,2,2,2,0.9292001530807501
chb20,8,3,3,chb20_68.edf,1512,186,240,8,8,20,6,195,19,2,2,2,2,18,7,194,21,1,2,2,3,0.9124888378619722
chb20,8,0,4,chb20_15.edf,1134,330,624,16,6,74,12,528,10,6,3,5,2,74,12,528,10,6,3,5,2,0.9786816578483245
chb20,8,1,4,chb20_15.edf,1134,330,624,16,4,79,12,528,5,6,4,4,2,77,14,526,7,6,4,4,2,0.9740740740740741
chb20,8,2,4,chb20_15.edf,1134,330,624,16,2,71,12,528,13,5,4,4,3,71,16,524,13,5,5,3,3,0.9831569664902998
chb20,8,3,4,chb20_15.edf,1134,330,624,16,14,79,13,527,5,5,4,4,3,79,16,524,5,5,4,4,3,0.9819885361552028
chb20,10,0,0,chb20_12.edf;chb20_16.edf,1440,264,540,16,3,42,17,459,22,5,3,5,3,42,17,459,22,5,3,5,3,0.9593290441176471
chb20,10,1,0,chb20_12.edf;chb20_16.edf,1440,264,540,16,7,49,6,470,15,3,2,6,5,51,7,469,13,4,2,6,4,0.9872636554621849
chb20,10,2,0,chb20_12.edf;chb20_16.edf,1440,264,540,16,12,55,11,465,9,5,2,6,3,55,9,467,9,5,2,6,3,0.9858193277310925
chb20,10,3,0,chb20_12.edf;chb20_16.edf,1440,264,540,16,5,56,13,463,8,4,2,6,4,55,12,464,9,5,4,4,3,0.9889705882352942
chb20,10,0,1,chb20_13.edf,1164,354,480,16,11,62,9,402,7,3,3,5,5,62,9,402,7,3,3,5,5,0.9918544377446313
chb20,10,1,1,chb20_13.edf,1164,354,480,16,14,62,0,411,7,4,0,8,4,58,5,406,11,3,2,6,5,0.9968616664903558
chb20,10,2,1,chb20_13.edf,1164,354,480,16,11,64,0,411,5,3,0,8,5,64,2,409,5,4,1,7,4,0.9976021721499347
chb20,10,3,1,chb20_13.edf,1164,354,480,16,21,62,0,411,7,3,0,8,5,62,1,410,7,4,0,8,4,0.9985189886808421
chb20,10,0,2,chb20_14.edf,1326,486,240,8,4,37,14,188,1,4,3,1,0,37,14,188,1,4,3,1,0,0.9693850964043773
chb20,10,1,2,chb20_14.edf,1326,486,240,8,4,36,11,191,2,4,2,2,0,36,11,191,2,4,2,2,0,0.9801980198019802
chb20,10,2,2,chb20_14.edf,1326,486,240,8,1,24,8,194,14,4,2,2,0,22,7,195,16,3,2,2,1,0.9650859822824388
chb20,10,3,2,chb20_14.edf,1326,486,240,8,2,30,11,191,8,3,2,2,1,32,11,191,6,3,2,2,1,0.9551849921834289
chb20,10,0,3,chb20_68.edf,1560,186,300,8,4,25,18,243,14,2,2,2,2,25,18,243,14,2,2,2,2,0.9190490224972984
chb20,10,1,3,chb20_68.edf,1560,186,300,8,6,9,7,254,30,0,1,3,4,13,7,254,26,1,1,3,3,0.8462520876313979
chb20,10,2,3,chb20_68.edf,1560,186,300,8,14,20,8,253,19,2,2,2,2,19,13,248,20,2,2,2,2,0.8964534826603792
chb20,10,3,3,chb20_68.edf,1560,186,300,8,8,14,9,252,25,2,1,3,2,13,9,252,26,1,2,2,3,0.8544061302681992
chb20,10,0,4,chb20_15.edf,1170,336,600,16,6,76,7,509,8,6,3,5,2,76,7,509,8,6,3,5,2,0.9805047988187523
chb20,10,1,4,chb20_15.edf,1170,336,600,16,2,40,1,515,44,4,1,7,4,41,1,515,43,4,1,7,4,0.9673541897379108
chb20,10,2,4,chb20_15.edf,1170,336,600,16,2,73,8,508,11,6,4,4,2,75,7,509,9,6,4,4,2,0.994093761535622
chb20,10,3,4,chb20_15.edf,1170,336,600,16,3,81,7,509,3,6,4,4,2,78,7,509,6,6,4,4,2,0.9929632705795496
chb21,3,0,0,chb21_19.edf,810,84,342,8,9,44,21,265,12,3,2,2,1,44,21,265,12,3,2,2,1,0.941371128871129
chb21,3,1,0,chb21_19.edf,810,84,342,8,14,52,18,268,4,2,4,0,2,52,17,269,4,2,4,0,2,0.9739635364635365
chb21,3,2,0,chb21_19.edf,810,84,342,8,9,55,17,269,1,3,3,1,1,55,19,267,1,3,3,1,1,0.9875124875124874
chb21,3,3,0,chb21_19.edf,810,84,342,8,11,52,21,265,4,3,4,0,1,52,22,264,4,3,4,0,1,0.9788961038961039
chb21,3,0,1,chb21_20.edf,696,222,324,8,28,41,11,263,9,3,1,3,1,41,11,263,9,3,1,3,1,0.9681021897810218
chb21,3,1,1,chb21_20.edf,696,222,324,8,23,42,2,272,8,3,0,4,1,43,3,271,7,2,0,4,2,0.9891240875912408
chb21,3,2,1,chb21_20.edf,696,222,324,8,33,43,6,268,7,3,2,2,1,43,3,271,7,3,1,3,1,0.9863503649635037
chb21,3,3,1,chb21_20.edf,696,222,324,8,27,44,6,268,6,3,2,2,1,45,8,266,5,3,2,2,1,0.9867883211678832
chb21,3,0,2,chb21_21.edf,660,84,504,8,55,65,9,414,16,2,2,2,2,65,9,414,16,2,2,2,2,0.9660274932142544
chb21,3,1,2,chb21_21.edf,660,84,504,8,28,75,14,409,6,3,2,2,1,76,15,408,5,4,2,2,0,0.99165280331553
chb21,3,2,2,chb21_21.edf,660,84,504,8,45,71,9,414,10,3,1,3,1,69,7,416,12,3,0,4,1,0.9911858272772378
chb21,3,3,2,chb21_21.edf,660,84,504,8,20,72,8,415,9,3,1,3,1,67,8,415,14,3,0,4,1,0.9921197793538219
chb21,3,0,3,chb21_22.edf,924,222,72,8,16,11,10,50,1,3,4,0,1,11,10,50,1,3,4,0,1,0.9388888888888889
chb21,3,1,3,chb21_22.edf,924,222,72,8,16,12,9,51,0,4,4,0,0,12,9,51,0,4,4,0,0,0.9666666666666667
chb21,3,2,3,chb21_22.edf,924,222,72,8,21,12,9,51,0,4,4,0,0,12,9,51,0,4,4,0,0,0.9777777777777777
chb21,3,3,3,chb21_22.edf,924,222,72,8,12,12,10,50,0,4,4,0,0,12,9,51,0,4,4,0,0,0.9430555555555555
chb21,5,0,0,chb21_19.edf,834,96,360,8,10,49,24,280,7,3,3,1,1,49,24,280,7,3,3,1,1,0.9591752819548871
chb21,5,1,0,chb21_19.edf,834,96,360,8,17,49,2,302,7,3,2,2,1,41,1,303,15,4,1,3,0,0.9960056390977443
chb21,5,2,0,chb21_19.edf,834,96,360,8,26,41,2,302,15,2,1,3,2,38,3,301,18,2,1,3,2,0.9878994360902256
chb21,5,3,0,chb21_19.edf,834,96,360,8,13,53,8,296,3,3,3,1,1,55,5,299,1,3,3,1,1,0.9962993421052632
chb21,5,0,1,chb21_20.edf,720,222,330,8,19,44,12,268,6,3,1,3,1,44,12,268,6,3,1,3,1,0.9786428571428571
chb21,5,1,1,chb21_20.edf,720,222,330,8,17,49,6,274,1,3,2,2,1,47,3,277,3,2,2,2,2,0.9957142857142858
chb21,5,2,1,chb21_20.edf,720,222,330,8,20,44,4,276,6,3,1,3,1,45,2,278,5,2,1,3,2,0.9955714285714286
chb21,5,3,1,chb21_20.edf,720,222,330,8,27,48,3,277,2,3,2,2,1,47,3,277,3,2,2,2,2,0.9954285714285713
chb21,5,0,2,chb21_21.edf,684,96,510,8,31,66,5,424,15,2,2,2,2,66,5,424,15,2,2,2,2,0.9683444127888572
chb21,5,1,2,chb21_21.edf,684,96,510,8,11,69,4,425,12,2,2,2,2,69,2,427,12,2,1,3,2,0.9885464329908775
chb21,5,2,2,chb21_21.edf,684,96,510,8,21,70,1,428,11,2,1,3,2,69,1,428,12,2,1,3,2,0.997438775216553
chb21,5,3,2,chb21_21.edf,684,96,510,8,30,67,1,428,14,2,1,3,2,65,2,427,16,2,1,3,2,0.9982445538001093
chb21,5,0,3,chb21_22.edf,948,222,90,8,21,12,16,62,0,4,3,1,0,12,16,62,0,4,3,1,0,0.9423076923076923
chb21,5,1,3,chb21_22.edf,948,222,90,8,24,12,12,66,0,4,4,0,0,12,13,65,0,4,4,0,0,0.9465811965811965
chb21,5,2,3,chb21_22.edf,948,222,90,8,23,12,13,65,0,4,4,0,0,12,11,67,0,4,4,0,0,0.9412393162393162
chb21,5,3,3,chb21_22.edf,948,222,90,8,19,12,15,63,0,4,4,0,0,12,16,62,0,4,4,0,0,0.9412393162393162
chb21,8,0,0,chb21_19.edf,870,114,336,8,12,42,5,275,14,2,2,2,2,42,5,275,14,2,2,2,2,0.9799107142857143
chb21,8,1,0,chb21_19.edf,870,114,336,8,10,33,2,278,23,2,1,3,2,38,1,279,18,2,0,4,2,0.9856505102040816
chb21,8,2,0,chb21_19.edf,870,114,336,8,16,43,2,278,13,2,1,3,2,45,2,278,11,3,1,3,1,0.9943239795918367
chb21,8,3,0,chb21_19.edf,870,114,336,8,4,38,2,278,18,2,1,3,2,42,2,278,14,2,1,3,2,0.9919642857142856
chb21,8,0,1,chb21_20.edf,756,222,336,8,14,44,12,274,6,3,1,3,1,44,12,274,6,3,1,3,1,0.9788111888111888
chb21,8,1,1,chb21_20.edf,756,222,336,8,14,45,6,280,5,3,1,3,1,43,3,283,7,4,1,3,0,0.9951748251748253
chb21,8,2,1,chb21_20.edf,756,222,336,8,11,46,3,283,4,2,2,2,2,46,4,282,4,3,2,2,1,0.9962237762237762
chb21,8,3,1,chb21_20.edf,756,222,336,8,22,47,3,283,3,2,2,2,2,43,3,283,7,3,2,2,1,0.9964335664335664
chb21,8,0,2,chb21_21.edf,720,114,528,8,28,66,9,438,15,2,2,2,2,66,9,438,15,2,2,2,2,0.9672991410500732
chb21,8,1,2,chb21_21.edf,720,114,528,8,14,64,2,445,17,2,2,2,2,67,2,445,14,2,1,3,2,0.9888419366420858
chb21,8,2,2,chb21_21.edf,720,114,528,8,10,74,6,441,7,2,2,2,2,73,7,440,8,3,3,1,1,0.9965476289115365
chb21,8,3,2,chb21_21.edf,720,114,528,8,33,73,5,442,8,2,3,1,2,72,3,444,9,3,2,2,1,0.9982600049714143
chb21,8,0,3,chb21_22.edf,984,222,96,8,20,11,12,72,1,3,2,2,1,11,12,72,1,3,2,2,1,0.9523809523809524
chb21,8,1,3,chb21_22.edf,984,222,96,8,14,12,12,72,0,4,4,0,0,12,12,72,0,4,4,0,0,0.9712301587301588
chb21,8,2,3,chb21_22.edf,984,222,96,8,16,12,12,72,0,4,4,0,0,12,12,72,0,4,4,0,0,0.9930555555555556
chb21,8,3,3,chb21_22.edf,984,222,96,8,16,12,12,72,0,4,4,0,0,12,12,72,0,4,4,0,0,0.9623015873015872
chb21,10,0,0,chb21_19.edf,894,126,420,8,7,37,9,355,19,2,2,2,2,37,9,355,19,2,2,2,2,0.9638441915227629
chb21,10,1,0,chb21_19.edf,894,126,420,8,13,40,2,362,16,2,1,3,2,36,2,362,20,0,1,3,4,0.9895015698587126
chb21,10,2,0,chb21_19.edf,894,126,420,8,17,30,0,364,26,1,0,4,3,26,1,363,30,0,0,4,4,0.9903846153846154
chb21,10,3,0,chb21_19.edf,894,126,420,8,10,33,0,364,23,1,0,4,3,31,1,363,25,0,0,4,4,0.9908751962323392
chb21,10,0,1,chb21_20.edf,780,222,360,8,14,37,9,301,13,3,1,3,1,37,9,301,13,3,1,3,1,0.9689032258064516
chb21,10,1,1,chb21_20.edf,780,222,360,8,15,45,4,306,5,3,0,4,1,41,8,302,9,2,2,2,2,0.9933548387096774
chb21,10,2,1,chb21_20.edf,780,222,360,8,24,38,2,308,12,2,1,3,2,38,7,303,12,2,2,2,2,0.9934193548387097
chb21,10,3,1,chb21_20.edf,780,222,360,8,10,45,4,306,5,2,2,2,2,41,7,303,9,2,2,2,2,0.993225806451613
chb21,10,0,2,chb21_21.edf,744,126,540,8,12,64,7,452,17,2,1,3,2,64,7,452,17,2,1,3,2,0.9531455929422523
chb21,10,1,2,chb21_21.edf,744,126,540,8,11,68,7,452,13,2,2,2,2,70,6,453,11,2,2,2,2,0.9879501869334839
chb21,10,2,2,chb21_21.edf,744,126,540,8,12,61,0,459,20,2,0,4,2,67,2,457,14,2,1,3,2,0.9948895882083972
chb21,10,3,2,chb21_21.edf,744,126,540,8,36,71,2,457,10,2,0,4,2,77,4,455,4,4,2,2,0,0.9986820516958498
chb21,10,0,3,chb21_22.edf,1008,222,120,8,16,11,10,98,1,3,2,2,1,11,10,98,1,3,2,2,1,0.9606481481481481
chb21,10,1,3,chb21_22.edf,1008,222,120,8,7,12,10,98,0,4,4,0,0,12,10,98,0,4,4,0,0,0.9652777777777778
chb21,10,2,3,chb21_22.edf,1008,222,120,8,24,12,9,99,0,4,4,0,0,12,8,100,0,4,4,0,0,0.9753086419753086
chb21,10,3,3,chb21_22.edf,1008,222,120,8,36,12,8,100,0,4,4,0,0,12,9,99,0,4,4,0,0,0.9729938271604938
chb22,3,0,0,chb22_20.edf,798,90,360,8,17,53,7,295,5,1,2,2,3,53,7,295,5,1,2,2,3,0.9909796757250514
chb22,3,1,0,chb22_20.edf,798,90,360,8,20,56,5,297,2,2,2,2,2,56,5,297,2,2,2,2,2,0.992064398264444
chb22,3,2,0,chb22_20.edf,798,90,360,8,19,55,4,298,3,1,2,2,3,55,4,298,3,1,2,2,3,0.995889472482302
chb22,3,3,0,chb22_20.edf,798,90,360,8,16,55,4,298,3,1,2,2,3,56,4,298,2,2,2,2,2,0.9930349394839005
chb22,3,0,1,chb22_25.edf,762,30,450,8,8,69,13,363,5,4,0,4,0,69,13,363,5,4,0,4,0,0.9897211040828062
chb22,3,1,1,chb22_25.edf,762,30,450,8,6,64,5,371,10,3,0,4,1,64,7,369,10,2,0,4,2,0.9921290971822887
chb22,3,2,1,chb22_25.edf,762,30,450,8,6,67,7,369,7,4,0,4,0,65,7,369,9,3,0,4,1,0.9873490511788383
chb22,3,3,1,chb22_25.edf,762,30,450,8,14,65,3,373,9,2,0,4,2,65,1,375,9,2,0,4,2,0.996262219666475
chb22,3,0,2,chb22_38.edf,606,198,432,8,14,52,3,357,20,1,1,3,3,52,3,357,20,1,1,3,3,0.9661265432098766
chb22,3,1,2,chb22_38.edf,606,198,432,8,39,53,3,357,19,2,2,2,2,54,3,357,18,2,2,2,2,0.9741898148148148
chb22,3,2,2,chb22_38.edf,606,198,432,8,36,52,2,358,20,2,1,3,2,52,2,358,20,2,1,3,2,0.9746913580246914
chb22,3,3,2,chb22_38.edf,606,198,432,8,10,47,1,359,25,2,1,3,2,48,2,358,24,2,1,3,2,0.9826774691358025
chb22,5,0,0,chb22_20.edf,804,90,360,8,11,53,5,297,5,1,2,2,3,53,5,297,5,1,2,2,3,0.9904658597853391
chb22,5,1,0,chb22_20.edf,804,90,360,8,13,53,5,297,5,1,2,2,3,54,5,297,4,1,2,2,3,0.9897236812057547
chb22,5,2,0,chb22_20.edf,804,90,360,8,3,54,5,297,4,1,2,2,3,53,5,297,5,1,2,2,3,0.9938342087234528
chb22,5,3,0,chb22_20.edf,804,90,360,8,17,54,5,297,4,1,2,2,3,54,5,297,4,1,2,2,3,0.9913793103448276
chb22,5,0,1,chb22_25.edf,774,30,480,8,4,50,6,400,24,2,0,4,2,50,6,400,24,2,0,4,2,0.9796631606976435
chb22,5,1,1,chb22_25.edf,774,30,480,8,4,69,23,383,5,4,0,4,0,69,26,380,5,4,1,3,0,0.9841565703634669
chb22,5,2,1,chb22_25.edf,774,30,480,8,4,65,4,402,9,3,0,4,1,64,5,401,10,2,0,4,2,0.982226068432965
chb22,5,3,1,chb22_25.edf,774,30,480,8,14,68,2,404,6,3,0,4,1,66,2,404,8,3,0,4,1,0.9959060045266942
chb22,5,0,2,chb22_38.edf,618,198,450,8,16,52,3,375,20,2,1,3,2,52,3,375,20,2,1,3,2,0.9666005291005292
chb22,5,1,2,chb22_38.edf,618,198,450,8,26,49,1,377,23,2,1,3,2,49,1,377,23,2,1,3,2,0.9725896531452087
chb22,5,2,2,chb22_38.edf,618,198,450,8,25,47,1,377,25,2,1,3,2,47,1,377,25,2,1,3,2,0.9735817166372721
chb22,5,3,2,chb22_38.edf,618,198,450,8,23,46,1,377,26,2,1,3,2,45,1,377,27,2,1,3,2,0.9790196942974722
chb22,8,0,0,chb22_20.edf,804,90,432,8,9,54,6,368,4,1,2,2,3,54,6,368,4,1,2,2,3,0.9922091093490688
chb22,8,1,0,chb22_20.edf,804,90,432,8,13,55,4,370,3,1,2,2,3,52,3,371,6,1,2,2,3,0.9936382076341508
chb22,8,2,0,chb22_20.edf,804,90,432,8,8,57,6,368,1,3,2,2,1,56,4,370,2,2,2,2,2,0.9962659044809147
chb22,8,3,0,chb22_20.edf,804,90,432,8,8,57,7,367,1,3,2,2,1,56,7,367,2,2,2,2,2,0.9960354047575143
chb22,8,0,1,chb22_25.edf,792,30,480,8,5,56,9,397,18,2,0,4,2,56,9,397,18,2,0,4,2,0.9828917587538277
chb22,8,1,1,chb22_25.edf,792,30,480,8,2,54,2,404,20,1,0,4,3,52,1,405,22,1,0,4,3,0.981993076820663
chb22,8,2,1,chb22_25.edf,792,30,480,8,6,59,0,406,15,2,0,4,2,60,0,406,14,2,0,4,2,0.9930768206630276
chb22,8,3,1,chb22_25.edf,792,30,480,8,5,63,2,404,11,2,0,4,2,61,1,405,13,2,0,4,2,0.9931101051790707
chb22,8,0,2,chb22_38.edf,636,198,480,8,35,52,3,405,20,1,1,3,3,52,3,405,20,1,1,3,3,0.9722562636165577
chb22,8,1,2,chb22_38.edf,636,198,480,8,35,53,1,407,19,2,1,3,2,52,2,406,20,2,1,3,2,0.9745029956427015
chb22,8,2,2,chb22_38.edf,636,198,480,8,13,53,1,407,19,2,1,3,2,54,1,407,18,2,1,3,2,0.9786560457516339
chb22,8,3,2,chb22_38.edf,636,198,480,8,36,55,1,407,17,2,1,3,2,54,2,406,18,2,1,3,2,0.9813112745098039
chb22,10,0,0,chb22_20.edf,804,90,420,8,12,54,7,355,4,1,2,2,3,54,7,355,4,1,2,2,3,0.9906172604305582
chb22,10,1,0,chb22_20.edf,804,90,420,8,6,54,5,357,4,2,2,2,2,54,5,357,4,1,2,2,3,0.9922842446180224
chb22,10,2,0,chb22_20.edf,804,90,420,8,10,55,5,357,3,2,2,2,2,54,5,357,4,1,2,2,3,0.9933796913697847
chb22,10,3,0,chb22_20.edf,804,90,420,8,6,55,5,357,3,2,2,2,2,55,5,357,3,2,2,2,2,0.9940941131644123
chb22,10,0,1,chb22_25.edf,804,30,540,8,6,63,9,457,11,3,0,4,1,63,9,457,11,3,0,4,1,0.9878784363762905
chb22,10,1,1,chb22_25.edf,804,30,540,8,4,69,26,440,5,4,0,4,0,70,24,442,4,3,0,4,1,0.9880814290685536
chb22,10,2,1,chb22_25.edf,804,30,540,8,16,57,0,466,17,1,0,4,3,61,1,465,13,2,0,4,2,0.990140354947222
chb22,10,3,1,chb22_25.edf,804,30,540,8,5,63,0,466,11,2,0,4,2,62,0,466,12,2,0,4,2,0.9986660480222712
chb22,10,0,2,chb22_38.edf,648,198,480,8,24,52,4,404,20,1,1,3,3,52,4,404,20,1,1,3,3,0.9719498910675382
chb22,10,1,2,chb22_38.edf,648,198,480,8,30,54,3,405,18,2,2,2,2,50,3,405,22,2,2,2,2,0.9710307734204793
chb22,10,2,2,chb22_38.edf,648,198,480,8,61,56,4,404,16,2,2,2,2,50,3,405,22,2,2,2,2,0.9657543572984749
chb22,10,3,2,chb22_38.edf,648,198,480,8,23,52,4,404,20,2,2,2,2,48,6,402,24,2,2,2,2,0.971677559912854
chb23,3,0,0,chb23_06.edf,1722,192,702,8,54,109,29,560,4,3,2,2,1,109,29,560,4,3,2,2,1,0.9903541325480415
chb23,3,1,0,chb23_06.edf,1722,192,702,8,15,103,9,580,10,1,0,4,3,104,8,581,9,1,0,4,3,0.9946662259416741
chb23,3,2,0,chb23_06.edf,1722,192,702,8,28,110,24,565,3,2,2,2,2,109,24,565,4,3,2,2,1,0.9932388779542348
chb23,3,3,0,chb23_06.edf,1722,192,702,8,8,108,22,567,5,2,2,2,2,108,23,566,5,2,2,2,2,0.9945760776477305
chb23,3,0,1,chb23_08.edf,1818,384,414,16,23,66,26,321,1,8,8,0,0,66,26,321,1,8,8,0,0,0.9806873413910275
chb23,3,1,1,chb23_08.edf,1818,384,414,16,12,67,22,325,0,8,8,0,0,67,21,326,0,8,8,0,0,0.9857198159060604
chb23,3,2,1,chb23_08.edf,1818,384,414,16,23,67,21,326,0,8,8,0,0,67,22,325,0,8,8,0,0,0.9857198159060605
chb23,3,3,1,chb23_08.edf,1818,384,414,16,38,67,21,326,0,8,8,0,0,67,20,327,0,8,8,0,0,0.9833111101552755
chb23,3,0,2,chb23_09.edf,822,294,1494,32,9,205,34,1216,39,7,3,13,9,205,34,1216,39,7,3,13,9,0.977727868852459
chb23,3,1,2,chb23_09.edf,822,294,1494,32,14,209,19,1231,35,10,4,12,6,208,17,1233,36,9,4,12,7,0.9880098360655738
chb23,3,2,2,chb23_09.edf,822,294,1494,32,16,194,9,1241,50,5,3,13,11,195,9,1241,49,6,3,13,10,0.987983606557377
chb23,3,3,2,chb23_09.edf,822,294,1494,32,10,192,11,1239,52,6,3,13,10,195,13,1237,49,7,4,12,9,0.9852426229508197
chb23,5,0,0,chb23_06.edf,1770,192,690,8,10,105,20,557,8,2,0,4,2,105,20,557,8,2,0,4,2,0.9901381880646003
chb23,5,1,0,chb23_06.edf,1770,192,690,8,15,103,4,573,10,2,0,4,2,105,4,573,8,1,0,4,3,0.9966564929985736
chb23,5,2,0,chb23_06.edf,1770,192,690,8,20,107,3,574,6,2,0,4,2,104,7,570,9,1,0,4,3,0.9969325623840125
chb23,5,3,0,chb23_06.edf,1770,192,690,8,26,112,12,565,1,3,1,3,1,111,10,567,2,3,1,3,1,0.9981748746184875
chb23,5,0,1,chb23_08.edf,1866,396,450,16,9,65,30,353,2,7,8,0,1,65,30,353,2,7,8,0,1,0.9804372393905147
chb23,5,1,1,chb23_08.edf,1866,396,450,16,5,67,19,364,0,8,7,1,0,66,17,366,1,8,7,1,0,0.9878414714937064
chb23,5,2,1,chb23_08.edf,1866,396,450,16,4,67,29,354,0,8,8,0,0,67,30,353,0,8,8,0,0,0.9905693464790928
chb23,5,3,1,chb23_08.edf,1866,396,450,16,3,67,26,357,0,8,8,0,0,67,28,355,0,8,8,0,0,0.9890885000584545
chb23,5,0,2,chb23_09.edf,846,306,1530,32,17,203,28,1258,41,8,4,12,8,203,28,1258,41,8,4,12,8,0.981579685388675
chb23,5,1,2,chb23_09.edf,846,306,1530,32,12,194,15,1271,50,3,2,14,13,199,13,1273,45,5,1,15,11,0.9837021645463121
chb23,5,2,2,chb23_09.edf,846,306,1530,32,14,184,14,1272,60,3,2,14,13,184,9,1277,60,2,2,14,14,0.9886195599520691
chb23,5,3,2,chb23_09.edf,846,306,1530,32,11,208,20,1266,36,7,5,11,9,205,19,1267,39,7,5,11,9,0.9852988042730031
chb23,8,0,0,chb23_06.edf,1842,192,720,8,9,106,32,575,7,2,0,4,2,106,32,575,7,2,0,4,2,0.9832922686649852
chb23,8,1,0,chb23_06.edf,1842,192,720,8,22,97,6,601,16,1,0,4,3,97,6,601,16,2,2,2,2,0.995115977314808
chb23,8,2,0,chb23_06.edf,1842,192,720,8,38,104,3,604,9,1,0,4,3,101,3,604,12,0,0,4,4,0.9968508988059658
chb23,8,3,0,chb23_06.edf,1842,192,720,8,23,108,5,602,5,1,0,4,3,107,9,598,6,2,2,2,2,0.9968071612893821
chb23,8,0,1,chb23_08.edf,1938,414,480,16,7,65,30,383,2,7,8,0,1,65,30,383,2,7,8,0,1,0.9800151783455603
chb23,8,1,1,chb23_08.edf,1938,414,480,16,5,65,19,394,2,8,8,0,0,67,18,395,0,8,7,1,0,0.9870622673557153
chb23,8,2,1,chb23_08.edf,1938,414,480,16,2,67,21,392,0,8,7,1,0,67,23,390,0,8,6,2,0,0.988869213255755
chb23,8,3,1,chb23_08.edf,1938,414,480,16,10,67,21,392,0,8,7,1,0,67,22,391,0,8,8,0,0,0.9888330743377542
chb23,8,0,2,chb23_09.edf,870,306,1632,32,11,200,42,1346,44,8,5,11,8,200,42,1346,44,8,5,11,8,0.976177540511173
chb23,8,1,2,chb23_09.edf,870,306,1632,32,11,202,33,1355,42,7,4,12,9,208,30,1358,36,5,3,13,11,0.9806804223555535
chb23,8,2,2,chb23_09.edf,870,306,1632,32,13,195,19,1369,49,3,2,14,13,195,16,1372,49,2,2,14,14,0.986139982047527
chb23,8,3,2,chb23_09.edf,870,306,1632,32,4,192,33,1355,52,5,5,11,11,190,30,1358,54,3,5,11,13,0.9767178863324987
chb23,10,0,0,chb23_06.edf,1890,192,720,8,19,107,12,595,6,3,0,4,1,107,12,595,6,3,0,4,1,0.9938038518172938
chb23,10,1,0,chb23_06.edf,1890,192,720,8,12,98,1,606,15,1,0,4,3,95,3,604,18,1,1,3,3,0.9972007989386362
chb23,10,2,0,chb23_06.edf,1890,192,720,8,27,103,0,607,10,0,0,4,4,103,2,605,10,1,2,2,3,0.9988482453966264
chb23,10,3,0,chb23_06.edf,1890,192,720,8,12,110,3,604,3,2,0,4,2,107,10,597,6,3,2,2,1,0.9985566619527343
chb23,10,0,1,chb23_08.edf,1986,426,540,16,12,60,21,452,7,6,8,0,2,60,21,452,7,6,8,0,2,0.9866208071692278
chb23,10,1,1,chb23_08.edf,1986,426,540,16,5,65,12,461,2,8,6,2,0,65,15,458,2,8,7,1,0,0.9910384651793884
chb23,10,2,1,chb23_08.edf,1986,426,540,16,5,67,14,459,0,8,7,1,0,67,19,454,0,8,7,1,0,0.9906282540784449
chb23,10,3,1,chb23_08.edf,1986,426,540,16,4,67,16,457,0,8,7,1,0,67,16,457,0,8,7,1,0,0.9914171215802594
chb23,10,0,2,chb23_09.edf,882,306,1680,32,19,197,42,1394,47,8,6,10,8,197,42,1394,47,8,6,10,8,0.9774076441846661
chb23,10,1,2,chb23_09.edf,882,306,1680,32,16,187,24,1412,57,2,2,14,14,191,27,1409,53,5,1,15,11,0.9836094113886478
chb23,10,2,2,chb23_09.edf,882,306,1680,32,22,162,16,1420,82,0,0,16,16,169,14,1422,75,2,1,15,14,0.9797279556144116
chb23,10,3,2,chb23_09.edf,882,306,1680,32,4,185,19,1417,59,3,2,14,13,193,24,1412,51,4,2,14,12,0.979762203753596
chb24,3,0,0,chb24_01.edf;chb24_09.edf;chb24_13.edf,2142,546,558,32,0,55,14,459,30,2,0,16,14,55,14,459,30,2,0,16,14,0.8849645566471831
chb24,3,1,0,chb24_01.edf;chb24_09.edf;chb24_13.edf,2142,546,558,32,1,66,39,434,19,4,3,13,12,65,37,436,20,4,3,13,12,0.9035692078099739
chb24,3,2,0,chb24_01.edf;chb24_09.edf;chb24_13.edf,2142,546,558,32,0,58,9,464,27,3,0,16,13,57,8,465,28,3,0,16,13,0.9003357791319487
chb24,3,3,0,chb24_01.edf;chb24_09.edf;chb24_13.edf,2142,546,558,32,1,66,43,430,19,4,3,13,12,65,45,428,20,4,3,13,12,0.907499067280189
chb24,3,0,1,chb24_07.edf;chb24_14.edf;chb24_17.edf,1554,954,738,24,4,77,43,580,38,3,3,9,9,77,43,580,38,3,3,9,9,0.871407634866355
chb24,3,1,1,chb24_07.edf;chb24_14.edf;chb24_17.edf,1554,954,738,24,8,83,26,597,32,5,3,9,7,86,32,591,29,6,3,9,6,0.9056458929443785
chb24,3,2,1,chb24_07.edf;chb24_14.edf;chb24_17.edf,1554,954,738,24,10,87,58,565,28,7,3,9,5,86,64,559,29,7,3,9,5,0.8952613580850025
chb24,3,3,1,chb24_07.edf;chb24_14.edf;chb24_17.edf,1554,954,738,24,18,96,57,566,19,7,3,9,5,95,78,545,20,7,3,9,5,0.9237490404075651
chb24,3,0,2,chb24_11.edf;chb24_21.edf,1962,408,864,16,2,72,30,696,66,1,0,8,7,72,30,696,66,1,0,8,7,0.7852736854713139
chb24,3,1,2,chb24_11.edf;chb24_21.edf,1962,408,864,16,5,83,14,712,55,3,0,8,5,81,15,711,57,2,0,8,6,0.7509082924102687
chb24,3,2,2,chb24_11.edf;chb24_21.edf,1962,408,864,16,7,81,14,712,57,4,1,7,4,81,14,712,57,3,1,7,5,0.7309358406196351
chb24,3,3,2,chb24_11.edf;chb24_21.edf,1962,408,864,16,7,82,22,704,56,4,0,8,4,83,19,707,55,4,0,8,4,0.7342296482612689
chb24,3,0,3,chb24_04.edf;chb24_06.edf,2172,414,684,32,4,81,130,452,21,7,2,14,9,81,130,452,21,7,2,14,9,0.8650865844619635
chb24,3,1,3,chb24_04.edf;chb24_06.edf,2172,414,684,32,4,81,86,496,21,5,3,13,11,81,85,497,21,4,3,13,12,0.8904554949127417
chb24,3,2,3,chb24_04.edf;chb24_06.edf,2172,414,684,32,3,82,89,493,20,5,3,13,11,81,87,495,21,6,3,13,10,0.8978168587022438
chb24,3,3,3,chb24_04.edf;chb24_06.edf,2172,414,684,32,4,84,71,511,18,5,2,14,11,83,70,512,19,5,2,14,11,0.904116973249781
chb24,3,0,4,chb24_03.edf;chb24_15.edf,1956,840,450,24,2,61,51,328,10,8,8,4,4,61,51,328,10,8,8,4,4,0.9458173845181909
chb24,3,1,4,chb24_03.edf;chb24_15.edf,1956,840,450,24,1,60,29,350,11,7,7,5,5,61,27,352,10,7,7,5,5,0.9535471403619606
chb24,3,2,4,chb24_03.edf;chb24_15.edf,1956,840,450,24,2,61,10,369,10,6,5,7,6,60,11,368,11,5,5,7,7,0.9758445129882195
chb24,3,3,4,chb24_03.edf;chb24_15.edf,1956,840,450,24,6,66,24,355,5,8,5,7,4,66,20,359,5,8,5,7,4,0.9769222193318221
chb24,5,0,0,chb24_01.edf;chb24_09.edf;chb24_13.edf,2250,564,570,32,0,54,8,477,31,2,0,16,14,54,8,477,31,2,0,16,14,0.8854578532443904
chb24,5,1,0,chb24_01.edf;chb24_09.edf;chb24_13.edf,2250,564,570,32,0,52,3,482,33,1,0,16,15,52,3,482,33,1,0,16,15,0.8833232261976955
chb24,5,2,0,chb24_01.edf;chb24_09.edf;chb24_13.edf,2250,564,570,32,0,57,13,472,28,3,1,15,13,58,16,469,27,3,1,15,13,0.8997938144329897
chb24,5,3,0,chb24_01.edf;chb24_09.edf;chb24_13.edf,2250,564,570,32,0,57,9,476,28,3,0,16,13,57,8,477,28,3,0,16,13,0.8988720436628259
chb24,5,0,1,chb24_07.edf;chb24_14.edf;chb24_17.edf,1662,972,780,24,3,69,35,630,46,2,2,10,10,69,35,630,46,2,2,10,10,0.8672507355344885
chb24,5,1,1,chb24_07.edf;chb24_14.edf;chb24_17.edf,1662,972,780,24,10,89,63,602,26,7,2,10,5,90,58,607,25,7,4,8,5,0.894959136972867
chb24,5,2,1,chb24_07.edf;chb24_14.edf;chb24_17.edf,1662,972,780,24,8,98,100,565,17,8,2,10,4,98,87,578,17,7,4,8,5,0.8929977116704806
chb24,5,3,1,chb24_07.edf;chb24_14.edf;chb24_17.edf,1662,972,780,24,4,75,20,645,40,6,2,10,6,74,22,643,41,4,2,10,8,0.9040209218698921
chb24,5,0,2,chb24_11.edf;chb24_21.edf,2082,414,900,16,5,76,26,736,62,1,1,7,7,76,26,736,62,1,1,7,7,0.7473848377648447
chb24,5,1,2,chb24_11.edf;chb24_21.edf,2082,414,900,16,4,82,15,747,56,1,1,7,7,80,16,746,58,2,1,7,6,0.74398988169957
chb24,5,2,2,chb24_11.edf;chb24_21.edf,2082,414,900,16,3,77,8,754,61,3,1,7,5,75,10,752,63,2,0,8,6,0.7431149910609
chb24,5,3,2,chb24_11.edf;chb24_21.edf,2082,414,900,16,6,85,28,734,53,2,1,7,6,84,28,734,54,2,0,8,6,0.7184754079653086
chb24,5,0,3,chb24_04.edf;chb24_06.edf,2274,438,690,32,8,81,126,462,21,7,3,13,9,81,126,462,21,7,3,13,9,0.867313592103508
chb24,5,1,3,chb24_04.edf;chb24_06.edf,2274,438,690,32,7,83,116,472,19,6,4,12,10,87,119,469,15,8,4,12,8,0.9016439909297052
chb24,5,2,3,chb24_04.edf;chb24_06.edf,2274,438,690,32,5,92,120,468,10,8,4,12,8,92,112,476,10,8,3,13,8,0.921968787515006
chb24,5,3,3,chb24_04.edf;chb24_06.edf,2274,438,690,32,5,86,63,525,16,8,3,13,8,84,61,527,18,7,3,13,9,0.920985060690943
chb24,5,0,4,chb24_03.edf;chb24_15.edf,2088,858,480,24,11,60,27,382,11,5,5,7,7,60,27,382,11,5,5,7,7,0.9490684940941493
chb24,5,1,4,chb24_03.edf;chb24_15.edf,2088,858,480,24,4,66,45,364,5,9,7,5,3,66,54,355,5,9,7,5,3,0.9753779400117084
chb24,5,2,4,chb24_03.edf;chb24_15.edf,2088,858,480,24,3,64,9,400,7,7,6,6,5,64,11,398,7,8,6,6,4,0.9720376046007093
chb24,5,3,4,chb24_03.edf;chb24_15.edf,2088,858,480,24,3,64,11,398,7,7,5,7,5,64,13,396,7,8,6,6,4,0.9711766934123076
chb24,8,0,0,chb24_01.edf;chb24_09.edf;chb24_13.edf,2412,582,624,32,0,58,21,518,27,3,0,16,13,58,21,518,27,3,0,16,13,0.9000982211066243
chb24,8,1,0,chb24_01.edf;chb24_09.edf;chb24_13.edf,2412,582,624,32,0,53,6,533,32,1,0,16,15,53,6,533,32,1,0,16,15,0.8934410127687439
chb24,8,2,0,chb24_01.edf;chb24_09.edf;chb24_13.edf,2412,582,624,32,0,65,0,539,20,4,0,16,12,66,0,539,19,3,0,16,13,0.9483575248281131
chb24,8,3,0,chb24_01.edf;chb24_09.edf;chb24_13.edf,2412,582,624,32,0,65,0,539,20,4,0,16,12,65,1,538,20,4,0,16,12,0.9622394412310379
chb24,8,0,1,chb24_07.edf;chb24_14.edf;chb24_17.edf,1824,978,816,24,5,84,78,623,31,4,3,9,8,84,78,623,31,4,3,9,8,0.8680022328350804
chb24,8,1,1,chb24_07.edf;chb24_14.edf;chb24_17.edf,1824,978,816,24,13,91,66,635,24,6,2,10,6,91,75,626,24,5,6,6,7,0.9026731997767165
chb24,8,2,1,chb24_07.edf;chb24_14.edf;chb24_17.edf,1824,978,816,24,15,81,21,680,34,6,3,9,6,77,20,681,38,4,5,7,8,0.9031941946287911
chb24,8,3,1,chb24_07.edf;chb24_14.edf;chb24_17.edf,1824,978,816,24,3,86,21,680,29,6,4,8,6,88,17,684,27,5,5,7,7,0.9080568132481547
chb24,8,0,2,chb24_11.edf;chb24_21.edf,2250,414,912,16,5,77,32,742,61,3,1,7,5,77,32,742,61,3,1,7,5,0.7506085458562708
chb24,8,1,2,chb24_11.edf;chb24_21.edf,2250,414,912,16,6,86,3,771,52,3,1,7,5,85,9,765,53,3,1,7,5,0.7485207654570647
chb24,8,2,2,chb24_11.edf;chb24_21.edf,2250,414,912,16,2,78,6,768,60,3,1,7,5,78,10,764,60,4,2,6,4,0.7582106879376849
chb24,8,3,2,chb24_11.edf;chb24_21.edf,2250,414,912,16,7,87,9,765,51,4,1,7,4,86,11,763,52,4,2,6,4,0.738465715462682
chb24,8,0,3,chb24_04.edf;chb24_06.edf,2418,474,720,32,1,78,94,524,24,4,2,14,12,78,94,524,24,4,2,14,12,0.8835427374833429
chb24,8,1,3,chb24_04.edf;chb24_06.edf,2418,474,720,32,2,78,46,572,24,4,3,13,12,81,53,565,21,6,3,13,10,0.9032616282759058
chb24,8,2,3,chb24_04.edf;chb24_06.edf,2418,474,720,32,2,88,70,548,14,7,4,12,9,85,68,550,17,9,4,12,7,0.9394790278570976
chb24,8,3,3,chb24_04.edf;chb24_06.edf,2418,474,720,32,3,95,122,496,7,11,5,11,5,93,126,492,9,10,8,8,6,0.9488863506567675
chb24,8,0,4,chb24_03.edf;chb24_15.edf,2274,876,576,24,4,63,64,441,8,9,6,6,3,63,64,441,8,9,6,6,3,0.950216148375401
chb24,8,1,4,chb24_03.edf;chb24_15.edf,2274,876,576,24,2,57,10,495,14,4,2,10,8,56,11,494,15,4,2,10,8,0.972472458513457
chb24,8,2,4,chb24_03.edf;chb24_15.edf,2274,876,576,24,1,58,13,492,13,4,3,9,8,59,10,495,12,6,3,9,6,0.9812020638683586
chb24,8,3,4,chb24_03.edf;chb24_15.edf,2274,876,576,24,0,60,32,473,11,6,5,7,6,62,37,468,9,7,7,5,5,0.9603681494910055
chb24,10,0,0,chb24_01.edf;chb24_09.edf;chb24_13.edf,2514,594,720,32,2,65,51,584,20,4,1,15,12,65,51,584,20,4,1,15,12,0.9014729041222788
chb24,10,1,0,chb24_01.edf;chb24_09.edf;chb24_13.edf,2514,594,720,32,1,67,27,608,18,4,1,15,12,69,34,601,16,6,3,13,10,0.9244094488188976
chb24,10,2,0,chb24_01.edf;chb24_09.edf;chb24_13.edf,2514,594,720,32,0,63,15,620,22,4,1,15,12,61,17,618,24,4,1,15,12,0.9174432607688745
chb24,10,3,0,chb24_01.edf;chb24_09.edf;chb24_13.edf,2514,594,720,32,0,61,9,626,24,3,2,14,13,62,12,623,23,4,2,14,12,0.9402686428902269
chb24,10,0,1,chb24_07.edf;chb24_14.edf;chb24_17.edf,1926,972,900,24,4,72,29,756,43,3,2,10,9,72,29,756,43,3,2,10,9,0.8834782608695652
chb24,10,1,1,chb24_07.edf;chb24_14.edf;chb24_17.edf,1926,972,900,24,10,92,40,745,23,7,2,10,5,88,42,743,27,6,3,9,6,0.9205760177236223
chb24,10,2,1,chb24_07.edf;chb24_14.edf;chb24_17.edf,1926,972,900,24,3,87,30,755,28,7,3,9,5,83,28,757,32,7,6,6,5,0.9027859318748269
chb24,10,3,1,chb24_07.edf;chb24_14.edf;chb24_17.edf,1926,972,900,24,1,85,21,764,30,5,2,10,7,83,22,763,32,6,3,9,6,0.9152478537801165
chb24,10,0,2,chb24_11.edf;chb24_21.edf,2352,414,960,16,2,61,12,810,77,1,0,8,7,61,12,810,77,1,0,8,7,0.778483021263091
chb24,10,1,2,chb24_11.edf;chb24_21.edf,2352,414,960,16,3,75,15,807,63,1,0,8,7,80,16,806,58,3,0,8,5,0.7620596635988576
chb24,10,2,2,chb24_11.edf;chb24_21.edf,2352,414,960,16,10,83,11,811,55,4,1,7,4,82,22,800,56,4,4,4,4,0.7542490919990127
chb24,10,3,2,chb24_11.edf;chb24_21.edf,2352,414,960,16,13,84,20,802,54,4,1,7,4,82,43,779,56,4,3,5,4,0.7477520363905638
chb24,10,0,3,chb24_04.edf;chb24_06.edf,2514,498,840,32,2,74,52,686,28,3,2,14,13,74,52,686,28,3,2,14,13,0.8895531112173867
chb24,10,1,3,chb24_04.edf;chb24_06.edf,2514,498,840,32,4,92,190,548,10,6,6,10,10,94,176,562,8,9,7,9,7,0.9288352197247463
chb24,10,2,3,chb24_04.edf;chb24_06.edf,2514,498,840,32,8,86,83,655,16,8,5,11,8,86,82,656,16,9,7,9,7,0.946065146925979
chb24,10,3,3,chb24_04.edf;chb24_06.edf,2514,498,840,32,2,90,73,665,12,9,5,11,7,89,84,654,13,9,6,10,7,0.9566395663956639
chb24,10,0,4,chb24_03.edf;chb24_15.edf,2394,888,480,24,4,62,44,365,9,8,6,6,4,62,44,365,9,8,6,6,4,0.9517889734494989
chb24,10,1,4,chb24_03.edf;chb24_15.edf,2394,888,480,24,13,66,38,371,5,7,5,7,5,69,58,351,2,10,11,1,2,0.9659079169392886
chb24,10,2,4,chb24_03.edf;chb24_15.edf,2394,888,480,24,1,63,5,404,8,5,4,8,7,66,6,403,5,9,5,7,3,0.9949034057646613
chb24,10,3,4,chb24_03.edf;chb24_15.edf,2394,888,480,24,7,71,32,377,0,12,9,3,0,71,37,372,0,12,11,1,0,0.9965563552463929
