patient,model,threshold,TP,FP,TN,FN,bTP,bFP,bTN,bFN,auroc,n_seizures,n_detected,n_false_alarms,test_hours,latencies,best_epoch,fold,n_train_seconds,n_train_seq,test_recordings
chb01,none,0.85,86,32,32235,47,0,1,7,8,0.9933617786369416,2,2,26,9.0,0;4,5.0,0,1794,762,chb01_01.edf;chb01_08.edf;chb01_13.edf;chb01_15.edf;chb01_21.edf;chb01_22.edf;chb01_29.edf;chb01_34.edf;chb01_40.edf
chb01,13s causal avg,0.75,114,7,32260,19,4,4,4,4,0.9983945048725262,2,2,0,9.0,7;11,,0,1794,762,chb01_01.edf;chb01_08.edf;chb01_13.edf;chb01_15.edf;chb01_21.edf;chb01_22.edf;chb01_29.edf;chb01_34.edf;chb01_40.edf
chb01,13s non-causal avg,0.7,128,12,32255,5,4,3,5,4,0.9999499010954417,2,2,4,9.0,0;2,,0,1794,762,chb01_01.edf;chb01_08.edf;chb01_13.edf;chb01_15.edf;chb01_21.edf;chb01_22.edf;chb01_29.edf;chb01_34.edf;chb01_40.edf
chb01,29s causal avg,0.8,76,5,32262,57,4,4,4,4,0.9946706416457979,2,2,0,9.0,29;28,,0,1794,762,chb01_01.edf;chb01_08.edf;chb01_13.edf;chb01_15.edf;chb01_21.edf;chb01_22.edf;chb01_29.edf;chb01_34.edf;chb01_40.edf
chb01,29s non-causal avg,0.7,119,5,32262,14,2,2,6,6,0.9998476061228784,2,2,2,9.0,5;7,,0,1794,762,chb01_01.edf;chb01_08.edf;chb01_13.edf;chb01_15.edf;chb01_21.edf;chb01_22.edf;chb01_29.edf;chb01_34.edf;chb01_40.edf
chb01,61s causal avg,0.85,33,1,32266,100,2,1,7,6,0.9898807203337007,2,1,0,9.0,60,,0,1794,762,chb01_01.edf;chb01_08.edf;chb01_13.edf;chb01_15.edf;chb01_21.edf;chb01_22.edf;chb01_29.edf;chb01_34.edf;chb01_40.edf
chb01,61s non-causal avg,0.7,105,21,32246,28,4,4,4,4,0.9996607255579679,2,2,0,9.0,14;13,,0,1794,762,chb01_01.edf;chb01_08.edf;chb01_13.edf;chb01_15.edf;chb01_21.edf;chb01_22.edf;chb01_29.edf;chb01_34.edf;chb01_40.edf
chb01,125s causal avg,0.65,18,112,32155,115,2,2,6,6,0.9830220637905857,2,1,1,9.0,75,,0,1794,762,chb01_01.edf;chb01_08.edf;chb01_13.edf;chb01_15.edf;chb01_21.edf;chb01_22.edf;chb01_29.edf;chb01_34.edf;chb01_40.edf
chb01,125s non-causal avg,0.7,69,5,32262,64,2,2,6,6,0.9991949222546558,2,1,0,9.0,24,,0,1794,762,chb01_01.edf;chb01_08.edf;chb01_13.edf;chb01_15.edf;chb01_21.edf;chb01_22.edf;chb01_29.edf;chb01_34.edf;chb01_40.edf
chb01,13s causal,0.7,103,1,32266,30,3,0,8,5,0.9995852276738892,2,2,1,9.0,4;6,17.0,0,1794,762,chb01_01.edf;chb01_08.edf;chb01_13.edf;chb01_15.edf;chb01_21.edf;chb01_22.edf;chb01_29.edf;chb01_34.edf;chb01_40.edf
chb01,13s non-causal,0.5,125,21,32246,8,3,1,7,5,0.9999051616085802,2,2,4,9.0,0;1,7.0,0,1794,762,chb01_01.edf;chb01_08.edf;chb01_13.edf;chb01_15.edf;chb01_21.edf;chb01_22.edf;chb01_29.edf;chb01_34.edf;chb01_40.edf
chb01,29s causal,0.7,107,3,32264,26,2,2,6,6,0.9995397891325457,2,2,1,9.0,3;6,32.0,0,1794,762,chb01_01.edf;chb01_08.edf;chb01_13.edf;chb01_15.edf;chb01_21.edf;chb01_22.edf;chb01_29.edf;chb01_34.edf;chb01_40.edf
chb01,29s non-causal,0.35,132,24,32243,1,7,3,5,1,0.9999741349841582,2,2,4,9.0,0;0,10.0,0,1794,762,chb01_01.edf;chb01_08.edf;chb01_13.edf;chb01_15.edf;chb01_21.edf;chb01_22.edf;chb01_29.edf;chb01_34.edf;chb01_40.edf
chb01,61s causal,0.7,116,3,32264,17,2,2,6,6,0.9996325303605187,2,2,1,9.0,3;4,34.0,0,1794,762,chb01_01.edf;chb01_08.edf;chb01_13.edf;chb01_15.edf;chb01_21.edf;chb01_22.edf;chb01_29.edf;chb01_34.edf;chb01_40.edf
chb01,61s non-causal,0.35,130,21,32246,3,6,2,6,2,0.9999641152032466,2,2,3,9.0,0;0,6.0,0,1794,762,chb01_01.edf;chb01_08.edf;chb01_13.edf;chb01_15.edf;chb01_21.edf;chb01_22.edf;chb01_29.edf;chb01_34.edf;chb01_40.edf
chb01,125s causal,0.6,123,4,32263,10,4,2,6,4,0.9997157178439016,2,2,2,9.0,1;4,45.0,0,1794,762,chb01_01.edf;chb01_08.edf;chb01_13.edf;chb01_15.edf;chb01_21.edf;chb01_22.edf;chb01_29.edf;chb01_34.edf;chb01_40.edf
chb01,125s non-causal,0.3,133,17,32250,0,8,5,3,0,0.9999939415278208,2,2,3,9.0,0;0,39.0,0,1794,762,chb01_01.edf;chb01_08.edf;chb01_13.edf;chb01_15.edf;chb01_21.edf;chb01_22.edf;chb01_29.edf;chb01_34.edf;chb01_40.edf
chb01,none,0.9,60,32,32238,70,1,1,7,7,0.9888691568734952,2,2,18,9.0,7;7,9.0,1,1566,708,chb01_02.edf;chb01_03.edf;chb01_09.edf;chb01_14.edf;chb01_18.edf;chb01_23.edf;chb01_30.edf;chb01_36.edf;chb01_41.edf
chb01,13s causal avg,0.55,114,121,32149,16,4,4,4,4,0.9904967700412386,2,2,4,9.0,8;8,,1,1566,708,chb01_02.edf;chb01_03.edf;chb01_09.edf;chb01_14.edf;chb01_18.edf;chb01_23.edf;chb01_30.edf;chb01_36.edf;chb01_41.edf
chb01,13s non-causal avg,0.6,124,80,32190,6,4,3,5,4,0.9996419632428308,2,2,3,9.0,3;3,,1,1566,708,chb01_02.edf;chb01_03.edf;chb01_09.edf;chb01_14.edf;chb01_18.edf;chb01_23.edf;chb01_30.edf;chb01_36.edf;chb01_41.edf
chb01,29s causal avg,0.55,95,131,32139,35,4,4,4,4,0.9782095778408142,2,2,1,9.0,18;17,,1,1566,708,chb01_02.edf;chb01_03.edf;chb01_09.edf;chb01_14.edf;chb01_18.edf;chb01_23.edf;chb01_30.edf;chb01_36.edf;chb01_41.edf
chb01,29s non-causal avg,0.6,118,72,32198,12,4,4,4,4,0.999571643107435,2,2,2,9.0,7;5,,1,1566,708,chb01_02.edf;chb01_03.edf;chb01_09.edf;chb01_14.edf;chb01_18.edf;chb01_23.edf;chb01_30.edf;chb01_36.edf;chb01_41.edf
chb01,61s causal avg,0.55,58,142,32128,72,3,4,4,5,0.9597683011132034,2,2,0,9.0,39;33,,1,1566,708,chb01_02.edf;chb01_03.edf;chb01_09.edf;chb01_14.edf;chb01_18.edf;chb01_23.edf;chb01_30.edf;chb01_36.edf;chb01_41.edf
chb01,61s non-causal avg,0.6,108,65,32205,22,4,4,4,4,0.9994195609163071,2,2,0,9.0,15;7,,1,1566,708,chb01_02.edf;chb01_03.edf;chb01_09.edf;chb01_14.edf;chb01_18.edf;chb01_23.edf;chb01_30.edf;chb01_36.edf;chb01_41.edf
chb01,125s causal avg,0.4,52,314,31956,78,2,2,6,6,0.9271752759171413,2,1,2,9.0,38,,1,1566,708,chb01_02.edf;chb01_03.edf;chb01_09.edf;chb01_14.edf;chb01_18.edf;chb01_23.edf;chb01_30.edf;chb01_36.edf;chb01_41.edf
chb01,125s non-causal avg,0.5,90,78,32192,40,4,4,4,4,0.9984965793425664,2,1,0,9.0,0,,1,1566,708,chb01_02.edf;chb01_03.edf;chb01_09.edf;chb01_14.edf;chb01_18.edf;chb01_23.edf;chb01_30.edf;chb01_36.edf;chb01_41.edf
chb01,13s causal,0.5,115,71,32199,15,4,4,4,4,0.9963471669328502,2,2,4,9.0,5;6,3.0,1,1566,708,chb01_02.edf;chb01_03.edf;chb01_09.edf;chb01_14.edf;chb01_18.edf;chb01_23.edf;chb01_30.edf;chb01_36.edf;chb01_41.edf
chb01,13s non-causal,0.45,111,62,32208,19,4,2,6,4,0.9992333913375128,2,2,4,9.0,3;4,2.0,1,1566,708,chb01_02.edf;chb01_03.edf;chb01_09.edf;chb01_14.edf;chb01_18.edf;chb01_23.edf;chb01_30.edf;chb01_36.edf;chb01_41.edf
chb01,29s causal,0.5,112,59,32211,18,4,4,4,4,0.9945369597864175,2,2,3,9.0,7;8,3.0,1,1566,708,chb01_02.edf;chb01_03.edf;chb01_09.edf;chb01_14.edf;chb01_18.edf;chb01_23.edf;chb01_30.edf;chb01_36.edf;chb01_41.edf
chb01,29s non-causal,0.35,125,88,32182,5,7,4,4,1,0.999381421181855,2,2,6,9.0,1;0,2.0,1,1566,708,chb01_02.edf;chb01_03.edf;chb01_09.edf;chb01_14.edf;chb01_18.edf;chb01_23.edf;chb01_30.edf;chb01_36.edf;chb01_41.edf
chb01,61s causal,0.4,118,119,32151,12,4,4,4,4,0.995692593740316,2,2,4,9.0,5;6,4.0,1,1566,708,chb01_02.edf;chb01_03.edf;chb01_09.edf;chb01_14.edf;chb01_18.edf;chb01_23.edf;chb01_30.edf;chb01_36.edf;chb01_41.edf
chb01,61s non-causal,0.3,129,68,32202,1,7,4,4,1,0.9997399346857047,2,2,1,9.0,1;0,4.0,1,1566,708,chb01_02.edf;chb01_03.edf;chb01_09.edf;chb01_14.edf;chb01_18.edf;chb01_23.edf;chb01_30.edf;chb01_36.edf;chb01_41.edf
chb01,125s causal,0.5,114,84,32186,16,4,4,4,4,0.9950532764415627,2,2,3,9.0,8;8,2.0,1,1566,708,chb01_02.edf;chb01_03.edf;chb01_09.edf;chb01_14.edf;chb01_18.edf;chb01_23.edf;chb01_30.edf;chb01_36.edf;chb01_41.edf
chb01,125s non-causal,0.2,130,44,32226,0,8,4,4,0,0.9998932087435342,2,2,2,9.0,0;0,25.0,1,1566,708,chb01_02.edf;chb01_03.edf;chb01_09.edf;chb01_14.edf;chb01_18.edf;chb01_23.edf;chb01_30.edf;chb01_36.edf;chb01_41.edf
chb01,none,0.95,10,6,28743,41,0,0,4,4,0.9852339280002237,1,1,5,8.0,6,28.0,2,2124,948,chb01_05.edf;chb01_10.edf;chb01_16.edf;chb01_17.edf;chb01_24.edf;chb01_31.edf;chb01_37.edf;chb01_42.edf
chb01,13s causal avg,0.8,24,0,28749,27,2,0,4,2,0.9999058790791701,1,1,0,8.0,12,,2,2124,948,chb01_05.edf;chb01_10.edf;chb01_16.edf;chb01_17.edf;chb01_24.edf;chb01_31.edf;chb01_37.edf;chb01_42.edf
chb01,13s non-causal avg,0.75,31,0,28749,20,0,0,4,4,1.0,1,1,0,8.0,5,,2,2124,948,chb01_05.edf;chb01_10.edf;chb01_16.edf;chb01_17.edf;chb01_24.edf;chb01_31.edf;chb01_37.edf;chb01_42.edf
chb01,29s causal avg,0.8,16,4,28745,35,2,2,2,2,0.9993895780859213,1,1,0,8.0,31,,2,2124,948,chb01_05.edf;chb01_10.edf;chb01_16.edf;chb01_17.edf;chb01_24.edf;chb01_31.edf;chb01_37.edf;chb01_42.edf
chb01,29s non-causal avg,0.7,41,0,28749,10,1,0,4,3,0.9999918155721018,1,1,0,8.0,8,,2,2124,948,chb01_05.edf;chb01_10.edf;chb01_16.edf;chb01_17.edf;chb01_24.edf;chb01_31.edf;chb01_37.edf;chb01_42.edf
chb01,61s causal avg,0.9,0,0,28749,51,0,0,4,4,0.9961649134940073,1,0,0,8.0,,,2,2124,948,chb01_05.edf;chb01_10.edf;chb01_16.edf;chb01_17.edf;chb01_24.edf;chb01_31.edf;chb01_37.edf;chb01_42.edf
chb01,61s non-causal avg,0.7,30,0,28749,21,0,0,4,4,0.9999604419318251,1,1,0,8.0,11,,2,2124,948,chb01_05.edf;chb01_10.edf;chb01_16.edf;chb01_17.edf;chb01_24.edf;chb01_31.edf;chb01_37.edf;chb01_42.edf
chb01,125s causal avg,0.6,0,0,28749,51,0,0,4,4,0.9902073320197328,1,0,0,8.0,,,2,2124,948,chb01_05.edf;chb01_10.edf;chb01_16.edf;chb01_17.edf;chb01_24.edf;chb01_31.edf;chb01_37.edf;chb01_42.edf
chb01,125s non-causal avg,0.75,0,0,28749,51,0,0,4,4,0.9995969169260107,1,0,0,8.0,,,2,2124,948,chb01_05.edf;chb01_10.edf;chb01_16.edf;chb01_17.edf;chb01_24.edf;chb01_31.edf;chb01_37.edf;chb01_42.edf
chb01,13s causal,0.45,28,11,28738,23,1,0,4,3,0.992135446825431,1,1,8,8.0,1,17.0,2,2124,948,chb01_05.edf;chb01_10.edf;chb01_16.edf;chb01_17.edf;chb01_24.edf;chb01_31.edf;chb01_37.edf;chb01_42.edf
chb01,13s non-causal,0.4,31,0,28749,20,2,0,4,2,0.9994721044005622,1,1,0,8.0,0,88.0,2,2124,948,chb01_05.edf;chb01_10.edf;chb01_16.edf;chb01_17.edf;chb01_24.edf;chb01_31.edf;chb01_37.edf;chb01_42.edf
chb01,29s causal,0.6,19,5,28744,32,0,0,4,4,0.9920297312984118,1,1,3,8.0,6,17.0,2,2124,948,chb01_05.edf;chb01_10.edf;chb01_16.edf;chb01_17.edf;chb01_24.edf;chb01_31.edf;chb01_37.edf;chb01_42.edf
chb01,29s non-causal,0.75,21,0,28749,30,0,0,4,4,0.9999079251861447,1,1,0,8.0,19,20.0,2,2124,948,chb01_05.edf;chb01_10.edf;chb01_16.edf;chb01_17.edf;chb01_24.edf;chb01_31.edf;chb01_37.edf;chb01_42.edf
chb01,61s causal,0.6,20,4,28745,31,0,0,4,4,0.9921047552208125,1,1,2,8.0,4,8.0,2,2124,948,chb01_05.edf;chb01_10.edf;chb01_16.edf;chb01_17.edf;chb01_24.edf;chb01_31.edf;chb01_37.edf;chb01_42.edf
chb01,61s non-causal,0.75,21,0,28749,30,0,0,4,4,0.9999474832543196,1,1,0,8.0,19,14.0,2,2124,948,chb01_05.edf;chb01_10.edf;chb01_16.edf;chb01_17.edf;chb01_24.edf;chb01_31.edf;chb01_37.edf;chb01_42.edf
chb01,125s causal,0.65,24,5,28744,27,1,0,4,3,0.9946685272599423,1,1,3,8.0,1,12.0,2,2124,948,chb01_05.edf;chb01_10.edf;chb01_16.edf;chb01_17.edf;chb01_24.edf;chb01_31.edf;chb01_37.edf;chb01_42.edf
chb01,125s non-causal,0.65,22,0,28749,29,0,0,4,4,0.9999686263597233,1,1,0,8.0,6,7.0,2,2124,948,chb01_05.edf;chb01_10.edf;chb01_16.edf;chb01_17.edf;chb01_24.edf;chb01_31.edf;chb01_37.edf;chb01_42.edf
chb01,none,0.9,22,21,28752,5,2,0,4,2,0.9990242910341615,1,1,15,8.0,0,19.0,3,2406,768,chb01_04.edf;chb01_06.edf;chb01_11.edf;chb01_19.edf;chb01_25.edf;chb01_32.edf;chb01_38.edf;chb01_43.edf
chb01,13s causal avg,0.85,17,8,28765,10,2,2,2,2,0.999674334606389,1,1,0,8.0,10,,3,2406,768,chb01_04.edf;chb01_06.edf;chb01_11.edf;chb01_19.edf;chb01_25.edf;chb01_32.edf;chb01_38.edf;chb01_43.edf
chb01,13s non-causal avg,0.8,24,9,28764,3,2,2,2,2,0.9999510858302086,1,1,0,8.0,3,,3,2406,768,chb01_04.edf;chb01_06.edf;chb01_11.edf;chb01_19.edf;chb01_25.edf;chb01_32.edf;chb01_38.edf;chb01_43.edf
chb01,29s causal avg,0.85,3,17,28756,24,2,2,2,2,0.9982365154575213,1,1,0,8.0,24,,3,2406,768,chb01_04.edf;chb01_06.edf;chb01_11.edf;chb01_19.edf;chb01_25.edf;chb01_32.edf;chb01_38.edf;chb01_43.edf
chb01,29s non-causal avg,0.75,23,7,28766,4,2,2,2,2,0.9999086077353898,1,1,0,8.0,4,,3,2406,768,chb01_04.edf;chb01_06.edf;chb01_11.edf;chb01_19.edf;chb01_25.edf;chb01_32.edf;chb01_38.edf;chb01_43.edf
chb01,61s causal avg,0.9,0,0,28773,27,0,0,4,4,0.9943002120043096,1,0,0,8.0,,,3,2406,768,chb01_04.edf;chb01_06.edf;chb01_11.edf;chb01_19.edf;chb01_25.edf;chb01_32.edf;chb01_38.edf;chb01_43.edf
chb01,61s non-causal avg,0.75,2,0,28773,25,0,0,4,4,0.9997837478809223,1,1,0,8.0,20,,3,2406,768,chb01_04.edf;chb01_06.edf;chb01_11.edf;chb01_19.edf;chb01_25.edf;chb01_32.edf;chb01_38.edf;chb01_43.edf
chb01,125s causal avg,0.6,0,0,28773,27,0,0,4,4,0.9843114236469117,1,0,0,8.0,,,3,2406,768,chb01_04.edf;chb01_06.edf;chb01_11.edf;chb01_19.edf;chb01_25.edf;chb01_32.edf;chb01_38.edf;chb01_43.edf
chb01,125s non-causal avg,0.75,0,0,28773,27,0,0,4,4,0.998717933865468,1,0,0,8.0,,,3,2406,768,chb01_04.edf;chb01_06.edf;chb01_11.edf;chb01_19.edf;chb01_25.edf;chb01_32.edf;chb01_38.edf;chb01_43.edf
chb01,13s causal,0.6,26,7,28766,1,3,1,3,1,0.9999755429151044,1,1,1,8.0,1,24.0,3,2406,768,chb01_04.edf;chb01_06.edf;chb01_11.edf;chb01_19.edf;chb01_25.edf;chb01_32.edf;chb01_38.edf;chb01_43.edf
chb01,13s non-causal,0.6,27,7,28766,0,4,2,2,0,0.9999884150650495,1,1,0,8.0,0,22.0,3,2406,768,chb01_04.edf;chb01_06.edf;chb01_11.edf;chb01_19.edf;chb01_25.edf;chb01_32.edf;chb01_38.edf;chb01_43.edf
chb01,29s causal,0.5,27,22,28751,0,4,2,2,0,0.999984553420066,1,1,11,8.0,0,85.0,3,2406,768,chb01_04.edf;chb01_06.edf;chb01_11.edf;chb01_19.edf;chb01_25.edf;chb01_32.edf;chb01_38.edf;chb01_43.edf
chb01,29s non-causal,0.45,27,8,28765,0,4,3,1,0,0.9999909894950385,1,1,0,8.0,0,11.0,3,2406,768,chb01_04.edf;chb01_06.edf;chb01_11.edf;chb01_19.edf;chb01_25.edf;chb01_32.edf;chb01_38.edf;chb01_43.edf
chb01,61s causal,0.55,27,13,28760,0,4,1,3,0,0.9999768301300989,1,1,8,8.0,0,50.0,3,2406,768,chb01_04.edf;chb01_06.edf;chb01_11.edf;chb01_19.edf;chb01_25.edf;chb01_32.edf;chb01_38.edf;chb01_43.edf
chb01,61s non-causal,0.45,27,10,28763,0,4,4,0,0,0.999992276710033,1,1,0,8.0,0,5.0,3,2406,768,chb01_04.edf;chb01_06.edf;chb01_11.edf;chb01_19.edf;chb01_25.edf;chb01_32.edf;chb01_38.edf;chb01_43.edf
chb01,125s causal,0.7,27,5,28768,0,4,1,3,0,0.9999832662050714,1,1,1,8.0,0,76.0,3,2406,768,chb01_04.edf;chb01_06.edf;chb01_11.edf;chb01_19.edf;chb01_25.edf;chb01_32.edf;chb01_38.edf;chb01_43.edf
chb01,125s non-causal,0.45,27,8,28765,0,4,4,0,0,0.9999909894950384,1,1,0,8.0,0,24.0,3,2406,768,chb01_04.edf;chb01_06.edf;chb01_11.edf;chb01_19.edf;chb01_25.edf;chb01_32.edf;chb01_38.edf;chb01_43.edf
chb01,none,0.8,63,21,23466,38,1,0,4,3,0.997552047962492,1,1,18,6.552222222222222,6,21.0,4,1008,690,chb01_07.edf;chb01_12.edf;chb01_20.edf;chb01_26.edf;chb01_27.edf;chb01_33.edf;chb01_39.edf;chb01_46.edf
chb01,13s causal avg,0.7,89,3,23484,12,2,2,2,2,0.998015755081703,1,1,0,6.552222222222222,12,,4,1008,690,chb01_07.edf;chb01_12.edf;chb01_20.edf;chb01_26.edf;chb01_27.edf;chb01_33.edf;chb01_39.edf;chb01_46.edf
chb01,13s non-causal avg,0.7,92,0,23487,9,0,0,4,4,0.9999654327420224,1,1,0,6.552222222222222,6,,4,1008,690,chb01_07.edf;chb01_12.edf;chb01_20.edf;chb01_26.edf;chb01_27.edf;chb01_33.edf;chb01_39.edf;chb01_46.edf
chb01,29s causal avg,0.7,75,6,23481,26,2,2,2,2,0.9947529431701633,1,1,0,6.552222222222222,26,,4,1008,690,chb01_07.edf;chb01_12.edf;chb01_20.edf;chb01_26.edf;chb01_27.edf;chb01_33.edf;chb01_39.edf;chb01_46.edf
chb01,29s non-causal avg,0.55,95,2,23485,6,2,2,2,2,0.9999806086113784,1,1,0,6.552222222222222,6,,4,1008,690,chb01_07.edf;chb01_12.edf;chb01_20.edf;chb01_26.edf;chb01_27.edf;chb01_33.edf;chb01_39.edf;chb01_46.edf
chb01,61s causal avg,0.35,76,83,23404,25,2,2,2,2,0.9885106022417289,1,1,0,6.552222222222222,25,,4,1008,690,chb01_07.edf;chb01_12.edf;chb01_20.edf;chb01_26.edf;chb01_27.edf;chb01_33.edf;chb01_39.edf;chb01_46.edf
chb01,61s non-causal avg,0.6,85,0,23487,16,0,0,4,4,0.9999190620301015,1,1,0,6.552222222222222,14,,4,1008,690,chb01_07.edf;chb01_12.edf;chb01_20.edf;chb01_26.edf;chb01_27.edf;chb01_33.edf;chb01_39.edf;chb01_46.edf
chb01,125s causal avg,0.3,66,169,23318,35,2,2,2,2,0.9861773123282438,1,1,1,6.552222222222222,35,,4,1008,690,chb01_07.edf;chb01_12.edf;chb01_20.edf;chb01_26.edf;chb01_27.edf;chb01_33.edf;chb01_39.edf;chb01_46.edf
chb01,125s non-causal avg,0.55,81,9,23478,20,2,2,2,2,0.9997807929981911,1,1,0,6.552222222222222,20,,4,1008,690,chb01_07.edf;chb01_12.edf;chb01_20.edf;chb01_26.edf;chb01_27.edf;chb01_33.edf;chb01_39.edf;chb01_46.edf
chb01,13s causal,0.45,93,4,23483,8,2,2,2,2,0.9992264522147706,1,1,2,6.552222222222222,5,15.0,4,1008,690,chb01_07.edf;chb01_12.edf;chb01_20.edf;chb01_26.edf;chb01_27.edf;chb01_33.edf;chb01_39.edf;chb01_46.edf
chb01,13s non-causal,0.4,97,0,23487,4,2,0,4,2,0.9998608878642367,1,1,0,6.552222222222222,4,4.0,4,1008,690,chb01_07.edf;chb01_12.edf;chb01_20.edf;chb01_26.edf;chb01_27.edf;chb01_33.edf;chb01_39.edf;chb01_46.edf
chb01,29s causal,0.5,89,3,23484,12,2,2,2,2,0.9994102488547489,1,1,1,6.552222222222222,6,19.0,4,1008,690,chb01_07.edf;chb01_12.edf;chb01_20.edf;chb01_26.edf;chb01_27.edf;chb01_33.edf;chb01_39.edf;chb01_46.edf
chb01,29s non-causal,0.35,98,0,23487,3,1,0,4,3,0.9999966275845875,1,1,0,6.552222222222222,2,19.0,4,1008,690,chb01_07.edf;chb01_12.edf;chb01_20.edf;chb01_26.edf;chb01_27.edf;chb01_33.edf;chb01_39.edf;chb01_46.edf
chb01,61s causal,0.5,85,1,23486,16,2,1,3,2,0.9988833089465544,1,1,0,6.552222222222222,6,7.0,4,1008,690,chb01_07.edf;chb01_12.edf;chb01_20.edf;chb01_26.edf;chb01_27.edf;chb01_33.edf;chb01_39.edf;chb01_46.edf
chb01,61s non-causal,0.4,96,0,23487,5,0,0,4,4,0.9999974706884406,1,1,0,6.552222222222222,2,8.0,4,1008,690,chb01_07.edf;chb01_12.edf;chb01_20.edf;chb01_26.edf;chb01_27.edf;chb01_33.edf;chb01_39.edf;chb01_46.edf
chb01,125s causal,0.5,94,2,23485,7,2,2,2,2,0.9990009219340634,1,1,0,6.552222222222222,6,4.0,4,1008,690,chb01_07.edf;chb01_12.edf;chb01_20.edf;chb01_26.edf;chb01_27.edf;chb01_33.edf;chb01_39.edf;chb01_46.edf
chb01,125s non-causal,0.4,97,0,23487,4,0,0,4,4,0.9999983137922938,1,1,0,6.552222222222222,2,29.0,4,1008,690,chb01_07.edf;chb01_12.edf;chb01_20.edf;chb01_26.edf;chb01_27.edf;chb01_33.edf;chb01_39.edf;chb01_46.edf
chb02,none,0.45,19,3816,39303,62,0,0,4,4,0.8020327895324997,1,1,661,12.0,5,5.0,0,492,162,chb02_01.edf;chb02_04.edf;chb02_07.edf;chb02_10.edf;chb02_13.edf;chb02_16+.edf;chb02_17.edf;chb02_21.edf;chb02_24.edf;chb02_27.edf;chb02_30.edf;chb02_33.edf
chb02,13s causal avg,0.35,74,19151,23968,7,2,2,2,2,0.8376119032055703,1,1,228,12.0,7,,0,492,162,chb02_01.edf;chb02_04.edf;chb02_07.edf;chb02_10.edf;chb02_13.edf;chb02_16+.edf;chb02_17.edf;chb02_21.edf;chb02_24.edf;chb02_27.edf;chb02_30.edf;chb02_33.edf
chb02,13s non-causal avg,0.4,57,6501,36618,24,2,2,2,2,0.8788898595016548,1,1,260,12.0,7,,0,492,162,chb02_01.edf;chb02_04.edf;chb02_07.edf;chb02_10.edf;chb02_13.edf;chb02_16+.edf;chb02_17.edf;chb02_21.edf;chb02_24.edf;chb02_27.edf;chb02_30.edf;chb02_33.edf
chb02,29s causal avg,0.35,64,19028,24091,17,2,2,2,2,0.7732753084415538,1,1,119,12.0,17,,0,492,162,chb02_01.edf;chb02_04.edf;chb02_07.edf;chb02_10.edf;chb02_13.edf;chb02_16+.edf;chb02_17.edf;chb02_21.edf;chb02_24.edf;chb02_27.edf;chb02_30.edf;chb02_33.edf
chb02,29s non-causal avg,0.4,60,6395,36724,21,2,2,2,2,0.872549811188617,1,1,120,12.0,16,,0,492,162,chb02_01.edf;chb02_04.edf;chb02_07.edf;chb02_10.edf;chb02_13.edf;chb02_16+.edf;chb02_17.edf;chb02_21.edf;chb02_24.edf;chb02_27.edf;chb02_30.edf;chb02_33.edf
chb02,61s causal avg,0.35,47,18787,24332,34,2,2,2,2,0.6307638722467452,1,1,59,12.0,34,,0,492,162,chb02_01.edf;chb02_04.edf;chb02_07.edf;chb02_10.edf;chb02_13.edf;chb02_16+.edf;chb02_17.edf;chb02_21.edf;chb02_24.edf;chb02_27.edf;chb02_30.edf;chb02_33.edf
chb02,61s non-causal avg,0.35,77,18829,24290,4,2,2,2,2,0.8527136643666866,1,1,57,12.0,4,,0,492,162,chb02_01.edf;chb02_04.edf;chb02_07.edf;chb02_10.edf;chb02_13.edf;chb02_16+.edf;chb02_17.edf;chb02_21.edf;chb02_24.edf;chb02_27.edf;chb02_30.edf;chb02_33.edf
chb02,125s causal avg,0.35,17,18636,24483,64,2,2,2,2,0.4214735619684714,1,1,34,12.0,64,,0,492,162,chb02_01.edf;chb02_04.edf;chb02_07.edf;chb02_10.edf;chb02_13.edf;chb02_16+.edf;chb02_17.edf;chb02_21.edf;chb02_24.edf;chb02_27.edf;chb02_30.edf;chb02_33.edf
chb02,125s non-causal avg,0.4,33,5894,37225,48,2,2,2,2,0.7790029258678037,1,1,38,12.0,48,,0,492,162,chb02_01.edf;chb02_04.edf;chb02_07.edf;chb02_10.edf;chb02_13.edf;chb02_16+.edf;chb02_17.edf;chb02_21.edf;chb02_24.edf;chb02_27.edf;chb02_30.edf;chb02_33.edf
chb02,13s causal,0.2,47,6733,36386,34,0,0,4,4,0.8329569703596622,1,1,396,12.0,8,8.0,0,492,162,chb02_01.edf;chb02_04.edf;chb02_07.edf;chb02_10.edf;chb02_13.edf;chb02_16+.edf;chb02_17.edf;chb02_21.edf;chb02_24.edf;chb02_27.edf;chb02_30.edf;chb02_33.edf
chb02,13s non-causal,0.25,4,1531,41588,77,0,0,4,4,0.8364142414947551,1,1,255,12.0,40,8.0,0,492,162,chb02_01.edf;chb02_04.edf;chb02_07.edf;chb02_10.edf;chb02_13.edf;chb02_16+.edf;chb02_17.edf;chb02_21.edf;chb02_24.edf;chb02_27.edf;chb02_30.edf;chb02_33.edf
chb02,29s causal,0.3,0,1004,42115,81,0,0,4,4,0.8110393029454233,1,0,128,12.0,,6.0,0,492,162,chb02_01.edf;chb02_04.edf;chb02_07.edf;chb02_10.edf;chb02_13.edf;chb02_16+.edf;chb02_17.edf;chb02_21.edf;chb02_24.edf;chb02_27.edf;chb02_30.edf;chb02_33.edf
chb02,29s non-causal,0.25,13,3084,40035,68,0,0,4,4,0.8283698945124303,1,1,395,12.0,5,6.0,0,492,162,chb02_01.edf;chb02_04.edf;chb02_07.edf;chb02_10.edf;chb02_13.edf;chb02_16+.edf;chb02_17.edf;chb02_21.edf;chb02_24.edf;chb02_27.edf;chb02_30.edf;chb02_33.edf
chb02,61s causal,0.2,62,11514,31605,19,2,2,2,2,0.8061495906104239,1,1,234,12.0,9,7.0,0,492,162,chb02_01.edf;chb02_04.edf;chb02_07.edf;chb02_10.edf;chb02_13.edf;chb02_16+.edf;chb02_17.edf;chb02_21.edf;chb02_24.edf;chb02_27.edf;chb02_30.edf;chb02_33.edf
chb02,61s non-causal,0.2,40,5402,37717,41,1,0,4,3,0.8486894866603734,1,1,321,12.0,5,7.0,0,492,162,chb02_01.edf;chb02_04.edf;chb02_07.edf;chb02_10.edf;chb02_13.edf;chb02_16+.edf;chb02_17.edf;chb02_21.edf;chb02_24.edf;chb02_27.edf;chb02_30.edf;chb02_33.edf
chb02,125s causal,0.2,62,12731,30388,19,2,2,2,2,0.7922705438495076,1,1,240,12.0,9,6.0,0,492,162,chb02_01.edf;chb02_04.edf;chb02_07.edf;chb02_10.edf;chb02_13.edf;chb02_16+.edf;chb02_17.edf;chb02_21.edf;chb02_24.edf;chb02_27.edf;chb02_30.edf;chb02_33.edf
chb02,125s non-causal,0.2,12,3157,39962,69,0,0,4,4,0.8395786109013843,1,1,327,12.0,40,6.0,0,492,162,chb02_01.edf;chb02_04.edf;chb02_07.edf;chb02_10.edf;chb02_13.edf;chb02_16+.edf;chb02_17.edf;chb02_21.edf;chb02_24.edf;chb02_27.edf;chb02_30.edf;chb02_33.edf
chb02,none,0.6,9,248,40229,73,0,0,4,4,0.830884085331206,1,1,188,11.266388888888889,4,14.0,1,222,72,chb02_02.edf;chb02_05.edf;chb02_08.edf;chb02_11.edf;chb02_14.edf;chb02_16.edf;chb02_18.edf;chb02_22.edf;chb02_25.edf;chb02_28.edf;chb02_31.edf;chb02_34.edf
chb02,13s causal avg,0.55,13,0,40477,69,0,0,4,4,0.9368870728754722,1,1,0,11.266388888888889,11,,1,222,72,chb02_02.edf;chb02_05.edf;chb02_08.edf;chb02_11.edf;chb02_14.edf;chb02_16.edf;chb02_18.edf;chb02_22.edf;chb02_25.edf;chb02_28.edf;chb02_31.edf;chb02_34.edf
chb02,13s non-causal avg,0.5,21,55,40422,61,0,0,4,4,0.963134137604192,1,1,11,11.266388888888889,3,,1,222,72,chb02_02.edf;chb02_05.edf;chb02_08.edf;chb02_11.edf;chb02_14.edf;chb02_16.edf;chb02_18.edf;chb02_22.edf;chb02_25.edf;chb02_28.edf;chb02_31.edf;chb02_34.edf
chb02,29s causal avg,0.55,4,0,40477,78,0,0,4,4,0.8956209398050203,1,1,0,11.266388888888889,28,,1,222,72,chb02_02.edf;chb02_05.edf;chb02_08.edf;chb02_11.edf;chb02_14.edf;chb02_16.edf;chb02_18.edf;chb02_22.edf;chb02_25.edf;chb02_28.edf;chb02_31.edf;chb02_34.edf
chb02,29s non-causal avg,0.5,19,14,40463,63,0,0,4,4,0.9744718018121703,1,1,1,11.266388888888889,6,,1,222,72,chb02_02.edf;chb02_05.edf;chb02_08.edf;chb02_11.edf;chb02_14.edf;chb02_16.edf;chb02_18.edf;chb02_22.edf;chb02_25.edf;chb02_28.edf;chb02_31.edf;chb02_34.edf
chb02,61s causal avg,0.5,0,0,40477,82,0,0,4,4,0.8196217424288531,1,0,0,11.266388888888889,,,1,222,72,chb02_02.edf;chb02_05.edf;chb02_08.edf;chb02_11.edf;chb02_14.edf;chb02_16.edf;chb02_18.edf;chb02_22.edf;chb02_25.edf;chb02_28.edf;chb02_31.edf;chb02_34.edf
chb02,61s non-causal avg,0.5,0,0,40477,82,0,0,4,4,0.9744365514411375,1,0,0,11.266388888888889,,,1,222,72,chb02_02.edf;chb02_05.edf;chb02_08.edf;chb02_11.edf;chb02_14.edf;chb02_16.edf;chb02_18.edf;chb02_22.edf;chb02_25.edf;chb02_28.edf;chb02_31.edf;chb02_34.edf
chb02,125s causal avg,0.4,21,4573,35904,61,2,2,2,2,0.6085343859837293,1,1,47,11.266388888888889,61,,1,222,72,chb02_02.edf;chb02_05.edf;chb02_08.edf;chb02_11.edf;chb02_14.edf;chb02_16.edf;chb02_18.edf;chb02_22.edf;chb02_25.edf;chb02_28.edf;chb02_31.edf;chb02_34.edf
chb02,125s non-causal avg,0.45,0,154,40323,82,0,0,4,4,0.9611426422834528,1,0,1,11.266388888888889,,,1,222,72,chb02_02.edf;chb02_05.edf;chb02_08.edf;chb02_11.edf;chb02_14.edf;chb02_16.edf;chb02_18.edf;chb02_22.edf;chb02_25.edf;chb02_28.edf;chb02_31.edf;chb02_34.edf
chb02,13s causal,0.25,38,3772,36705,44,0,0,4,4,0.8300112620416171,1,1,777,11.266388888888889,3,18.0,1,222,72,chb02_02.edf;chb02_05.edf;chb02_08.edf;chb02_11.edf;chb02_14.edf;chb02_16.edf;chb02_18.edf;chb02_22.edf;chb02_25.edf;chb02_28.edf;chb02_31.edf;chb02_34.edf
chb02,13s non-causal,0.25,39,3209,37268,43,0,0,4,4,0.8212593782557635,1,1,753,11.266388888888889,2,17.0,1,222,72,chb02_02.edf;chb02_05.edf;chb02_08.edf;chb02_11.edf;chb02_14.edf;chb02_16.edf;chb02_18.edf;chb02_22.edf;chb02_25.edf;chb02_28.edf;chb02_31.edf;chb02_34.edf
chb02,29s causal,0.25,38,1814,38663,44,0,0,4,4,0.880793790150022,1,1,452,11.266388888888889,4,17.0,1,222,72,chb02_02.edf;chb02_05.edf;chb02_08.edf;chb02_11.edf;chb02_14.edf;chb02_16.edf;chb02_18.edf;chb02_22.edf;chb02_25.edf;chb02_28.edf;chb02_31.edf;chb02_34.edf
chb02,29s non-causal,0.25,52,5010,35467,30,1,0,4,3,0.8803528592268901,1,1,717,11.266388888888889,1,16.0,1,222,72,chb02_02.edf;chb02_05.edf;chb02_08.edf;chb02_11.edf;chb02_14.edf;chb02_16.edf;chb02_18.edf;chb02_22.edf;chb02_25.edf;chb02_28.edf;chb02_31.edf;chb02_34.edf
chb02,61s causal,0.25,42,1517,38960,40,0,0,4,4,0.9116161722676593,1,1,416,11.266388888888889,3,18.0,1,222,72,chb02_02.edf;chb02_05.edf;chb02_08.edf;chb02_11.edf;chb02_14.edf;chb02_16.edf;chb02_18.edf;chb02_22.edf;chb02_25.edf;chb02_28.edf;chb02_31.edf;chb02_34.edf
chb02,61s non-causal,0.25,62,5082,35395,20,2,1,3,2,0.914114881260481,1,1,691,11.266388888888889,0,17.0,1,222,72,chb02_02.edf;chb02_05.edf;chb02_08.edf;chb02_11.edf;chb02_14.edf;chb02_16.edf;chb02_18.edf;chb02_22.edf;chb02_25.edf;chb02_28.edf;chb02_31.edf;chb02_34.edf
chb02,125s causal,0.2,55,24107,16370,27,3,4,0,1,0.5155335128591545,1,1,17,11.266388888888889,0,2.0,1,222,72,chb02_02.edf;chb02_05.edf;chb02_08.edf;chb02_11.edf;chb02_14.edf;chb02_16.edf;chb02_18.edf;chb02_22.edf;chb02_25.edf;chb02_28.edf;chb02_31.edf;chb02_34.edf
chb02,125s non-causal,0.2,81,28072,12405,1,4,4,0,0,0.8891523460778992,1,1,149,11.266388888888889,0,11.0,1,222,72,chb02_02.edf;chb02_05.edf;chb02_08.edf;chb02_11.edf;chb02_14.edf;chb02_16.edf;chb02_18.edf;chb02_22.edf;chb02_25.edf;chb02_28.edf;chb02_31.edf;chb02_34.edf
chb02,none,0.6,6,316,42875,3,3,0,4,1,0.9784857442008237,1,1,193,12.0,0,10.0,2,486,240,chb02_03.edf;chb02_06.edf;chb02_09.edf;chb02_12.edf;chb02_15.edf;chb02_19.edf;chb02_20.edf;chb02_23.edf;chb02_26.edf;chb02_29.edf;chb02_32.edf;chb02_35.edf
chb02,13s causal avg,0.55,2,1,43190,7,2,0,4,2,0.9907053681451126,1,1,1,12.0,7,,2,486,240,chb02_03.edf;chb02_06.edf;chb02_09.edf;chb02_12.edf;chb02_15.edf;chb02_19.edf;chb02_20.edf;chb02_23.edf;chb02_26.edf;chb02_29.edf;chb02_32.edf;chb02_35.edf
chb02,13s non-causal avg,0.55,2,1,43190,7,1,0,4,3,0.9981914956562453,1,1,1,12.0,1,,2,486,240,chb02_03.edf;chb02_06.edf;chb02_09.edf;chb02_12.edf;chb02_15.edf;chb02_19.edf;chb02_20.edf;chb02_23.edf;chb02_26.edf;chb02_29.edf;chb02_32.edf;chb02_35.edf
chb02,29s causal avg,0.5,0,0,43191,9,0,0,4,4,0.8985539682907191,1,0,0,12.0,,,2,486,240,chb02_03.edf;chb02_06.edf;chb02_09.edf;chb02_12.edf;chb02_15.edf;chb02_19.edf;chb02_20.edf;chb02_23.edf;chb02_26.edf;chb02_29.edf;chb02_32.edf;chb02_35.edf
chb02,29s non-causal avg,0.5,0,0,43191,9,0,0,4,4,0.9769113421263174,1,0,0,12.0,,,2,486,240,chb02_03.edf;chb02_06.edf;chb02_09.edf;chb02_12.edf;chb02_15.edf;chb02_19.edf;chb02_20.edf;chb02_23.edf;chb02_26.edf;chb02_29.edf;chb02_32.edf;chb02_35.edf
chb02,61s causal avg,0.5,0,0,43191,9,0,0,4,4,0.8386443677823826,1,0,0,12.0,,,2,486,240,chb02_03.edf;chb02_06.edf;chb02_09.edf;chb02_12.edf;chb02_15.edf;chb02_19.edf;chb02_20.edf;chb02_23.edf;chb02_26.edf;chb02_29.edf;chb02_32.edf;chb02_35.edf
chb02,61s non-causal avg,0.5,0,0,43191,9,0,0,4,4,0.8480984978866482,1,0,0,12.0,,,2,486,240,chb02_03.edf;chb02_06.edf;chb02_09.edf;chb02_12.edf;chb02_15.edf;chb02_19.edf;chb02_20.edf;chb02_23.edf;chb02_26.edf;chb02_29.edf;chb02_32.edf;chb02_35.edf
chb02,125s causal avg,0.25,9,16185,27006,0,4,4,0,0,0.8324728145524144,1,1,44,12.0,0,,2,486,240,chb02_03.edf;chb02_06.edf;chb02_09.edf;chb02_12.edf;chb02_15.edf;chb02_19.edf;chb02_20.edf;chb02_23.edf;chb02_26.edf;chb02_29.edf;chb02_32.edf;chb02_35.edf
chb02,125s non-causal avg,0.45,0,174,43017,9,0,0,4,4,0.8178349913433611,1,0,4,12.0,,,2,486,240,chb02_03.edf;chb02_06.edf;chb02_09.edf;chb02_12.edf;chb02_15.edf;chb02_19.edf;chb02_20.edf;chb02_23.edf;chb02_26.edf;chb02_29.edf;chb02_32.edf;chb02_35.edf
chb02,13s causal,0.5,6,27,43164,3,1,0,4,3,0.9988372063109856,1,1,17,12.0,2,9.0,2,486,240,chb02_03.edf;chb02_06.edf;chb02_09.edf;chb02_12.edf;chb02_15.edf;chb02_19.edf;chb02_20.edf;chb02_23.edf;chb02_26.edf;chb02_29.edf;chb02_32.edf;chb02_35.edf
chb02,13s non-causal,0.4,7,98,43093,2,3,0,4,1,0.9889586050591815,1,1,51,12.0,0,6.0,2,486,240,chb02_03.edf;chb02_06.edf;chb02_09.edf;chb02_12.edf;chb02_15.edf;chb02_19.edf;chb02_20.edf;chb02_23.edf;chb02_26.edf;chb02_29.edf;chb02_32.edf;chb02_35.edf
chb02,29s causal,0.5,7,34,43157,2,2,0,4,2,0.9992642500109332,1,1,18,12.0,2,14.0,2,486,240,chb02_03.edf;chb02_06.edf;chb02_09.edf;chb02_12.edf;chb02_15.edf;chb02_19.edf;chb02_20.edf;chb02_23.edf;chb02_26.edf;chb02_29.edf;chb02_32.edf;chb02_35.edf
chb02,29s non-causal,0.4,2,42,43149,7,1,0,4,3,0.9900287868614603,1,1,24,12.0,0,7.0,2,486,240,chb02_03.edf;chb02_06.edf;chb02_09.edf;chb02_12.edf;chb02_15.edf;chb02_19.edf;chb02_20.edf;chb02_23.edf;chb02_26.edf;chb02_29.edf;chb02_32.edf;chb02_35.edf
chb02,61s causal,0.5,7,46,43145,2,2,0,4,2,0.9993002657446639,1,1,20,12.0,2,9.0,2,486,240,chb02_03.edf;chb02_06.edf;chb02_09.edf;chb02_12.edf;chb02_15.edf;chb02_19.edf;chb02_20.edf;chb02_23.edf;chb02_26.edf;chb02_29.edf;chb02_32.edf;chb02_35.edf
chb02,61s non-causal,0.4,5,79,43112,4,2,0,4,2,0.9907388113264337,1,1,41,12.0,0,3.0,2,486,240,chb02_03.edf;chb02_06.edf;chb02_09.edf;chb02_12.edf;chb02_15.edf;chb02_19.edf;chb02_20.edf;chb02_23.edf;chb02_26.edf;chb02_29.edf;chb02_32.edf;chb02_35.edf
chb02,125s causal,0.55,5,11,43180,4,2,0,4,2,0.9983535664580326,1,1,7,12.0,4,9.0,2,486,240,chb02_03.edf;chb02_06.edf;chb02_09.edf;chb02_12.edf;chb02_15.edf;chb02_19.edf;chb02_20.edf;chb02_23.edf;chb02_26.edf;chb02_29.edf;chb02_32.edf;chb02_35.edf
chb02,125s non-causal,0.5,1,15,43176,8,1,0,4,3,0.9939339214188142,1,1,11,12.0,0,6.0,2,486,240,chb02_03.edf;chb02_06.edf;chb02_09.edf;chb02_12.edf;chb02_15.edf;chb02_19.edf;chb02_20.edf;chb02_23.edf;chb02_26.edf;chb02_29.edf;chb02_32.edf;chb02_35.edf
chb03,none,0.75,70,86,32198,52,3,0,8,5,0.9834458423296522,2,2,62,9.001666666666667,1;2,7.0,0,1296,582,chb03_03.edf;chb03_05.edf;chb03_10.edf;chb03_15.edf;chb03_20.edf;chb03_25.edf;chb03_30.edf;chb03_36.edf;chb03_38.edf
chb03,13s causal avg,0.55,94,12,32272,28,3,2,6,5,0.9948629580505798,2,2,1,9.001666666666667,8;13,,0,1296,582,chb03_03.edf;chb03_05.edf;chb03_10.edf;chb03_15.edf;chb03_20.edf;chb03_25.edf;chb03_30.edf;chb03_36.edf;chb03_38.edf
chb03,13s non-causal avg,0.55,100,6,32278,22,2,2,6,6,0.9997948534624064,2,2,1,9.001666666666667,2;7,,0,1296,582,chb03_03.edf;chb03_05.edf;chb03_10.edf;chb03_15.edf;chb03_20.edf;chb03_25.edf;chb03_30.edf;chb03_36.edf;chb03_38.edf
chb03,29s causal avg,0.55,78,27,32257,44,4,4,4,4,0.9867147305369761,2,2,0,9.001666666666667,20;24,,0,1296,582,chb03_03.edf;chb03_05.edf;chb03_10.edf;chb03_15.edf;chb03_20.edf;chb03_25.edf;chb03_30.edf;chb03_36.edf;chb03_38.edf
chb03,29s non-causal avg,0.55,99,6,32278,23,2,2,6,6,0.9997714951932745,2,2,0,9.001666666666667,6;10,,0,1296,582,chb03_03.edf;chb03_05.edf;chb03_10.edf;chb03_15.edf;chb03_20.edf;chb03_25.edf;chb03_30.edf;chb03_36.edf;chb03_38.edf
chb03,61s causal avg,0.45,54,92,32192,68,4,4,4,4,0.9668957469669796,2,2,0,9.001666666666667,31;37,,0,1296,582,chb03_03.edf;chb03_05.edf;chb03_10.edf;chb03_15.edf;chb03_20.edf;chb03_25.edf;chb03_30.edf;chb03_36.edf;chb03_38.edf
chb03,61s non-causal avg,0.55,89,4,32280,33,2,2,6,6,0.9997933300970282,2,2,0,9.001666666666667,10;19,,0,1296,582,chb03_03.edf;chb03_05.edf;chb03_10.edf;chb03_15.edf;chb03_20.edf;chb03_25.edf;chb03_30.edf;chb03_36.edf;chb03_38.edf
chb03,125s causal avg,0.3,44,313,31971,78,4,4,4,4,0.9529838665450683,2,2,3,9.001666666666667,36;42,,0,1296,582,chb03_03.edf;chb03_05.edf;chb03_10.edf;chb03_15.edf;chb03_20.edf;chb03_25.edf;chb03_30.edf;chb03_36.edf;chb03_38.edf
chb03,125s non-causal avg,0.5,57,9,32275,65,2,2,6,6,0.9991481848593731,2,1,0,9.001666666666667,12,,0,1296,582,chb03_03.edf;chb03_05.edf;chb03_10.edf;chb03_15.edf;chb03_20.edf;chb03_25.edf;chb03_30.edf;chb03_36.edf;chb03_38.edf
chb03,13s causal,0.6,82,6,32278,40,2,1,7,6,0.9979823025566134,2,2,2,9.001666666666667,4;8,2.0,0,1296,582,chb03_03.edf;chb03_05.edf;chb03_10.edf;chb03_15.edf;chb03_20.edf;chb03_25.edf;chb03_30.edf;chb03_36.edf;chb03_38.edf
chb03,13s non-causal,0.6,83,5,32279,39,3,0,8,5,0.9987312905342137,2,2,4,9.001666666666667,1;2,2.0,0,1296,582,chb03_03.edf;chb03_05.edf;chb03_10.edf;chb03_15.edf;chb03_20.edf;chb03_25.edf;chb03_30.edf;chb03_36.edf;chb03_38.edf
chb03,29s causal,0.6,93,16,32268,29,2,2,6,6,0.9977601451056302,2,2,6,9.001666666666667,4;6,3.0,0,1296,582,chb03_03.edf;chb03_05.edf;chb03_10.edf;chb03_15.edf;chb03_20.edf;chb03_25.edf;chb03_30.edf;chb03_36.edf;chb03_38.edf
chb03,29s non-causal,0.6,96,8,32276,26,3,2,6,5,0.9994683454830185,2,2,3,9.001666666666667,1;2,3.0,0,1296,582,chb03_03.edf;chb03_05.edf;chb03_10.edf;chb03_15.edf;chb03_20.edf;chb03_25.edf;chb03_30.edf;chb03_36.edf;chb03_38.edf
chb03,61s causal,0.65,84,8,32276,38,2,1,7,6,0.9976788989521277,2,2,4,9.001666666666667,2;4,5.0,0,1296,582,chb03_03.edf;chb03_05.edf;chb03_10.edf;chb03_15.edf;chb03_20.edf;chb03_25.edf;chb03_30.edf;chb03_36.edf;chb03_38.edf
chb03,61s non-causal,0.6,97,2,32282,25,3,1,7,5,0.9996255060111997,2,2,1,9.001666666666667,1;2,3.0,0,1296,582,chb03_03.edf;chb03_05.edf;chb03_10.edf;chb03_15.edf;chb03_20.edf;chb03_25.edf;chb03_30.edf;chb03_36.edf;chb03_38.edf
chb03,125s causal,0.65,95,25,32259,27,2,0,8,6,0.9947078286762362,2,2,9,9.001666666666667,2;2,8.0,0,1296,582,chb03_03.edf;chb03_05.edf;chb03_10.edf;chb03_15.edf;chb03_20.edf;chb03_25.edf;chb03_30.edf;chb03_36.edf;chb03_38.edf
chb03,125s non-causal,0.45,107,9,32275,15,6,4,4,2,0.9990357097156182,2,2,2,9.001666666666667,0;0,21.0,0,1296,582,chb03_03.edf;chb03_05.edf;chb03_10.edf;chb03_15.edf;chb03_20.edf;chb03_25.edf;chb03_30.edf;chb03_36.edf;chb03_38.edf
chb03,none,0.85,91,43,28640,26,4,2,6,4,0.990863583688602,2,2,31,8.0,2;2,14.0,1,1428,570,chb03_02.edf;chb03_04.edf;chb03_06.edf;chb03_11.edf;chb03_16.edf;chb03_21.edf;chb03_26.edf;chb03_31.edf
chb03,13s causal avg,0.65,97,25,28658,20,4,4,4,4,0.981610954521738,2,2,1,8.0,12;8,,1,1428,570,chb03_02.edf;chb03_04.edf;chb03_06.edf;chb03_11.edf;chb03_16.edf;chb03_21.edf;chb03_26.edf;chb03_31.edf
chb03,13s non-causal avg,0.8,94,0,28683,23,1,0,8,7,0.9996430179465426,2,2,0,8.0,10;8,,1,1428,570,chb03_02.edf;chb03_04.edf;chb03_06.edf;chb03_11.edf;chb03_16.edf;chb03_21.edf;chb03_26.edf;chb03_31.edf
chb03,29s causal avg,0.65,74,45,28638,43,4,4,4,4,0.9684923110297025,2,2,1,8.0,23;20,,1,1428,570,chb03_02.edf;chb03_04.edf;chb03_06.edf;chb03_11.edf;chb03_16.edf;chb03_21.edf;chb03_26.edf;chb03_31.edf
chb03,29s non-causal avg,0.6,104,20,28663,13,4,4,4,4,0.9997800895196565,2,2,0,8.0,8;5,,1,1428,570,chb03_02.edf;chb03_04.edf;chb03_06.edf;chb03_11.edf;chb03_16.edf;chb03_21.edf;chb03_26.edf;chb03_31.edf
chb03,61s causal avg,0.45,57,123,28560,60,4,4,4,4,0.9422797565251284,2,2,1,8.0,32;28,,1,1428,570,chb03_02.edf;chb03_04.edf;chb03_06.edf;chb03_11.edf;chb03_16.edf;chb03_21.edf;chb03_26.edf;chb03_31.edf
chb03,61s non-causal avg,0.55,103,34,28649,14,4,4,4,4,0.9996832454734348,2,2,0,8.0,9;5,,1,1428,570,chb03_02.edf;chb03_04.edf;chb03_06.edf;chb03_11.edf;chb03_16.edf;chb03_21.edf;chb03_26.edf;chb03_31.edf
chb03,125s causal avg,0.35,32,254,28429,85,4,4,4,4,0.925730747925079,2,2,1,8.0,42;43,,1,1428,570,chb03_02.edf;chb03_04.edf;chb03_06.edf;chb03_11.edf;chb03_16.edf;chb03_21.edf;chb03_26.edf;chb03_31.edf
chb03,125s non-causal avg,0.55,60,43,28640,57,4,4,4,4,0.998514561321799,2,2,0,8.0,22;35,,1,1428,570,chb03_02.edf;chb03_04.edf;chb03_06.edf;chb03_11.edf;chb03_16.edf;chb03_21.edf;chb03_26.edf;chb03_31.edf
chb03,13s causal,0.6,99,8,28675,18,4,3,5,4,0.9866805168551849,2,2,1,8.0,10;4,3.0,1,1428,570,chb03_02.edf;chb03_04.edf;chb03_06.edf;chb03_11.edf;chb03_16.edf;chb03_21.edf;chb03_26.edf;chb03_31.edf
chb03,13s non-causal,0.45,103,8,28675,14,4,2,6,4,0.9973774632283157,2,2,2,8.0,6;2,2.0,1,1428,570,chb03_02.edf;chb03_04.edf;chb03_06.edf;chb03_11.edf;chb03_16.edf;chb03_21.edf;chb03_26.edf;chb03_31.edf
chb03,29s causal,0.6,99,8,28675,18,4,3,5,4,0.9871033528600729,2,2,1,8.0,9;4,4.0,1,1428,570,chb03_02.edf;chb03_04.edf;chb03_06.edf;chb03_11.edf;chb03_16.edf;chb03_21.edf;chb03_26.edf;chb03_31.edf
chb03,29s non-causal,0.65,102,2,28681,15,4,0,8,4,0.9993825819576264,2,2,0,8.0,6;1,4.0,1,1428,570,chb03_02.edf;chb03_04.edf;chb03_06.edf;chb03_11.edf;chb03_16.edf;chb03_21.edf;chb03_26.edf;chb03_31.edf
chb03,61s causal,0.6,102,8,28675,15,4,4,4,4,0.986371807833998,2,2,0,8.0,10;5,4.0,1,1428,570,chb03_02.edf;chb03_04.edf;chb03_06.edf;chb03_11.edf;chb03_16.edf;chb03_21.edf;chb03_26.edf;chb03_31.edf
chb03,61s non-causal,0.55,107,2,28681,10,4,0,8,4,0.9992577276334206,2,2,0,8.0,6;2,3.0,1,1428,570,chb03_02.edf;chb03_04.edf;chb03_06.edf;chb03_11.edf;chb03_16.edf;chb03_21.edf;chb03_26.edf;chb03_31.edf
chb03,125s causal,0.55,106,7,28676,11,4,4,4,4,0.9900965788425259,2,2,0,8.0,8;3,5.0,1,1428,570,chb03_02.edf;chb03_04.edf;chb03_06.edf;chb03_11.edf;chb03_16.edf;chb03_21.edf;chb03_26.edf;chb03_31.edf
chb03,125s non-causal,0.55,105,4,28679,12,4,1,7,4,0.9995956388593141,2,2,0,8.0,6;3,2.0,1,1428,570,chb03_02.edf;chb03_04.edf;chb03_06.edf;chb03_11.edf;chb03_16.edf;chb03_21.edf;chb03_26.edf;chb03_31.edf
chb03,none,0.75,32,121,25032,15,4,1,3,0,0.9649523638735195,1,1,64,7.0,0,3.0,2,1812,1008,chb03_07.edf;chb03_12.edf;chb03_17.edf;chb03_22.edf;chb03_27.edf;chb03_32.edf;chb03_34.edf
chb03,13s causal avg,0.7,26,50,25103,21,2,2,2,2,0.993812336585205,1,1,1,7.0,21,,2,1812,1008,chb03_07.edf;chb03_12.edf;chb03_17.edf;chb03_22.edf;chb03_27.edf;chb03_32.edf;chb03_34.edf
chb03,13s non-causal avg,0.6,43,124,25029,4,2,2,2,2,0.9980823741679644,1,1,5,7.0,4,,2,1812,1008,chb03_07.edf;chb03_12.edf;chb03_17.edf;chb03_22.edf;chb03_27.edf;chb03_32.edf;chb03_34.edf
chb03,29s causal avg,0.6,29,137,25016,18,2,2,2,2,0.9843130255601675,1,1,1,7.0,18,,2,1812,1008,chb03_07.edf;chb03_12.edf;chb03_17.edf;chb03_22.edf;chb03_27.edf;chb03_32.edf;chb03_34.edf
chb03,29s non-causal avg,0.65,38,41,25112,9,2,2,2,2,0.99821856197518,1,1,0,7.0,9,,2,1812,1008,chb03_07.edf;chb03_12.edf;chb03_17.edf;chb03_22.edf;chb03_27.edf;chb03_32.edf;chb03_34.edf
chb03,61s causal avg,0.5,32,439,24714,15,2,2,2,2,0.9820942639556552,1,1,11,7.0,15,,2,1812,1008,chb03_07.edf;chb03_12.edf;chb03_17.edf;chb03_22.edf;chb03_27.edf;chb03_32.edf;chb03_34.edf
chb03,61s non-causal avg,0.5,47,424,24729,0,4,4,0,0,0.9980620728799323,1,1,11,7.0,0,,2,1812,1008,chb03_07.edf;chb03_12.edf;chb03_17.edf;chb03_22.edf;chb03_27.edf;chb03_32.edf;chb03_34.edf
chb03,125s causal avg,0.4,30,2016,23137,17,2,2,2,2,0.9410027652046073,1,1,5,7.0,17,,2,1812,1008,chb03_07.edf;chb03_12.edf;chb03_17.edf;chb03_22.edf;chb03_27.edf;chb03_32.edf;chb03_34.edf
chb03,125s non-causal avg,0.5,47,182,24971,0,4,4,0,0,0.9970487002523282,1,1,1,7.0,0,,2,1812,1008,chb03_07.edf;chb03_12.edf;chb03_17.edf;chb03_22.edf;chb03_27.edf;chb03_32.edf;chb03_34.edf
chb03,13s causal,0.5,37,83,25070,10,2,2,2,2,0.988922263830464,1,1,11,7.0,2,3.0,2,1812,1008,chb03_07.edf;chb03_12.edf;chb03_17.edf;chb03_22.edf;chb03_27.edf;chb03_32.edf;chb03_34.edf
chb03,13s non-causal,0.45,39,90,25063,8,3,2,2,1,0.9888410586783354,1,1,17,7.0,1,1.0,2,1812,1008,chb03_07.edf;chb03_12.edf;chb03_17.edf;chb03_22.edf;chb03_27.edf;chb03_32.edf;chb03_34.edf
chb03,29s causal,0.5,39,116,25037,8,2,2,2,2,0.9956690585531441,1,1,12,7.0,2,2.0,2,1812,1008,chb03_07.edf;chb03_12.edf;chb03_17.edf;chb03_22.edf;chb03_27.edf;chb03_32.edf;chb03_34.edf
chb03,29s non-causal,0.4,44,136,25017,3,4,2,2,0,0.9969006700270937,1,1,18,7.0,0,2.0,2,1812,1008,chb03_07.edf;chb03_12.edf;chb03_17.edf;chb03_22.edf;chb03_27.edf;chb03_32.edf;chb03_34.edf
chb03,61s causal,0.5,37,72,25081,10,2,2,2,2,0.9954558950288067,1,1,8,7.0,2,2.0,2,1812,1008,chb03_07.edf;chb03_12.edf;chb03_17.edf;chb03_22.edf;chb03_27.edf;chb03_32.edf;chb03_34.edf
chb03,61s non-causal,0.35,45,134,25019,2,4,3,1,0,0.9981195931960233,1,1,11,7.0,0,1.0,2,1812,1008,chb03_07.edf;chb03_12.edf;chb03_17.edf;chb03_22.edf;chb03_27.edf;chb03_32.edf;chb03_34.edf
chb03,125s causal,0.6,34,58,25095,13,2,2,2,2,0.9955083400228897,1,1,6,7.0,2,3.0,2,1812,1008,chb03_07.edf;chb03_12.edf;chb03_17.edf;chb03_22.edf;chb03_27.edf;chb03_32.edf;chb03_34.edf
chb03,125s non-causal,0.45,45,107,25046,2,4,3,1,0,0.9981043672299992,1,1,9,7.0,0,1.0,2,1812,1008,chb03_07.edf;chb03_12.edf;chb03_17.edf;chb03_22.edf;chb03_27.edf;chb03_32.edf;chb03_34.edf
chb03,none,0.85,40,33,25115,12,2,0,4,2,0.997037537776364,1,1,17,7.0,1,9.0,3,1716,888,chb03_01.edf;chb03_08.edf;chb03_13.edf;chb03_18.edf;chb03_23.edf;chb03_28.edf;chb03_33.edf
chb03,13s causal avg,0.65,43,62,25086,9,2,2,2,2,0.9906079088717867,1,1,4,7.0,9,,3,1716,888,chb03_01.edf;chb03_08.edf;chb03_13.edf;chb03_18.edf;chb03_23.edf;chb03_28.edf;chb03_33.edf
chb03,13s non-causal avg,0.65,49,56,25092,3,2,2,2,2,0.9995694718038444,1,1,4,7.0,3,,3,1716,888,chb03_01.edf;chb03_08.edf;chb03_13.edf;chb03_18.edf;chb03_23.edf;chb03_28.edf;chb03_33.edf
chb03,29s causal avg,0.7,29,26,25122,23,2,2,2,2,0.9704243188019234,1,1,0,7.0,23,,3,1716,888,chb03_01.edf;chb03_08.edf;chb03_13.edf;chb03_18.edf;chb03_23.edf;chb03_28.edf;chb03_33.edf
chb03,29s non-causal avg,0.75,41,7,25141,11,2,2,2,2,0.9990823555321726,1,1,0,7.0,11,,3,1716,888,chb03_01.edf;chb03_08.edf;chb03_13.edf;chb03_18.edf;chb03_23.edf;chb03_28.edf;chb03_33.edf
chb03,61s causal avg,0.4,26,351,24797,26,2,2,2,2,0.932479720057261,1,1,2,7.0,26,,3,1716,888,chb03_01.edf;chb03_08.edf;chb03_13.edf;chb03_18.edf;chb03_23.edf;chb03_28.edf;chb03_33.edf
chb03,61s non-causal avg,0.45,52,263,24885,0,4,2,2,0,0.9985218277030748,1,1,1,7.0,0,,3,1716,888,chb03_01.edf;chb03_08.edf;chb03_13.edf;chb03_18.edf;chb03_23.edf;chb03_28.edf;chb03_33.edf
chb03,125s causal avg,0.35,10,442,24706,42,2,2,2,2,0.89489988498856,1,1,2,7.0,42,,3,1716,888,chb03_01.edf;chb03_08.edf;chb03_13.edf;chb03_18.edf;chb03_23.edf;chb03_28.edf;chb03_33.edf
chb03,125s non-causal avg,0.45,52,252,24896,0,4,4,0,0,0.9962460694228628,1,1,1,7.0,0,,3,1716,888,chb03_01.edf;chb03_08.edf;chb03_13.edf;chb03_18.edf;chb03_23.edf;chb03_28.edf;chb03_33.edf
chb03,13s causal,0.55,47,22,25126,5,2,2,2,2,0.9994280016150542,1,1,5,7.0,4,4.0,3,1716,888,chb03_01.edf;chb03_08.edf;chb03_13.edf;chb03_18.edf;chb03_23.edf;chb03_28.edf;chb03_33.edf
chb03,13s non-causal,0.75,51,17,25131,1,3,2,2,1,0.9998791768117361,1,1,2,7.0,0,18.0,3,1716,888,chb03_01.edf;chb03_08.edf;chb03_13.edf;chb03_18.edf;chb03_23.edf;chb03_28.edf;chb03_33.edf
chb03,29s causal,0.65,48,16,25132,4,2,0,4,2,0.9998355886995143,1,1,4,7.0,1,8.0,3,1716,888,chb03_01.edf;chb03_08.edf;chb03_13.edf;chb03_18.edf;chb03_23.edf;chb03_28.edf;chb03_33.edf
chb03,29s non-causal,0.6,52,27,25121,0,4,2,2,0,0.9999426472207608,1,1,3,7.0,0,23.0,3,1716,888,chb03_01.edf;chb03_08.edf;chb03_13.edf;chb03_18.edf;chb03_23.edf;chb03_28.edf;chb03_33.edf
chb03,61s causal,0.65,50,24,25124,2,2,0,4,2,0.9999082355532173,1,1,8,7.0,1,17.0,3,1716,888,chb03_01.edf;chb03_08.edf;chb03_13.edf;chb03_18.edf;chb03_23.edf;chb03_28.edf;chb03_33.edf
chb03,61s non-causal,0.7,52,16,25132,0,4,2,2,0,0.9999640589250101,1,1,1,7.0,0,17.0,3,1716,888,chb03_01.edf;chb03_08.edf;chb03_13.edf;chb03_18.edf;chb03_23.edf;chb03_28.edf;chb03_33.edf
chb03,125s causal,0.5,52,31,25117,0,4,2,2,0,0.9999709412585188,1,1,10,7.0,0,16.0,3,1716,888,chb03_01.edf;chb03_08.edf;chb03_13.edf;chb03_18.edf;chb03_23.edf;chb03_28.edf;chb03_33.edf
chb03,125s non-causal,0.6,52,23,25125,0,4,3,1,0,0.9999648236287333,1,1,4,7.0,0,20.0,3,1716,888,chb03_01.edf;chb03_08.edf;chb03_13.edf;chb03_18.edf;chb03_23.edf;chb03_28.edf;chb03_33.edf
chb03,none,0.8,33,15,25121,31,2,1,3,2,0.9961503172740293,1,1,6,7.0,1,6.0,4,1746,1110,chb03_09.edf;chb03_14.edf;chb03_19.edf;chb03_24.edf;chb03_29.edf;chb03_35.edf;chb03_37.edf
chb03,13s causal avg,0.6,53,36,25100,11,2,2,2,2,0.9932517106938256,1,1,0,7.0,11,,4,1746,1110,chb03_09.edf;chb03_14.edf;chb03_19.edf;chb03_24.edf;chb03_29.edf;chb03_35.edf;chb03_37.edf
chb03,13s non-causal avg,0.6,59,30,25106,5,2,2,2,2,0.999747001312858,1,1,0,7.0,5,,4,1746,1110,chb03_09.edf;chb03_14.edf;chb03_19.edf;chb03_24.edf;chb03_29.edf;chb03_35.edf;chb03_37.edf
chb03,29s causal avg,0.6,40,41,25095,24,2,2,2,2,0.9786387054423934,1,1,0,7.0,24,,4,1746,1110,chb03_09.edf;chb03_14.edf;chb03_19.edf;chb03_24.edf;chb03_29.edf;chb03_35.edf;chb03_37.edf
chb03,29s non-causal avg,0.6,54,27,25109,10,2,2,2,2,0.9996027858450032,1,1,0,7.0,10,,4,1746,1110,chb03_09.edf;chb03_14.edf;chb03_19.edf;chb03_24.edf;chb03_29.edf;chb03_35.edf;chb03_37.edf
chb03,61s causal avg,0.4,34,89,25047,30,2,2,2,2,0.9824299560391471,1,1,0,7.0,30,,4,1746,1110,chb03_09.edf;chb03_14.edf;chb03_19.edf;chb03_24.edf;chb03_29.edf;chb03_35.edf;chb03_37.edf
chb03,61s non-causal avg,0.6,46,26,25110,18,2,2,2,2,0.9994057328134945,1,1,0,7.0,18,,4,1746,1110,chb03_09.edf;chb03_14.edf;chb03_19.edf;chb03_24.edf;chb03_29.edf;chb03_35.edf;chb03_37.edf
chb03,125s causal avg,0.3,36,151,24985,28,2,2,2,2,0.9857363442870783,1,1,0,7.0,28,,4,1746,1110,chb03_09.edf;chb03_14.edf;chb03_19.edf;chb03_24.edf;chb03_29.edf;chb03_35.edf;chb03_37.edf
chb03,125s non-causal avg,0.5,50,42,25094,14,2,2,2,2,0.998914654280713,1,1,0,7.0,14,,4,1746,1110,chb03_09.edf;chb03_14.edf;chb03_19.edf;chb03_24.edf;chb03_29.edf;chb03_35.edf;chb03_37.edf
chb03,13s causal,0.65,55,17,25119,9,2,2,2,2,0.9971790957192871,1,1,0,7.0,5,1.0,4,1746,1110,chb03_09.edf;chb03_14.edf;chb03_19.edf;chb03_24.edf;chb03_29.edf;chb03_35.edf;chb03_37.edf
chb03,13s non-causal,0.65,54,11,25125,10,3,2,2,1,0.9996767584341183,1,1,0,7.0,1,1.0,4,1746,1110,chb03_09.edf;chb03_14.edf;chb03_19.edf;chb03_24.edf;chb03_29.edf;chb03_35.edf;chb03_37.edf
chb03,29s causal,0.55,52,32,25104,12,2,2,2,2,0.9974314727880331,1,1,2,7.0,10,1.0,4,1746,1110,chb03_09.edf;chb03_14.edf;chb03_19.edf;chb03_24.edf;chb03_29.edf;chb03_35.edf;chb03_37.edf
chb03,29s non-causal,0.55,58,28,25108,6,2,2,2,2,0.9994573271403564,1,1,3,7.0,2,1.0,4,1746,1110,chb03_09.edf;chb03_14.edf;chb03_19.edf;chb03_24.edf;chb03_29.edf;chb03_35.edf;chb03_37.edf
chb03,61s causal,0.55,55,26,25110,9,2,2,2,2,0.9969024755331,1,1,0,7.0,6,1.0,4,1746,1110,chb03_09.edf;chb03_14.edf;chb03_19.edf;chb03_24.edf;chb03_29.edf;chb03_35.edf;chb03_37.edf
chb03,61s non-causal,0.65,60,19,25117,4,3,2,2,1,0.9997451364576704,1,1,0,7.0,1,1.0,4,1746,1110,chb03_09.edf;chb03_14.edf;chb03_19.edf;chb03_24.edf;chb03_29.edf;chb03_35.edf;chb03_37.edf
chb03,125s causal,0.55,61,9,25127,3,2,2,2,2,0.9993790032224699,1,1,1,7.0,3,3.0,4,1746,1110,chb03_09.edf;chb03_14.edf;chb03_19.edf;chb03_24.edf;chb03_29.edf;chb03_35.edf;chb03_37.edf
chb03,125s non-causal,0.65,58,21,25115,6,2,2,2,2,0.9996568666454487,1,1,0,7.0,2,1.0,4,1746,1110,chb03_09.edf;chb03_14.edf;chb03_19.edf;chb03_24.edf;chb03_29.edf;chb03_35.edf;chb03_37.edf
chb04,none,0.75,29,303,196430,20,0,0,4,4,0.9959800483759352,1,1,265,54.66166666666667,2,6.0,0,1278,474,chb04_01.edf;chb04_04.edf;chb04_05.edf;chb04_09.edf;chb04_12.edf;chb04_15.edf;chb04_18.edf;chb04_22.edf;chb04_25.edf;chb04_29.edf;chb04_32.edf;chb04_35.edf;chb04_38.edf;chb04_41.edf
chb04,13s causal avg,0.6,40,53,196680,9,2,2,2,2,0.9947153071961097,1,1,8,54.66166666666667,9,,0,1278,474,chb04_01.edf;chb04_04.edf;chb04_05.edf;chb04_09.edf;chb04_12.edf;chb04_15.edf;chb04_18.edf;chb04_22.edf;chb04_25.edf;chb04_29.edf;chb04_32.edf;chb04_35.edf;chb04_38.edf;chb04_41.edf
chb04,13s non-causal avg,0.6,45,45,196688,4,1,0,4,3,0.9998483389431673,1,1,7,54.66166666666667,3,,0,1278,474,chb04_01.edf;chb04_04.edf;chb04_05.edf;chb04_09.edf;chb04_12.edf;chb04_15.edf;chb04_18.edf;chb04_22.edf;chb04_25.edf;chb04_29.edf;chb04_32.edf;chb04_35.edf;chb04_38.edf;chb04_41.edf
chb04,29s causal avg,0.55,33,138,196595,16,2,2,2,2,0.984174396937235,1,1,7,54.66166666666667,16,,0,1278,474,chb04_01.edf;chb04_04.edf;chb04_05.edf;chb04_09.edf;chb04_12.edf;chb04_15.edf;chb04_18.edf;chb04_22.edf;chb04_25.edf;chb04_29.edf;chb04_32.edf;chb04_35.edf;chb04_38.edf;chb04_41.edf
chb04,29s non-causal avg,0.5,49,332,196401,0,4,4,0,0,0.9999363065055437,1,1,15,54.66166666666667,0,,0,1278,474,chb04_01.edf;chb04_04.edf;chb04_05.edf;chb04_09.edf;chb04_12.edf;chb04_15.edf;chb04_18.edf;chb04_22.edf;chb04_25.edf;chb04_29.edf;chb04_32.edf;chb04_35.edf;chb04_38.edf;chb04_41.edf
chb04,61s causal avg,0.55,13,68,196665,36,2,2,2,2,0.9575227670528699,1,1,3,54.66166666666667,36,,0,1278,474,chb04_01.edf;chb04_04.edf;chb04_05.edf;chb04_09.edf;chb04_12.edf;chb04_15.edf;chb04_18.edf;chb04_22.edf;chb04_25.edf;chb04_29.edf;chb04_32.edf;chb04_35.edf;chb04_38.edf;chb04_41.edf
chb04,61s non-causal avg,0.55,42,35,196698,7,1,0,4,3,0.9998827790737203,1,1,2,54.66166666666667,6,,0,1278,474,chb04_01.edf;chb04_04.edf;chb04_05.edf;chb04_09.edf;chb04_12.edf;chb04_15.edf;chb04_18.edf;chb04_22.edf;chb04_25.edf;chb04_29.edf;chb04_32.edf;chb04_35.edf;chb04_38.edf;chb04_41.edf
chb04,125s causal avg,0.5,0,191,196542,49,0,0,4,4,0.9486020470923142,1,0,3,54.66166666666667,,,0,1278,474,chb04_01.edf;chb04_04.edf;chb04_05.edf;chb04_09.edf;chb04_12.edf;chb04_15.edf;chb04_18.edf;chb04_22.edf;chb04_25.edf;chb04_29.edf;chb04_32.edf;chb04_35.edf;chb04_38.edf;chb04_41.edf
chb04,125s non-causal avg,0.5,0,180,196553,49,0,0,4,4,0.9966722742529838,1,0,2,54.66166666666667,,,0,1278,474,chb04_01.edf;chb04_04.edf;chb04_05.edf;chb04_09.edf;chb04_12.edf;chb04_15.edf;chb04_18.edf;chb04_22.edf;chb04_25.edf;chb04_29.edf;chb04_32.edf;chb04_35.edf;chb04_38.edf;chb04_41.edf
chb04,13s causal,0.5,43,56,196677,6,2,1,3,2,0.9966425022124153,1,1,16,54.66166666666667,6,2.0,0,1278,474,chb04_01.edf;chb04_04.edf;chb04_05.edf;chb04_09.edf;chb04_12.edf;chb04_15.edf;chb04_18.edf;chb04_22.edf;chb04_25.edf;chb04_29.edf;chb04_32.edf;chb04_35.edf;chb04_38.edf;chb04_41.edf
chb04,13s non-causal,0.5,44,96,196637,5,1,0,4,3,0.9995805980487177,1,1,43,54.66166666666667,2,2.0,0,1278,474,chb04_01.edf;chb04_04.edf;chb04_05.edf;chb04_09.edf;chb04_12.edf;chb04_15.edf;chb04_18.edf;chb04_22.edf;chb04_25.edf;chb04_29.edf;chb04_32.edf;chb04_35.edf;chb04_38.edf;chb04_41.edf
chb04,29s causal,0.55,41,144,196589,8,2,1,3,2,0.9963432257767364,1,1,26,54.66166666666667,8,3.0,0,1278,474,chb04_01.edf;chb04_04.edf;chb04_05.edf;chb04_09.edf;chb04_12.edf;chb04_15.edf;chb04_18.edf;chb04_22.edf;chb04_25.edf;chb04_29.edf;chb04_32.edf;chb04_35.edf;chb04_38.edf;chb04_41.edf
chb04,29s non-causal,0.55,45,137,196596,4,1,0,4,3,0.9997005160936552,1,1,29,54.66166666666667,2,3.0,0,1278,474,chb04_01.edf;chb04_04.edf;chb04_05.edf;chb04_09.edf;chb04_12.edf;chb04_15.edf;chb04_18.edf;chb04_22.edf;chb04_25.edf;chb04_29.edf;chb04_32.edf;chb04_35.edf;chb04_38.edf;chb04_41.edf
chb04,61s causal,0.45,40,78,196655,9,2,2,2,2,0.9965684351846598,1,1,18,54.66166666666667,8,2.0,0,1278,474,chb04_01.edf;chb04_04.edf;chb04_05.edf;chb04_09.edf;chb04_12.edf;chb04_15.edf;chb04_18.edf;chb04_22.edf;chb04_25.edf;chb04_29.edf;chb04_32.edf;chb04_35.edf;chb04_38.edf;chb04_41.edf
chb04,61s non-causal,0.4,46,186,196547,3,1,0,4,3,0.9997964712766718,1,1,46,54.66166666666667,2,2.0,0,1278,474,chb04_01.edf;chb04_04.edf;chb04_05.edf;chb04_09.edf;chb04_12.edf;chb04_15.edf;chb04_18.edf;chb04_22.edf;chb04_25.edf;chb04_29.edf;chb04_32.edf;chb04_35.edf;chb04_38.edf;chb04_41.edf
chb04,125s causal,0.6,41,152,196581,8,2,2,2,2,0.9955321192080804,1,1,17,54.66166666666667,8,3.0,0,1278,474,chb04_01.edf;chb04_04.edf;chb04_05.edf;chb04_09.edf;chb04_12.edf;chb04_15.edf;chb04_18.edf;chb04_22.edf;chb04_25.edf;chb04_29.edf;chb04_32.edf;chb04_35.edf;chb04_38.edf;chb04_41.edf
chb04,125s non-causal,0.6,46,217,196516,3,1,0,4,3,0.999770433708091,1,1,35,54.66166666666667,2,3.0,0,1278,474,chb04_01.edf;chb04_04.edf;chb04_05.edf;chb04_09.edf;chb04_12.edf;chb04_15.edf;chb04_18.edf;chb04_22.edf;chb04_25.edf;chb04_29.edf;chb04_32.edf;chb04_35.edf;chb04_38.edf;chb04_41.edf
chb04,none,0.75,50,1395,187799,61,0,0,4,4,0.9844661807171189,1,1,872,52.584722222222226,3,6.0,1,990,312,chb04_02.edf;chb04_06.edf;chb04_08.edf;chb04_10.edf;chb04_13.edf;chb04_16.edf;chb04_19.edf;chb04_23.edf;chb04_26.edf;chb04_30.edf;chb04_33.edf;chb04_36.edf;chb04_39.edf;chb04_42.edf
chb04,13s causal avg,0.65,101,192,189002,10,2,0,4,2,0.997495016079115,1,1,17,52.584722222222226,10,,1,990,312,chb04_02.edf;chb04_06.edf;chb04_08.edf;chb04_10.edf;chb04_13.edf;chb04_16.edf;chb04_19.edf;chb04_23.edf;chb04_26.edf;chb04_30.edf;chb04_33.edf;chb04_36.edf;chb04_39.edf;chb04_42.edf
chb04,13s non-causal avg,0.65,101,192,189002,10,0,0,4,4,0.9996087718531348,1,1,17,52.584722222222226,4,,1,990,312,chb04_02.edf;chb04_06.edf;chb04_08.edf;chb04_10.edf;chb04_13.edf;chb04_16.edf;chb04_19.edf;chb04_23.edf;chb04_26.edf;chb04_30.edf;chb04_33.edf;chb04_36.edf;chb04_39.edf;chb04_42.edf
chb04,29s causal avg,0.65,89,93,189101,22,2,0,4,2,0.9907593064062086,1,1,7,52.584722222222226,22,,1,990,312,chb04_02.edf;chb04_06.edf;chb04_08.edf;chb04_10.edf;chb04_13.edf;chb04_16.edf;chb04_19.edf;chb04_23.edf;chb04_26.edf;chb04_30.edf;chb04_33.edf;chb04_36.edf;chb04_39.edf;chb04_42.edf
chb04,29s non-causal avg,0.65,89,93,189101,22,0,0,4,4,0.9997437208025282,1,1,7,52.584722222222226,8,,1,990,312,chb04_02.edf;chb04_06.edf;chb04_08.edf;chb04_10.edf;chb04_13.edf;chb04_16.edf;chb04_19.edf;chb04_23.edf;chb04_26.edf;chb04_30.edf;chb04_33.edf;chb04_36.edf;chb04_39.edf;chb04_42.edf
chb04,61s causal avg,0.6,70,123,189071,41,2,2,2,2,0.9732665131277137,1,1,3,52.584722222222226,41,,1,990,312,chb04_02.edf;chb04_06.edf;chb04_08.edf;chb04_10.edf;chb04_13.edf;chb04_16.edf;chb04_19.edf;chb04_23.edf;chb04_26.edf;chb04_30.edf;chb04_33.edf;chb04_36.edf;chb04_39.edf;chb04_42.edf
chb04,61s non-causal avg,0.6,88,105,189089,23,0,0,4,4,0.9997379590442796,1,1,3,52.584722222222226,11,,1,990,312,chb04_02.edf;chb04_06.edf;chb04_08.edf;chb04_10.edf;chb04_13.edf;chb04_16.edf;chb04_19.edf;chb04_23.edf;chb04_26.edf;chb04_30.edf;chb04_33.edf;chb04_36.edf;chb04_39.edf;chb04_42.edf
chb04,125s causal avg,0.5,49,276,188918,62,2,2,2,2,0.9262873505978468,1,1,2,52.584722222222226,62,,1,990,312,chb04_02.edf;chb04_06.edf;chb04_08.edf;chb04_10.edf;chb04_13.edf;chb04_16.edf;chb04_19.edf;chb04_23.edf;chb04_26.edf;chb04_30.edf;chb04_33.edf;chb04_36.edf;chb04_39.edf;chb04_42.edf
chb04,125s non-causal avg,0.5,111,214,188980,0,4,2,2,0,0.9998008622066467,1,1,2,52.584722222222226,0,,1,990,312,chb04_02.edf;chb04_06.edf;chb04_08.edf;chb04_10.edf;chb04_13.edf;chb04_16.edf;chb04_19.edf;chb04_23.edf;chb04_26.edf;chb04_30.edf;chb04_33.edf;chb04_36.edf;chb04_39.edf;chb04_42.edf
chb04,13s causal,0.65,42,59,189135,69,0,0,4,4,0.9979308621390294,1,1,20,52.584722222222226,10,5.0,1,990,312,chb04_02.edf;chb04_06.edf;chb04_08.edf;chb04_10.edf;chb04_13.edf;chb04_16.edf;chb04_19.edf;chb04_23.edf;chb04_26.edf;chb04_30.edf;chb04_33.edf;chb04_36.edf;chb04_39.edf;chb04_42.edf
chb04,13s non-causal,0.65,49,144,189050,62,0,0,4,4,0.9981525707870096,1,1,50,52.584722222222226,8,5.0,1,990,312,chb04_02.edf;chb04_06.edf;chb04_08.edf;chb04_10.edf;chb04_13.edf;chb04_16.edf;chb04_19.edf;chb04_23.edf;chb04_26.edf;chb04_30.edf;chb04_33.edf;chb04_36.edf;chb04_39.edf;chb04_42.edf
chb04,29s causal,0.6,75,109,189085,36,0,0,4,4,0.9978616734222092,1,1,23,52.584722222222226,10,6.0,1,990,312,chb04_02.edf;chb04_06.edf;chb04_08.edf;chb04_10.edf;chb04_13.edf;chb04_16.edf;chb04_19.edf;chb04_23.edf;chb04_26.edf;chb04_30.edf;chb04_33.edf;chb04_36.edf;chb04_39.edf;chb04_42.edf
chb04,29s non-causal,0.6,77,198,188996,34,0,0,4,4,0.9988006495453878,1,1,57,52.584722222222226,6,6.0,1,990,312,chb04_02.edf;chb04_06.edf;chb04_08.edf;chb04_10.edf;chb04_13.edf;chb04_16.edf;chb04_19.edf;chb04_23.edf;chb04_26.edf;chb04_30.edf;chb04_33.edf;chb04_36.edf;chb04_39.edf;chb04_42.edf
chb04,61s causal,0.6,91,127,189067,20,2,0,4,2,0.9977866277114668,1,1,17,52.584722222222226,12,6.0,1,990,312,chb04_02.edf;chb04_06.edf;chb04_08.edf;chb04_10.edf;chb04_13.edf;chb04_16.edf;chb04_19.edf;chb04_23.edf;chb04_26.edf;chb04_30.edf;chb04_33.edf;chb04_36.edf;chb04_39.edf;chb04_42.edf
chb04,61s non-causal,0.5,104,318,188876,7,0,0,4,4,0.9994496806605012,1,1,38,52.584722222222226,3,6.0,1,990,312,chb04_02.edf;chb04_06.edf;chb04_08.edf;chb04_10.edf;chb04_13.edf;chb04_16.edf;chb04_19.edf;chb04_23.edf;chb04_26.edf;chb04_30.edf;chb04_33.edf;chb04_36.edf;chb04_39.edf;chb04_42.edf
chb04,125s causal,0.6,85,124,189070,26,1,0,4,3,0.9967327973660097,1,1,15,52.584722222222226,19,5.0,1,990,312,chb04_02.edf;chb04_06.edf;chb04_08.edf;chb04_10.edf;chb04_13.edf;chb04_16.edf;chb04_19.edf;chb04_23.edf;chb04_26.edf;chb04_30.edf;chb04_33.edf;chb04_36.edf;chb04_39.edf;chb04_42.edf
chb04,125s non-causal,0.55,102,270,188924,9,0,0,4,4,0.9994963461405315,1,1,22,52.584722222222226,3,5.0,1,990,312,chb04_02.edf;chb04_06.edf;chb04_08.edf;chb04_10.edf;chb04_13.edf;chb04_16.edf;chb04_19.edf;chb04_23.edf;chb04_26.edf;chb04_30.edf;chb04_33.edf;chb04_36.edf;chb04_39.edf;chb04_42.edf
chb04,none,0.8,0,110,175419,218,0,0,8,8,0.7007626644302118,2,0,108,48.81861111111111,,20.0,2,294,216,chb04_03.edf;chb04_07.edf;chb04_11.edf;chb04_14.edf;chb04_17.edf;chb04_21.edf;chb04_24.edf;chb04_27.edf;chb04_28.edf;chb04_31.edf;chb04_34.edf;chb04_37.edf;chb04_40.edf;chb04_43.edf
chb04,13s causal avg,0.65,0,0,175529,218,0,0,8,8,0.7786697574372954,2,0,0,48.81861111111111,,,2,294,216,chb04_03.edf;chb04_07.edf;chb04_11.edf;chb04_14.edf;chb04_17.edf;chb04_21.edf;chb04_24.edf;chb04_27.edf;chb04_28.edf;chb04_31.edf;chb04_34.edf;chb04_37.edf;chb04_40.edf;chb04_43.edf
chb04,13s non-causal avg,0.65,0,0,175529,218,0,0,8,8,0.7795994503848681,2,0,0,48.81861111111111,,,2,294,216,chb04_03.edf;chb04_07.edf;chb04_11.edf;chb04_14.edf;chb04_17.edf;chb04_21.edf;chb04_24.edf;chb04_27.edf;chb04_28.edf;chb04_31.edf;chb04_34.edf;chb04_37.edf;chb04_40.edf;chb04_43.edf
chb04,29s causal avg,0.6,0,0,175529,218,0,0,8,8,0.8336959636717547,2,0,0,48.81861111111111,,,2,294,216,chb04_03.edf;chb04_07.edf;chb04_11.edf;chb04_14.edf;chb04_17.edf;chb04_21.edf;chb04_24.edf;chb04_27.edf;chb04_28.edf;chb04_31.edf;chb04_34.edf;chb04_37.edf;chb04_40.edf;chb04_43.edf
chb04,29s non-causal avg,0.6,0,0,175529,218,0,0,8,8,0.8211565683414345,2,0,0,48.81861111111111,,,2,294,216,chb04_03.edf;chb04_07.edf;chb04_11.edf;chb04_14.edf;chb04_17.edf;chb04_21.edf;chb04_24.edf;chb04_27.edf;chb04_28.edf;chb04_31.edf;chb04_34.edf;chb04_37.edf;chb04_40.edf;chb04_43.edf
chb04,61s causal avg,0.6,0,0,175529,218,0,0,8,8,0.8503708658194488,2,0,0,48.81861111111111,,,2,294,216,chb04_03.edf;chb04_07.edf;chb04_11.edf;chb04_14.edf;chb04_17.edf;chb04_21.edf;chb04_24.edf;chb04_27.edf;chb04_28.edf;chb04_31.edf;chb04_34.edf;chb04_37.edf;chb04_40.edf;chb04_43.edf
chb04,61s non-causal avg,0.6,0,0,175529,218,0,0,8,8,0.8467504598550092,2,0,0,48.81861111111111,,,2,294,216,chb04_03.edf;chb04_07.edf;chb04_11.edf;chb04_14.edf;chb04_17.edf;chb04_21.edf;chb04_24.edf;chb04_27.edf;chb04_28.edf;chb04_31.edf;chb04_34.edf;chb04_37.edf;chb04_40.edf;chb04_43.edf
chb04,125s causal avg,0.55,0,0,175529,218,0,0,8,8,0.7919202535392229,2,0,0,48.81861111111111,,,2,294,216,chb04_03.edf;chb04_07.edf;chb04_11.edf;chb04_14.edf;chb04_17.edf;chb04_21.edf;chb04_24.edf;chb04_27.edf;chb04_28.edf;chb04_31.edf;chb04_34.edf;chb04_37.edf;chb04_40.edf;chb04_43.edf
chb04,125s non-causal avg,0.55,0,0,175529,218,0,0,8,8,0.8430401813945274,2,0,0,48.81861111111111,,,2,294,216,chb04_03.edf;chb04_07.edf;chb04_11.edf;chb04_14.edf;chb04_17.edf;chb04_21.edf;chb04_24.edf;chb04_27.edf;chb04_28.edf;chb04_31.edf;chb04_34.edf;chb04_37.edf;chb04_40.edf;chb04_43.edf
chb04,13s causal,0.7,0,1,175528,218,0,0,8,8,0.7560508310893085,2,0,1,48.81861111111111,,13.0,2,294,216,chb04_03.edf;chb04_07.edf;chb04_11.edf;chb04_14.edf;chb04_17.edf;chb04_21.edf;chb04_24.edf;chb04_27.edf;chb04_28.edf;chb04_31.edf;chb04_34.edf;chb04_37.edf;chb04_40.edf;chb04_43.edf
chb04,13s non-causal,0.65,0,2,175527,218,0,0,8,8,0.7523510582244676,2,0,2,48.81861111111111,,10.0,2,294,216,chb04_03.edf;chb04_07.edf;chb04_11.edf;chb04_14.edf;chb04_17.edf;chb04_21.edf;chb04_24.edf;chb04_27.edf;chb04_28.edf;chb04_31.edf;chb04_34.edf;chb04_37.edf;chb04_40.edf;chb04_43.edf
chb04,29s causal,0.75,0,0,175529,218,0,0,8,8,0.7567974078461956,2,0,0,48.81861111111111,,15.0,2,294,216,chb04_03.edf;chb04_07.edf;chb04_11.edf;chb04_14.edf;chb04_17.edf;chb04_21.edf;chb04_24.edf;chb04_27.edf;chb04_28.edf;chb04_31.edf;chb04_34.edf;chb04_37.edf;chb04_40.edf;chb04_43.edf
chb04,29s non-causal,0.7,0,0,175529,218,0,0,8,8,0.7707371441954676,2,0,0,48.81861111111111,,13.0,2,294,216,chb04_03.edf;chb04_07.edf;chb04_11.edf;chb04_14.edf;chb04_17.edf;chb04_21.edf;chb04_24.edf;chb04_27.edf;chb04_28.edf;chb04_31.edf;chb04_34.edf;chb04_37.edf;chb04_40.edf;chb04_43.edf
chb04,61s causal,0.7,0,0,175529,218,0,0,8,8,0.7395192048821646,2,0,0,48.81861111111111,,10.0,2,294,216,chb04_03.edf;chb04_07.edf;chb04_11.edf;chb04_14.edf;chb04_17.edf;chb04_21.edf;chb04_24.edf;chb04_27.edf;chb04_28.edf;chb04_31.edf;chb04_34.edf;chb04_37.edf;chb04_40.edf;chb04_43.edf
chb04,61s non-causal,0.7,0,0,175529,218,0,0,8,8,0.7720675524434368,2,0,0,48.81861111111111,,8.0,2,294,216,chb04_03.edf;chb04_07.edf;chb04_11.edf;chb04_14.edf;chb04_17.edf;chb04_21.edf;chb04_24.edf;chb04_27.edf;chb04_28.edf;chb04_31.edf;chb04_34.edf;chb04_37.edf;chb04_40.edf;chb04_43.edf
chb04,125s causal,0.65,0,4,175525,218,0,0,8,8,0.7464774894616071,2,0,3,48.81861111111111,,8.0,2,294,216,chb04_03.edf;chb04_07.edf;chb04_11.edf;chb04_14.edf;chb04_17.edf;chb04_21.edf;chb04_24.edf;chb04_27.edf;chb04_28.edf;chb04_31.edf;chb04_34.edf;chb04_37.edf;chb04_40.edf;chb04_43.edf
chb04,125s non-causal,0.75,0,0,175529,218,0,0,8,8,0.7684591808740038,2,0,0,48.81861111111111,,8.0,2,294,216,chb04_03.edf;chb04_07.edf;chb04_11.edf;chb04_14.edf;chb04_17.edf;chb04_21.edf;chb04_24.edf;chb04_27.edf;chb04_28.edf;chb04_31.edf;chb04_34.edf;chb04_37.edf;chb04_40.edf;chb04_43.edf
chb05,none,0.8,53,59,28636,62,1,0,4,3,0.984610862368084,1,1,44,8.002777777777778,0,20.0,0,2268,786,chb05_01.edf;chb05_06.edf;chb05_07.edf;chb05_12.edf;chb05_20.edf;chb05_26.edf;chb05_31.edf;chb05_36.edf
chb05,13s causal avg,0.65,74,0,28695,41,0,0,4,4,0.9990848276854777,1,1,0,8.002777777777778,9,,0,2268,786,chb05_01.edf;chb05_06.edf;chb05_07.edf;chb05_12.edf;chb05_20.edf;chb05_26.edf;chb05_31.edf;chb05_36.edf
chb05,13s non-causal avg,0.65,74,5,28690,41,0,0,4,4,0.9997457517973893,1,1,1,8.002777777777778,3,,0,2268,786,chb05_01.edf;chb05_06.edf;chb05_07.edf;chb05_12.edf;chb05_20.edf;chb05_26.edf;chb05_31.edf;chb05_36.edf
chb05,29s causal avg,0.65,66,0,28695,49,0,0,4,4,0.9983526898338598,1,1,0,8.002777777777778,27,,0,2268,786,chb05_01.edf;chb05_06.edf;chb05_07.edf;chb05_12.edf;chb05_20.edf;chb05_26.edf;chb05_31.edf;chb05_36.edf
chb05,29s non-causal avg,0.55,98,3,28692,17,0,0,4,4,0.9998945430577968,1,1,1,8.002777777777778,7,,0,2268,786,chb05_01.edf;chb05_06.edf;chb05_07.edf;chb05_12.edf;chb05_20.edf;chb05_26.edf;chb05_31.edf;chb05_36.edf
chb05,61s causal avg,0.7,48,0,28695,67,0,0,4,4,0.9967320469404608,1,1,0,8.002777777777778,55,,0,2268,786,chb05_01.edf;chb05_06.edf;chb05_07.edf;chb05_12.edf;chb05_20.edf;chb05_26.edf;chb05_31.edf;chb05_36.edf
chb05,61s non-causal avg,0.45,98,0,28695,17,0,0,4,4,0.9999754539875906,1,1,0,8.002777777777778,5,,0,2268,786,chb05_01.edf;chb05_06.edf;chb05_07.edf;chb05_12.edf;chb05_20.edf;chb05_26.edf;chb05_31.edf;chb05_36.edf
chb05,125s causal avg,0.5,37,38,28657,78,2,2,2,2,0.9919589081570036,1,1,0,8.002777777777778,78,,0,2268,786,chb05_01.edf;chb05_06.edf;chb05_07.edf;chb05_12.edf;chb05_20.edf;chb05_26.edf;chb05_31.edf;chb05_36.edf
chb05,125s non-causal avg,0.45,98,0,28695,17,0,0,4,4,0.999984848140488,1,1,0,8.002777777777778,5,,0,2268,786,chb05_01.edf;chb05_06.edf;chb05_07.edf;chb05_12.edf;chb05_20.edf;chb05_26.edf;chb05_31.edf;chb05_36.edf
chb05,13s causal,0.7,92,7,28688,23,1,0,4,3,0.9998224202065198,1,1,4,8.002777777777778,3,17.0,0,2268,786,chb05_01.edf;chb05_06.edf;chb05_07.edf;chb05_12.edf;chb05_20.edf;chb05_26.edf;chb05_31.edf;chb05_36.edf
chb05,13s non-causal,0.8,97,2,28693,18,1,0,4,3,0.9999642416115518,1,1,1,8.002777777777778,1,24.0,0,2268,786,chb05_01.edf;chb05_06.edf;chb05_07.edf;chb05_12.edf;chb05_20.edf;chb05_26.edf;chb05_31.edf;chb05_36.edf
chb05,29s causal,0.65,99,4,28691,16,1,0,4,3,0.9999196951445867,1,1,3,8.002777777777778,3,50.0,0,2268,786,chb05_01.edf;chb05_06.edf;chb05_07.edf;chb05_12.edf;chb05_20.edf;chb05_26.edf;chb05_31.edf;chb05_36.edf
chb05,29s non-causal,0.65,112,1,28694,3,2,0,4,2,0.9999890906611515,1,1,1,8.002777777777778,0,44.0,0,2268,786,chb05_01.edf;chb05_06.edf;chb05_07.edf;chb05_12.edf;chb05_20.edf;chb05_26.edf;chb05_31.edf;chb05_36.edf
chb05,61s causal,0.7,95,2,28693,20,0,0,4,4,0.9999154526239232,1,1,2,8.002777777777778,3,59.0,0,2268,786,chb05_01.edf;chb05_06.edf;chb05_07.edf;chb05_12.edf;chb05_20.edf;chb05_26.edf;chb05_31.edf;chb05_36.edf
chb05,61s non-causal,0.55,110,2,28693,5,2,0,4,2,0.9999869694008198,1,1,1,8.002777777777778,0,31.0,0,2268,786,chb05_01.edf;chb05_06.edf;chb05_07.edf;chb05_12.edf;chb05_20.edf;chb05_26.edf;chb05_31.edf;chb05_36.edf
chb05,125s causal,0.6,101,5,28690,14,2,0,4,2,0.9999060584710259,1,1,4,8.002777777777778,3,52.0,0,2268,786,chb05_01.edf;chb05_06.edf;chb05_07.edf;chb05_12.edf;chb05_20.edf;chb05_26.edf;chb05_31.edf;chb05_36.edf
chb05,125s non-causal,0.55,112,5,28690,3,2,0,4,2,0.9999866663636294,1,1,1,8.002777777777778,0,45.0,0,2268,786,chb05_01.edf;chb05_06.edf;chb05_07.edf;chb05_12.edf;chb05_20.edf;chb05_26.edf;chb05_31.edf;chb05_36.edf
chb05,none,0.65,30,31,28659,80,1,0,4,3,0.9625175068918533,1,1,21,8.0,5,1.0,1,2610,648,chb05_02.edf;chb05_08.edf;chb05_13.edf;chb05_14.edf;chb05_21.edf;chb05_27.edf;chb05_32.edf;chb05_37.edf
chb05,13s causal avg,0.5,102,114,28576,8,2,2,2,2,0.9871418612757058,1,1,11,8.0,8,,1,2610,648,chb05_02.edf;chb05_08.edf;chb05_13.edf;chb05_14.edf;chb05_21.edf;chb05_27.edf;chb05_32.edf;chb05_37.edf
chb05,13s non-causal avg,0.5,108,106,28584,2,2,2,2,2,0.999043062200957,1,1,10,8.0,2,,1,2610,648,chb05_02.edf;chb05_08.edf;chb05_13.edf;chb05_14.edf;chb05_21.edf;chb05_27.edf;chb05_32.edf;chb05_37.edf
chb05,29s causal avg,0.55,84,39,28651,26,0,0,4,4,0.9846779048765804,1,1,3,8.0,20,,1,2610,648,chb05_02.edf;chb05_08.edf;chb05_13.edf;chb05_14.edf;chb05_21.edf;chb05_27.edf;chb05_32.edf;chb05_37.edf
chb05,29s non-causal avg,0.5,109,61,28629,1,3,2,2,1,0.9994806552805856,1,1,3,8.0,1,,1,2610,648,chb05_02.edf;chb05_08.edf;chb05_13.edf;chb05_14.edf;chb05_21.edf;chb05_27.edf;chb05_32.edf;chb05_37.edf
chb05,61s causal avg,0.55,71,52,28638,39,2,2,2,2,0.9674956430812129,1,1,2,8.0,39,,1,2610,648,chb05_02.edf;chb05_08.edf;chb05_13.edf;chb05_14.edf;chb05_21.edf;chb05_27.edf;chb05_32.edf;chb05_37.edf
chb05,61s non-causal avg,0.55,101,20,28670,9,2,2,2,2,0.9998780062739632,1,1,0,8.0,9,,1,2610,648,chb05_02.edf;chb05_08.edf;chb05_13.edf;chb05_14.edf;chb05_21.edf;chb05_27.edf;chb05_32.edf;chb05_37.edf
chb05,125s causal avg,0.5,46,136,28554,64,2,2,2,2,0.9334509965461517,1,1,2,8.0,64,,1,2610,648,chb05_02.edf;chb05_08.edf;chb05_13.edf;chb05_14.edf;chb05_21.edf;chb05_27.edf;chb05_32.edf;chb05_37.edf
chb05,125s non-causal avg,0.55,76,0,28690,34,0,0,4,4,0.999715770461675,1,1,0,8.0,32,,1,2610,648,chb05_02.edf;chb05_08.edf;chb05_13.edf;chb05_14.edf;chb05_21.edf;chb05_27.edf;chb05_32.edf;chb05_37.edf
chb05,13s causal,0.6,87,24,28666,23,2,2,2,2,0.9825038816185558,1,1,10,8.0,7,28.0,1,2610,648,chb05_02.edf;chb05_08.edf;chb05_13.edf;chb05_14.edf;chb05_21.edf;chb05_27.edf;chb05_32.edf;chb05_37.edf
chb05,13s non-causal,0.7,96,7,28683,14,1,1,3,3,0.9952732976330049,1,1,1,8.0,5,20.0,1,2610,648,chb05_02.edf;chb05_08.edf;chb05_13.edf;chb05_14.edf;chb05_21.edf;chb05_27.edf;chb05_32.edf;chb05_37.edf
chb05,29s causal,0.4,102,113,28577,8,2,2,2,2,0.9866380430305143,1,1,18,8.0,7,3.0,1,2610,648,chb05_02.edf;chb05_08.edf;chb05_13.edf;chb05_14.edf;chb05_21.edf;chb05_27.edf;chb05_32.edf;chb05_37.edf
chb05,29s non-causal,0.5,92,38,28652,18,2,2,2,2,0.9953784974175355,1,1,3,8.0,5,3.0,1,2610,648,chb05_02.edf;chb05_08.edf;chb05_13.edf;chb05_14.edf;chb05_21.edf;chb05_27.edf;chb05_32.edf;chb05_37.edf
chb05,61s causal,0.4,97,56,28634,13,2,2,2,2,0.9851123292880002,1,1,5,8.0,10,2.0,1,2610,648,chb05_02.edf;chb05_08.edf;chb05_13.edf;chb05_14.edf;chb05_21.edf;chb05_27.edf;chb05_32.edf;chb05_37.edf
chb05,61s non-causal,0.3,110,29,28661,0,4,4,0,0,0.999954371177794,1,1,0,8.0,0,18.0,1,2610,648,chb05_02.edf;chb05_08.edf;chb05_13.edf;chb05_14.edf;chb05_21.edf;chb05_27.edf;chb05_32.edf;chb05_37.edf
chb05,125s causal,0.55,81,18,28672,29,0,0,4,4,0.973224436769226,1,1,11,8.0,7,23.0,1,2610,648,chb05_02.edf;chb05_08.edf;chb05_13.edf;chb05_14.edf;chb05_21.edf;chb05_27.edf;chb05_32.edf;chb05_37.edf
chb05,125s non-causal,0.5,109,15,28675,1,3,4,0,1,0.9999756012547926,1,1,0,8.0,0,19.0,1,2610,648,chb05_02.edf;chb05_08.edf;chb05_13.edf;chb05_14.edf;chb05_21.edf;chb05_27.edf;chb05_32.edf;chb05_37.edf
chb05,none,0.85,73,31,28673,23,2,0,4,2,0.9810693486389818,1,1,24,8.0,6,15.0,2,2382,666,chb05_03.edf;chb05_09.edf;chb05_15.edf;chb05_16.edf;chb05_23.edf;chb05_28.edf;chb05_33.edf;chb05_38.edf
chb05,13s causal avg,0.75,67,0,28704,29,0,0,4,4,0.9974760341183575,1,1,0,8.0,18,,2,2382,666,chb05_03.edf;chb05_09.edf;chb05_15.edf;chb05_16.edf;chb05_23.edf;chb05_28.edf;chb05_33.edf;chb05_38.edf
chb05,13s non-causal avg,0.55,86,2,28702,10,0,0,4,4,0.9996233103400223,1,1,1,8.0,8,,2,2382,666,chb05_03.edf;chb05_09.edf;chb05_15.edf;chb05_16.edf;chb05_23.edf;chb05_28.edf;chb05_33.edf;chb05_38.edf
chb05,29s causal avg,0.8,64,0,28704,32,1,0,4,3,0.9925794314381271,1,1,0,8.0,31,,2,2382,666,chb05_03.edf;chb05_09.edf;chb05_15.edf;chb05_16.edf;chb05_23.edf;chb05_28.edf;chb05_33.edf;chb05_38.edf
chb05,29s non-causal avg,0.55,83,0,28704,13,0,0,4,4,0.999955363363991,1,1,0,8.0,7,,2,2382,666,chb05_03.edf;chb05_09.edf;chb05_15.edf;chb05_16.edf;chb05_23.edf;chb05_28.edf;chb05_33.edf;chb05_38.edf
chb05,61s causal avg,0.85,35,1,28703,61,2,1,3,2,0.9889123321952805,1,1,0,8.0,61,,2,2382,666,chb05_03.edf;chb05_09.edf;chb05_15.edf;chb05_16.edf;chb05_23.edf;chb05_28.edf;chb05_33.edf;chb05_38.edf
chb05,61s non-causal avg,0.55,82,0,28704,14,0,0,4,4,0.9999956452062431,1,1,0,8.0,9,,2,2382,666,chb05_03.edf;chb05_09.edf;chb05_15.edf;chb05_16.edf;chb05_23.edf;chb05_28.edf;chb05_33.edf;chb05_38.edf
chb05,125s causal avg,0.5,30,65,28639,66,2,2,2,2,0.9761230287300259,1,1,0,8.0,66,,2,2382,666,chb05_03.edf;chb05_09.edf;chb05_15.edf;chb05_16.edf;chb05_23.edf;chb05_28.edf;chb05_33.edf;chb05_38.edf
chb05,125s non-causal avg,0.55,77,0,28704,19,0,0,4,4,0.9999912904124861,1,1,0,8.0,12,,2,2382,666,chb05_03.edf;chb05_09.edf;chb05_15.edf;chb05_16.edf;chb05_23.edf;chb05_28.edf;chb05_33.edf;chb05_38.edf
chb05,13s causal,0.65,80,0,28704,16,2,0,4,2,0.9986540058296172,1,1,0,8.0,11,21.0,2,2382,666,chb05_03.edf;chb05_09.edf;chb05_15.edf;chb05_16.edf;chb05_23.edf;chb05_28.edf;chb05_33.edf;chb05_38.edf
chb05,13s non-causal,0.55,81,0,28704,15,1,0,4,3,0.9993700065031587,1,1,0,8.0,9,20.0,2,2382,666,chb05_03.edf;chb05_09.edf;chb05_15.edf;chb05_16.edf;chb05_23.edf;chb05_28.edf;chb05_33.edf;chb05_38.edf
chb05,29s causal,0.6,80,0,28704,16,2,0,4,2,0.9989047693701226,1,1,0,8.0,11,39.0,2,2382,666,chb05_03.edf;chb05_09.edf;chb05_15.edf;chb05_16.edf;chb05_23.edf;chb05_28.edf;chb05_33.edf;chb05_38.edf
chb05,29s non-causal,0.4,86,0,28704,10,0,0,4,4,0.9997811716137124,1,1,0,8.0,6,35.0,2,2382,666,chb05_03.edf;chb05_09.edf;chb05_15.edf;chb05_16.edf;chb05_23.edf;chb05_28.edf;chb05_33.edf;chb05_38.edf
chb05,61s causal,0.65,81,0,28704,15,2,0,4,2,0.9972347059643255,1,1,0,8.0,10,38.0,2,2382,666,chb05_03.edf;chb05_09.edf;chb05_15.edf;chb05_16.edf;chb05_23.edf;chb05_28.edf;chb05_33.edf;chb05_38.edf
chb05,61s non-causal,0.3,90,0,28704,6,2,0,4,2,0.9998758883779264,1,1,0,8.0,5,27.0,2,2382,666,chb05_03.edf;chb05_09.edf;chb05_15.edf;chb05_16.edf;chb05_23.edf;chb05_28.edf;chb05_33.edf;chb05_38.edf
chb05,125s causal,0.55,84,0,28704,12,2,0,4,2,0.9986917473755109,1,1,0,8.0,6,50.0,2,2382,666,chb05_03.edf;chb05_09.edf;chb05_15.edf;chb05_16.edf;chb05_23.edf;chb05_28.edf;chb05_33.edf;chb05_38.edf
chb05,125s non-causal,0.35,89,0,28704,7,2,0,4,2,0.9999426618821999,1,1,0,8.0,5,51.0,2,2382,666,chb05_03.edf;chb05_09.edf;chb05_15.edf;chb05_16.edf;chb05_23.edf;chb05_28.edf;chb05_33.edf;chb05_38.edf
chb05,none,0.9,68,13,28667,52,0,0,4,4,0.9854480474198049,1,1,13,8.0,12,32.0,3,2316,570,chb05_04.edf;chb05_10.edf;chb05_17.edf;chb05_18.edf;chb05_24.edf;chb05_29.edf;chb05_34.edf;chb05_39.edf
chb05,13s causal avg,0.7,81,1,28679,39,2,1,3,2,0.9984722222222222,1,1,0,8.0,23,,3,2316,570,chb05_04.edf;chb05_10.edf;chb05_17.edf;chb05_18.edf;chb05_24.edf;chb05_29.edf;chb05_34.edf;chb05_39.edf
chb05,13s non-causal avg,0.7,82,0,28680,38,0,0,4,4,0.999927940492794,1,1,0,8.0,17,,3,2316,570,chb05_04.edf;chb05_10.edf;chb05_17.edf;chb05_18.edf;chb05_24.edf;chb05_29.edf;chb05_34.edf;chb05_39.edf
chb05,29s causal avg,0.5,99,24,28656,21,2,2,2,2,0.9955491631799163,1,1,0,8.0,21,,3,2316,570,chb05_04.edf;chb05_10.edf;chb05_17.edf;chb05_18.edf;chb05_24.edf;chb05_29.edf;chb05_34.edf;chb05_39.edf
chb05,29s non-causal avg,0.55,111,7,28673,9,2,2,2,2,0.9999305555555557,1,1,0,8.0,9,,3,2316,570,chb05_04.edf;chb05_10.edf;chb05_17.edf;chb05_18.edf;chb05_24.edf;chb05_29.edf;chb05_34.edf;chb05_39.edf
chb05,61s causal avg,0.4,85,53,28627,35,2,2,2,2,0.9962842863784287,1,1,0,8.0,35,,3,2316,570,chb05_04.edf;chb05_10.edf;chb05_17.edf;chb05_18.edf;chb05_24.edf;chb05_29.edf;chb05_34.edf;chb05_39.edf
chb05,61s non-causal avg,0.55,103,8,28672,17,2,2,2,2,0.999902370990237,1,1,0,8.0,17,,3,2316,570,chb05_04.edf;chb05_10.edf;chb05_17.edf;chb05_18.edf;chb05_24.edf;chb05_29.edf;chb05_34.edf;chb05_39.edf
chb05,125s causal avg,0.35,72,119,28561,48,2,2,2,2,0.9886770688052068,1,1,0,8.0,48,,3,2316,570,chb05_04.edf;chb05_10.edf;chb05_17.edf;chb05_18.edf;chb05_24.edf;chb05_29.edf;chb05_34.edf;chb05_39.edf
chb05,125s non-causal avg,0.55,104,12,28668,16,2,2,2,2,0.9998736052998605,1,1,0,8.0,16,,3,2316,570,chb05_04.edf;chb05_10.edf;chb05_17.edf;chb05_18.edf;chb05_24.edf;chb05_29.edf;chb05_34.edf;chb05_39.edf
chb05,13s causal,0.75,86,1,28679,34,1,0,4,3,0.9995810088331009,1,1,1,8.0,20,13.0,3,2316,570,chb05_04.edf;chb05_10.edf;chb05_17.edf;chb05_18.edf;chb05_24.edf;chb05_29.edf;chb05_34.edf;chb05_39.edf
chb05,13s non-causal,0.8,93,0,28680,27,0,0,4,4,0.9997669688516968,1,1,0,8.0,10,41.0,3,2316,570,chb05_04.edf;chb05_10.edf;chb05_17.edf;chb05_18.edf;chb05_24.edf;chb05_29.edf;chb05_34.edf;chb05_39.edf
chb05,29s causal,0.8,78,1,28679,42,1,0,4,3,0.999596989772199,1,1,1,8.0,20,15.0,3,2316,570,chb05_04.edf;chb05_10.edf;chb05_17.edf;chb05_18.edf;chb05_24.edf;chb05_29.edf;chb05_34.edf;chb05_39.edf
chb05,29s non-causal,0.75,106,0,28680,14,0,0,4,4,0.9999619363086937,1,1,0,8.0,8,35.0,3,2316,570,chb05_04.edf;chb05_10.edf;chb05_17.edf;chb05_18.edf;chb05_24.edf;chb05_29.edf;chb05_34.edf;chb05_39.edf
chb05,61s causal,0.75,85,1,28679,35,1,0,4,3,0.9995891445839145,1,1,1,8.0,20,12.0,3,2316,570,chb05_04.edf;chb05_10.edf;chb05_17.edf;chb05_18.edf;chb05_24.edf;chb05_29.edf;chb05_34.edf;chb05_39.edf
chb05,61s non-causal,0.65,110,0,28680,10,1,0,4,3,0.99998460018596,1,1,0,8.0,9,23.0,3,2316,570,chb05_04.edf;chb05_10.edf;chb05_17.edf;chb05_18.edf;chb05_24.edf;chb05_29.edf;chb05_34.edf;chb05_39.edf
chb05,125s causal,0.8,73,0,28680,47,1,0,4,3,0.9995897257089726,1,1,0,8.0,37,8.0,3,2316,570,chb05_04.edf;chb05_10.edf;chb05_17.edf;chb05_18.edf;chb05_24.edf;chb05_29.edf;chb05_34.edf;chb05_39.edf
chb05,125s non-causal,0.55,113,0,28680,7,1,0,4,3,0.9999875058112505,1,1,0,8.0,4,24.0,3,2316,570,chb05_04.edf;chb05_10.edf;chb05_17.edf;chb05_18.edf;chb05_24.edf;chb05_29.edf;chb05_34.edf;chb05_39.edf
chb05,none,0.8,55,96,24987,62,1,1,3,3,0.9858989522307307,1,1,71,7.0,2,3.0,4,2568,690,chb05_05.edf;chb05_11.edf;chb05_19.edf;chb05_22.edf;chb05_25.edf;chb05_30.edf;chb05_35.edf
chb05,13s causal avg,0.6,114,487,24596,3,2,2,2,2,0.998863942650571,1,1,39,7.0,3,,4,2568,690,chb05_05.edf;chb05_11.edf;chb05_19.edf;chb05_22.edf;chb05_25.edf;chb05_30.edf;chb05_35.edf
chb05,13s non-causal avg,0.65,117,195,24888,0,4,3,1,0,0.9998729006024784,1,1,13,7.0,0,,4,2568,690,chb05_05.edf;chb05_11.edf;chb05_19.edf;chb05_22.edf;chb05_25.edf;chb05_30.edf;chb05_35.edf
chb05,29s causal avg,0.7,100,18,25065,17,2,2,2,2,0.996395556496023,1,1,1,7.0,17,,4,2568,690,chb05_05.edf;chb05_11.edf;chb05_19.edf;chb05_22.edf;chb05_25.edf;chb05_30.edf;chb05_35.edf
chb05,29s non-causal avg,0.65,117,127,24956,0,4,4,0,0,0.9999775105623688,1,1,7,7.0,0,,4,2568,690,chb05_05.edf;chb05_11.edf;chb05_19.edf;chb05_22.edf;chb05_25.edf;chb05_30.edf;chb05_35.edf
chb05,61s causal avg,0.75,69,4,25079,48,2,2,2,2,0.9861352617003855,1,1,0,7.0,48,,4,2568,690,chb05_05.edf;chb05_11.edf;chb05_19.edf;chb05_22.edf;chb05_25.edf;chb05_30.edf;chb05_35.edf
chb05,61s non-causal avg,0.7,97,0,25083,20,0,0,4,4,0.9999141312381356,1,1,0,7.0,9,,4,2568,690,chb05_05.edf;chb05_11.edf;chb05_19.edf;chb05_22.edf;chb05_25.edf;chb05_30.edf;chb05_35.edf
chb05,125s causal avg,0.6,61,269,24814,56,2,2,2,2,0.9601049302640022,1,1,4,7.0,56,,4,2568,690,chb05_05.edf;chb05_11.edf;chb05_19.edf;chb05_22.edf;chb05_25.edf;chb05_30.edf;chb05_35.edf
chb05,125s non-causal avg,0.7,64,0,25083,53,0,0,4,4,0.9999720585774886,1,1,0,7.0,27,,4,2568,690,chb05_05.edf;chb05_11.edf;chb05_19.edf;chb05_22.edf;chb05_25.edf;chb05_30.edf;chb05_35.edf
chb05,13s causal,0.65,109,50,25033,8,2,2,2,2,0.9994728612118877,1,1,11,7.0,2,14.0,4,2568,690,chb05_05.edf;chb05_11.edf;chb05_19.edf;chb05_22.edf;chb05_25.edf;chb05_30.edf;chb05_35.edf
chb05,13s non-causal,0.75,112,42,25041,5,3,2,2,1,0.9997226302692157,1,1,10,7.0,0,34.0,4,2568,690,chb05_05.edf;chb05_11.edf;chb05_19.edf;chb05_22.edf;chb05_25.edf;chb05_30.edf;chb05_35.edf
chb05,29s causal,0.5,114,49,25034,3,2,2,2,2,0.9995716784378428,1,1,14,7.0,3,14.0,4,2568,690,chb05_05.edf;chb05_11.edf;chb05_19.edf;chb05_22.edf;chb05_25.edf;chb05_30.edf;chb05_35.edf
chb05,29s non-causal,0.45,117,155,24928,0,4,4,0,0,0.9999655843454431,1,1,13,7.0,0,23.0,4,2568,690,chb05_05.edf;chb05_11.edf;chb05_19.edf;chb05_22.edf;chb05_25.edf;chb05_30.edf;chb05_35.edf
chb05,61s causal,0.7,113,22,25061,4,2,2,2,2,0.9996773106448983,1,1,6,7.0,3,16.0,4,2568,690,chb05_05.edf;chb05_11.edf;chb05_19.edf;chb05_22.edf;chb05_25.edf;chb05_30.edf;chb05_35.edf
chb05,61s non-causal,0.45,117,133,24950,0,4,4,0,0,0.9999850070415792,1,1,11,7.0,0,12.0,4,2568,690,chb05_05.edf;chb05_11.edf;chb05_19.edf;chb05_22.edf;chb05_25.edf;chb05_30.edf;chb05_35.edf
chb05,125s causal,0.5,105,50,25033,12,3,1,3,1,0.9993498508030263,1,1,19,7.0,1,20.0,4,2568,690,chb05_05.edf;chb05_11.edf;chb05_19.edf;chb05_22.edf;chb05_25.edf;chb05_30.edf;chb05_35.edf
chb05,125s non-causal,0.65,117,34,25049,0,4,3,1,0,0.9999931850188996,1,1,4,7.0,0,22.0,4,2568,690,chb05_05.edf;chb05_11.edf;chb05_19.edf;chb05_22.edf;chb05_25.edf;chb05_30.edf;chb05_35.edf
chb06,none,0.8,14,275,71697,14,4,0,8,4,0.9573554398138959,2,2,201,20.0,0;4,16.0,0,666,954,chb06_02.edf;chb06_08.edf;chb06_09.edf;chb06_10.edf;chb06_17.edf
chb06,13s causal avg,0.6,8,34,71938,20,4,4,4,4,0.9763251184984637,2,2,3,20.0,10;10,,0,666,954,chb06_02.edf;chb06_08.edf;chb06_09.edf;chb06_10.edf;chb06_17.edf
chb06,13s non-causal avg,0.6,20,22,71950,8,4,0,8,4,0.9989043358131336,2,2,3,20.0,4;4,,0,666,954,chb06_02.edf;chb06_08.edf;chb06_09.edf;chb06_10.edf;chb06_17.edf
chb06,29s causal avg,0.4,10,439,71533,18,4,4,4,4,0.9143565751760605,2,2,35,20.0,9;9,,0,666,954,chb06_02.edf;chb06_08.edf;chb06_09.edf;chb06_10.edf;chb06_17.edf
chb06,29s non-causal avg,0.5,18,47,71925,10,6,5,3,2,0.9994536565807338,2,2,1,20.0,0;10,,0,666,954,chb06_02.edf;chb06_08.edf;chb06_09.edf;chb06_10.edf;chb06_17.edf
chb06,61s causal avg,0.3,11,5099,66873,17,3,4,4,5,0.8147101849131806,2,2,158,20.0,6;11,,0,666,954,chb06_02.edf;chb06_08.edf;chb06_09.edf;chb06_10.edf;chb06_17.edf
chb06,61s non-causal avg,0.35,28,715,71257,0,8,8,0,0,0.9984676580574985,2,2,24,20.0,0;0,,0,666,954,chb06_02.edf;chb06_08.edf;chb06_09.edf;chb06_10.edf;chb06_17.edf
chb06,125s causal avg,0.25,22,29474,42498,6,6,6,2,2,0.795745716588197,2,2,226,20.0,0;6,,0,666,954,chb06_02.edf;chb06_08.edf;chb06_09.edf;chb06_10.edf;chb06_17.edf
chb06,125s non-causal avg,0.3,28,3550,68422,0,8,8,0,0,0.9958560273439672,2,2,65,20.0,0;0,,0,666,954,chb06_02.edf;chb06_08.edf;chb06_09.edf;chb06_10.edf;chb06_17.edf
chb06,13s causal,0.7,12,31,71941,16,3,1,7,5,0.9817682074775111,2,2,16,20.0,7;8,41.0,0,666,954,chb06_02.edf;chb06_08.edf;chb06_09.edf;chb06_10.edf;chb06_17.edf
chb06,13s non-causal,0.75,18,24,71948,10,3,0,8,5,0.9977069455581933,2,2,7,20.0,2;4,35.0,0,666,954,chb06_02.edf;chb06_08.edf;chb06_09.edf;chb06_10.edf;chb06_17.edf
chb06,29s causal,0.7,12,32,71940,16,3,1,7,5,0.979244408539829,2,2,16,20.0,7;8,26.0,0,666,954,chb06_02.edf;chb06_08.edf;chb06_09.edf;chb06_10.edf;chb06_17.edf
chb06,29s non-causal,0.7,21,26,71946,7,4,0,8,4,0.9996055013457614,2,2,7,20.0,2;4,12.0,0,666,954,chb06_02.edf;chb06_08.edf;chb06_09.edf;chb06_10.edf;chb06_17.edf
chb06,61s causal,0.7,13,31,71941,15,3,1,7,5,0.9833094814650142,2,2,17,20.0,2;8,30.0,0,666,954,chb06_02.edf;chb06_08.edf;chb06_09.edf;chb06_10.edf;chb06_17.edf
chb06,61s non-causal,0.5,25,39,71933,3,6,1,7,2,0.99961592206493,2,2,11,20.0,0;3,19.0,0,666,954,chb06_02.edf;chb06_08.edf;chb06_09.edf;chb06_10.edf;chb06_17.edf
chb06,125s causal,0.75,10,21,71951,18,3,0,8,5,0.9772476002572429,2,2,14,20.0,8;8,17.0,0,666,954,chb06_02.edf;chb06_08.edf;chb06_09.edf;chb06_10.edf;chb06_17.edf
chb06,125s non-causal,0.55,25,31,71941,3,6,1,7,2,0.9996263427840987,2,2,8,20.0,0;3,18.0,0,666,954,chb06_02.edf;chb06_08.edf;chb06_09.edf;chb06_10.edf;chb06_17.edf
chb06,none,0.7,6,561,50539,22,2,0,8,6,0.9248867766284596,2,2,344,14.202222222222222,1;1,13.0,1,510,1128,chb06_03.edf;chb06_12.edf;chb06_18.edf;chb06_24.edf
chb06,13s causal avg,0.6,3,33,51067,25,0,1,7,8,0.8831548783897121,2,1,12,14.202222222222222,11,,1,510,1128,chb06_03.edf;chb06_12.edf;chb06_18.edf;chb06_24.edf
chb06,13s non-causal avg,0.6,4,32,51068,24,0,0,8,8,0.9810728263908303,2,2,11,14.202222222222222,6;5,,1,510,1128,chb06_03.edf;chb06_12.edf;chb06_18.edf;chb06_24.edf
chb06,29s causal avg,0.5,16,772,50328,12,4,4,4,4,0.9704738607771877,2,1,63,14.202222222222222,0,,1,510,1128,chb06_03.edf;chb06_12.edf;chb06_18.edf;chb06_24.edf
chb06,29s non-causal avg,0.5,16,766,50334,12,4,4,4,4,0.968946743080794,2,1,62,14.202222222222222,0,,1,510,1128,chb06_03.edf;chb06_12.edf;chb06_18.edf;chb06_24.edf
chb06,61s causal avg,0.45,22,2165,48935,6,6,6,2,2,0.9798067514677103,2,2,52,14.202222222222222,6;0,,1,510,1128,chb06_03.edf;chb06_12.edf;chb06_18.edf;chb06_24.edf
chb06,61s non-causal avg,0.4,28,7779,43321,0,8,8,0,0,0.9825202683813251,2,2,116,14.202222222222222,0;0,,1,510,1128,chb06_03.edf;chb06_12.edf;chb06_18.edf;chb06_24.edf
chb06,125s causal avg,0.4,28,7696,43404,0,8,8,0,0,0.971808079396142,2,2,78,14.202222222222222,0;0,,1,510,1128,chb06_03.edf;chb06_12.edf;chb06_18.edf;chb06_24.edf
chb06,125s non-causal avg,0.4,28,7636,43464,0,8,8,0,0,0.9708149287112104,2,2,76,14.202222222222222,0;0,,1,510,1128,chb06_03.edf;chb06_12.edf;chb06_18.edf;chb06_24.edf
chb06,13s causal,0.6,6,192,50908,22,1,0,8,7,0.9763607771875874,2,2,100,14.202222222222222,9;4,7.0,1,510,1128,chb06_03.edf;chb06_12.edf;chb06_18.edf;chb06_24.edf
chb06,13s non-causal,0.45,9,184,50916,19,1,0,8,7,0.9807778864970645,2,2,80,14.202222222222222,6;1,3.0,1,510,1128,chb06_03.edf;chb06_12.edf;chb06_18.edf;chb06_24.edf
chb06,29s causal,0.55,3,164,50936,25,1,0,8,7,0.969245177523064,2,2,87,14.202222222222222,9;7,6.0,1,510,1128,chb06_03.edf;chb06_12.edf;chb06_18.edf;chb06_24.edf
chb06,29s non-causal,0.4,14,290,50810,14,2,0,8,6,0.9828124126362874,2,2,91,14.202222222222222,2;0,3.0,1,510,1128,chb06_03.edf;chb06_12.edf;chb06_18.edf;chb06_24.edf
chb06,61s causal,0.5,9,221,50879,19,2,0,8,6,0.9606059547106514,2,2,108,14.202222222222222,7;4,4.0,1,510,1128,chb06_03.edf;chb06_12.edf;chb06_18.edf;chb06_24.edf
chb06,61s non-causal,0.45,13,249,50851,15,1,0,8,7,0.9836483086385239,2,2,85,14.202222222222222,2;0,3.0,1,510,1128,chb06_03.edf;chb06_12.edf;chb06_18.edf;chb06_24.edf
chb06,125s causal,0.6,4,190,50910,24,1,0,8,7,0.9685574503774113,2,2,113,14.202222222222222,7;7,6.0,1,510,1128,chb06_03.edf;chb06_12.edf;chb06_18.edf;chb06_24.edf
chb06,125s non-causal,0.35,15,401,50699,13,3,0,8,5,0.9803697232317585,2,2,130,14.202222222222222,5;0,2.0,1,510,1128,chb06_03.edf;chb06_12.edf;chb06_18.edf;chb06_24.edf
chb06,none,0.85,5,18,43165,39,2,0,12,10,0.9489003458852704,3,2,17,12.0075,3;1,22.0,2,552,690,chb06_01.edf;chb06_05.edf;chb06_14.edf
chb06,13s causal avg,0.6,12,49,43134,32,6,6,6,6,0.8583928229332671,3,3,5,12.0075,10;10;12,,2,552,690,chb06_01.edf;chb06_05.edf;chb06_14.edf
chb06,13s non-causal avg,0.6,25,36,43147,19,1,0,12,11,0.9934364954222306,3,3,5,12.0075,4;4;6,,2,552,690,chb06_01.edf;chb06_05.edf;chb06_14.edf
chb06,29s causal avg,0.45,2,522,42661,42,2,3,9,10,0.7424965211478423,3,1,27,12.0075,13,,2,552,690,chb06_01.edf;chb06_05.edf;chb06_14.edf
chb06,29s non-causal avg,0.45,35,492,42691,9,9,7,5,3,0.9931212408923544,3,3,26,12.0075,1;0;8,,2,552,690,chb06_01.edf;chb06_05.edf;chb06_14.edf
chb06,61s causal avg,0.3,4,6465,36718,40,4,4,8,8,0.6501674691008457,3,2,36,12.0075,12;13,,2,552,690,chb06_01.edf;chb06_05.edf;chb06_14.edf
chb06,61s non-causal avg,0.45,0,346,42837,44,0,0,12,12,0.9448162471342889,3,0,12,12.0075,,,2,552,690,chb06_01.edf;chb06_05.edf;chb06_14.edf
chb06,125s causal avg,0.25,7,10866,32317,37,4,4,8,8,0.5690039009458688,3,2,43,12.0075,12;10,,2,552,690,chb06_01.edf;chb06_05.edf;chb06_14.edf
chb06,125s non-causal avg,0.4,0,1859,41324,44,0,0,12,12,0.8871078265226425,3,0,13,12.0075,,,2,552,690,chb06_01.edf;chb06_05.edf;chb06_14.edf
chb06,13s causal,0.7,9,3,43180,35,1,0,12,11,0.9517481626818635,3,3,3,12.0075,3;7;10,10.0,2,552,690,chb06_01.edf;chb06_05.edf;chb06_14.edf
chb06,13s non-causal,0.7,31,10,43173,13,5,0,12,7,0.9961093170081661,3,3,6,12.0075,1;1;6,12.0,2,552,690,chb06_01.edf;chb06_05.edf;chb06_14.edf
chb06,29s causal,0.7,13,3,43180,31,2,0,12,10,0.9571395940742674,3,3,3,12.0075,3;7;10,13.0,2,552,690,chb06_01.edf;chb06_05.edf;chb06_14.edf
chb06,29s non-causal,0.7,37,4,43179,7,7,0,12,5,0.9997321125948132,3,3,3,12.0075,1;1;4,19.0,2,552,690,chb06_01.edf;chb06_05.edf;chb06_14.edf
chb06,61s causal,0.65,18,8,43175,26,2,0,12,10,0.9562122510331297,3,3,6,12.0075,3;7;8,7.0,2,552,690,chb06_01.edf;chb06_05.edf;chb06_14.edf
chb06,61s non-causal,0.35,41,19,43164,3,9,2,10,3,0.9998147419123266,3,3,6,12.0075,0;1;2,20.0,2,552,690,chb06_01.edf;chb06_05.edf;chb06_14.edf
chb06,125s causal,0.65,23,11,43172,21,4,1,11,8,0.9545644013953303,3,3,5,12.0075,3;7;8,7.0,2,552,690,chb06_01.edf;chb06_05.edf;chb06_14.edf
chb06,125s non-causal,0.5,38,13,43170,6,7,2,10,5,0.9997963213638363,3,3,5,12.0075,1;1;2,13.0,2,552,690,chb06_01.edf;chb06_05.edf;chb06_14.edf
chb06,none,0.85,3,84,41937,37,0,0,8,8,0.8982062540158491,2,1,62,11.68361111111111,5,36.0,3,588,1026,chb06_04.edf;chb06_06.edf;chb06_15.edf
chb06,13s causal avg,0.6,9,50,41971,31,2,2,6,6,0.8863699102829538,2,1,13,11.68361111111111,11,,3,588,1026,chb06_04.edf;chb06_06.edf;chb06_15.edf
chb06,13s non-causal avg,0.6,11,48,41973,29,0,0,8,8,0.965063896623117,2,1,13,11.68361111111111,5,,3,588,1026,chb06_04.edf;chb06_06.edf;chb06_15.edf
chb06,29s causal avg,0.35,8,2324,39697,32,2,2,6,6,0.8183479688727064,2,1,59,11.68361111111111,12,,3,588,1026,chb06_04.edf;chb06_06.edf;chb06_15.edf
chb06,29s non-causal avg,0.4,20,998,41023,20,4,0,8,4,0.9499161133718854,2,1,43,11.68361111111111,0,,3,588,1026,chb06_04.edf;chb06_06.edf;chb06_15.edf
chb06,61s causal avg,0.2,15,6530,35491,25,2,2,6,6,0.7378090716546489,2,1,12,11.68361111111111,5,,3,588,1026,chb06_04.edf;chb06_06.edf;chb06_15.edf
chb06,61s non-causal avg,0.3,13,4611,37410,27,2,2,6,6,0.8691517336569811,2,1,30,11.68361111111111,0,,3,588,1026,chb06_04.edf;chb06_06.edf;chb06_15.edf
chb06,125s causal avg,0.15,15,7334,34687,25,2,2,6,6,0.6632308845577212,2,1,12,11.68361111111111,5,,3,588,1026,chb06_04.edf;chb06_06.edf;chb06_15.edf
chb06,125s non-causal avg,0.25,0,5909,36112,40,0,0,8,8,0.8433913995383262,2,0,4,11.68361111111111,,,3,588,1026,chb06_04.edf;chb06_06.edf;chb06_15.edf
chb06,13s causal,0.75,10,4,42017,30,0,0,8,8,0.936216415601723,2,2,4,11.68361111111111,16;5,16.0,3,588,1026,chb06_04.edf;chb06_06.edf;chb06_15.edf
chb06,13s non-causal,0.7,18,8,42013,22,0,0,8,8,0.978816544108898,2,2,4,11.68361111111111,13;3,16.0,3,588,1026,chb06_04.edf;chb06_06.edf;chb06_15.edf
chb06,29s causal,0.8,2,2,42019,38,0,0,8,8,0.9298886271150139,2,1,2,11.68361111111111,5,23.0,3,588,1026,chb06_04.edf;chb06_06.edf;chb06_15.edf
chb06,29s non-causal,0.75,14,4,42017,26,0,0,8,8,0.987904857095262,2,1,4,11.68361111111111,3,29.0,3,588,1026,chb06_04.edf;chb06_06.edf;chb06_15.edf
chb06,61s causal,0.85,0,0,42021,40,0,0,8,8,0.9267753028247782,2,0,0,11.68361111111111,,23.0,3,588,1026,chb06_04.edf;chb06_06.edf;chb06_15.edf
chb06,61s non-causal,0.75,14,8,42013,26,0,0,8,8,0.98279907665215,2,1,4,11.68361111111111,3,8.0,3,588,1026,chb06_04.edf;chb06_06.edf;chb06_15.edf
chb06,125s causal,0.85,1,0,42021,39,0,0,8,8,0.9319979891006878,2,1,0,11.68361111111111,5,14.0,3,588,1026,chb06_04.edf;chb06_06.edf;chb06_15.edf
chb06,125s non-causal,0.6,14,4,42017,26,0,0,8,8,0.9870398134266201,2,1,2,11.68361111111111,3,15.0,3,588,1026,chb06_04.edf;chb06_06.edf;chb06_15.edf
chb06,none,0.85,5,41,31776,8,0,0,4,4,0.9557783574818494,1,1,31,8.841666666666667,6,23.0,4,672,1260,chb06_07.edf;chb06_13.edf;chb06_16.edf
chb06,13s causal avg,0.55,5,23,31794,8,2,2,2,2,0.8911709028313359,1,1,3,8.841666666666667,8,,4,672,1260,chb06_07.edf;chb06_13.edf;chb06_16.edf
chb06,13s non-causal avg,0.6,10,11,31806,3,2,0,4,2,0.9996373491674745,1,1,1,8.841666666666667,3,,4,672,1260,chb06_07.edf;chb06_13.edf;chb06_16.edf
chb06,29s causal avg,0.4,1,62,31755,12,1,2,2,3,0.9136818488422978,1,1,3,8.841666666666667,12,,4,672,1260,chb06_07.edf;chb06_13.edf;chb06_16.edf
chb06,29s non-causal avg,0.5,4,21,31796,9,2,2,2,2,0.9991876621351431,1,1,1,8.841666666666667,9,,4,672,1260,chb06_07.edf;chb06_13.edf;chb06_16.edf
chb06,61s causal avg,0.35,0,83,31734,13,0,0,4,4,0.9239303613694663,1,0,3,8.841666666666667,,,4,672,1260,chb06_07.edf;chb06_13.edf;chb06_16.edf
chb06,61s non-causal avg,0.4,0,39,31778,13,0,0,4,4,0.9975122152888756,1,0,2,8.841666666666667,,,4,672,1260,chb06_07.edf;chb06_13.edf;chb06_16.edf
chb06,125s causal avg,0.25,0,356,31461,13,0,1,3,4,0.9088344160475412,1,0,6,8.841666666666667,,,4,672,1260,chb06_07.edf;chb06_13.edf;chb06_16.edf
chb06,125s non-causal avg,0.3,7,114,31703,6,2,2,2,2,0.9969537330067864,1,1,1,8.841666666666667,6,,4,672,1260,chb06_07.edf;chb06_13.edf;chb06_16.edf
chb06,13s causal,0.7,6,11,31806,7,1,0,4,3,0.9595160787290782,1,1,4,8.841666666666667,6,7.0,4,672,1260,chb06_07.edf;chb06_13.edf;chb06_16.edf
chb06,13s non-causal,0.75,10,12,31805,3,1,0,4,3,0.9995817427064874,1,1,2,8.841666666666667,2,13.0,4,672,1260,chb06_07.edf;chb06_13.edf;chb06_16.edf
chb06,29s causal,0.7,6,14,31803,7,1,0,4,3,0.9691505025131704,1,1,6,8.841666666666667,6,7.0,4,672,1260,chb06_07.edf;chb06_13.edf;chb06_16.edf
chb06,29s non-causal,0.65,11,12,31805,2,2,0,4,2,0.9996832849395945,1,1,2,8.841666666666667,1,7.0,4,672,1260,chb06_07.edf;chb06_13.edf;chb06_16.edf
chb06,61s causal,0.7,6,12,31805,7,1,0,4,3,0.9582153710764203,1,1,3,8.841666666666667,6,4.0,4,672,1260,chb06_07.edf;chb06_13.edf;chb06_16.edf
chb06,61s non-causal,0.65,11,13,31804,2,2,0,4,2,0.999705043989546,1,1,1,8.841666666666667,1,5.0,4,672,1260,chb06_07.edf;chb06_13.edf;chb06_16.edf
chb06,125s causal,0.7,8,13,31804,5,2,0,4,2,0.9746579598231231,1,1,4,8.841666666666667,5,5.0,4,672,1260,chb06_07.edf;chb06_13.edf;chb06_16.edf
chb06,125s non-causal,0.6,11,12,31805,2,2,0,4,2,0.9996832849395945,1,1,1,8.841666666666667,1,10.0,4,672,1260,chb06_07.edf;chb06_13.edf;chb06_16.edf
chb07,none,0.85,59,301,88344,27,3,0,4,1,0.9935303739635625,1,1,185,24.6475,1,19.0,0,1248,336,chb07_01.edf;chb07_04.edf;chb07_07.edf;chb07_10.edf;chb07_12.edf;chb07_15.edf;chb07_18.edf
chb07,13s causal avg,0.75,71,4,88641,15,2,1,3,2,0.9980350155506613,1,1,2,24.6475,15,,0,1248,336,chb07_01.edf;chb07_04.edf;chb07_07.edf;chb07_10.edf;chb07_12.edf;chb07_15.edf;chb07_18.edf
chb07,13s non-causal avg,0.65,77,26,88619,9,0,0,4,4,0.9996540945265082,1,1,5,24.6475,6,,0,1248,336,chb07_01.edf;chb07_04.edf;chb07_07.edf;chb07_10.edf;chb07_12.edf;chb07_15.edf;chb07_18.edf
chb07,29s causal avg,0.7,61,4,88641,25,2,2,2,2,0.9938417807114084,1,1,0,24.6475,25,,0,1248,336,chb07_01.edf;chb07_04.edf;chb07_07.edf;chb07_10.edf;chb07_12.edf;chb07_15.edf;chb07_18.edf
chb07,29s non-causal avg,0.65,70,0,88645,16,0,0,4,4,0.9998974220400946,1,1,0,24.6475,9,,0,1248,336,chb07_01.edf;chb07_04.edf;chb07_07.edf;chb07_10.edf;chb07_12.edf;chb07_15.edf;chb07_18.edf
chb07,61s causal avg,0.8,28,3,88642,58,2,2,2,2,0.9847435616589296,1,1,0,24.6475,58,,0,1248,336,chb07_01.edf;chb07_04.edf;chb07_07.edf;chb07_10.edf;chb07_12.edf;chb07_15.edf;chb07_18.edf
chb07,61s non-causal avg,0.65,58,0,88645,28,0,0,4,4,0.9999173604670839,1,1,0,24.6475,14,,0,1248,336,chb07_01.edf;chb07_04.edf;chb07_07.edf;chb07_10.edf;chb07_12.edf;chb07_15.edf;chb07_18.edf
chb07,125s causal avg,0.85,0,0,88645,86,0,0,4,4,0.9787617712144208,1,0,0,24.6475,,,0,1248,336,chb07_01.edf;chb07_04.edf;chb07_07.edf;chb07_10.edf;chb07_12.edf;chb07_15.edf;chb07_18.edf
chb07,125s non-causal avg,0.65,0,0,88645,86,0,0,4,4,0.9999525150620387,1,0,0,24.6475,,,0,1248,336,chb07_01.edf;chb07_04.edf;chb07_07.edf;chb07_10.edf;chb07_12.edf;chb07_15.edf;chb07_18.edf
chb07,13s causal,0.5,76,40,88605,10,2,1,3,2,0.998506716757592,1,1,13,24.6475,10,9.0,0,1248,336,chb07_01.edf;chb07_04.edf;chb07_07.edf;chb07_10.edf;chb07_12.edf;chb07_15.edf;chb07_18.edf
chb07,13s non-causal,0.4,80,126,88519,6,2,0,4,2,0.9994063071016217,1,1,41,24.6475,6,3.0,0,1248,336,chb07_01.edf;chb07_04.edf;chb07_07.edf;chb07_10.edf;chb07_12.edf;chb07_15.edf;chb07_18.edf
chb07,29s causal,0.45,74,26,88619,12,2,1,3,2,0.9977368573628544,1,1,9,24.6475,11,4.0,0,1248,336,chb07_01.edf;chb07_04.edf;chb07_07.edf;chb07_10.edf;chb07_12.edf;chb07_15.edf;chb07_18.edf
chb07,29s non-causal,0.45,76,39,88606,10,0,0,4,4,0.9996937090327632,1,1,12,24.6475,7,5.0,0,1248,336,chb07_01.edf;chb07_04.edf;chb07_07.edf;chb07_10.edf;chb07_12.edf;chb07_15.edf;chb07_18.edf
chb07,61s causal,0.5,76,42,88603,10,2,1,3,2,0.9987850676922714,1,1,12,24.6475,10,8.0,0,1248,336,chb07_01.edf;chb07_04.edf;chb07_07.edf;chb07_10.edf;chb07_12.edf;chb07_15.edf;chb07_18.edf
chb07,61s non-causal,0.4,76,26,88619,10,0,0,4,4,0.999750769662634,1,1,10,24.6475,7,3.0,0,1248,336,chb07_01.edf;chb07_04.edf;chb07_07.edf;chb07_10.edf;chb07_12.edf;chb07_15.edf;chb07_18.edf
chb07,125s causal,0.5,68,1,88644,18,2,1,3,2,0.9973456969070514,1,1,0,24.6475,15,3.0,0,1248,336,chb07_01.edf;chb07_04.edf;chb07_07.edf;chb07_10.edf;chb07_12.edf;chb07_15.edf;chb07_18.edf
chb07,125s non-causal,0.45,77,20,88625,9,0,0,4,4,0.9998588569247338,1,1,6,24.6475,6,4.0,0,1248,336,chb07_01.edf;chb07_04.edf;chb07_07.edf;chb07_10.edf;chb07_12.edf;chb07_15.edf;chb07_18.edf
chb07,none,0.65,28,839,74791,68,2,1,3,2,0.8977716349332276,1,1,597,21.035,13,7.0,1,702,264,chb07_02.edf;chb07_05.edf;chb07_08.edf;chb07_11.edf;chb07_13.edf;chb07_16.edf
chb07,13s causal avg,0.5,65,2372,73258,31,2,2,2,2,0.9458680417823615,1,1,239,21.035,13,,1,702,264,chb07_02.edf;chb07_05.edf;chb07_08.edf;chb07_11.edf;chb07_13.edf;chb07_16.edf
chb07,13s non-causal avg,0.55,60,143,75487,36,2,2,2,2,0.9582169498435364,1,1,6,21.035,11,,1,702,264,chb07_02.edf;chb07_05.edf;chb07_08.edf;chb07_11.edf;chb07_13.edf;chb07_16.edf
chb07,29s causal avg,0.5,60,1260,74370,36,2,2,2,2,0.9481327680814492,1,1,98,21.035,20,,1,702,264,chb07_02.edf;chb07_05.edf;chb07_08.edf;chb07_11.edf;chb07_13.edf;chb07_16.edf
chb07,29s non-causal avg,0.5,74,1246,74384,22,2,2,2,2,0.9749673575300808,1,1,98,21.035,6,,1,702,264,chb07_02.edf;chb07_05.edf;chb07_08.edf;chb07_11.edf;chb07_13.edf;chb07_16.edf
chb07,61s causal avg,0.5,62,705,74925,34,2,2,2,2,0.9359335746396933,1,1,33,21.035,34,,1,702,264,chb07_02.edf;chb07_05.edf;chb07_08.edf;chb07_11.edf;chb07_13.edf;chb07_16.edf
chb07,61s non-causal avg,0.5,92,675,74955,4,2,2,2,2,0.996005222795187,1,1,33,21.035,4,,1,702,264,chb07_02.edf;chb07_05.edf;chb07_08.edf;chb07_11.edf;chb07_13.edf;chb07_16.edf
chb07,125s causal avg,0.45,27,9560,66070,69,2,2,2,2,0.8465494016924501,1,1,3,21.035,69,,1,702,264,chb07_02.edf;chb07_05.edf;chb07_08.edf;chb07_11.edf;chb07_13.edf;chb07_16.edf
chb07,125s non-causal avg,0.5,66,244,75386,30,2,2,2,2,0.9680842037991978,1,1,8,21.035,30,,1,702,264,chb07_02.edf;chb07_05.edf;chb07_08.edf;chb07_11.edf;chb07_13.edf;chb07_16.edf
chb07,13s causal,0.35,56,730,74900,40,2,2,2,2,0.9443912799153775,1,1,244,21.035,15,6.0,1,702,264,chb07_02.edf;chb07_05.edf;chb07_08.edf;chb07_11.edf;chb07_13.edf;chb07_16.edf
chb07,13s non-causal,0.35,44,338,75292,52,2,1,3,2,0.9286209727180572,1,1,195,21.035,13,3.0,1,702,264,chb07_02.edf;chb07_05.edf;chb07_08.edf;chb07_11.edf;chb07_13.edf;chb07_16.edf
chb07,29s causal,0.35,57,882,74748,39,2,2,2,2,0.9442195281854643,1,1,230,21.035,15,9.0,1,702,264,chb07_02.edf;chb07_05.edf;chb07_08.edf;chb07_11.edf;chb07_13.edf;chb07_16.edf
chb07,29s non-causal,0.3,52,594,75036,44,2,2,2,2,0.9395185304552867,1,1,296,21.035,13,3.0,1,702,264,chb07_02.edf;chb07_05.edf;chb07_08.edf;chb07_11.edf;chb07_13.edf;chb07_16.edf
chb07,61s causal,0.4,58,602,75028,38,2,2,2,2,0.9493332396756137,1,1,138,21.035,15,9.0,1,702,264,chb07_02.edf;chb07_05.edf;chb07_08.edf;chb07_11.edf;chb07_13.edf;chb07_16.edf
chb07,61s non-causal,0.3,64,789,74841,32,2,2,2,2,0.9664519425712901,1,1,204,21.035,6,7.0,1,702,264,chb07_02.edf;chb07_05.edf;chb07_08.edf;chb07_11.edf;chb07_13.edf;chb07_16.edf
chb07,125s causal,0.4,57,219,75411,39,2,2,2,2,0.9651765448014457,1,1,52,21.035,15,5.0,1,702,264,chb07_02.edf;chb07_05.edf;chb07_08.edf;chb07_11.edf;chb07_13.edf;chb07_16.edf
chb07,125s non-causal,0.35,61,350,75280,35,2,2,2,2,0.9749480750583983,1,1,133,21.035,10,4.0,1,702,264,chb07_02.edf;chb07_05.edf;chb07_08.edf;chb07_11.edf;chb07_13.edf;chb07_16.edf
chb07,none,0.8,9,303,76485,134,1,0,4,3,0.8487142513162205,1,1,236,21.369722222222222,2,15.0,2,606,252,chb07_03.edf;chb07_06.edf;chb07_09.edf;chb07_14.edf;chb07_17.edf;chb07_19.edf
chb07,13s causal avg,0.65,12,13,76775,131,0,0,4,4,0.9483501665287881,1,1,3,21.369722222222222,81,,2,606,252,chb07_03.edf;chb07_06.edf;chb07_09.edf;chb07_14.edf;chb07_17.edf;chb07_19.edf
chb07,13s non-causal avg,0.65,12,13,76775,131,0,0,4,4,0.9513609990051621,1,1,3,21.369722222222222,75,,2,606,252,chb07_03.edf;chb07_06.edf;chb07_09.edf;chb07_14.edf;chb07_17.edf;chb07_19.edf
chb07,29s causal avg,0.6,5,17,76771,138,0,0,4,4,0.9695733890529953,1,1,2,21.369722222222222,97,,2,606,252,chb07_03.edf;chb07_06.edf;chb07_09.edf;chb07_14.edf;chb07_17.edf;chb07_19.edf
chb07,29s non-causal avg,0.6,5,16,76772,138,0,0,4,4,0.9751255932690532,1,1,1,21.369722222222222,83,,2,606,252,chb07_03.edf;chb07_06.edf;chb07_09.edf;chb07_14.edf;chb07_17.edf;chb07_19.edf
chb07,61s causal avg,0.6,0,1,76787,143,0,0,4,4,0.9287529811439799,1,0,1,21.369722222222222,,,2,606,252,chb07_03.edf;chb07_06.edf;chb07_09.edf;chb07_14.edf;chb07_17.edf;chb07_19.edf
chb07,61s non-causal avg,0.6,0,0,76788,143,0,0,4,4,0.9903895786455561,1,0,0,21.369722222222222,,,2,606,252,chb07_03.edf;chb07_06.edf;chb07_09.edf;chb07_14.edf;chb07_17.edf;chb07_19.edf
chb07,125s causal avg,0.45,25,312,76476,118,1,2,2,3,0.8493775524366243,1,1,3,21.369722222222222,112,,2,606,252,chb07_03.edf;chb07_06.edf;chb07_09.edf;chb07_14.edf;chb07_17.edf;chb07_19.edf
chb07,125s non-causal avg,0.55,0,19,76769,143,0,0,4,4,0.9821011150125073,1,0,1,21.369722222222222,,,2,606,252,chb07_03.edf;chb07_06.edf;chb07_09.edf;chb07_14.edf;chb07_17.edf;chb07_19.edf
chb07,13s causal,0.45,21,62,76726,122,0,0,4,4,0.9339014764471867,1,1,20,21.369722222222222,13,7.0,2,606,252,chb07_03.edf;chb07_06.edf;chb07_09.edf;chb07_14.edf;chb07_17.edf;chb07_19.edf
chb07,13s non-causal,0.45,15,49,76739,128,0,0,4,4,0.9177654142492399,1,1,26,21.369722222222222,5,6.0,2,606,252,chb07_03.edf;chb07_06.edf;chb07_09.edf;chb07_14.edf;chb07_17.edf;chb07_19.edf
chb07,29s causal,0.55,9,18,76770,134,0,0,4,4,0.9516013301175046,1,1,7,21.369722222222222,81,7.0,2,606,252,chb07_03.edf;chb07_06.edf;chb07_09.edf;chb07_14.edf;chb07_17.edf;chb07_19.edf
chb07,29s non-causal,0.45,19,69,76719,124,0,0,4,4,0.9314789497630567,1,1,29,21.369722222222222,5,6.0,2,606,252,chb07_03.edf;chb07_06.edf;chb07_09.edf;chb07_14.edf;chb07_17.edf;chb07_19.edf
chb07,61s causal,0.5,14,40,76748,129,0,0,4,4,0.9477198779238161,1,1,15,21.369722222222222,79,5.0,2,606,252,chb07_03.edf;chb07_06.edf;chb07_09.edf;chb07_14.edf;chb07_17.edf;chb07_19.edf
chb07,61s non-causal,0.4,19,103,76685,124,0,0,4,4,0.9371177606058055,1,1,23,21.369722222222222,74,4.0,2,606,252,chb07_03.edf;chb07_06.edf;chb07_09.edf;chb07_14.edf;chb07_17.edf;chb07_19.edf
chb07,125s causal,0.45,10,56,76732,133,0,0,4,4,0.9320076964240115,1,1,13,21.369722222222222,81,4.0,2,606,252,chb07_03.edf;chb07_06.edf;chb07_09.edf;chb07_14.edf;chb07_17.edf;chb07_19.edf
chb07,125s non-causal,0.4,17,131,76657,126,0,0,4,4,0.9283772304166116,1,1,23,21.369722222222222,5,4.0,2,606,252,chb07_03.edf;chb07_06.edf;chb07_09.edf;chb07_14.edf;chb07_17.edf;chb07_19.edf
chb08,none,0.8,97,124,14105,74,0,0,4,4,0.9668126908270275,1,1,73,4.0,5,17.0,0,4386,1086,chb08_02.edf;chb08_03.edf;chb08_15.edf;chb08_20.edf
chb08,13s causal avg,0.55,163,309,13920,8,2,2,2,2,0.99334979752659,1,1,25,4.0,8,,0,4386,1086,chb08_02.edf;chb08_03.edf;chb08_15.edf;chb08_20.edf
chb08,13s non-causal avg,0.55,169,297,13932,2,2,2,2,2,0.9989495137802339,1,1,25,4.0,2,,0,4386,1086,chb08_02.edf;chb08_03.edf;chb08_15.edf;chb08_20.edf
chb08,29s causal avg,0.4,168,2047,12182,3,2,2,2,2,0.9931529341074711,1,1,51,4.0,3,,0,4386,1086,chb08_02.edf;chb08_03.edf;chb08_15.edf;chb08_20.edf
chb08,29s non-causal avg,0.5,171,401,13828,0,4,4,0,0,0.9993794075931741,1,1,14,4.0,0,,0,4386,1086,chb08_02.edf;chb08_03.edf;chb08_15.edf;chb08_20.edf
chb08,61s causal avg,0.3,171,6094,8135,0,4,4,0,0,0.9731846541882383,1,1,41,4.0,0,,0,4386,1086,chb08_02.edf;chb08_03.edf;chb08_15.edf;chb08_20.edf
chb08,61s non-causal avg,0.45,171,709,13520,0,4,4,0,0,0.999338308758285,1,1,17,4.0,0,,0,4386,1086,chb08_02.edf;chb08_03.edf;chb08_15.edf;chb08_20.edf
chb08,125s causal avg,0.2,171,12985,1244,0,4,4,0,0,0.9541665793316425,1,1,13,4.0,0,,0,4386,1086,chb08_02.edf;chb08_03.edf;chb08_15.edf;chb08_20.edf
chb08,125s non-causal avg,0.5,171,167,14062,0,4,4,0,0,0.9987464855358815,1,1,1,4.0,0,,0,4386,1086,chb08_02.edf;chb08_03.edf;chb08_15.edf;chb08_20.edf
chb08,13s causal,0.55,160,181,14048,11,2,2,2,2,0.9972266506216816,1,1,24,4.0,5,13.0,0,4386,1086,chb08_02.edf;chb08_03.edf;chb08_15.edf;chb08_20.edf
chb08,13s non-causal,0.55,163,118,14111,8,3,2,2,1,0.9974744765960629,1,1,12,4.0,1,28.0,0,4386,1086,chb08_02.edf;chb08_03.edf;chb08_15.edf;chb08_20.edf
chb08,29s causal,0.6,163,137,14092,8,2,2,2,2,0.9974066635184959,1,1,11,4.0,5,16.0,0,4386,1086,chb08_02.edf;chb08_03.edf;chb08_15.edf;chb08_20.edf
chb08,29s non-causal,0.5,171,159,14070,0,4,4,0,0,0.9994866755522347,1,1,8,4.0,0,16.0,0,4386,1086,chb08_02.edf;chb08_03.edf;chb08_15.edf;chb08_20.edf
chb08,61s causal,0.6,165,135,14094,6,2,2,2,2,0.9971654133576967,1,1,11,4.0,5,11.0,0,4386,1086,chb08_02.edf;chb08_03.edf;chb08_15.edf;chb08_20.edf
chb08,61s non-causal,0.4,170,226,14003,1,4,3,1,0,0.9994143416028299,1,1,20,4.0,0,6.0,0,4386,1086,chb08_02.edf;chb08_03.edf;chb08_15.edf;chb08_20.edf
chb08,125s causal,0.7,155,32,14197,16,2,2,2,2,0.9968115523893013,1,1,5,4.0,5,27.0,0,4386,1086,chb08_02.edf;chb08_03.edf;chb08_15.edf;chb08_20.edf
chb08,125s non-causal,0.4,171,135,14094,0,4,4,0,0,0.999728336701383,1,1,3,4.0,0,6.0,0,4386,1086,chb08_02.edf;chb08_03.edf;chb08_15.edf;chb08_20.edf
chb08,none,0.85,71,59,14151,119,0,0,4,4,0.9414970924849069,1,1,36,4.0,5,29.0,1,3642,1002,chb08_04.edf;chb08_05.edf;chb08_16.edf;chb08_22.edf
chb08,13s causal avg,0.65,138,124,14086,52,0,0,4,4,0.983235675395385,1,1,11,4.0,12,,1,3642,1002,chb08_04.edf;chb08_05.edf;chb08_16.edf;chb08_22.edf
chb08,13s non-causal avg,0.65,138,125,14085,52,0,0,4,4,0.9899407385458722,1,1,11,4.0,6,,1,3642,1002,chb08_04.edf;chb08_05.edf;chb08_16.edf;chb08_22.edf
chb08,29s causal avg,0.75,77,0,14210,113,0,0,4,4,0.9738538464387569,1,1,0,4.0,30,,1,3642,1002,chb08_04.edf;chb08_05.edf;chb08_16.edf;chb08_22.edf
chb08,29s non-causal avg,0.65,138,90,14120,52,0,0,4,4,0.9917048779584429,1,1,5,4.0,10,,1,3642,1002,chb08_04.edf;chb08_05.edf;chb08_16.edf;chb08_22.edf
chb08,61s causal avg,0.75,75,0,14210,115,0,0,4,4,0.975071669321086,1,1,0,4.0,63,,1,3642,1002,chb08_04.edf;chb08_05.edf;chb08_16.edf;chb08_22.edf
chb08,61s non-causal avg,0.65,123,24,14186,67,0,0,4,4,0.9905522426756547,1,1,3,4.0,21,,1,3642,1002,chb08_04.edf;chb08_05.edf;chb08_16.edf;chb08_22.edf
chb08,125s causal avg,0.4,138,455,13755,52,2,2,2,2,0.9352542686766177,1,1,3,4.0,52,,1,3642,1002,chb08_04.edf;chb08_05.edf;chb08_16.edf;chb08_22.edf
chb08,125s non-causal avg,0.7,67,0,14210,123,0,0,4,4,0.9869713693099744,1,1,0,4.0,51,,1,3642,1002,chb08_04.edf;chb08_05.edf;chb08_16.edf;chb08_22.edf
chb08,13s causal,0.55,119,31,14179,71,0,0,4,4,0.9798522167487684,1,1,4,4.0,8,15.0,1,3642,1002,chb08_04.edf;chb08_05.edf;chb08_16.edf;chb08_22.edf
chb08,13s non-causal,0.6,122,7,14203,68,0,0,4,4,0.9886051335234638,1,1,1,4.0,5,14.0,1,3642,1002,chb08_04.edf;chb08_05.edf;chb08_16.edf;chb08_22.edf
chb08,29s causal,0.55,126,298,13912,64,0,0,4,4,0.9628230675210192,1,1,3,4.0,6,19.0,1,3642,1002,chb08_04.edf;chb08_05.edf;chb08_16.edf;chb08_22.edf
chb08,29s non-causal,0.65,142,5,14205,48,0,0,4,4,0.9900348161043002,1,1,1,4.0,4,19.0,1,3642,1002,chb08_04.edf;chb08_05.edf;chb08_16.edf;chb08_22.edf
chb08,61s causal,0.65,125,12,14198,65,0,0,4,4,0.9453483462350457,1,1,3,4.0,6,24.0,1,3642,1002,chb08_04.edf;chb08_05.edf;chb08_16.edf;chb08_22.edf
chb08,61s non-causal,0.5,143,0,14210,47,1,0,4,3,0.9893247898070299,1,1,0,4.0,0,22.0,1,3642,1002,chb08_04.edf;chb08_05.edf;chb08_16.edf;chb08_22.edf
chb08,125s causal,0.55,126,7,14203,64,0,0,4,4,0.9576599133301232,1,1,2,4.0,6,28.0,1,3642,1002,chb08_04.edf;chb08_05.edf;chb08_16.edf;chb08_22.edf
chb08,125s non-causal,0.5,140,0,14210,50,0,0,4,4,0.9883484573502722,1,1,0,4.0,3,19.0,1,3642,1002,chb08_04.edf;chb08_05.edf;chb08_16.edf;chb08_22.edf
chb08,none,0.8,93,45,14221,41,0,0,4,4,0.9788893747999103,1,1,28,4.0,9,29.0,2,4608,954,chb08_10.edf;chb08_11.edf;chb08_17.edf;chb08_23.edf
chb08,13s causal avg,0.55,120,54,14212,14,2,2,2,2,0.9707173511386011,1,1,4,4.0,14,,2,4608,954,chb08_10.edf;chb08_11.edf;chb08_17.edf;chb08_23.edf
chb08,13s non-causal avg,0.65,120,17,14249,14,0,0,4,4,0.9954029097467939,1,1,3,4.0,10,,2,4608,954,chb08_10.edf;chb08_11.edf;chb08_17.edf;chb08_23.edf
chb08,29s causal avg,0.4,117,205,14061,17,2,2,2,2,0.966251561483205,1,1,6,4.0,17,,2,4608,954,chb08_10.edf;chb08_11.edf;chb08_17.edf;chb08_23.edf
chb08,29s non-causal avg,0.5,127,104,14162,7,2,2,2,2,0.9988800215939788,1,1,0,4.0,7,,2,4608,954,chb08_10.edf;chb08_11.edf;chb08_17.edf;chb08_23.edf
chb08,61s causal avg,0.25,119,2019,12247,15,2,2,2,2,0.939899374569742,1,1,22,4.0,15,,2,4608,954,chb08_10.edf;chb08_11.edf;chb08_17.edf;chb08_23.edf
chb08,61s non-causal avg,0.45,131,119,14147,3,2,2,2,2,0.9991033895432413,1,1,0,4.0,3,,2,4608,954,chb08_10.edf;chb08_11.edf;chb08_17.edf;chb08_23.edf
chb08,125s causal avg,0.15,134,9691,4575,0,4,4,0,0,0.9169139233037114,1,1,22,4.0,0,,2,4608,954,chb08_10.edf;chb08_11.edf;chb08_17.edf;chb08_23.edf
chb08,125s non-causal avg,0.5,126,90,14176,8,2,2,2,2,0.9987497672160716,1,1,0,4.0,8,,2,4608,954,chb08_10.edf;chb08_11.edf;chb08_17.edf;chb08_23.edf
chb08,13s causal,0.45,122,32,14234,12,2,1,3,2,0.9821038854514753,1,1,3,4.0,12,8.0,2,4608,954,chb08_10.edf;chb08_11.edf;chb08_17.edf;chb08_23.edf
chb08,13s non-causal,0.65,114,8,14258,20,0,0,4,4,0.9909250885625148,1,1,1,4.0,10,2.0,2,4608,954,chb08_10.edf;chb08_11.edf;chb08_17.edf;chb08_23.edf
chb08,29s causal,0.3,125,47,14219,9,2,2,2,2,0.9891214054499687,1,1,2,4.0,9,12.0,2,4608,954,chb08_10.edf;chb08_11.edf;chb08_17.edf;chb08_23.edf
chb08,29s non-causal,0.5,103,6,14260,31,0,0,4,4,0.9886699615618807,1,1,1,4.0,10,2.0,2,4608,954,chb08_10.edf;chb08_11.edf;chb08_17.edf;chb08_23.edf
chb08,61s causal,0.5,125,4,14262,9,2,1,3,2,0.9947987177528871,1,1,2,4.0,9,21.0,2,4608,954,chb08_10.edf;chb08_11.edf;chb08_17.edf;chb08_23.edf
chb08,61s non-causal,0.4,124,58,14208,10,1,1,3,3,0.9939078615055942,1,1,3,4.0,9,1.0,2,4608,954,chb08_10.edf;chb08_11.edf;chb08_17.edf;chb08_23.edf
chb08,125s causal,0.35,125,15,14251,9,2,2,2,2,0.9960630745055041,1,1,2,4.0,9,34.0,2,4608,954,chb08_10.edf;chb08_11.edf;chb08_17.edf;chb08_23.edf
chb08,125s non-causal,0.25,125,44,14222,9,1,1,3,3,0.9980283985930435,1,1,1,4.0,8,3.0,2,4608,954,chb08_10.edf;chb08_11.edf;chb08_17.edf;chb08_23.edf
chb08,none,0.75,95,50,14190,65,0,1,3,4,0.9808282127808988,1,1,32,4.0,5,39.0,3,3642,756,chb08_12.edf;chb08_13.edf;chb08_18.edf;chb08_24.edf
chb08,13s causal avg,0.6,140,3,14237,20,0,0,4,4,0.9991432584269663,1,1,2,4.0,11,,3,3642,756,chb08_12.edf;chb08_13.edf;chb08_18.edf;chb08_24.edf
chb08,13s non-causal avg,0.6,140,3,14237,20,0,0,4,4,0.999771330758427,1,1,2,4.0,5,,3,3642,756,chb08_12.edf;chb08_13.edf;chb08_18.edf;chb08_24.edf
chb08,29s causal avg,0.65,116,0,14240,44,0,0,4,4,0.9973955407303371,1,1,0,4.0,24,,3,3642,756,chb08_12.edf;chb08_13.edf;chb08_18.edf;chb08_24.edf
chb08,29s non-causal avg,0.6,146,0,14240,14,0,0,4,4,0.9999468925561796,1,1,0,4.0,8,,3,3642,756,chb08_12.edf;chb08_13.edf;chb08_18.edf;chb08_24.edf
chb08,61s causal avg,0.65,106,0,14240,54,2,0,4,2,0.9943082865168539,1,1,0,4.0,54,,3,3642,756,chb08_12.edf;chb08_13.edf;chb08_18.edf;chb08_24.edf
chb08,61s non-causal avg,0.6,132,0,14240,28,0,0,4,4,0.9998463834269663,1,1,0,4.0,16,,3,3642,756,chb08_12.edf;chb08_13.edf;chb08_18.edf;chb08_24.edf
chb08,125s causal avg,0.25,138,417,13823,22,2,2,2,2,0.9803511235955056,1,1,4,4.0,22,,3,3642,756,chb08_12.edf;chb08_13.edf;chb08_18.edf;chb08_24.edf
chb08,125s non-causal avg,0.55,142,3,14237,18,2,2,2,2,0.9998077598314608,1,1,0,4.0,18,,3,3642,756,chb08_12.edf;chb08_13.edf;chb08_18.edf;chb08_24.edf
chb08,13s causal,0.55,124,8,14232,36,0,0,4,4,0.9985538096910113,1,1,3,4.0,9,26.0,3,3642,756,chb08_12.edf;chb08_13.edf;chb08_18.edf;chb08_24.edf
chb08,13s non-causal,0.6,130,15,14225,30,0,0,4,4,0.9991551088483146,1,1,5,4.0,5,5.0,3,3642,756,chb08_12.edf;chb08_13.edf;chb08_18.edf;chb08_24.edf
chb08,29s causal,0.5,127,8,14232,33,0,0,4,4,0.9989813026685394,1,1,3,4.0,5,45.0,3,3642,756,chb08_12.edf;chb08_13.edf;chb08_18.edf;chb08_24.edf
chb08,29s non-causal,0.5,139,3,14237,21,0,0,4,4,0.9997586025280899,1,1,1,4.0,4,10.0,3,3642,756,chb08_12.edf;chb08_13.edf;chb08_18.edf;chb08_24.edf
chb08,61s causal,0.4,140,16,14224,20,0,0,4,4,0.9993289150280898,1,1,5,4.0,5,49.0,3,3642,756,chb08_12.edf;chb08_13.edf;chb08_18.edf;chb08_24.edf
chb08,61s non-causal,0.6,139,0,14240,21,0,0,4,4,0.9999069522471911,1,1,0,4.0,4,8.0,3,3642,756,chb08_12.edf;chb08_13.edf;chb08_18.edf;chb08_24.edf
chb08,125s causal,0.55,129,13,14227,31,0,0,4,4,0.9987460498595506,1,1,2,4.0,5,45.0,3,3642,756,chb08_12.edf;chb08_13.edf;chb08_18.edf;chb08_24.edf
chb08,125s non-causal,0.55,145,0,14240,15,0,0,4,4,0.9999429424157302,1,1,0,4.0,3,9.0,3,3642,756,chb08_12.edf;chb08_13.edf;chb08_18.edf;chb08_24.edf
chb08,none,0.8,99,90,14069,165,0,0,4,4,0.9356721391469608,1,1,49,4.006388888888889,7,29.0,4,3198,942,chb08_14.edf;chb08_19.edf;chb08_21.edf;chb08_29.edf
chb08,13s causal avg,0.65,122,9,14150,142,0,0,4,4,0.990516257996306,1,1,2,4.006388888888889,16,,4,3198,942,chb08_14.edf;chb08_19.edf;chb08_21.edf;chb08_29.edf
chb08,13s non-causal avg,0.65,122,9,14150,142,0,0,4,4,0.9918726069937315,1,1,2,4.006388888888889,10,,4,3198,942,chb08_14.edf;chb08_19.edf;chb08_21.edf;chb08_29.edf
chb08,29s causal avg,0.7,90,0,14159,174,0,0,4,4,0.9943121625178973,1,1,0,4.006388888888889,29,,4,3198,942,chb08_14.edf;chb08_19.edf;chb08_21.edf;chb08_29.edf
chb08,29s non-causal avg,0.65,119,0,14159,145,0,0,4,4,0.9977161437098578,1,1,0,4.006388888888889,13,,4,3198,942,chb08_14.edf;chb08_19.edf;chb08_21.edf;chb08_29.edf
chb08,61s causal avg,0.7,68,0,14159,196,0,0,4,4,0.9926746453160749,1,1,0,4.006388888888889,72,,4,3198,942,chb08_14.edf;chb08_19.edf;chb08_21.edf;chb08_29.edf
chb08,61s non-causal avg,0.65,136,0,14159,128,0,0,4,4,0.9992530717158162,1,1,0,4.006388888888889,28,,4,3198,942,chb08_14.edf;chb08_19.edf;chb08_21.edf;chb08_29.edf
chb08,125s causal avg,0.25,233,463,13696,31,2,2,2,2,0.9746761348922518,1,1,1,4.006388888888889,31,,4,3198,942,chb08_14.edf;chb08_19.edf;chb08_21.edf;chb08_29.edf
chb08,125s non-causal avg,0.65,99,0,14159,165,0,0,4,4,0.9998327972143214,1,1,0,4.006388888888889,52,,4,3198,942,chb08_14.edf;chb08_19.edf;chb08_21.edf;chb08_29.edf
chb08,13s causal,0.55,124,16,14143,140,0,0,4,4,0.9834990914869438,1,1,3,4.006388888888889,15,2.0,4,3198,942,chb08_14.edf;chb08_19.edf;chb08_21.edf;chb08_29.edf
chb08,13s non-causal,0.5,133,22,14137,131,0,0,4,4,0.9790496247166915,1,1,3,4.006388888888889,12,2.0,4,3198,942,chb08_14.edf;chb08_19.edf;chb08_21.edf;chb08_29.edf
chb08,29s causal,0.55,112,13,14146,152,0,0,4,4,0.985587654923413,1,1,2,4.006388888888889,15,4.0,4,3198,942,chb08_14.edf;chb08_19.edf;chb08_21.edf;chb08_29.edf
chb08,29s non-causal,0.55,129,14,14145,135,0,0,4,4,0.9895737693339925,1,1,2,4.006388888888889,12,2.0,4,3198,942,chb08_14.edf;chb08_19.edf;chb08_21.edf;chb08_29.edf
chb08,61s causal,0.7,101,6,14153,163,0,0,4,4,0.9720086485306488,1,1,2,4.006388888888889,17,4.0,4,3198,942,chb08_14.edf;chb08_19.edf;chb08_21.edf;chb08_29.edf
chb08,61s non-causal,0.55,131,5,14154,133,0,0,4,4,0.9951794768077697,1,1,1,4.006388888888889,12,1.0,4,3198,942,chb08_14.edf;chb08_19.edf;chb08_21.edf;chb08_29.edf
chb08,125s causal,0.65,91,7,14152,173,0,0,4,4,0.9537575950193367,1,1,2,4.006388888888889,15,6.0,4,3198,942,chb08_14.edf;chb08_19.edf;chb08_21.edf;chb08_29.edf
chb08,125s non-causal,0.7,125,0,14159,139,0,0,4,4,0.9959908784861111,1,1,0,4.006388888888889,12,4.0,4,3198,942,chb08_14.edf;chb08_19.edf;chb08_21.edf;chb08_29.edf
chb09,none,0.6,30,734,93660,34,1,0,4,3,0.9439960431807106,1,1,503,26.238333333333333,4,5.0,0,900,474,chb09_01.edf;chb09_04.edf;chb09_06.edf;chb09_09.edf;chb09_12.edf;chb09_15.edf;chb09_18.edf
chb09,13s causal avg,0.55,45,53,94341,19,2,2,2,2,0.9640524358010043,1,1,10,26.238333333333333,19,,0,900,474,chb09_01.edf;chb09_04.edf;chb09_06.edf;chb09_09.edf;chb09_12.edf;chb09_15.edf;chb09_18.edf
chb09,13s non-causal avg,0.55,48,50,94344,16,0,0,4,4,0.9942594338623217,1,1,10,26.238333333333333,13,,0,900,474,chb09_01.edf;chb09_04.edf;chb09_06.edf;chb09_09.edf;chb09_12.edf;chb09_15.edf;chb09_18.edf
chb09,29s causal avg,0.55,37,33,94361,27,2,2,2,2,0.9114117091658369,1,1,1,26.238333333333333,27,,0,900,474,chb09_01.edf;chb09_04.edf;chb09_06.edf;chb09_09.edf;chb09_12.edf;chb09_15.edf;chb09_18.edf
chb09,29s non-causal avg,0.55,43,27,94367,21,0,0,4,4,0.9982839547534801,1,1,1,26.238333333333333,13,,0,900,474,chb09_01.edf;chb09_04.edf;chb09_06.edf;chb09_09.edf;chb09_12.edf;chb09_15.edf;chb09_18.edf
chb09,61s causal avg,0.5,27,377,94017,37,2,2,2,2,0.8043024781765791,1,1,6,26.238333333333333,37,,0,900,474,chb09_01.edf;chb09_04.edf;chb09_06.edf;chb09_09.edf;chb09_12.edf;chb09_15.edf;chb09_18.edf
chb09,61s non-causal avg,0.5,56,348,94046,8,1,0,4,3,0.998399659936013,1,1,6,26.238333333333333,7,,0,900,474,chb09_01.edf;chb09_04.edf;chb09_06.edf;chb09_09.edf;chb09_12.edf;chb09_15.edf;chb09_18.edf
chb09,125s causal avg,0.45,22,3052,91342,42,2,2,2,2,0.7385541255270462,1,1,20,26.238333333333333,42,,0,900,474,chb09_01.edf;chb09_04.edf;chb09_06.edf;chb09_09.edf;chb09_12.edf;chb09_15.edf;chb09_18.edf
chb09,125s non-causal avg,0.45,64,2991,91403,0,4,4,0,0,0.9950476857639257,1,1,18,26.238333333333333,0,,0,900,474,chb09_01.edf;chb09_04.edf;chb09_06.edf;chb09_09.edf;chb09_12.edf;chb09_15.edf;chb09_18.edf
chb09,13s causal,0.55,44,46,94348,20,2,0,4,2,0.9865050347479714,1,1,18,26.238333333333333,13,12.0,0,900,474,chb09_01.edf;chb09_04.edf;chb09_06.edf;chb09_09.edf;chb09_12.edf;chb09_15.edf;chb09_18.edf
chb09,13s non-causal,0.55,50,47,94347,14,0,0,4,4,0.9961042611288853,1,1,19,26.238333333333333,9,15.0,0,900,474,chb09_01.edf;chb09_04.edf;chb09_06.edf;chb09_09.edf;chb09_12.edf;chb09_15.edf;chb09_18.edf
chb09,29s causal,0.45,46,84,94310,18,2,0,4,2,0.9692288771002394,1,1,16,26.238333333333333,17,5.0,0,900,474,chb09_01.edf;chb09_04.edf;chb09_06.edf;chb09_09.edf;chb09_12.edf;chb09_15.edf;chb09_18.edf
chb09,29s non-causal,0.5,47,77,94317,17,1,0,4,3,0.9956387919253342,1,1,15,26.238333333333333,13,5.0,0,900,474,chb09_01.edf;chb09_04.edf;chb09_06.edf;chb09_09.edf;chb09_12.edf;chb09_15.edf;chb09_18.edf
chb09,61s causal,0.55,48,124,94270,16,2,0,4,2,0.9828167044515542,1,1,31,26.238333333333333,13,8.0,0,900,474,chb09_01.edf;chb09_04.edf;chb09_06.edf;chb09_09.edf;chb09_12.edf;chb09_15.edf;chb09_18.edf
chb09,61s non-causal,0.55,51,125,94269,13,0,0,4,4,0.9985181791215543,1,1,20,26.238333333333333,9,8.0,0,900,474,chb09_01.edf;chb09_04.edf;chb09_06.edf;chb09_09.edf;chb09_12.edf;chb09_15.edf;chb09_18.edf
chb09,125s causal,0.55,49,67,94327,15,2,1,3,2,0.9864091931160879,1,1,18,26.238333333333333,13,7.0,0,900,474,chb09_01.edf;chb09_04.edf;chb09_06.edf;chb09_09.edf;chb09_12.edf;chb09_15.edf;chb09_18.edf
chb09,125s non-causal,0.35,54,255,94139,10,1,0,4,3,0.9972222479712693,1,1,49,26.238333333333333,4,3.0,0,900,474,chb09_01.edf;chb09_04.edf;chb09_06.edf;chb09_09.edf;chb09_12.edf;chb09_15.edf;chb09_18.edf
chb09,none,0.8,30,379,85066,120,1,0,8,7,0.9542793609924514,2,2,274,23.77638888888889,3;2,23.0,1,372,228,chb09_02.edf;chb09_05.edf;chb09_08.edf;chb09_10.edf;chb09_13.edf;chb09_16.edf
chb09,13s causal avg,0.6,97,50,85395,53,2,0,8,6,0.9862888797862173,2,2,13,23.77638888888889,10;12,,1,372,228,chb09_02.edf;chb09_05.edf;chb09_08.edf;chb09_10.edf;chb09_13.edf;chb09_16.edf
chb09,13s non-causal avg,0.6,97,49,85396,53,0,0,8,8,0.9986874207579925,2,2,12,23.77638888888889,4;6,,1,372,228,chb09_02.edf;chb09_05.edf;chb09_08.edf;chb09_10.edf;chb09_13.edf;chb09_16.edf
chb09,29s causal avg,0.6,96,7,85438,54,2,2,6,6,0.9822234185733513,2,2,2,23.77638888888889,21;26,,1,372,228,chb09_02.edf;chb09_05.edf;chb09_08.edf;chb09_10.edf;chb09_13.edf;chb09_16.edf
chb09,29s non-causal avg,0.55,121,38,85407,29,0,0,8,8,0.9992825014141651,2,2,4,23.77638888888889,4;8,,1,372,228,chb09_02.edf;chb09_05.edf;chb09_08.edf;chb09_10.edf;chb09_13.edf;chb09_16.edf
chb09,61s causal avg,0.55,67,33,85412,83,4,4,4,4,0.9707363411161176,2,2,1,23.77638888888889,34;49,,1,372,228,chb09_02.edf;chb09_05.edf;chb09_08.edf;chb09_10.edf;chb09_13.edf;chb09_16.edf
chb09,61s non-causal avg,0.55,98,0,85445,52,0,0,8,8,0.9996189361577623,2,2,0,23.77638888888889,4;19,,1,372,228,chb09_02.edf;chb09_05.edf;chb09_08.edf;chb09_10.edf;chb09_13.edf;chb09_16.edf
chb09,125s causal avg,0.35,101,4134,81311,49,4,4,4,4,0.9412911619560341,2,2,41,23.77638888888889,15;34,,1,372,228,chb09_02.edf;chb09_05.edf;chb09_08.edf;chb09_10.edf;chb09_13.edf;chb09_16.edf
chb09,125s non-causal avg,0.45,147,225,85220,3,6,6,2,2,0.9995068172508632,2,2,5,23.77638888888889,0;3,,1,372,228,chb09_02.edf;chb09_05.edf;chb09_08.edf;chb09_10.edf;chb09_13.edf;chb09_16.edf
chb09,13s causal,0.35,52,128,85317,98,1,0,8,7,0.9895698987652876,2,2,50,23.77638888888889,7;2,6.0,1,372,228,chb09_02.edf;chb09_05.edf;chb09_08.edf;chb09_10.edf;chb09_13.edf;chb09_16.edf
chb09,13s non-causal,0.35,52,265,85180,98,0,0,8,8,0.987170928667564,2,2,120,23.77638888888889,3;2,6.0,1,372,228,chb09_02.edf;chb09_05.edf;chb09_08.edf;chb09_10.edf;chb09_13.edf;chb09_16.edf
chb09,29s causal,0.35,67,117,85328,83,1,0,8,7,0.9895533188990968,2,2,49,23.77638888888889,9;13,5.0,1,372,228,chb09_02.edf;chb09_05.edf;chb09_08.edf;chb09_10.edf;chb09_13.edf;chb09_16.edf
chb09,29s non-causal,0.35,62,209,85236,88,0,0,8,8,0.990366980708838,2,2,95,23.77638888888889,2;2,5.0,1,372,228,chb09_02.edf;chb09_05.edf;chb09_08.edf;chb09_10.edf;chb09_13.edf;chb09_16.edf
chb09,61s causal,0.35,57,53,85392,93,1,0,8,7,0.990944896327072,2,2,28,23.77638888888889,10;13,5.0,1,372,228,chb09_02.edf;chb09_05.edf;chb09_08.edf;chb09_10.edf;chb09_13.edf;chb09_16.edf
chb09,61s non-causal,0.35,54,61,85384,96,0,0,8,8,0.9943665905943394,2,2,36,23.77638888888889,2;11,5.0,1,372,228,chb09_02.edf;chb09_05.edf;chb09_08.edf;chb09_10.edf;chb09_13.edf;chb09_16.edf
chb09,125s causal,0.35,48,45,85400,102,2,0,8,6,0.9891301617024597,2,2,19,23.77638888888889,10;13,4.0,1,372,228,chb09_02.edf;chb09_05.edf;chb09_08.edf;chb09_10.edf;chb09_13.edf;chb09_16.edf
chb09,125s non-causal,0.3,112,493,84952,38,1,0,8,7,0.9943220395185988,2,2,161,23.77638888888889,2;1,4.0,1,372,228,chb09_02.edf;chb09_05.edf;chb09_08.edf;chb09_10.edf;chb09_13.edf;chb09_16.edf
chb09,none,0.85,25,145,64078,37,2,0,4,2,0.9238909485246216,1,1,108,17.856944444444444,0,15.0,2,858,468,chb09_03.edf;chb09_07.edf;chb09_11.edf;chb09_14.edf;chb09_17.edf;chb09_19.edf
chb09,13s causal avg,0.7,44,6,64217,18,0,0,4,4,0.997590050393965,1,1,3,17.856944444444444,11,,2,858,468,chb09_03.edf;chb09_07.edf;chb09_11.edf;chb09_14.edf;chb09_17.edf;chb09_19.edf
chb09,13s non-causal avg,0.7,44,5,64218,18,0,0,4,4,0.9941722717165441,1,1,2,17.856944444444444,5,,2,858,468,chb09_03.edf;chb09_07.edf;chb09_11.edf;chb09_14.edf;chb09_17.edf;chb09_19.edf
chb09,29s causal avg,0.7,36,1,64222,26,0,0,4,4,0.9978288855414577,1,1,1,17.856944444444444,22,,2,858,468,chb09_03.edf;chb09_07.edf;chb09_11.edf;chb09_14.edf;chb09_17.edf;chb09_19.edf
chb09,29s non-causal avg,0.7,36,0,64223,26,0,0,4,4,0.9984396605979267,1,1,0,17.856944444444444,8,,2,858,468,chb09_03.edf;chb09_07.edf;chb09_11.edf;chb09_14.edf;chb09_17.edf;chb09_19.edf
chb09,61s causal avg,0.65,22,9,64214,40,2,2,2,2,0.9967067872880432,1,1,1,17.856944444444444,40,,2,858,468,chb09_03.edf;chb09_07.edf;chb09_11.edf;chb09_14.edf;chb09_17.edf;chb09_19.edf
chb09,61s non-causal avg,0.65,29,0,64223,33,0,0,4,4,0.9990750474782173,1,1,0,17.856944444444444,10,,2,858,468,chb09_03.edf;chb09_07.edf;chb09_11.edf;chb09_14.edf;chb09_17.edf;chb09_19.edf
chb09,125s causal avg,0.35,62,747,63476,0,4,4,0,0,0.9949688911569716,1,1,6,17.856944444444444,0,,2,858,468,chb09_03.edf;chb09_07.edf;chb09_11.edf;chb09_14.edf;chb09_17.edf;chb09_19.edf
chb09,125s non-causal avg,0.5,36,247,63976,26,4,4,0,0,0.9963936143869673,1,1,1,17.856944444444444,0,,2,858,468,chb09_03.edf;chb09_07.edf;chb09_11.edf;chb09_14.edf;chb09_17.edf;chb09_19.edf
chb09,13s causal,0.6,50,25,64198,12,0,0,4,4,0.9309520305508077,1,1,10,17.856944444444444,4,8.0,2,858,468,chb09_03.edf;chb09_07.edf;chb09_11.edf;chb09_14.edf;chb09_17.edf;chb09_19.edf
chb09,13s non-causal,0.45,52,48,64175,10,2,0,4,2,0.9272446862318946,1,1,15,17.856944444444444,0,23.0,2,858,468,chb09_03.edf;chb09_07.edf;chb09_11.edf;chb09_14.edf;chb09_17.edf;chb09_19.edf
chb09,29s causal,0.6,50,20,64203,12,0,0,4,4,0.9432310703682181,1,1,7,17.856944444444444,4,10.0,2,858,468,chb09_03.edf;chb09_07.edf;chb09_11.edf;chb09_14.edf;chb09_17.edf;chb09_19.edf
chb09,29s non-causal,0.55,52,19,64204,10,2,0,4,2,0.9391211469310814,1,1,6,17.856944444444444,0,10.0,2,858,468,chb09_03.edf;chb09_07.edf;chb09_11.edf;chb09_14.edf;chb09_17.edf;chb09_19.edf
chb09,61s causal,0.6,50,15,64208,12,0,0,4,4,0.9337133264989479,1,1,6,17.856944444444444,4,6.0,2,858,468,chb09_03.edf;chb09_07.edf;chb09_11.edf;chb09_14.edf;chb09_17.edf;chb09_19.edf
chb09,61s non-causal,0.6,51,19,64204,11,2,0,4,2,0.9423274648364846,1,1,7,17.856944444444444,0,4.0,2,858,468,chb09_03.edf;chb09_07.edf;chb09_11.edf;chb09_14.edf;chb09_17.edf;chb09_19.edf
chb09,125s causal,0.6,50,24,64199,12,0,0,4,4,0.939983816470132,1,1,12,17.856944444444444,4,7.0,2,858,468,chb09_03.edf;chb09_07.edf;chb09_11.edf;chb09_14.edf;chb09_17.edf;chb09_19.edf
chb09,125s non-causal,0.6,46,31,64192,16,1,0,4,3,0.9623218091398268,1,1,9,17.856944444444444,0,3.0,2,858,468,chb09_03.edf;chb09_07.edf;chb09_11.edf;chb09_14.edf;chb09_17.edf;chb09_19.edf
chb10,none,0.8,87,301,42810,43,2,0,8,6,0.9535490674341547,2,2,184,12.011388888888888,1;0,5.0,0,1554,906,chb10_01.edf;chb10_06.edf;chb10_15.edf;chb10_21.edf;chb10_31.edf;chb10_89.edf
chb10,13s causal avg,0.6,114,481,42630,16,2,2,6,6,0.9871034164045229,2,2,33,12.011388888888888,5;8,,0,1554,906,chb10_01.edf;chb10_06.edf;chb10_15.edf;chb10_21.edf;chb10_31.edf;chb10_89.edf
chb10,13s non-causal avg,0.6,119,469,42642,11,4,2,6,4,0.9919736708282555,2,2,32,12.011388888888888,0;2,,0,1554,906,chb10_01.edf;chb10_06.edf;chb10_15.edf;chb10_21.edf;chb10_31.edf;chb10_89.edf
chb10,29s causal avg,0.6,100,384,42727,30,4,2,6,4,0.9736330010366799,2,2,18,12.011388888888888,11;19,,0,1554,906,chb10_01.edf;chb10_06.edf;chb10_15.edf;chb10_21.edf;chb10_31.edf;chb10_89.edf
chb10,29s non-causal avg,0.55,117,823,42288,13,5,4,4,3,0.9943983598688895,2,2,19,12.011388888888888,0;1,,0,1554,906,chb10_01.edf;chb10_06.edf;chb10_15.edf;chb10_21.edf;chb10_31.edf;chb10_89.edf
chb10,61s causal avg,0.5,94,1345,41766,36,4,4,4,4,0.9438362152796984,2,2,16,12.011388888888888,10;26,,0,1554,906,chb10_01.edf;chb10_06.edf;chb10_15.edf;chb10_21.edf;chb10_31.edf;chb10_89.edf
chb10,61s non-causal avg,0.5,123,1304,41807,7,6,6,2,2,0.9942197511611351,2,2,14,12.011388888888888,0;0,,0,1554,906,chb10_01.edf;chb10_06.edf;chb10_15.edf;chb10_21.edf;chb10_31.edf;chb10_89.edf
chb10,125s causal avg,0.45,79,2798,40313,51,6,6,2,2,0.8864582125211663,2,2,20,12.011388888888888,0;51,,0,1554,906,chb10_01.edf;chb10_06.edf;chb10_15.edf;chb10_21.edf;chb10_31.edf;chb10_89.edf
chb10,125s non-causal avg,0.5,76,1102,42009,54,4,4,4,4,0.9733029050233475,2,1,6,12.011388888888888,0,,0,1554,906,chb10_01.edf;chb10_06.edf;chb10_15.edf;chb10_21.edf;chb10_31.edf;chb10_89.edf
chb10,13s causal,0.4,117,575,42536,13,2,1,7,6,0.9902985673833021,2,2,65,12.011388888888888,3;3,2.0,0,1554,906,chb10_01.edf;chb10_06.edf;chb10_15.edf;chb10_21.edf;chb10_31.edf;chb10_89.edf
chb10,13s non-causal,0.65,92,79,43032,38,1,0,8,7,0.9790194542531534,2,2,25,12.011388888888888,1;2,2.0,0,1554,906,chb10_01.edf;chb10_06.edf;chb10_15.edf;chb10_21.edf;chb10_31.edf;chb10_89.edf
chb10,29s causal,0.45,118,553,42558,12,2,1,7,6,0.9924548972866107,2,2,59,12.011388888888888,3;4,2.0,0,1554,906,chb10_01.edf;chb10_06.edf;chb10_15.edf;chb10_21.edf;chb10_31.edf;chb10_89.edf
chb10,29s non-causal,0.35,116,397,42714,14,5,0,8,3,0.9845245636041489,2,2,53,12.011388888888888,0;0,1.0,0,1554,906,chb10_01.edf;chb10_06.edf;chb10_15.edf;chb10_21.edf;chb10_31.edf;chb10_89.edf
chb10,61s causal,0.5,113,408,42703,17,1,1,7,7,0.9925962140663724,2,2,47,12.011388888888888,3;4,2.0,0,1554,906,chb10_01.edf;chb10_06.edf;chb10_15.edf;chb10_21.edf;chb10_31.edf;chb10_89.edf
chb10,61s non-causal,0.35,112,396,42715,18,5,0,8,3,0.9837082450846919,2,2,49,12.011388888888888,0;0,1.0,0,1554,906,chb10_01.edf;chb10_06.edf;chb10_15.edf;chb10_21.edf;chb10_31.edf;chb10_89.edf
chb10,125s causal,0.35,119,658,42453,11,2,2,6,6,0.9923264274868275,2,2,52,12.011388888888888,3;4,1.0,0,1554,906,chb10_01.edf;chb10_06.edf;chb10_15.edf;chb10_21.edf;chb10_31.edf;chb10_89.edf
chb10,125s non-causal,0.4,110,277,42834,20,3,0,8,5,0.9879199133542572,2,2,33,12.011388888888888,0;1,1.0,0,1554,906,chb10_01.edf;chb10_06.edf;chb10_15.edf;chb10_21.edf;chb10_31.edf;chb10_89.edf
chb10,none,0.75,25,32,35923,33,0,0,4,4,0.9653949620934212,1,1,31,10.00361111111111,2,4.0,1,1944,942,chb10_02.edf;chb10_07.edf;chb10_16.edf;chb10_22.edf;chb10_30.edf
chb10,13s causal avg,0.7,24,0,35955,34,0,0,4,4,0.9998906679326169,1,1,0,10.00361111111111,11,,1,1944,942,chb10_02.edf;chb10_07.edf;chb10_16.edf;chb10_22.edf;chb10_30.edf
chb10,13s non-causal avg,0.6,39,0,35955,19,2,0,4,2,0.9991622670100077,1,1,0,10.00361111111111,0,,1,1944,942,chb10_02.edf;chb10_07.edf;chb10_16.edf;chb10_22.edf;chb10_30.edf
chb10,29s causal avg,0.65,29,0,35955,29,0,0,4,4,0.9947635694042841,1,1,0,10.00361111111111,19,,1,1944,942,chb10_02.edf;chb10_07.edf;chb10_16.edf;chb10_22.edf;chb10_30.edf
chb10,29s non-causal avg,0.55,43,0,35955,15,2,0,4,2,0.9997813358652339,1,1,0,10.00361111111111,0,,1,1944,942,chb10_02.edf;chb10_07.edf;chb10_16.edf;chb10_22.edf;chb10_30.edf
chb10,61s causal avg,0.55,22,13,35942,36,2,2,2,2,0.9579368847074168,1,1,0,10.00361111111111,36,,1,1944,942,chb10_02.edf;chb10_07.edf;chb10_16.edf;chb10_22.edf;chb10_30.edf
chb10,61s non-causal avg,0.55,35,0,35955,23,0,0,4,4,0.9999568426049804,1,1,0,10.00361111111111,6,,1,1944,942,chb10_02.edf;chb10_07.edf;chb10_16.edf;chb10_22.edf;chb10_30.edf
chb10,125s causal avg,0.35,21,131,35824,37,2,2,2,2,0.8662144730721832,1,1,2,10.00361111111111,37,,1,1944,942,chb10_02.edf;chb10_07.edf;chb10_16.edf;chb10_22.edf;chb10_30.edf
chb10,125s non-causal avg,0.5,0,0,35955,58,0,0,4,4,0.9999520473388671,1,0,0,10.00361111111111,,,1,1944,942,chb10_02.edf;chb10_07.edf;chb10_16.edf;chb10_22.edf;chb10_30.edf
chb10,13s causal,0.55,55,5,35950,3,2,0,4,2,0.9993847673576646,1,1,3,10.00361111111111,0,18.0,1,1944,942,chb10_02.edf;chb10_07.edf;chb10_16.edf;chb10_22.edf;chb10_30.edf
chb10,13s non-causal,0.55,51,3,35952,7,2,2,2,2,0.9987877567265596,1,1,1,10.00361111111111,0,60.0,1,1944,942,chb10_02.edf;chb10_07.edf;chb10_16.edf;chb10_22.edf;chb10_30.edf
chb10,29s causal,0.75,52,2,35953,6,1,0,4,3,0.9996998163413078,1,1,1,10.00361111111111,1,19.0,1,1944,942,chb10_02.edf;chb10_07.edf;chb10_16.edf;chb10_22.edf;chb10_30.edf
chb10,29s non-causal,0.35,54,2,35953,4,2,2,2,2,0.9999328662744139,1,1,0,10.00361111111111,0,26.0,1,1944,942,chb10_02.edf;chb10_07.edf;chb10_16.edf;chb10_22.edf;chb10_30.edf
chb10,61s causal,0.55,56,11,35944,2,2,0,4,2,0.9998873112463376,1,1,7,10.00361111111111,0,18.0,1,1944,942,chb10_02.edf;chb10_07.edf;chb10_16.edf;chb10_22.edf;chb10_30.edf
chb10,61s non-causal,0.45,54,2,35953,4,2,2,2,2,0.9999745850895996,1,1,0,10.00361111111111,0,35.0,1,1944,942,chb10_02.edf;chb10_07.edf;chb10_16.edf;chb10_22.edf;chb10_30.edf
chb10,125s causal,0.6,56,9,35946,2,2,0,4,2,0.9999247143220213,1,1,6,10.00361111111111,0,22.0,1,1944,942,chb10_02.edf;chb10_07.edf;chb10_16.edf;chb10_22.edf;chb10_30.edf
chb10,125s non-causal,0.65,51,1,35954,7,2,1,3,2,0.9999573221315917,1,1,0,10.00361111111111,0,38.0,1,1944,942,chb10_02.edf;chb10_07.edf;chb10_16.edf;chb10_22.edf;chb10_30.edf
chb10,none,0.9,52,72,35870,18,2,0,4,2,0.9928559504598679,1,1,48,10.003333333333334,0,18.0,2,1728,774,chb10_03.edf;chb10_08.edf;chb10_17.edf;chb10_20.edf;chb10_28.edf
chb10,13s causal avg,0.7,61,14,35928,9,2,2,2,2,0.9955555378904108,1,1,2,10.003333333333334,9,,2,1728,774,chb10_03.edf;chb10_08.edf;chb10_17.edf;chb10_20.edf;chb10_28.edf
chb10,13s non-causal avg,0.7,64,11,35931,6,0,0,4,4,0.9999340206841181,1,1,2,10.003333333333334,3,,2,1728,774,chb10_03.edf;chb10_08.edf;chb10_17.edf;chb10_20.edf;chb10_28.edf
chb10,29s causal avg,0.7,50,10,35932,20,2,2,2,2,0.9850604545418413,1,1,0,10.003333333333334,20,,2,1728,774,chb10_03.edf;chb10_08.edf;chb10_17.edf;chb10_20.edf;chb10_28.edf
chb10,29s non-causal avg,0.7,60,0,35942,10,0,0,4,4,0.999970587533884,1,1,0,10.003333333333334,6,,2,1728,774,chb10_03.edf;chb10_08.edf;chb10_17.edf;chb10_20.edf;chb10_28.edf
chb10,61s causal avg,0.65,30,32,35910,40,2,2,2,2,0.9901162189877342,1,1,0,10.003333333333334,40,,2,1728,774,chb10_03.edf;chb10_08.edf;chb10_17.edf;chb10_20.edf;chb10_28.edf
chb10,61s non-causal avg,0.6,63,6,35936,7,2,2,2,2,0.9999650230132674,1,1,0,10.003333333333334,7,,2,1728,774,chb10_03.edf;chb10_08.edf;chb10_17.edf;chb10_20.edf;chb10_28.edf
chb10,125s causal avg,0.3,50,874,35068,20,2,2,2,2,0.9738097887866961,1,1,3,10.003333333333334,20,,2,1728,774,chb10_03.edf;chb10_08.edf;chb10_17.edf;chb10_20.edf;chb10_28.edf
chb10,125s non-causal avg,0.55,70,17,35925,0,4,3,1,0,0.9999109676701352,1,1,0,10.003333333333334,0,,2,1728,774,chb10_03.edf;chb10_08.edf;chb10_17.edf;chb10_20.edf;chb10_28.edf
chb10,13s causal,0.65,66,30,35912,4,2,1,3,2,0.9996693084890736,1,1,8,10.003333333333334,4,7.0,2,1728,774,chb10_03.edf;chb10_08.edf;chb10_17.edf;chb10_20.edf;chb10_28.edf
chb10,13s non-causal,0.8,67,25,35917,3,1,0,4,3,0.9997714571889632,1,1,5,10.003333333333334,2,5.0,2,1728,774,chb10_03.edf;chb10_08.edf;chb10_17.edf;chb10_20.edf;chb10_28.edf
chb10,29s causal,0.6,66,45,35897,4,2,2,2,2,0.9993735939648798,1,1,10,10.003333333333334,4,6.0,2,1728,774,chb10_03.edf;chb10_08.edf;chb10_17.edf;chb10_20.edf;chb10_28.edf
chb10,29s non-causal,0.75,68,20,35922,2,2,0,4,2,0.9999260713689516,1,1,2,10.003333333333334,2,17.0,2,1728,774,chb10_03.edf;chb10_08.edf;chb10_17.edf;chb10_20.edf;chb10_28.edf
chb10,61s causal,0.65,65,28,35914,5,2,2,2,2,0.9991482308799098,1,1,4,10.003333333333334,5,3.0,2,1728,774,chb10_03.edf;chb10_08.edf;chb10_17.edf;chb10_20.edf;chb10_28.edf
chb10,61s non-causal,0.75,69,18,35924,1,3,0,4,1,0.9999674078078173,1,1,2,10.003333333333334,0,13.0,2,1728,774,chb10_03.edf;chb10_08.edf;chb10_17.edf;chb10_20.edf;chb10_28.edf
chb10,125s causal,0.65,67,35,35907,3,2,1,3,2,0.9996852071194067,1,1,10,10.003333333333334,3,5.0,2,1728,774,chb10_03.edf;chb10_08.edf;chb10_17.edf;chb10_20.edf;chb10_28.edf
chb10,125s non-causal,0.8,67,19,35923,3,1,0,4,3,0.9999491243829344,1,1,2,10.003333333333334,2,4.0,2,1728,774,chb10_03.edf;chb10_08.edf;chb10_17.edf;chb10_20.edf;chb10_28.edf
chb10,none,0.85,43,7,28746,22,3,0,4,1,0.924475573117454,1,1,7,8.005,0,8.0,3,1758,1086,chb10_04.edf;chb10_13.edf;chb10_18.edf;chb10_27.edf
chb10,13s causal avg,0.6,58,8,28745,7,2,2,2,2,0.9997180227347513,1,1,0,8.005,5,,3,1758,1086,chb10_04.edf;chb10_13.edf;chb10_18.edf;chb10_27.edf
chb10,13s non-causal avg,0.55,65,7,28746,0,4,4,0,0,0.9999855533469417,1,1,0,8.005,0,,3,1758,1086,chb10_04.edf;chb10_13.edf;chb10_18.edf;chb10_27.edf
chb10,29s causal avg,0.6,51,18,28735,14,2,2,2,2,0.9981048131432438,1,1,0,8.005,14,,3,1758,1086,chb10_04.edf;chb10_13.edf;chb10_18.edf;chb10_27.edf
chb10,29s non-causal avg,0.55,65,8,28745,0,4,4,0,0,0.9999941143265318,1,1,0,8.005,0,,3,1758,1086,chb10_04.edf;chb10_13.edf;chb10_18.edf;chb10_27.edf
chb10,61s causal avg,0.5,40,50,28703,25,2,2,2,2,0.9955156518784662,1,1,1,8.005,25,,3,1758,1086,chb10_04.edf;chb10_13.edf;chb10_18.edf;chb10_27.edf
chb10,61s non-causal avg,0.55,60,12,28741,5,2,2,2,2,0.9999315121632794,1,1,0,8.005,5,,3,1758,1086,chb10_04.edf;chb10_13.edf;chb10_18.edf;chb10_27.edf
chb10,125s causal avg,0.45,24,111,28642,41,2,2,2,2,0.9862414356762772,1,1,1,8.005,41,,3,1758,1086,chb10_04.edf;chb10_13.edf;chb10_18.edf;chb10_27.edf
chb10,125s non-causal avg,0.5,65,47,28706,0,4,4,0,0,0.9998089831428962,1,1,0,8.005,0,,3,1758,1086,chb10_04.edf;chb10_13.edf;chb10_18.edf;chb10_27.edf
chb10,13s causal,0.55,56,5,28748,9,3,2,2,1,0.9924299537974632,1,1,1,8.005,1,3.0,3,1758,1086,chb10_04.edf;chb10_13.edf;chb10_18.edf;chb10_27.edf
chb10,13s non-causal,0.5,59,14,28739,6,4,3,1,0,0.9989154308981806,1,1,5,8.005,0,23.0,3,1758,1086,chb10_04.edf;chb10_13.edf;chb10_18.edf;chb10_27.edf
chb10,29s causal,0.5,57,6,28747,8,2,2,2,2,0.9999015487347139,1,1,0,8.005,3,3.0,3,1758,1086,chb10_04.edf;chb10_13.edf;chb10_18.edf;chb10_27.edf
chb10,29s non-causal,0.5,62,7,28746,3,4,4,0,0,0.9999748521224541,1,1,1,8.005,0,9.0,3,1758,1086,chb10_04.edf;chb10_13.edf;chb10_18.edf;chb10_27.edf
chb10,61s causal,0.5,56,7,28746,9,2,2,2,2,0.9998475075510516,1,1,0,8.005,4,2.0,3,1758,1086,chb10_04.edf;chb10_13.edf;chb10_18.edf;chb10_27.edf
chb10,61s non-causal,0.35,65,9,28744,0,4,4,0,0,0.9999844832244931,1,1,1,8.005,0,9.0,3,1758,1086,chb10_04.edf;chb10_13.edf;chb10_18.edf;chb10_27.edf
chb10,125s causal,0.5,59,6,28747,6,2,2,2,2,0.9998330608979933,1,1,0,8.005,3,2.0,3,1758,1086,chb10_04.edf;chb10_13.edf;chb10_18.edf;chb10_27.edf
chb10,125s non-causal,0.4,65,10,28743,0,4,4,0,0,0.9999876935918393,1,1,0,8.005,0,3.0,3,1758,1086,chb10_04.edf;chb10_13.edf;chb10_18.edf;chb10_27.edf
chb10,none,0.8,52,49,35827,72,0,0,8,8,0.9556186362344852,2,2,36,10.0,9;4,6.0,4,1482,726,chb10_05.edf;chb10_12.edf;chb10_14.edf;chb10_19.edf;chb10_38.edf
chb10,13s causal avg,0.65,76,40,35836,48,2,1,7,6,0.9878070162818884,2,2,2,10.0,11;12,,4,1482,726,chb10_05.edf;chb10_12.edf;chb10_14.edf;chb10_19.edf;chb10_38.edf
chb10,13s non-causal avg,0.65,77,39,35837,47,0,0,8,8,0.9968432935667297,2,2,2,10.0,5;6,,4,1482,726,chb10_05.edf;chb10_12.edf;chb10_14.edf;chb10_19.edf;chb10_38.edf
chb10,29s causal avg,0.6,80,79,35797,44,2,2,6,6,0.9633653012706852,2,2,3,10.0,20;21,,4,1482,726,chb10_05.edf;chb10_12.edf;chb10_14.edf;chb10_19.edf;chb10_38.edf
chb10,29s non-causal avg,0.6,88,70,35806,36,0,0,8,8,0.9978038152920993,2,2,2,10.0,6;7,,4,1482,726,chb10_05.edf;chb10_12.edf;chb10_14.edf;chb10_19.edf;chb10_38.edf
chb10,61s causal avg,0.6,44,50,35826,80,2,2,6,6,0.9278723038854261,2,1,2,10.0,45,,4,1482,726,chb10_05.edf;chb10_12.edf;chb10_14.edf;chb10_19.edf;chb10_38.edf
chb10,61s non-causal avg,0.6,49,44,35832,75,0,0,8,8,0.9965560137246933,2,1,1,10.0,15,,4,1482,726,chb10_05.edf;chb10_12.edf;chb10_14.edf;chb10_19.edf;chb10_38.edf
chb10,125s causal avg,0.5,16,268,35608,108,2,2,6,6,0.87962525041451,2,1,2,10.0,73,,4,1482,726,chb10_05.edf;chb10_12.edf;chb10_14.edf;chb10_19.edf;chb10_38.edf
chb10,125s non-causal avg,0.55,35,145,35731,89,0,0,8,8,0.9838122979150408,2,1,1,10.0,38,,4,1482,726,chb10_05.edf;chb10_12.edf;chb10_14.edf;chb10_19.edf;chb10_38.edf
chb10,13s causal,0.75,86,2,35874,38,1,0,8,7,0.9945160570999033,2,2,2,10.0,5;4,20.0,4,1482,726,chb10_05.edf;chb10_12.edf;chb10_14.edf;chb10_19.edf;chb10_38.edf
chb10,13s non-causal,0.6,98,4,35872,26,2,0,8,6,0.9965124047345876,2,2,2,10.0,4;1,32.0,4,1482,726,chb10_05.edf;chb10_12.edf;chb10_14.edf;chb10_19.edf;chb10_38.edf
chb10,29s causal,0.7,91,5,35871,33,1,0,8,7,0.9938250569164758,2,2,4,10.0,4;4,17.0,4,1482,726,chb10_05.edf;chb10_12.edf;chb10_14.edf;chb10_19.edf;chb10_38.edf
chb10,29s non-causal,0.65,97,39,35837,27,1,0,8,7,0.9972344257460284,2,2,3,10.0,3;2,17.0,4,1482,726,chb10_05.edf;chb10_12.edf;chb10_14.edf;chb10_19.edf;chb10_38.edf
chb10,61s causal,0.8,86,3,35873,38,1,0,8,7,0.9936782699549344,2,2,3,10.0,4;4,19.0,4,1482,726,chb10_05.edf;chb10_12.edf;chb10_14.edf;chb10_19.edf;chb10_38.edf
chb10,61s non-causal,0.55,103,76,35800,21,2,0,8,6,0.9984374943802847,2,2,4,10.0,3;1,14.0,4,1482,726,chb10_05.edf;chb10_12.edf;chb10_14.edf;chb10_19.edf;chb10_38.edf
chb10,125s causal,0.75,83,3,35873,41,1,0,8,7,0.9920157334043066,2,2,3,10.0,5;4,14.0,4,1482,726,chb10_05.edf;chb10_12.edf;chb10_14.edf;chb10_19.edf;chb10_38.edf
chb10,125s non-causal,0.5,102,77,35799,22,2,0,8,6,0.9986649804523826,2,2,5,10.0,3;1,12.0,4,1482,726,chb10_05.edf;chb10_12.edf;chb10_14.edf;chb10_19.edf;chb10_38.edf
chb11,none,0.95,7,10,43166,15,2,0,4,2,0.9979155086158976,1,1,9,11.999444444444444,0,14.0,0,4068,690,chb11_01.edf;chb11_04.edf;chb11_07.edf;chb11_10.edf;chb11_13.edf;chb11_16.edf;chb11_19.edf;chb11_26.edf;chb11_54.edf;chb11_58.edf;chb11_62.edf;chb11_82.edf
chb11,13s causal avg,0.8,16,2,43174,6,2,2,2,2,0.9999726278909159,1,1,0,11.999444444444444,6,,0,4068,690,chb11_01.edf;chb11_04.edf;chb11_07.edf;chb11_10.edf;chb11_13.edf;chb11_16.edf;chb11_19.edf;chb11_26.edf;chb11_54.edf;chb11_58.edf;chb11_62.edf;chb11_82.edf
chb11,13s non-causal avg,0.8,18,0,43176,4,2,0,4,2,0.9999884194923105,1,1,0,11.999444444444444,0,,0,4068,690,chb11_01.edf;chb11_04.edf;chb11_07.edf;chb11_10.edf;chb11_13.edf;chb11_16.edf;chb11_19.edf;chb11_26.edf;chb11_54.edf;chb11_58.edf;chb11_62.edf;chb11_82.edf
chb11,29s causal avg,0.7,10,9,43167,12,2,2,2,2,0.9997536510182424,1,1,0,11.999444444444444,12,,0,4068,690,chb11_01.edf;chb11_04.edf;chb11_07.edf;chb11_10.edf;chb11_13.edf;chb11_16.edf;chb11_19.edf;chb11_26.edf;chb11_54.edf;chb11_58.edf;chb11_62.edf;chb11_82.edf
chb11,29s non-causal avg,0.7,17,2,43174,5,2,2,2,2,0.9999757862111948,1,1,0,11.999444444444444,0,,0,4068,690,chb11_01.edf;chb11_04.edf;chb11_07.edf;chb11_10.edf;chb11_13.edf;chb11_16.edf;chb11_19.edf;chb11_26.edf;chb11_54.edf;chb11_58.edf;chb11_62.edf;chb11_82.edf
chb11,61s causal avg,0.8,0,0,43176,22,0,0,4,4,0.998971440362491,1,0,0,11.999444444444444,,,0,4068,690,chb11_01.edf;chb11_04.edf;chb11_07.edf;chb11_10.edf;chb11_13.edf;chb11_16.edf;chb11_19.edf;chb11_26.edf;chb11_54.edf;chb11_58.edf;chb11_62.edf;chb11_82.edf
chb11,61s non-causal avg,0.65,0,0,43176,22,0,0,4,4,0.9998505061734633,1,0,0,11.999444444444444,,,0,4068,690,chb11_01.edf;chb11_04.edf;chb11_07.edf;chb11_10.edf;chb11_13.edf;chb11_16.edf;chb11_19.edf;chb11_26.edf;chb11_54.edf;chb11_58.edf;chb11_62.edf;chb11_82.edf
chb11,125s causal avg,0.85,0,0,43176,22,0,0,4,4,0.993390688429599,1,0,0,11.999444444444444,,,0,4068,690,chb11_01.edf;chb11_04.edf;chb11_07.edf;chb11_10.edf;chb11_13.edf;chb11_16.edf;chb11_19.edf;chb11_26.edf;chb11_54.edf;chb11_58.edf;chb11_62.edf;chb11_82.edf
chb11,125s non-causal avg,0.65,0,0,43176,22,0,0,4,4,0.9996210015665268,1,0,0,11.999444444444444,,,0,4068,690,chb11_01.edf;chb11_04.edf;chb11_07.edf;chb11_10.edf;chb11_13.edf;chb11_16.edf;chb11_19.edf;chb11_26.edf;chb11_54.edf;chb11_58.edf;chb11_62.edf;chb11_82.edf
chb11,13s causal,0.65,16,1,43175,6,2,1,3,2,0.9999926305860158,1,1,0,11.999444444444444,0,1.0,0,4068,690,chb11_01.edf;chb11_04.edf;chb11_07.edf;chb11_10.edf;chb11_13.edf;chb11_16.edf;chb11_19.edf;chb11_26.edf;chb11_54.edf;chb11_58.edf;chb11_62.edf;chb11_82.edf
chb11,13s non-causal,0.6,20,4,43172,2,3,2,2,1,0.9999642057035053,1,1,0,11.999444444444444,0,1.0,0,4068,690,chb11_01.edf;chb11_04.edf;chb11_07.edf;chb11_10.edf;chb11_13.edf;chb11_16.edf;chb11_19.edf;chb11_26.edf;chb11_54.edf;chb11_58.edf;chb11_62.edf;chb11_82.edf
chb11,29s causal,0.55,20,2,43174,2,3,2,2,1,0.9999778917580474,1,1,0,11.999444444444444,0,1.0,0,4068,690,chb11_01.edf;chb11_04.edf;chb11_07.edf;chb11_10.edf;chb11_13.edf;chb11_16.edf;chb11_19.edf;chb11_26.edf;chb11_54.edf;chb11_58.edf;chb11_62.edf;chb11_82.edf
chb11,29s non-causal,0.6,20,2,43174,2,3,1,3,1,0.9999873667188842,1,1,0,11.999444444444444,0,1.0,0,4068,690,chb11_01.edf;chb11_04.edf;chb11_07.edf;chb11_10.edf;chb11_13.edf;chb11_16.edf;chb11_19.edf;chb11_26.edf;chb11_54.edf;chb11_58.edf;chb11_62.edf;chb11_82.edf
chb11,61s causal,0.45,10,0,43176,12,1,0,4,3,0.999926305860158,1,1,0,11.999444444444444,4,0.0,0,4068,690,chb11_01.edf;chb11_04.edf;chb11_07.edf;chb11_10.edf;chb11_13.edf;chb11_16.edf;chb11_19.edf;chb11_26.edf;chb11_54.edf;chb11_58.edf;chb11_62.edf;chb11_82.edf
chb11,61s non-causal,0.8,21,2,43174,1,3,1,3,1,0.9999915778125895,1,1,0,11.999444444444444,0,17.0,0,4068,690,chb11_01.edf;chb11_04.edf;chb11_07.edf;chb11_10.edf;chb11_13.edf;chb11_16.edf;chb11_19.edf;chb11_26.edf;chb11_54.edf;chb11_58.edf;chb11_62.edf;chb11_82.edf
chb11,125s causal,0.45,8,0,43176,14,1,0,4,3,0.9997262789091583,1,1,0,11.999444444444444,8,0.0,0,4068,690,chb11_01.edf;chb11_04.edf;chb11_07.edf;chb11_10.edf;chb11_13.edf;chb11_16.edf;chb11_19.edf;chb11_26.edf;chb11_54.edf;chb11_58.edf;chb11_62.edf;chb11_82.edf
chb11,125s non-causal,0.8,20,2,43174,2,2,1,3,2,0.9999757862111948,1,1,0,11.999444444444444,0,2.0,0,4068,690,chb11_01.edf;chb11_04.edf;chb11_07.edf;chb11_10.edf;chb11_13.edf;chb11_16.edf;chb11_19.edf;chb11_26.edf;chb11_54.edf;chb11_58.edf;chb11_62.edf;chb11_82.edf
chb11,none,0.9,15,42,43126,17,1,1,3,3,0.9948920496664195,1,1,37,12.0,2,18.0,1,4368,720,chb11_02.edf;chb11_05.edf;chb11_08.edf;chb11_11.edf;chb11_14.edf;chb11_17.edf;chb11_24.edf;chb11_27.edf;chb11_55.edf;chb11_60.edf;chb11_63.edf;chb11_92.edf
chb11,13s causal avg,0.55,27,12,43156,5,2,2,2,2,0.9993332734896221,1,1,2,12.0,5,,1,4368,720,chb11_02.edf;chb11_05.edf;chb11_08.edf;chb11_11.edf;chb11_14.edf;chb11_17.edf;chb11_24.edf;chb11_27.edf;chb11_55.edf;chb11_60.edf;chb11_63.edf;chb11_92.edf
chb11,13s non-causal avg,0.75,28,0,43168,4,1,0,4,3,1.0,1,1,0,12.0,3,,1,4368,720,chb11_02.edf;chb11_05.edf;chb11_08.edf;chb11_11.edf;chb11_14.edf;chb11_17.edf;chb11_24.edf;chb11_27.edf;chb11_55.edf;chb11_60.edf;chb11_63.edf;chb11_92.edf
chb11,29s causal avg,0.5,22,16,43152,10,2,2,2,2,0.9993289299944403,1,1,0,12.0,10,,1,4368,720,chb11_02.edf;chb11_05.edf;chb11_08.edf;chb11_11.edf;chb11_14.edf;chb11_17.edf;chb11_24.edf;chb11_27.edf;chb11_55.edf;chb11_60.edf;chb11_63.edf;chb11_92.edf
chb11,29s non-causal avg,0.6,28,0,43168,4,0,0,4,4,1.0,1,1,0,12.0,2,,1,4368,720,chb11_02.edf;chb11_05.edf;chb11_08.edf;chb11_11.edf;chb11_14.edf;chb11_17.edf;chb11_24.edf;chb11_27.edf;chb11_55.edf;chb11_60.edf;chb11_63.edf;chb11_92.edf
chb11,61s causal avg,0.4,18,43,43125,14,2,2,2,2,0.9989879656226834,1,1,1,12.0,14,,1,4368,720,chb11_02.edf;chb11_05.edf;chb11_08.edf;chb11_11.edf;chb11_14.edf;chb11_17.edf;chb11_24.edf;chb11_27.edf;chb11_55.edf;chb11_60.edf;chb11_63.edf;chb11_92.edf
chb11,61s non-causal avg,0.55,30,1,43167,2,2,1,3,2,0.9999956565048184,1,1,0,12.0,0,,1,4368,720,chb11_02.edf;chb11_05.edf;chb11_08.edf;chb11_11.edf;chb11_14.edf;chb11_17.edf;chb11_24.edf;chb11_27.edf;chb11_55.edf;chb11_60.edf;chb11_63.edf;chb11_92.edf
chb11,125s causal avg,0.4,0,41,43127,32,0,2,2,4,0.9957100745922907,1,0,2,12.0,,,1,4368,720,chb11_02.edf;chb11_05.edf;chb11_08.edf;chb11_11.edf;chb11_14.edf;chb11_17.edf;chb11_24.edf;chb11_27.edf;chb11_55.edf;chb11_60.edf;chb11_63.edf;chb11_92.edf
chb11,125s non-causal avg,0.55,0,0,43168,32,0,0,4,4,0.9992579862398072,1,0,0,12.0,,,1,4368,720,chb11_02.edf;chb11_05.edf;chb11_08.edf;chb11_11.edf;chb11_14.edf;chb11_17.edf;chb11_24.edf;chb11_27.edf;chb11_55.edf;chb11_60.edf;chb11_63.edf;chb11_92.edf
chb11,13s causal,0.3,27,8,43160,5,2,2,2,2,0.9995359699314308,1,1,2,12.0,5,2.0,1,4368,720,chb11_02.edf;chb11_05.edf;chb11_08.edf;chb11_11.edf;chb11_14.edf;chb11_17.edf;chb11_24.edf;chb11_27.edf;chb11_55.edf;chb11_60.edf;chb11_63.edf;chb11_92.edf
chb11,13s non-causal,0.3,29,2,43166,3,2,2,2,2,0.9999746629447739,1,1,0,12.0,2,7.0,1,4368,720,chb11_02.edf;chb11_05.edf;chb11_08.edf;chb11_11.edf;chb11_14.edf;chb11_17.edf;chb11_24.edf;chb11_27.edf;chb11_55.edf;chb11_60.edf;chb11_63.edf;chb11_92.edf
chb11,29s causal,0.4,26,15,43153,6,2,2,2,2,0.9994186955615271,1,1,6,12.0,6,2.0,1,4368,720,chb11_02.edf;chb11_05.edf;chb11_08.edf;chb11_11.edf;chb11_14.edf;chb11_17.edf;chb11_24.edf;chb11_27.edf;chb11_55.edf;chb11_60.edf;chb11_63.edf;chb11_92.edf
chb11,29s non-causal,0.3,30,1,43167,2,2,1,3,2,0.999992760841364,1,1,0,12.0,2,3.0,1,4368,720,chb11_02.edf;chb11_05.edf;chb11_08.edf;chb11_11.edf;chb11_14.edf;chb11_17.edf;chb11_24.edf;chb11_27.edf;chb11_55.edf;chb11_60.edf;chb11_63.edf;chb11_92.edf
chb11,61s causal,0.35,27,8,43160,5,2,2,2,2,0.9995851962101556,1,1,3,12.0,5,7.0,1,4368,720,chb11_02.edf;chb11_05.edf;chb11_08.edf;chb11_11.edf;chb11_14.edf;chb11_17.edf;chb11_24.edf;chb11_27.edf;chb11_55.edf;chb11_60.edf;chb11_63.edf;chb11_92.edf
chb11,61s non-causal,0.45,30,1,43167,2,2,1,3,2,0.9999956565048185,1,1,0,12.0,2,1.0,1,4368,720,chb11_02.edf;chb11_05.edf;chb11_08.edf;chb11_11.edf;chb11_14.edf;chb11_17.edf;chb11_24.edf;chb11_27.edf;chb11_55.edf;chb11_60.edf;chb11_63.edf;chb11_92.edf
chb11,125s causal,0.4,27,5,43163,5,2,2,2,2,0.9995924353687917,1,1,0,12.0,5,5.0,1,4368,720,chb11_02.edf;chb11_05.edf;chb11_08.edf;chb11_11.edf;chb11_14.edf;chb11_17.edf;chb11_24.edf;chb11_27.edf;chb11_55.edf;chb11_60.edf;chb11_63.edf;chb11_92.edf
chb11,125s non-causal,0.4,29,1,43167,3,2,1,3,2,0.9999934847572275,1,1,0,12.0,3,1.0,1,4368,720,chb11_02.edf;chb11_05.edf;chb11_08.edf;chb11_11.edf;chb11_14.edf;chb11_17.edf;chb11_24.edf;chb11_27.edf;chb11_55.edf;chb11_60.edf;chb11_63.edf;chb11_92.edf
chb11,none,0.75,325,64,38043,427,2,2,2,2,0.9543384696730203,1,1,42,10.794166666666667,0,35.0,2,162,198,chb11_03.edf;chb11_06.edf;chb11_09.edf;chb11_12.edf;chb11_15.edf;chb11_18.edf;chb11_25.edf;chb11_53.edf;chb11_56.edf;chb11_61.edf;chb11_99.edf
chb11,13s causal avg,0.55,592,3,38104,160,0,0,4,4,0.9973126482039095,1,1,1,10.794166666666667,2,,2,162,198,chb11_03.edf;chb11_06.edf;chb11_09.edf;chb11_12.edf;chb11_15.edf;chb11_18.edf;chb11_25.edf;chb11_53.edf;chb11_56.edf;chb11_61.edf;chb11_99.edf
chb11,13s non-causal avg,0.45,649,38,38069,103,2,2,2,2,0.9972323521841354,1,1,5,10.794166666666667,0,,2,162,198,chb11_03.edf;chb11_06.edf;chb11_09.edf;chb11_12.edf;chb11_15.edf;chb11_18.edf;chb11_25.edf;chb11_53.edf;chb11_56.edf;chb11_61.edf;chb11_99.edf
chb11,29s causal avg,0.4,706,33,38074,46,2,2,2,2,0.9994007285755843,1,1,3,10.794166666666667,2,,2,162,198,chb11_03.edf;chb11_06.edf;chb11_09.edf;chb11_12.edf;chb11_15.edf;chb11_18.edf;chb11_25.edf;chb11_53.edf;chb11_56.edf;chb11_61.edf;chb11_99.edf
chb11,29s non-causal avg,0.45,669,11,38096,83,2,2,2,2,0.9993309362941639,1,1,1,10.794166666666667,0,,2,162,198,chb11_03.edf;chb11_06.edf;chb11_09.edf;chb11_12.edf;chb11_15.edf;chb11_18.edf;chb11_25.edf;chb11_53.edf;chb11_56.edf;chb11_61.edf;chb11_99.edf
chb11,61s causal avg,0.3,744,624,37483,8,2,2,2,2,0.9993356472731597,1,1,7,10.794166666666667,8,,2,162,198,chb11_03.edf;chb11_06.edf;chb11_09.edf;chb11_12.edf;chb11_15.edf;chb11_18.edf;chb11_25.edf;chb11_53.edf;chb11_56.edf;chb11_61.edf;chb11_99.edf
chb11,61s non-causal avg,0.5,675,1,38106,77,2,1,3,2,0.9999076648116809,1,1,0,10.794166666666667,0,,2,162,198,chb11_03.edf;chb11_06.edf;chb11_09.edf;chb11_12.edf;chb11_15.edf;chb11_18.edf;chb11_25.edf;chb11_53.edf;chb11_56.edf;chb11_61.edf;chb11_99.edf
chb11,125s causal avg,0.3,722,558,37549,30,2,2,2,2,0.9958070891091099,1,1,3,10.794166666666667,30,,2,162,198,chb11_03.edf;chb11_06.edf;chb11_09.edf;chb11_12.edf;chb11_15.edf;chb11_18.edf;chb11_25.edf;chb11_53.edf;chb11_56.edf;chb11_61.edf;chb11_99.edf
chb11,125s non-causal avg,0.3,752,589,37518,0,4,4,0,0,0.9999999302077185,1,1,2,10.794166666666667,0,,2,162,198,chb11_03.edf;chb11_06.edf;chb11_09.edf;chb11_12.edf;chb11_15.edf;chb11_18.edf;chb11_25.edf;chb11_53.edf;chb11_56.edf;chb11_61.edf;chb11_99.edf
chb11,13s causal,0.45,355,0,38107,397,1,0,4,3,0.992343437766781,1,1,0,10.794166666666667,1,18.0,2,162,198,chb11_03.edf;chb11_06.edf;chb11_09.edf;chb11_12.edf;chb11_15.edf;chb11_18.edf;chb11_25.edf;chb11_53.edf;chb11_56.edf;chb11_61.edf;chb11_99.edf
chb11,13s non-causal,0.2,580,37,38070,172,2,2,2,2,0.9865923095047595,1,1,12,10.794166666666667,0,14.0,2,162,198,chb11_03.edf;chb11_06.edf;chb11_09.edf;chb11_12.edf;chb11_15.edf;chb11_18.edf;chb11_25.edf;chb11_53.edf;chb11_56.edf;chb11_61.edf;chb11_99.edf
chb11,29s causal,0.3,574,5,38102,178,2,0,4,2,0.9965716286559292,1,1,5,10.794166666666667,0,17.0,2,162,198,chb11_03.edf;chb11_06.edf;chb11_09.edf;chb11_12.edf;chb11_15.edf;chb11_18.edf;chb11_25.edf;chb11_53.edf;chb11_56.edf;chb11_61.edf;chb11_99.edf
chb11,29s non-causal,0.15,653,66,38041,99,2,2,2,2,0.9937915927101125,1,1,22,10.794166666666667,0,13.0,2,162,198,chb11_03.edf;chb11_06.edf;chb11_09.edf;chb11_12.edf;chb11_15.edf;chb11_18.edf;chb11_25.edf;chb11_53.edf;chb11_56.edf;chb11_61.edf;chb11_99.edf
chb11,61s causal,0.45,426,0,38107,326,1,0,4,3,0.991781993758895,1,1,0,10.794166666666667,1,12.0,2,162,198,chb11_03.edf;chb11_06.edf;chb11_09.edf;chb11_12.edf;chb11_15.edf;chb11_18.edf;chb11_25.edf;chb11_53.edf;chb11_56.edf;chb11_61.edf;chb11_99.edf
chb11,61s non-causal,0.1,646,73,38034,106,2,2,2,2,0.9911511413271366,1,1,26,10.794166666666667,0,10.0,2,162,198,chb11_03.edf;chb11_06.edf;chb11_09.edf;chb11_12.edf;chb11_15.edf;chb11_18.edf;chb11_25.edf;chb11_53.edf;chb11_56.edf;chb11_61.edf;chb11_99.edf
chb11,125s causal,0.45,409,0,38107,343,1,0,4,3,0.9950074440447363,1,1,0,10.794166666666667,1,19.0,2,162,198,chb11_03.edf;chb11_06.edf;chb11_09.edf;chb11_12.edf;chb11_15.edf;chb11_18.edf;chb11_25.edf;chb11_53.edf;chb11_56.edf;chb11_61.edf;chb11_99.edf
chb11,125s non-causal,0.15,526,15,38092,226,2,2,2,2,0.9907327191519512,1,1,9,10.794166666666667,0,13.0,2,162,198,chb11_03.edf;chb11_06.edf;chb11_09.edf;chb11_12.edf;chb11_15.edf;chb11_18.edf;chb11_25.edf;chb11_53.edf;chb11_56.edf;chb11_61.edf;chb11_99.edf
chb12,none,0.8,105,37,17680,189,2,0,20,18,0.9137489109771582,5,5,19,5.003055555555555,4;6;7;2;2,14.0,0,3342,2526,chb12_10.edf;chb12_19.edf;chb12_23.edf;chb12_34.edf;chb12_41.edf
chb12,13s causal avg,0.55,152,80,17637,142,6,6,14,14,0.9783094871407954,5,5,4,5.003055555555555,7;8;10;7;6,,0,3342,2526,chb12_10.edf;chb12_19.edf;chb12_23.edf;chb12_34.edf;chb12_41.edf
chb12,13s non-causal avg,0.55,168,63,17654,126,8,4,16,12,0.9777255712354367,5,5,3,5.003055555555555,1;2;4;1;0,,0,3342,2526,chb12_10.edf;chb12_19.edf;chb12_23.edf;chb12_34.edf;chb12_41.edf
chb12,29s causal avg,0.55,132,87,17630,162,6,6,14,14,0.9808600755874964,5,5,2,5.003055555555555,12;16;18;16;15,,0,3342,2526,chb12_10.edf;chb12_19.edf;chb12_23.edf;chb12_34.edf;chb12_41.edf
chb12,29s non-causal avg,0.5,184,92,17625,110,13,10,10,7,0.9825364700262901,5,5,3,5.003055555555555,0;0;1;0;0,,0,3342,2526,chb12_10.edf;chb12_19.edf;chb12_23.edf;chb12_34.edf;chb12_41.edf
chb12,61s causal avg,0.55,68,120,17597,226,6,6,14,14,0.9691973080929612,5,4,1,5.003055555555555,25;27;33;34,,0,3342,2526,chb12_10.edf;chb12_19.edf;chb12_23.edf;chb12_34.edf;chb12_41.edf
chb12,61s non-causal avg,0.5,184,78,17639,110,12,12,8,8,0.9804455845667273,5,5,1,5.003055555555555,0;0;0;15;0,,0,3342,2526,chb12_10.edf;chb12_19.edf;chb12_23.edf;chb12_34.edf;chb12_41.edf
chb12,125s causal avg,0.45,25,226,17491,269,4,4,16,16,0.9364201683382616,5,2,2,5.003055555555555,23;29,,0,3342,2526,chb12_10.edf;chb12_19.edf;chb12_23.edf;chb12_34.edf;chb12_41.edf
chb12,125s non-causal avg,0.55,42,24,17693,252,2,2,18,18,0.9771444390817229,5,1,0,5.003055555555555,3,,0,3342,2526,chb12_10.edf;chb12_19.edf;chb12_23.edf;chb12_34.edf;chb12_41.edf
chb12,13s causal,0.6,139,29,17688,155,4,0,20,16,0.9609625867618594,5,5,6,5.003055555555555,7;6;7;4;3,4.0,0,3342,2526,chb12_10.edf;chb12_19.edf;chb12_23.edf;chb12_34.edf;chb12_41.edf
chb12,13s non-causal,0.5,167,62,17655,127,9,0,20,11,0.9634560603041238,5,5,6,5.003055555555555,3;0;4;1;0,19.0,0,3342,2526,chb12_10.edf;chb12_19.edf;chb12_23.edf;chb12_34.edf;chb12_41.edf
chb12,29s causal,0.55,154,39,17678,140,6,1,19,14,0.9734067245456629,5,5,4,5.003055555555555,6;6;7;4;3,1.0,0,3342,2526,chb12_10.edf;chb12_19.edf;chb12_23.edf;chb12_34.edf;chb12_41.edf
chb12,29s non-causal,0.5,169,68,17649,125,9,4,16,11,0.9704127516559483,5,5,5,5.003055555555555,0;0;3;1;0,12.0,0,3342,2526,chb12_10.edf;chb12_19.edf;chb12_23.edf;chb12_34.edf;chb12_41.edf
chb12,61s causal,0.6,146,32,17685,148,4,0,20,16,0.9655657600851483,5,5,5,5.003055555555555,6;6;7;4;3,2.0,0,3342,2526,chb12_10.edf;chb12_19.edf;chb12_23.edf;chb12_34.edf;chb12_41.edf
chb12,61s non-causal,0.5,169,55,17662,125,9,3,17,11,0.9735685661068063,5,5,3,5.003055555555555,0;0;3;1;0,7.0,0,3342,2526,chb12_10.edf;chb12_19.edf;chb12_23.edf;chb12_34.edf;chb12_41.edf
chb12,125s causal,0.55,155,41,17676,139,6,1,19,14,0.9665700224888736,5,5,5,5.003055555555555,5;6;7;4;3,2.0,0,3342,2526,chb12_10.edf;chb12_19.edf;chb12_23.edf;chb12_34.edf;chb12_41.edf
chb12,125s non-causal,0.45,174,72,17645,120,12,7,13,8,0.9738974327666382,5,5,3,5.003055555555555,0;0;2;0;0,12.0,0,3342,2526,chb12_10.edf;chb12_19.edf;chb12_23.edf;chb12_34.edf;chb12_41.edf
chb12,none,0.8,80,29,14202,95,6,1,23,18,0.9600754891233424,6,6,22,4.001666666666667,1;0;2;12;8;13,13.0,1,3996,2172,chb12_06.edf;chb12_08.edf;chb12_20.edf;chb12_35.edf
chb12,13s causal avg,0.65,97,23,14208,78,10,10,14,14,0.9851647811116576,6,6,0,4.001666666666667,8;4;8;16;11;17,,1,3996,2172,chb12_06.edf;chb12_08.edf;chb12_20.edf;chb12_35.edf
chb12,13s non-causal avg,0.6,146,11,14220,29,16,6,18,8,0.9975088589297008,6,6,1,4.001666666666667,0;0;0;9;4;9,,1,3996,2172,chb12_06.edf;chb12_08.edf;chb12_20.edf;chb12_35.edf
chb12,29s causal avg,0.6,74,49,14182,101,8,7,17,16,0.9645602658180832,6,4,1,4.001666666666667,15;11;16;23,,1,3996,2172,chb12_06.edf;chb12_08.edf;chb12_20.edf;chb12_35.edf
chb12,29s non-causal avg,0.55,154,27,14204,21,18,14,10,6,0.9992615718200708,6,6,0,4.001666666666667,0;0;0;7;0;6,,1,3996,2172,chb12_06.edf;chb12_08.edf;chb12_20.edf;chb12_35.edf
chb12,61s causal avg,0.55,39,60,14171,136,4,4,20,20,0.9443181384703414,6,2,0,4.001666666666667,32;22,,1,3996,2172,chb12_06.edf;chb12_08.edf;chb12_20.edf;chb12_35.edf
chb12,61s non-causal avg,0.55,81,18,14213,94,4,4,20,20,0.9964636558017206,6,2,0,4.001666666666667,2;0,,1,3996,2172,chb12_06.edf;chb12_08.edf;chb12_20.edf;chb12_35.edf
chb12,125s causal avg,0.4,65,297,13934,110,6,8,16,18,0.8945734161839847,6,3,2,4.001666666666667,18;12;24,,1,3996,2172,chb12_06.edf;chb12_08.edf;chb12_20.edf;chb12_35.edf
chb12,125s non-causal avg,0.55,0,0,14231,175,0,0,24,24,0.9806960659325216,6,0,0,4.001666666666667,,,1,3996,2172,chb12_06.edf;chb12_08.edf;chb12_20.edf;chb12_35.edf
chb12,13s causal,0.65,126,15,14216,49,12,6,18,12,0.9917961793669755,6,6,3,4.001666666666667,3;0;2;10;4;12,9.0,1,3996,2172,chb12_06.edf;chb12_08.edf;chb12_20.edf;chb12_35.edf
chb12,13s non-causal,0.6,151,16,14215,24,16,4,20,8,0.9967290723470894,6,6,1,4.001666666666667,0;0;0;6;2;9,9.0,1,3996,2172,chb12_06.edf;chb12_08.edf;chb12_20.edf;chb12_35.edf
chb12,29s causal,0.6,130,20,14211,45,11,11,13,13,0.9908549745525362,6,6,2,4.001666666666667,3;0;2;11;4;12,6.0,1,3996,2172,chb12_06.edf;chb12_08.edf;chb12_20.edf;chb12_35.edf
chb12,29s non-causal,0.65,145,8,14223,30,14,2,22,10,0.9986215204232209,6,6,1,4.001666666666667,0;0;0;8;2;10,6.0,1,3996,2172,chb12_06.edf;chb12_08.edf;chb12_20.edf;chb12_35.edf
chb12,61s causal,0.65,133,13,14218,42,12,8,16,12,0.9938311733940993,6,6,3,4.001666666666667,1;0;2;10;4;11,17.0,1,3996,2172,chb12_06.edf;chb12_08.edf;chb12_20.edf;chb12_35.edf
chb12,61s non-causal,0.6,151,7,14224,24,16,4,20,8,0.9994996837889116,6,6,0,4.001666666666667,0;0;0;6;2;9,7.0,1,3996,2172,chb12_06.edf;chb12_08.edf;chb12_20.edf;chb12_35.edf
chb12,125s causal,0.6,135,27,14204,40,12,11,13,12,0.9910878665288053,6,6,6,4.001666666666667,2;0;0;10;4;12,6.0,1,3996,2172,chb12_06.edf;chb12_08.edf;chb12_20.edf;chb12_35.edf
chb12,125s non-causal,0.6,145,7,14224,30,14,3,21,10,0.9993531224590181,6,6,0,4.001666666666667,0;0;0;6;2;9,3.0,1,3996,2172,chb12_06.edf;chb12_08.edf;chb12_20.edf;chb12_35.edf
chb12,none,0.8,86,7,14173,150,4,0,28,24,0.9131454543281299,7,7,7,4.004444444444444,4;9;9;4;0;2;1,36.0,2,3810,2736,chb12_21.edf;chb12_33.edf;chb12_37.edf;chb12_38.edf
chb12,13s causal avg,0.65,98,4,14176,138,6,3,25,22,0.9876601682962397,7,6,0,4.004444444444444,11;19;8;14;9;7,,2,3810,2736,chb12_21.edf;chb12_33.edf;chb12_37.edf;chb12_38.edf
chb12,13s non-causal avg,0.65,102,0,14180,134,1,0,28,27,0.9936129903659965,7,6,0,4.004444444444444,5;13;2;8;3;1,,2,3810,2736,chb12_21.edf;chb12_33.edf;chb12_37.edf;chb12_38.edf
chb12,29s causal avg,0.5,133,40,14140,103,10,8,20,18,0.9720817097367981,7,6,0,4.004444444444444,15;18;13;15;9;6,,2,3810,2736,chb12_21.edf;chb12_33.edf;chb12_37.edf;chb12_38.edf
chb12,29s non-causal avg,0.55,120,8,14172,116,5,4,24,23,0.9970784227008678,7,6,0,4.004444444444444,4;8;1;3;0;0,,2,3810,2736,chb12_21.edf;chb12_33.edf;chb12_37.edf;chb12_38.edf
chb12,61s causal avg,0.35,133,250,13930,103,12,12,16,16,0.9432564963782839,7,6,1,4.004444444444444,19;19;16;14;5;5,,2,3810,2736,chb12_21.edf;chb12_33.edf;chb12_37.edf;chb12_38.edf
chb12,61s non-causal avg,0.4,174,98,14082,62,17,14,14,11,0.9951184528220697,7,5,0,4.004444444444444,13;0;0;0;0,,2,3810,2736,chb12_21.edf;chb12_33.edf;chb12_37.edf;chb12_38.edf
chb12,125s causal avg,0.3,95,417,13763,141,6,6,22,22,0.8907251798905118,7,3,4,4.004444444444444,19;16;14,,2,3810,2736,chb12_21.edf;chb12_33.edf;chb12_37.edf;chb12_38.edf
chb12,125s non-causal avg,0.4,101,49,14131,135,8,8,20,20,0.983373574621692,7,2,0,4.004444444444444,0;0,,2,3810,2736,chb12_21.edf;chb12_33.edf;chb12_37.edf;chb12_38.edf
chb12,13s causal,0.75,74,4,14176,162,3,0,28,25,0.9587246898233368,7,7,0,4.004444444444444,9;5;20;4;8;2;0,65.0,2,3810,2736,chb12_21.edf;chb12_33.edf;chb12_37.edf;chb12_38.edf
chb12,13s non-causal,0.7,134,2,14178,102,6,0,28,22,0.9808049054528937,7,7,0,4.004444444444444,2;5;18;0;6;1;0,12.0,2,3810,2736,chb12_21.edf;chb12_33.edf;chb12_37.edf;chb12_38.edf
chb12,29s causal,0.75,85,3,14177,151,5,0,28,23,0.9659038751165404,7,6,0,4.004444444444444,9;9;4;8;2;0,34.0,2,3810,2736,chb12_21.edf;chb12_33.edf;chb12_37.edf;chb12_38.edf
chb12,29s non-causal,0.7,120,1,14179,116,4,0,28,24,0.9920633023355885,7,6,0,4.004444444444444,3;8;0;6;1;0,6.0,2,3810,2736,chb12_21.edf;chb12_33.edf;chb12_37.edf;chb12_38.edf
chb12,61s causal,0.65,135,6,14174,101,7,0,28,21,0.963947789916569,7,7,1,4.004444444444444,4;5;19;2;8;0;0,27.0,2,3810,2736,chb12_21.edf;chb12_33.edf;chb12_37.edf;chb12_38.edf
chb12,61s non-causal,0.75,103,1,14179,133,3,0,28,25,0.9958762640147258,7,6,0,4.004444444444444,9;10;2;7;1;0,17.0,2,3810,2736,chb12_21.edf;chb12_33.edf;chb12_37.edf;chb12_38.edf
chb12,125s causal,0.7,105,6,14174,131,7,0,28,21,0.9624710143195239,7,7,0,4.004444444444444,7;5;20;2;8;0;0,38.0,2,3810,2736,chb12_21.edf;chb12_33.edf;chb12_37.edf;chb12_38.edf
chb12,125s non-causal,0.75,57,5,14175,179,2,0,28,26,0.9934564079271353,7,4,0,4.004444444444444,10;2;2;0,47.0,2,3810,2736,chb12_21.edf;chb12_33.edf;chb12_37.edf;chb12_38.edf
chb12,none,0.8,104,63,14154,79,7,0,24,17,0.9524751211798698,6,6,28,4.0,5;5;5;6;3;0,27.0,3,4146,2658,chb12_24.edf;chb12_36.edf;chb12_39.edf;chb12_42.edf
chb12,13s causal avg,0.7,82,39,14178,101,10,9,15,14,0.9779456672935618,6,6,2,4.0,21;11;14;13;12;10,,3,4146,2658,chb12_24.edf;chb12_36.edf;chb12_39.edf;chb12_42.edf
chb12,13s non-causal avg,0.65,120,45,14172,63,4,2,22,20,0.9967828863390283,6,6,2,4.0,11;4;7;5;6;3,,3,4146,2658,chb12_24.edf;chb12_36.edf;chb12_39.edf;chb12_42.edf
chb12,29s causal avg,0.45,109,249,13968,74,12,12,12,12,0.9604002904242631,6,6,2,4.0,18;12;13;7;13;11,,3,4146,2658,chb12_24.edf;chb12_36.edf;chb12_39.edf;chb12_42.edf
chb12,29s non-causal avg,0.55,164,95,14122,19,15,12,12,9,0.997135731063135,6,6,2,4.0,8;3;3;0;4;1,,3,4146,2658,chb12_24.edf;chb12_36.edf;chb12_39.edf;chb12_42.edf
chb12,61s causal avg,0.4,79,442,13775,104,12,12,12,12,0.9264253408622248,6,6,2,4.0,22;16;16;8;22;20,,3,4146,2658,chb12_24.edf;chb12_36.edf;chb12_39.edf;chb12_42.edf
chb12,61s non-causal avg,0.55,72,46,14171,111,8,7,17,16,0.9930169031072245,6,3,1,4.0,9;20;0,,3,4146,2658,chb12_24.edf;chb12_36.edf;chb12_39.edf;chb12_42.edf
chb12,125s causal avg,0.35,50,755,13462,133,8,8,16,16,0.8642080154175462,6,4,3,4.0,20;25;26;14,,3,4146,2658,chb12_24.edf;chb12_36.edf;chb12_39.edf;chb12_42.edf
chb12,125s non-causal avg,0.45,51,65,14152,132,4,6,18,20,0.9803982840523026,6,1,2,4.0,0,,3,4146,2658,chb12_24.edf;chb12_36.edf;chb12_39.edf;chb12_42.edf
chb12,13s causal,0.7,120,34,14183,63,8,0,24,16,0.9839471025029297,6,6,3,4.0,7;5;6;6;3;2,17.0,3,4146,2658,chb12_24.edf;chb12_36.edf;chb12_39.edf;chb12_42.edf
chb12,13s non-causal,0.7,131,38,14179,52,8,0,24,16,0.9951854760194349,6,6,3,4.0,5;4;4;4;3;0,17.0,3,4146,2658,chb12_24.edf;chb12_36.edf;chb12_39.edf;chb12_42.edf
chb12,29s causal,0.65,125,45,14172,58,8,2,22,16,0.9825849219994074,6,6,3,4.0,7;5;6;6;3;2,32.0,3,4146,2658,chb12_24.edf;chb12_36.edf;chb12_39.edf;chb12_42.edf
chb12,29s non-causal,0.7,127,38,14179,56,7,0,24,17,0.9969677646748621,6,6,3,4.0,7;4;5;5;3;0,8.0,3,4146,2658,chb12_24.edf;chb12_36.edf;chb12_39.edf;chb12_42.edf
chb12,61s causal,0.7,112,30,14187,71,7,0,24,17,0.9818346465076252,6,6,2,4.0,14;5;6;6;3;2,25.0,3,4146,2658,chb12_24.edf;chb12_36.edf;chb12_39.edf;chb12_42.edf
chb12,61s non-causal,0.6,142,51,14166,41,9,0,24,15,0.9970557836746663,6,6,4,4.0,5;4;3;3;2;0,26.0,3,4146,2658,chb12_24.edf;chb12_36.edf;chb12_39.edf;chb12_42.edf
chb12,125s causal,0.6,129,45,14172,54,10,1,23,14,0.9834051514560994,6,6,3,4.0,5;5;6;5;3;0,23.0,3,4146,2658,chb12_24.edf;chb12_36.edf;chb12_39.edf;chb12_42.edf
chb12,125s non-causal,0.65,142,53,14164,41,8,1,23,16,0.9974716638396809,6,6,3,4.0,5;3;2;3;2;0,12.0,3,4146,2658,chb12_24.edf;chb12_36.edf;chb12_39.edf;chb12_42.edf
chb12,none,0.85,53,176,12966,48,4,3,9,8,0.9444785142035736,3,3,26,3.678611111111111,0;3;12,21.0,4,4584,3114,chb12_09.edf;chb12_11.edf;chb12_32.edf;chb12_40.edf
chb12,13s causal avg,0.7,68,184,12958,33,6,6,6,6,0.9379609776530842,3,3,7,3.678611111111111,5;9;19,,4,4584,3114,chb12_09.edf;chb12_11.edf;chb12_32.edf;chb12_40.edf
chb12,13s non-causal avg,0.55,92,293,12849,9,10,7,5,2,0.9759037233810126,3,3,6,3.678611111111111,0;0;9,,4,4584,3114,chb12_09.edf;chb12_11.edf;chb12_32.edf;chb12_40.edf
chb12,29s causal avg,0.45,74,482,12660,27,6,6,6,6,0.9019288171398178,3,3,8,3.678611111111111,3;4;20,,4,4584,3114,chb12_09.edf;chb12_11.edf;chb12_32.edf;chb12_40.edf
chb12,29s non-causal avg,0.55,90,318,12824,11,10,8,4,2,0.9847838763483715,3,3,4,3.678611111111111,0;0;11,,4,4584,3114,chb12_09.edf;chb12_11.edf;chb12_32.edf;chb12_40.edf
chb12,61s causal avg,0.4,55,727,12415,46,6,6,6,6,0.849169995374214,3,3,9,3.678611111111111,10;5;31,,4,4584,3114,chb12_09.edf;chb12_11.edf;chb12_32.edf;chb12_40.edf
chb12,61s non-causal avg,0.5,81,422,12720,20,10,9,3,2,0.9773818654122298,3,3,4,3.678611111111111,0;0;20,,4,4584,3114,chb12_09.edf;chb12_11.edf;chb12_32.edf;chb12_40.edf
chb12,125s causal avg,0.35,43,1284,11858,58,4,4,8,8,0.7192554744745514,3,2,10,3.678611111111111,17;4,,4,4584,3114,chb12_09.edf;chb12_11.edf;chb12_32.edf;chb12_40.edf
chb12,125s non-causal avg,0.55,0,221,12921,101,0,0,12,12,0.9375970925353074,3,0,3,3.678611111111111,,,4,4584,3114,chb12_09.edf;chb12_11.edf;chb12_32.edf;chb12_40.edf
chb12,13s causal,0.45,86,272,12870,15,8,8,4,4,0.9516951923468103,3,3,12,3.678611111111111,0;3;12,2.0,4,4584,3114,chb12_09.edf;chb12_11.edf;chb12_32.edf;chb12_40.edf
chb12,13s non-causal,0.45,90,261,12881,11,9,6,6,3,0.9674936828639491,3,3,10,3.678611111111111,0;1;10,6.0,4,4584,3114,chb12_09.edf;chb12_11.edf;chb12_32.edf;chb12_40.edf
chb12,29s causal,0.65,86,206,12936,15,8,4,8,4,0.9530769010548901,3,3,8,3.678611111111111,0;3;12,9.0,4,4584,3114,chb12_09.edf;chb12_11.edf;chb12_32.edf;chb12_40.edf
chb12,29s non-causal,0.4,92,295,12847,9,9,8,4,3,0.9768955551771886,3,3,8,3.678611111111111,0;0;8,10.0,4,4584,3114,chb12_09.edf;chb12_11.edf;chb12_32.edf;chb12_40.edf
chb12,61s causal,0.5,87,254,12888,14,8,7,5,4,0.95103221325024,3,3,19,3.678611111111111,0;2;12,12.0,4,4584,3114,chb12_09.edf;chb12_11.edf;chb12_32.edf;chb12_40.edf
chb12,61s non-causal,0.5,90,265,12877,11,9,6,6,3,0.9814652139388341,3,3,6,3.678611111111111,0;1;10,4.0,4,4584,3114,chb12_09.edf;chb12_11.edf;chb12_32.edf;chb12_40.edf
chb12,125s causal,0.55,86,256,12886,15,8,8,4,4,0.9506434664163419,3,3,16,3.678611111111111,0;3;12,4.0,4,4584,3114,chb12_09.edf;chb12_11.edf;chb12_32.edf;chb12_40.edf
chb12,125s non-causal,0.45,89,284,12858,12,8,6,6,4,0.9804549242019011,3,3,5,3.678611111111111,0;0;10,1.0,4,4584,3114,chb12_09.edf;chb12_11.edf;chb12_32.edf;chb12_40.edf
chb13,none,0.5,33,155,10590,22,3,4,8,9,0.9501992470070646,3,3,38,3.0,6;5;0,0.0,0,1824,1104,chb13_02.edf;chb13_55.edf;chb13_58.edf
chb13,13s causal avg,0.5,17,39,10706,38,6,6,6,6,0.9526562037311224,3,3,3,3.0,15;11;12,,0,1824,1104,chb13_02.edf;chb13_55.edf;chb13_58.edf
chb13,13s non-causal avg,0.5,31,25,10720,24,4,4,8,8,0.9907170354075892,3,3,3,3.0,9;5;6,,0,1824,1104,chb13_02.edf;chb13_55.edf;chb13_58.edf
chb13,29s causal avg,0.5,0,30,10715,55,0,0,12,12,0.8988552815262913,3,0,2,3.0,,,0,1824,1104,chb13_02.edf;chb13_55.edf;chb13_58.edf
chb13,29s non-causal avg,0.5,13,17,10728,42,4,4,8,8,0.9882989974195185,3,2,0,3.0,9;13,,0,1824,1104,chb13_02.edf;chb13_55.edf;chb13_58.edf
chb13,61s causal avg,0.5,0,0,10745,55,0,0,12,12,0.8189178899276619,3,0,0,3.0,,,0,1824,1104,chb13_02.edf;chb13_55.edf;chb13_58.edf
chb13,61s non-causal avg,0.5,0,0,10745,55,0,0,12,12,0.9762240365497694,3,0,0,3.0,,,0,1824,1104,chb13_02.edf;chb13_55.edf;chb13_58.edf
chb13,125s causal avg,0.45,0,219,10526,55,0,0,12,12,0.6959490672194255,3,0,3,3.0,,,0,1824,1104,chb13_02.edf;chb13_55.edf;chb13_58.edf
chb13,125s non-causal avg,0.5,0,0,10745,55,0,0,12,12,0.9693015779009264,3,0,0,3.0,,,0,1824,1104,chb13_02.edf;chb13_55.edf;chb13_58.edf
chb13,13s causal,0.3,36,189,10556,19,5,6,6,7,0.9605956258724988,3,3,16,3.0,8;5;0,0.0,0,1824,1104,chb13_02.edf;chb13_55.edf;chb13_58.edf
chb13,13s non-causal,0.3,38,183,10562,17,4,5,7,8,0.974565759972926,3,3,14,3.0,6;5;0,0.0,0,1824,1104,chb13_02.edf;chb13_55.edf;chb13_58.edf
chb13,29s causal,0.35,37,242,10503,18,5,6,6,7,0.9576834891492871,3,3,27,3.0,8;5;0,0.0,0,1824,1104,chb13_02.edf;chb13_55.edf;chb13_58.edf
chb13,29s non-causal,0.35,41,239,10506,14,4,5,7,8,0.9748771098608232,3,3,27,3.0,6;2;0,0.0,0,1824,1104,chb13_02.edf;chb13_55.edf;chb13_58.edf
chb13,61s causal,0.3,15,122,10623,40,2,4,8,10,0.9501078725834425,3,3,9,3.0,14;10;9,0.0,0,1824,1104,chb13_02.edf;chb13_55.edf;chb13_58.edf
chb13,61s non-causal,0.3,35,97,10648,20,4,4,8,8,0.9852328778713144,3,3,11,3.0,9;5;0,0.0,0,1824,1104,chb13_02.edf;chb13_55.edf;chb13_58.edf
chb13,125s causal,0.35,40,345,10400,15,7,6,6,5,0.9597444900376496,3,3,15,3.0,8;5;0,0.0,0,1824,1104,chb13_02.edf;chb13_55.edf;chb13_58.edf
chb13,125s non-causal,0.4,20,13,10732,35,3,1,11,9,0.9864748931849909,3,3,4,3.0,12;7;3,0.0,0,1824,1104,chb13_02.edf;chb13_55.edf;chb13_58.edf
chb13,none,0.65,36,112,10622,30,2,1,7,6,0.9564708007972402,2,2,35,3.0,4;7,4.0,1,1578,1188,chb13_03.edf;chb13_19.edf;chb13_60.edf
chb13,13s causal avg,0.7,24,0,10734,42,0,0,8,8,0.9574998164992576,2,1,0,3.0,16,,1,1578,1188,chb13_03.edf;chb13_19.edf;chb13_60.edf
chb13,13s non-causal avg,0.7,24,0,10734,42,0,0,8,8,0.9941646763893829,2,1,0,3.0,10,,1,1578,1188,chb13_03.edf;chb13_19.edf;chb13_60.edf
chb13,29s causal avg,0.55,22,52,10682,44,2,2,6,6,0.9482880792271514,2,1,4,3.0,22,,1,1578,1188,chb13_03.edf;chb13_19.edf;chb13_60.edf
chb13,29s non-causal avg,0.7,15,0,10734,51,0,0,8,8,0.9931737723800328,2,1,0,3.0,16,,1,1578,1188,chb13_03.edf;chb13_19.edf;chb13_60.edf
chb13,61s causal avg,0.4,22,468,10266,44,2,3,5,6,0.9189166680782107,2,1,2,3.0,22,,1,1578,1188,chb13_03.edf;chb13_19.edf;chb13_60.edf
chb13,61s non-causal avg,0.55,32,15,10719,34,2,2,6,6,0.9888784434620096,2,1,1,3.0,12,,1,1578,1188,chb13_03.edf;chb13_19.edf;chb13_60.edf
chb13,125s causal avg,0.35,21,640,10094,45,4,4,4,4,0.8942908684384369,2,2,1,3.0,28;17,,1,1578,1188,chb13_03.edf;chb13_19.edf;chb13_60.edf
chb13,125s non-causal avg,0.5,11,122,10612,55,2,2,6,6,0.9774181163225323,2,1,3,3.0,33,,1,1578,1188,chb13_03.edf;chb13_19.edf;chb13_60.edf
chb13,13s causal,0.6,19,2,10732,47,0,0,8,8,0.9655583221821343,2,2,1,3.0,9;7,27.0,1,1578,1188,chb13_03.edf;chb13_19.edf;chb13_60.edf
chb13,13s non-causal,0.5,22,4,10730,44,0,0,8,8,0.9967703869324887,2,2,3,3.0,5;10,26.0,1,1578,1188,chb13_03.edf;chb13_19.edf;chb13_60.edf
chb13,29s causal,0.55,32,2,10732,34,1,0,8,7,0.9541459875445343,2,2,2,3.0,6;9,9.0,1,1578,1188,chb13_03.edf;chb13_19.edf;chb13_60.edf
chb13,29s non-causal,0.7,10,0,10734,56,0,0,8,8,0.9974818051956118,2,1,0,3.0,5,35.0,1,1578,1188,chb13_03.edf;chb13_19.edf;chb13_60.edf
chb13,61s causal,0.65,14,1,10733,52,0,0,8,8,0.9515162807504898,2,2,1,3.0,9;7,15.0,1,1578,1188,chb13_03.edf;chb13_19.edf;chb13_60.edf
chb13,61s non-causal,0.6,30,10,10724,36,1,0,8,7,0.9981805195611791,2,2,2,3.0,1;6,23.0,1,1578,1188,chb13_03.edf;chb13_19.edf;chb13_60.edf
chb13,125s causal,0.6,42,11,10723,24,2,1,7,6,0.9540852911451011,2,2,1,3.0,5;7,13.0,1,1578,1188,chb13_03.edf;chb13_19.edf;chb13_60.edf
chb13,125s non-causal,0.65,30,4,10730,36,1,0,8,7,0.9980831230132515,2,2,2,3.0,1;7,35.0,1,1578,1188,chb13_03.edf;chb13_19.edf;chb13_60.edf
chb13,none,0.5,8,0,7130,62,0,0,4,4,0.9396413544379884,1,1,0,2.0,10,0.0,2,1722,1446,chb13_21.edf;chb13_22.edf
chb13,13s causal avg,0.45,29,0,7130,41,0,0,4,4,0.9831196153075535,1,1,0,2.0,13,,2,1722,1446,chb13_21.edf;chb13_22.edf
chb13,13s non-causal avg,0.45,29,0,7130,41,0,0,4,4,0.994764576237227,1,1,0,2.0,7,,2,1722,1446,chb13_21.edf;chb13_22.edf
chb13,29s causal avg,0.4,58,142,6988,12,2,2,2,2,0.9852895211380485,1,1,1,2.0,12,,2,1722,1446,chb13_21.edf;chb13_22.edf
chb13,29s non-causal avg,0.45,25,0,7130,45,0,0,4,4,0.9976557804047286,1,1,0,2.0,15,,2,1722,1446,chb13_21.edf;chb13_22.edf
chb13,61s causal avg,0.05,70,7130,0,0,4,4,0,0,0.9715688238829894,1,1,1,2.0,0,,2,1722,1446,chb13_21.edf;chb13_22.edf
chb13,61s non-causal avg,0.4,70,156,6974,0,4,4,0,0,0.9996974554197555,1,1,1,2.0,0,,2,1722,1446,chb13_21.edf;chb13_22.edf
chb13,125s causal avg,0.05,70,7130,0,0,4,4,0,0,0.9285473852935284,1,1,1,2.0,0,,2,1722,1446,chb13_21.edf;chb13_22.edf
chb13,125s non-causal avg,0.4,70,137,6993,0,4,4,0,0,0.9983891003806853,1,1,1,2.0,0,,2,1722,1446,chb13_21.edf;chb13_22.edf
chb13,13s causal,0.3,29,6,7124,41,0,0,4,4,0.9746924464035264,1,1,4,2.0,8,0.0,2,1722,1446,chb13_21.edf;chb13_22.edf
chb13,13s non-causal,0.3,27,5,7125,43,0,0,4,4,0.9736485674213584,1,1,3,2.0,8,0.0,2,1722,1446,chb13_21.edf;chb13_22.edf
chb13,29s causal,0.25,31,21,7109,39,0,0,4,4,0.9651733119615308,1,1,6,2.0,9,0.0,2,1722,1446,chb13_21.edf;chb13_22.edf
chb13,29s non-causal,0.25,26,14,7116,44,0,0,4,4,0.9736625926668002,1,1,8,2.0,8,0.0,2,1722,1446,chb13_21.edf;chb13_22.edf
chb13,61s causal,0.35,22,1,7129,48,0,0,4,4,0.9734001202163896,1,1,1,2.0,9,0.0,2,1722,1446,chb13_21.edf;chb13_22.edf
chb13,61s non-causal,0.35,19,1,7129,51,0,0,4,4,0.9814385894610298,1,1,1,2.0,8,0.0,2,1722,1446,chb13_21.edf;chb13_22.edf
chb13,125s causal,0.3,25,4,7126,45,0,0,4,4,0.9734261671007814,1,1,4,2.0,9,0.0,2,1722,1446,chb13_21.edf;chb13_22.edf
chb13,125s non-causal,0.35,7,0,7130,63,0,0,4,4,0.9804167501502704,1,1,0,2.0,10,0.0,2,1722,1446,chb13_21.edf;chb13_22.edf
chb13,none,0.75,50,49,7089,12,2,2,2,2,0.9773249035150353,1,1,4,2.0,6,10.0,3,2046,1386,chb13_56.edf;chb13_59.edf
chb13,13s causal avg,0.7,46,46,7092,16,2,2,2,2,0.9895222299550791,1,1,0,2.0,16,,3,2046,1386,chb13_56.edf;chb13_59.edf
chb13,13s non-causal avg,0.7,52,40,7098,10,2,2,2,2,0.9969676153978253,1,1,0,2.0,10,,3,2046,1386,chb13_56.edf;chb13_59.edf
chb13,29s causal avg,0.75,31,36,7102,31,2,2,2,2,0.9862593660463308,1,1,0,2.0,31,,3,2046,1386,chb13_56.edf;chb13_59.edf
chb13,29s non-causal avg,0.65,49,45,7093,13,2,2,2,2,0.9969495385894667,1,1,0,2.0,13,,3,2046,1386,chb13_56.edf;chb13_59.edf
chb13,61s causal avg,0.7,9,60,7078,53,2,2,2,2,0.9711968654814306,1,1,0,2.0,53,,3,2046,1386,chb13_56.edf;chb13_59.edf
chb13,61s non-causal avg,0.6,48,54,7084,14,2,2,2,2,0.9961654570269073,1,1,0,2.0,14,,3,2046,1386,chb13_56.edf;chb13_59.edf
chb13,125s causal avg,0.45,8,179,6959,54,2,2,2,2,0.927907428664395,1,1,0,2.0,54,,3,2046,1386,chb13_56.edf;chb13_59.edf
chb13,125s non-causal avg,0.65,26,45,7093,36,2,2,2,2,0.992550095355164,1,1,0,2.0,36,,3,2046,1386,chb13_56.edf;chb13_59.edf
chb13,13s causal,0.45,54,70,7068,8,2,2,2,2,0.9740959336219598,1,1,3,2.0,8,6.0,3,2046,1386,chb13_56.edf;chb13_59.edf
chb13,13s non-causal,0.6,59,39,7099,3,2,2,2,2,0.9984295772738366,1,1,4,2.0,3,95.0,3,2046,1386,chb13_56.edf;chb13_59.edf
chb13,29s causal,0.4,55,75,7063,7,2,2,2,2,0.9740123283833008,1,1,4,2.0,7,12.0,3,2046,1386,chb13_56.edf;chb13_59.edf
chb13,29s non-causal,0.55,60,32,7106,2,2,2,2,2,0.9992972640750549,1,1,2,2.0,2,56.0,3,2046,1386,chb13_56.edf;chb13_59.edf
chb13,61s causal,0.4,56,75,7063,6,2,2,2,2,0.9891923282025326,1,1,8,2.0,6,39.0,3,2046,1386,chb13_56.edf;chb13_59.edf
chb13,61s non-causal,0.65,60,27,7111,2,2,2,2,2,0.9993424560959516,1,1,2,2.0,2,73.0,3,2046,1386,chb13_56.edf;chb13_59.edf
chb13,125s causal,0.35,56,27,7111,6,2,2,2,2,0.9838732273429802,1,1,10,2.0,6,23.0,3,2046,1386,chb13_56.edf;chb13_59.edf
chb13,125s non-causal,0.6,59,28,7110,3,2,2,2,2,0.999281446867741,1,1,2,2.0,3,40.0,3,2046,1386,chb13_56.edf;chb13_59.edf
chb13,none,0.7,97,90,3323,90,4,2,10,8,0.7893662326023023,3,2,15,1.0,5;7,3.0,4,1284,612,chb13_62.edf
chb13,13s causal avg,0.6,98,85,3328,89,4,4,8,8,0.7628272522017889,3,2,1,1.0,11;13,,4,1284,612,chb13_62.edf
chb13,13s non-causal avg,0.6,110,73,3340,77,4,4,8,8,0.7980574431514608,3,2,1,1.0,5;7,,4,1284,612,chb13_62.edf
chb13,29s causal avg,0.35,106,470,2943,81,4,4,8,8,0.7385084710708192,3,2,4,1.0,7;9,,4,1284,612,chb13_62.edf
chb13,29s non-causal avg,0.55,112,93,3320,75,4,4,8,8,0.8113817724303583,3,2,0,1.0,4;6,,4,1284,612,chb13_62.edf
chb13,61s causal avg,0.3,104,766,2647,83,4,4,8,8,0.6597861902665335,3,2,4,1.0,8;10,,4,1284,612,chb13_62.edf
chb13,61s non-causal avg,0.4,122,358,3055,65,8,8,4,4,0.8088153035499686,3,2,1,1.0,0;0,,4,1284,612,chb13_62.edf
chb13,125s causal avg,0.25,113,1882,1531,74,4,4,8,8,0.5842539770083246,3,2,12,1.0,3;6,,4,1284,612,chb13_62.edf
chb13,125s non-causal avg,0.4,122,341,3072,65,8,8,4,4,0.836831805412147,3,2,1,1.0,0;0,,4,1284,612,chb13_62.edf
chb13,13s causal,0.55,104,67,3346,83,4,3,9,8,0.7957886721265499,3,2,8,1.0,5;7,11.0,4,1284,612,chb13_62.edf
chb13,13s non-causal,0.45,116,70,3343,71,4,3,9,8,0.8073393489191216,3,2,4,1.0,1;4,15.0,4,1284,612,chb13_62.edf
chb13,29s causal,0.6,93,32,3381,94,2,2,10,10,0.7775813146023932,3,2,6,1.0,4;7,46.0,4,1284,612,chb13_62.edf
chb13,29s non-causal,0.45,118,71,3342,69,5,4,8,7,0.8262556973885631,3,2,2,1.0,1;3,8.0,4,1284,612,chb13_62.edf
chb13,61s causal,0.55,84,11,3402,103,1,0,12,11,0.7955458133497119,3,2,3,1.0,4;6,26.0,4,1284,612,chb13_62.edf
chb13,61s non-causal,0.4,119,69,3344,68,5,4,8,7,0.8428735050475453,3,2,2,1.0,1;2,7.0,4,1284,612,chb13_62.edf
chb13,125s causal,0.6,90,12,3401,97,2,2,10,10,0.8064846427077342,3,2,2,1.0,4;7,30.0,4,1284,612,chb13_62.edf
chb13,125s non-causal,0.4,119,74,3339,68,5,4,8,7,0.8532788285119337,3,2,2,1.0,1;2,6.0,4,1284,612,chb13_62.edf
chb14,none,0.5,51,906,20611,32,4,0,12,8,0.9064746227555573,3,3,236,6.0,2;1;3,1.0,0,420,498,chb14_01.edf;chb14_04.edf;chb14_11.edf;chb14_14.edf;chb14_24.edf;chb14_32.edf
chb14,13s causal avg,0.45,78,5819,15698,5,10,10,2,2,0.9366189020617489,3,3,180,6.0,0;0;5,,0,420,498,chb14_01.edf;chb14_04.edf;chb14_11.edf;chb14_14.edf;chb14_24.edf;chb14_32.edf
chb14,13s non-causal avg,0.45,83,5812,15705,0,12,11,1,0,0.981465481762529,3,3,179,6.0,0;0;0,,0,420,498,chb14_01.edf;chb14_04.edf;chb14_11.edf;chb14_14.edf;chb14_24.edf;chb14_32.edf
chb14,29s causal avg,0.45,75,5979,15538,8,10,10,2,2,0.9044302879594784,3,3,116,6.0,0;0;8,,0,420,498,chb14_01.edf;chb14_04.edf;chb14_11.edf;chb14_14.edf;chb14_24.edf;chb14_32.edf
chb14,29s non-causal avg,0.45,83,5969,15548,0,12,12,0,0,0.9886914857459302,3,3,115,6.0,0;0;0,,0,420,498,chb14_01.edf;chb14_04.edf;chb14_11.edf;chb14_14.edf;chb14_24.edf;chb14_32.edf
chb14,61s causal avg,0.05,83,21517,0,0,12,12,0,0,0.7912085204693851,3,3,4,6.0,0;0;0,,0,420,498,chb14_01.edf;chb14_04.edf;chb14_11.edf;chb14_14.edf;chb14_24.edf;chb14_32.edf
chb14,61s non-causal avg,0.05,83,21517,0,0,12,12,0,0,0.9799094131790442,3,3,4,6.0,0;0;0,,0,420,498,chb14_01.edf;chb14_04.edf;chb14_11.edf;chb14_14.edf;chb14_24.edf;chb14_32.edf
chb14,125s causal avg,0.05,83,21517,0,0,12,12,0,0,0.5747943206576364,3,3,4,6.0,0;0;0,,0,420,498,chb14_01.edf;chb14_04.edf;chb14_11.edf;chb14_14.edf;chb14_24.edf;chb14_32.edf
chb14,125s non-causal avg,0.05,83,21517,0,0,12,12,0,0,0.8447316243642601,3,3,4,6.0,0;0;0,,0,420,498,chb14_01.edf;chb14_04.edf;chb14_11.edf;chb14_14.edf;chb14_24.edf;chb14_32.edf
chb14,13s causal,0.35,47,272,21245,36,4,4,8,8,0.9379173990193239,3,3,53,6.0,5;3;7,6.0,0,420,498,chb14_01.edf;chb14_04.edf;chb14_11.edf;chb14_14.edf;chb14_24.edf;chb14_32.edf
chb14,13s non-causal,0.35,48,125,21392,35,2,0,12,10,0.9568892290825244,3,3,40,6.0,2;2;4,5.0,0,420,498,chb14_01.edf;chb14_04.edf;chb14_11.edf;chb14_14.edf;chb14_24.edf;chb14_32.edf
chb14,29s causal,0.25,71,1952,19565,12,5,4,8,7,0.938385507452499,3,3,180,6.0,2;0;4,5.0,0,420,498,chb14_01.edf;chb14_04.edf;chb14_11.edf;chb14_14.edf;chb14_24.edf;chb14_32.edf
chb14,29s non-causal,0.4,64,399,21118,19,8,1,11,4,0.9830909826973461,3,3,49,6.0,0;0;1,18.0,0,420,498,chb14_01.edf;chb14_04.edf;chb14_11.edf;chb14_14.edf;chb14_24.edf;chb14_32.edf
chb14,61s causal,0.3,67,1802,19715,16,5,4,8,7,0.9367835239270041,3,3,151,6.0,3;0;6,6.0,0,420,498,chb14_01.edf;chb14_04.edf;chb14_11.edf;chb14_14.edf;chb14_24.edf;chb14_32.edf
chb14,61s non-causal,0.4,56,513,21004,27,5,2,10,7,0.9705937193958714,3,3,65,6.0,1;1;4,6.0,0,420,498,chb14_01.edf;chb14_04.edf;chb14_11.edf;chb14_14.edf;chb14_24.edf;chb14_32.edf
chb14,125s causal,0.25,64,1770,19747,19,5,4,8,7,0.9328555566318815,3,3,146,6.0,2;1;5,5.0,0,420,498,chb14_01.edf;chb14_04.edf;chb14_11.edf;chb14_14.edf;chb14_24.edf;chb14_32.edf
chb14,125s non-causal,0.3,72,961,20556,11,9,5,7,3,0.9841055909281033,3,3,86,6.0,0;0;1,15.0,0,420,498,chb14_01.edf;chb14_04.edf;chb14_11.edf;chb14_14.edf;chb14_24.edf;chb14_32.edf
chb14,none,0.8,1,5,21561,33,0,0,8,8,0.965235310483277,2,1,4,6.0,14,9.0,1,678,642,chb14_02.edf;chb14_06.edf;chb14_16.edf;chb14_17.edf;chb14_25.edf;chb14_37.edf
chb14,13s causal avg,0.65,8,4,21562,26,2,2,6,6,0.9682493140073428,2,1,0,6.0,12,,1,678,642,chb14_02.edf;chb14_06.edf;chb14_16.edf;chb14_17.edf;chb14_25.edf;chb14_37.edf
chb14,13s non-causal avg,0.65,12,0,21566,22,0,0,8,8,0.995858131808784,2,1,0,6.0,6,,1,678,642,chb14_02.edf;chb14_06.edf;chb14_16.edf;chb14_17.edf;chb14_25.edf;chb14_37.edf
chb14,29s causal avg,0.5,4,37,21529,30,2,2,6,6,0.9323376665884752,2,1,3,6.0,16,,1,678,642,chb14_02.edf;chb14_06.edf;chb14_16.edf;chb14_17.edf;chb14_25.edf;chb14_37.edf
chb14,29s non-causal avg,0.6,5,0,21566,29,0,0,8,8,0.9982666070230374,2,1,0,6.0,13,,1,678,642,chb14_02.edf;chb14_06.edf;chb14_16.edf;chb14_17.edf;chb14_25.edf;chb14_37.edf
chb14,61s causal avg,0.4,0,270,21296,34,0,0,8,8,0.8723549050520699,2,0,7,6.0,,,1,678,642,chb14_02.edf;chb14_06.edf;chb14_16.edf;chb14_17.edf;chb14_25.edf;chb14_37.edf
chb14,61s non-causal avg,0.4,34,236,21330,0,8,8,0,0,0.9929927827571723,2,2,5,6.0,0;0,,1,678,642,chb14_02.edf;chb14_06.edf;chb14_16.edf;chb14_17.edf;chb14_25.edf;chb14_37.edf
chb14,125s causal avg,0.25,30,7891,13675,4,6,6,2,2,0.807231971894758,2,2,33,6.0,0;4,,1,678,642,chb14_02.edf;chb14_06.edf;chb14_16.edf;chb14_17.edf;chb14_25.edf;chb14_37.edf
chb14,125s non-causal avg,0.3,34,2625,18941,0,8,8,0,0,0.945728843331824,2,2,29,6.0,0;0,,1,678,642,chb14_02.edf;chb14_06.edf;chb14_16.edf;chb14_17.edf;chb14_25.edf;chb14_37.edf
chb14,13s causal,0.7,7,1,21565,27,1,1,7,7,0.9701422718767558,2,1,0,6.0,12,32.0,1,678,642,chb14_02.edf;chb14_06.edf;chb14_16.edf;chb14_17.edf;chb14_25.edf;chb14_37.edf
chb14,13s non-causal,0.9,10,0,21566,24,0,0,8,8,0.9980674918580991,2,1,0,6.0,7,44.0,1,678,642,chb14_02.edf;chb14_06.edf;chb14_16.edf;chb14_17.edf;chb14_25.edf;chb14_37.edf
chb14,29s causal,0.8,4,0,21566,30,1,0,8,7,0.9650880198133227,2,1,0,6.0,14,48.0,1,678,642,chb14_02.edf;chb14_06.edf;chb14_16.edf;chb14_17.edf;chb14_25.edf;chb14_37.edf
chb14,29s non-causal,0.8,14,0,21566,20,1,0,8,7,0.9978083693831794,2,1,0,6.0,4,27.0,1,678,642,chb14_02.edf;chb14_06.edf;chb14_16.edf;chb14_17.edf;chb14_25.edf;chb14_37.edf
chb14,61s causal,0.8,5,0,21566,29,1,0,8,7,0.9425552749153079,2,1,0,6.0,13,52.0,1,678,642,chb14_02.edf;chb14_06.edf;chb14_16.edf;chb14_17.edf;chb14_25.edf;chb14_37.edf
chb14,61s non-causal,0.8,14,0,21566,20,1,0,8,7,0.9970569142059124,2,1,0,6.0,4,22.0,1,678,642,chb14_02.edf;chb14_06.edf;chb14_16.edf;chb14_17.edf;chb14_25.edf;chb14_37.edf
chb14,125s causal,0.65,10,1,21565,24,2,1,7,6,0.961022524562083,2,1,0,6.0,10,31.0,1,678,642,chb14_02.edf;chb14_06.edf;chb14_16.edf;chb14_17.edf;chb14_25.edf;chb14_37.edf
chb14,125s non-causal,0.8,14,0,21566,20,1,0,8,7,0.9971796564308744,2,1,0,6.0,4,17.0,1,678,642,chb14_02.edf;chb14_06.edf;chb14_16.edf;chb14_17.edf;chb14_25.edf;chb14_37.edf
chb14,none,0.75,5,11,17975,9,0,0,4,4,0.9647463900494035,1,1,9,5.0,4,5.0,2,798,1014,chb14_03.edf;chb14_07.edf;chb14_19.edf;chb14_26.edf;chb14_39.edf
chb14,13s causal avg,0.7,0,0,17986,14,0,0,4,4,0.9877364934631698,1,0,0,5.0,,,2,798,1014,chb14_03.edf;chb14_07.edf;chb14_19.edf;chb14_26.edf;chb14_39.edf
chb14,13s non-causal avg,0.7,0,0,17986,14,0,0,4,4,0.9992216168130769,1,0,0,5.0,,,2,798,1014,chb14_03.edf;chb14_07.edf;chb14_19.edf;chb14_26.edf;chb14_39.edf
chb14,29s causal avg,0.55,0,20,17966,14,0,0,4,4,0.9544248701370907,1,0,2,5.0,,,2,798,1014,chb14_03.edf;chb14_07.edf;chb14_19.edf;chb14_26.edf;chb14_39.edf
chb14,29s non-causal avg,0.55,9,11,17975,5,1,2,2,3,0.9992255881558673,1,1,1,5.0,3,,2,798,1014,chb14_03.edf;chb14_07.edf;chb14_19.edf;chb14_26.edf;chb14_39.edf
chb14,61s causal avg,0.4,2,474,17512,12,2,2,2,2,0.940219376975743,1,1,12,5.0,12,,2,798,1014,chb14_03.edf;chb14_07.edf;chb14_19.edf;chb14_26.edf;chb14_39.edf
chb14,61s non-causal avg,0.4,14,447,17539,0,4,4,0,0,0.9955838668170482,1,1,11,5.0,0,,2,798,1014,chb14_03.edf;chb14_07.edf;chb14_19.edf;chb14_26.edf;chb14_39.edf
chb14,125s causal avg,0.35,5,1401,16585,9,2,2,2,2,0.909612238089943,1,1,15,5.0,9,,2,798,1014,chb14_03.edf;chb14_07.edf;chb14_19.edf;chb14_26.edf;chb14_39.edf
chb14,125s non-causal avg,0.35,14,1399,16587,0,4,4,0,0,0.9884910485933504,1,1,14,5.0,0,,2,798,1014,chb14_03.edf;chb14_07.edf;chb14_19.edf;chb14_26.edf;chb14_39.edf
chb14,13s causal,0.7,5,0,17986,9,1,0,4,3,0.8811138822258583,1,1,0,5.0,7,19.0,2,798,1014,chb14_03.edf;chb14_07.edf;chb14_19.edf;chb14_26.edf;chb14_39.edf
chb14,13s non-causal,0.85,7,0,17986,7,0,0,4,4,0.9999602865720958,1,1,0,5.0,4,19.0,2,798,1014,chb14_03.edf;chb14_07.edf;chb14_19.edf;chb14_26.edf;chb14_39.edf
chb14,29s causal,0.75,4,0,17986,10,0,0,4,4,0.8877221966291241,1,1,0,5.0,7,24.0,2,798,1014,chb14_03.edf;chb14_07.edf;chb14_19.edf;chb14_26.edf;chb14_39.edf
chb14,29s non-causal,0.85,4,0,17986,10,0,0,4,4,0.9999761719432574,1,1,0,5.0,4,15.0,2,798,1014,chb14_03.edf;chb14_07.edf;chb14_19.edf;chb14_26.edf;chb14_39.edf
chb14,61s causal,0.75,5,0,17986,9,1,0,4,3,0.8715826595288398,1,1,0,5.0,7,17.0,2,798,1014,chb14_03.edf;chb14_07.edf;chb14_19.edf;chb14_26.edf;chb14_39.edf
chb14,61s non-causal,0.8,4,0,17986,10,0,0,4,4,0.9999563152293054,1,1,0,5.0,4,8.0,2,798,1014,chb14_03.edf;chb14_07.edf;chb14_19.edf;chb14_26.edf;chb14_39.edf
chb14,125s causal,0.7,5,0,17986,9,1,0,4,3,0.8790686406887896,1,1,0,5.0,7,21.0,2,798,1014,chb14_03.edf;chb14_07.edf;chb14_19.edf;chb14_26.edf;chb14_39.edf
chb14,125s non-causal,0.85,3,0,17986,11,0,0,4,4,0.9999880859716287,1,1,0,5.0,6,9.0,2,798,1014,chb14_03.edf;chb14_07.edf;chb14_19.edf;chb14_26.edf;chb14_39.edf
chb14,none,0.85,5,28,17956,11,0,0,4,4,0.840577040702847,1,1,22,5.0,4,19.0,3,798,900,chb14_12.edf;chb14_20.edf;chb14_27.edf;chb14_29.edf;chb14_42.edf
chb14,13s causal avg,0.65,0,1,17983,16,0,0,4,4,0.8676114879893239,1,0,1,5.0,,,3,798,900,chb14_12.edf;chb14_20.edf;chb14_27.edf;chb14_29.edf;chb14_42.edf
chb14,13s non-causal avg,0.65,0,1,17983,16,0,0,4,4,0.9877669039145909,1,0,1,5.0,,,3,798,900,chb14_12.edf;chb14_20.edf;chb14_27.edf;chb14_29.edf;chb14_42.edf
chb14,29s causal avg,0.55,0,0,17984,16,0,0,4,4,0.8740825177935944,1,0,0,5.0,,,3,798,900,chb14_12.edf;chb14_20.edf;chb14_27.edf;chb14_29.edf;chb14_42.edf
chb14,29s non-causal avg,0.6,0,0,17984,16,0,0,4,4,0.9681696229982206,1,0,0,5.0,,,3,798,900,chb14_12.edf;chb14_20.edf;chb14_27.edf;chb14_29.edf;chb14_42.edf
chb14,61s causal avg,0.25,0,1394,16590,16,0,0,4,4,0.7125847975978649,1,0,26,5.0,,,3,798,900,chb14_12.edf;chb14_20.edf;chb14_27.edf;chb14_29.edf;chb14_42.edf
chb14,61s non-causal avg,0.4,0,189,17795,16,0,0,4,4,0.9341428491992882,1,0,8,5.0,,,3,798,900,chb14_12.edf;chb14_20.edf;chb14_27.edf;chb14_29.edf;chb14_42.edf
chb14,125s causal avg,0.15,7,4840,13144,9,2,2,2,2,0.6465782084074733,1,1,11,5.0,9,,3,798,900,chb14_12.edf;chb14_20.edf;chb14_27.edf;chb14_29.edf;chb14_42.edf
chb14,125s non-causal avg,0.25,0,1312,16672,16,0,0,4,4,0.8389297431049821,1,0,19,5.0,,,3,798,900,chb14_12.edf;chb14_20.edf;chb14_27.edf;chb14_29.edf;chb14_42.edf
chb14,13s causal,0.8,4,1,17983,12,0,0,4,4,0.8512983763345197,1,1,1,5.0,6,34.0,3,798,900,chb14_12.edf;chb14_20.edf;chb14_27.edf;chb14_29.edf;chb14_42.edf
chb14,13s non-causal,0.7,8,7,17977,8,0,0,4,4,0.9891535531583631,1,1,2,5.0,3,34.0,3,798,900,chb14_12.edf;chb14_20.edf;chb14_27.edf;chb14_29.edf;chb14_42.edf
chb14,29s causal,0.7,6,6,17978,10,0,0,4,4,0.847343471975089,1,1,4,5.0,4,38.0,3,798,900,chb14_12.edf;chb14_20.edf;chb14_27.edf;chb14_29.edf;chb14_42.edf
chb14,29s non-causal,0.45,8,9,17975,8,0,0,4,4,0.9952805271352312,1,1,2,5.0,3,12.0,3,798,900,chb14_12.edf;chb14_20.edf;chb14_27.edf;chb14_29.edf;chb14_42.edf
chb14,61s causal,0.75,6,5,17979,10,0,0,4,4,0.8681953403024911,1,1,3,5.0,4,36.0,3,798,900,chb14_12.edf;chb14_20.edf;chb14_27.edf;chb14_29.edf;chb14_42.edf
chb14,61s non-causal,0.65,4,3,17981,12,0,0,4,4,0.9912561165480428,1,1,2,5.0,4,27.0,3,798,900,chb14_12.edf;chb14_20.edf;chb14_27.edf;chb14_29.edf;chb14_42.edf
chb14,125s causal,0.8,4,3,17981,12,0,0,4,4,0.8608485320284698,1,1,2,5.0,6,32.0,3,798,900,chb14_12.edf;chb14_20.edf;chb14_27.edf;chb14_29.edf;chb14_42.edf
chb14,125s non-causal,0.7,4,1,17983,12,0,0,4,4,0.9894385286921709,1,1,1,5.0,4,31.0,3,798,900,chb14_12.edf;chb14_20.edf;chb14_27.edf;chb14_29.edf;chb14_42.edf
chb14,none,0.85,0,13,14365,22,0,0,4,4,0.9710226482378381,1,0,11,4.0,,15.0,4,762,858,chb14_13.edf;chb14_18.edf;chb14_22.edf;chb14_30.edf
chb14,13s causal avg,0.7,9,1,14377,13,2,0,4,2,0.970374562146714,1,1,1,4.0,13,,4,762,858,chb14_13.edf;chb14_18.edf;chb14_22.edf;chb14_30.edf
chb14,13s non-causal avg,0.7,9,0,14378,13,0,0,4,4,0.9962379392759139,1,1,0,4.0,7,,4,762,858,chb14_13.edf;chb14_18.edf;chb14_22.edf;chb14_30.edf
chb14,29s causal avg,0.5,7,75,14303,15,2,2,2,2,0.9473090200938302,1,1,7,4.0,15,,4,762,858,chb14_13.edf;chb14_18.edf;chb14_22.edf;chb14_30.edf
chb14,29s non-causal avg,0.55,14,13,14365,8,0,0,4,4,0.998808153871445,1,1,1,4.0,4,,4,762,858,chb14_13.edf;chb14_18.edf;chb14_22.edf;chb14_30.edf
chb14,61s causal avg,0.35,8,808,13570,14,2,2,2,2,0.8961892537841906,1,1,22,4.0,14,,4,762,858,chb14_13.edf;chb14_18.edf;chb14_22.edf;chb14_30.edf
chb14,61s non-causal avg,0.4,22,182,14196,0,4,4,0,0,0.9898772113961988,1,1,7,4.0,0,,4,762,858,chb14_13.edf;chb14_18.edf;chb14_22.edf;chb14_30.edf
chb14,125s causal avg,0.25,22,3504,10874,0,4,4,0,0,0.8938245299004792,1,1,15,4.0,0,,4,762,858,chb14_13.edf;chb14_18.edf;chb14_22.edf;chb14_30.edf
chb14,125s non-causal avg,0.3,22,1804,12574,0,4,4,0,0,0.908098230883041,1,1,16,4.0,0,,4,762,858,chb14_13.edf;chb14_18.edf;chb14_22.edf;chb14_30.edf
chb14,13s causal,0.7,13,7,14371,9,0,0,4,4,0.9672732330960179,1,1,4,4.0,4,23.0,4,762,858,chb14_13.edf;chb14_18.edf;chb14_22.edf;chb14_30.edf
chb14,13s non-causal,0.7,15,4,14374,7,0,0,4,4,0.9987955082891792,1,1,1,4.0,2,35.0,4,762,858,chb14_13.edf;chb14_18.edf;chb14_22.edf;chb14_30.edf
chb14,29s causal,0.75,8,5,14373,14,0,0,4,4,0.9745823796456707,1,1,3,4.0,5,25.0,4,762,858,chb14_13.edf;chb14_18.edf;chb14_22.edf;chb14_30.edf
chb14,29s non-causal,0.7,15,1,14377,7,0,0,4,4,0.9993424297221766,1,1,1,4.0,2,41.0,4,762,858,chb14_13.edf;chb14_18.edf;chb14_22.edf;chb14_30.edf
chb14,61s causal,0.75,9,6,14372,13,0,0,4,4,0.9812971838288294,1,1,4,4.0,5,24.0,4,762,858,chb14_13.edf;chb14_18.edf;chb14_22.edf;chb14_30.edf
chb14,61s non-causal,0.8,13,0,14378,9,0,0,4,4,0.9997407655635503,1,1,0,4.0,3,24.0,4,762,858,chb14_13.edf;chb14_18.edf;chb14_22.edf;chb14_30.edf
chb14,125s causal,0.65,12,5,14373,10,0,0,4,4,0.9793560869510236,1,1,4,4.0,4,16.0,4,762,858,chb14_13.edf;chb14_18.edf;chb14_22.edf;chb14_30.edf
chb14,125s non-causal,0.75,14,0,14378,8,0,0,4,4,0.9992001669216859,1,1,0,4.0,3,8.0,4,762,858,chb14_13.edf;chb14_18.edf;chb14_22.edf;chb14_30.edf
chb15,none,0.8,259,29,28415,97,2,3,9,10,0.9889770595959101,3,3,24,8.0,0;4;5,18.0,0,8274,2916,chb15_02.edf;chb15_08.edf;chb15_10.edf;chb15_14.edf;chb15_22.edf;chb15_30.edf;chb15_31.edf;chb15_45.edf
chb15,13s causal avg,0.6,323,18,28426,33,3,2,10,9,0.9965841614273818,3,3,3,8.0,1;8;9,,0,8274,2916,chb15_02.edf;chb15_08.edf;chb15_10.edf;chb15_14.edf;chb15_22.edf;chb15_30.edf;chb15_31.edf;chb15_45.edf
chb15,13s non-causal avg,0.55,337,65,28379,19,6,3,9,6,0.999131449297575,3,3,8,8.0,0;0;2,,0,8274,2916,chb15_02.edf;chb15_08.edf;chb15_10.edf;chb15_14.edf;chb15_22.edf;chb15_30.edf;chb15_31.edf;chb15_45.edf
chb15,29s causal avg,0.55,319,30,28414,37,6,6,6,6,0.9894781427413455,3,3,1,8.0,6;14;17,,0,8274,2916,chb15_02.edf;chb15_08.edf;chb15_10.edf;chb15_14.edf;chb15_22.edf;chb15_30.edf;chb15_31.edf;chb15_45.edf
chb15,29s non-causal avg,0.5,340,116,28328,16,8,6,6,4,0.9992541030749953,3,3,6,8.0,0;0;0,,0,8274,2916,chb15_02.edf;chb15_08.edf;chb15_10.edf;chb15_14.edf;chb15_22.edf;chb15_30.edf;chb15_31.edf;chb15_45.edf
chb15,61s causal avg,0.45,296,227,28217,60,6,6,6,6,0.9724528701378936,3,3,3,8.0,11;22;27,,0,8274,2916,chb15_02.edf;chb15_08.edf;chb15_10.edf;chb15_14.edf;chb15_22.edf;chb15_30.edf;chb15_31.edf;chb15_45.edf
chb15,61s non-causal avg,0.5,337,76,28368,19,7,6,6,5,0.9995812785698373,3,3,1,8.0,0;0;1,,0,8274,2916,chb15_02.edf;chb15_08.edf;chb15_10.edf;chb15_14.edf;chb15_22.edf;chb15_30.edf;chb15_31.edf;chb15_45.edf
chb15,125s causal avg,0.4,261,502,27942,95,6,6,6,6,0.942647360316901,3,3,6,8.0,14;36;45,,0,8274,2916,chb15_02.edf;chb15_08.edf;chb15_10.edf;chb15_14.edf;chb15_22.edf;chb15_30.edf;chb15_31.edf;chb15_45.edf
chb15,125s non-causal avg,0.45,320,143,28301,36,4,4,8,8,0.999154755490386,3,2,2,8.0,0;0,,0,8274,2916,chb15_02.edf;chb15_08.edf;chb15_10.edf;chb15_14.edf;chb15_22.edf;chb15_30.edf;chb15_31.edf;chb15_45.edf
chb15,13s causal,0.45,327,37,28407,29,4,4,8,8,0.9988185932856044,3,3,7,8.0,0;4;6,32.0,0,8274,2916,chb15_02.edf;chb15_08.edf;chb15_10.edf;chb15_14.edf;chb15_22.edf;chb15_30.edf;chb15_31.edf;chb15_45.edf
chb15,13s non-causal,0.5,310,9,28435,46,4,4,8,8,0.9989412470630248,3,3,2,8.0,0;2;5,1.0,0,8274,2916,chb15_02.edf;chb15_08.edf;chb15_10.edf;chb15_14.edf;chb15_22.edf;chb15_30.edf;chb15_31.edf;chb15_45.edf
chb15,29s causal,0.45,326,16,28428,30,4,4,8,8,0.9990338793039427,3,3,1,8.0,0;4;6,7.0,0,8274,2916,chb15_02.edf;chb15_08.edf;chb15_10.edf;chb15_14.edf;chb15_22.edf;chb15_30.edf;chb15_31.edf;chb15_45.edf
chb15,29s non-causal,0.5,327,16,28428,29,4,4,8,8,0.9995680453925633,3,3,1,8.0,0;3;5,7.0,0,8274,2916,chb15_02.edf;chb15_08.edf;chb15_10.edf;chb15_14.edf;chb15_22.edf;chb15_30.edf;chb15_31.edf;chb15_45.edf
chb15,61s causal,0.45,332,19,28425,24,4,4,8,8,0.9991637422003259,3,3,1,8.0,0;4;6,8.0,0,8274,2916,chb15_02.edf;chb15_08.edf;chb15_10.edf;chb15_14.edf;chb15_22.edf;chb15_30.edf;chb15_31.edf;chb15_45.edf
chb15,61s non-causal,0.5,337,12,28432,19,4,4,8,8,0.9998027861565956,3,3,2,8.0,0;3;5,8.0,0,8274,2916,chb15_02.edf;chb15_08.edf;chb15_10.edf;chb15_14.edf;chb15_22.edf;chb15_30.edf;chb15_31.edf;chb15_45.edf
chb15,125s causal,0.45,337,13,28431,19,4,4,8,8,0.9993317245476624,3,3,1,8.0,0;4;6,18.0,0,8274,2916,chb15_02.edf;chb15_08.edf;chb15_10.edf;chb15_14.edf;chb15_22.edf;chb15_30.edf;chb15_31.edf;chb15_45.edf
chb15,125s non-causal,0.45,339,8,28436,17,4,4,8,8,0.9998873204830623,3,3,0,8.0,0;2;5,7.0,0,8274,2916,chb15_02.edf;chb15_08.edf;chb15_10.edf;chb15_14.edf;chb15_22.edf;chb15_30.edf;chb15_31.edf;chb15_45.edf
chb15,none,0.75,606,148,27889,182,12,7,29,24,0.9690668005965287,9,9,75,8.006944444444445,4;2;8;0;0;0;0;0;0,6.0,1,5568,1944,chb15_03.edf;chb15_09.edf;chb15_16.edf;chb15_32.edf;chb15_40.edf;chb15_49.edf;chb15_50.edf;chb15_54.edf
chb15,13s causal avg,0.5,744,197,27840,44,25,22,14,11,0.9937419081275668,9,9,14,8.006944444444445,12;5;12;2;0;0;0;0;0,,1,5568,1944,chb15_03.edf;chb15_09.edf;chb15_16.edf;chb15_32.edf;chb15_40.edf;chb15_49.edf;chb15_50.edf;chb15_54.edf
chb15,13s non-causal avg,0.5,730,217,27820,58,17,13,23,19,0.9953729562222798,9,9,14,8.006944444444445,6;0;6;0;0;0;0;0;0,,1,5568,1944,chb15_03.edf;chb15_09.edf;chb15_16.edf;chb15_32.edf;chb15_40.edf;chb15_49.edf;chb15_50.edf;chb15_54.edf
chb15,29s causal avg,0.55,707,98,27939,81,21,20,16,15,0.9903551126873861,9,9,2,8.006944444444445,21;13;21;10;8;0;1;5;0,,1,5568,1944,chb15_03.edf;chb15_09.edf;chb15_16.edf;chb15_32.edf;chb15_40.edf;chb15_49.edf;chb15_50.edf;chb15_54.edf
chb15,29s non-causal avg,0.5,741,173,27864,47,15,14,22,21,0.9972352524012413,9,9,4,8.006944444444445,4;0;4;0;0;0;0;0;0,,1,5568,1944,chb15_03.edf;chb15_09.edf;chb15_16.edf;chb15_32.edf;chb15_40.edf;chb15_49.edf;chb15_50.edf;chb15_54.edf
chb15,61s causal avg,0.75,353,34,28003,435,11,11,25,25,0.9747684758121474,9,7,0,8.006944444444445,46;56;42;45;30;35;41,,1,5568,1944,chb15_03.edf;chb15_09.edf;chb15_16.edf;chb15_32.edf;chb15_40.edf;chb15_49.edf;chb15_50.edf;chb15_54.edf
chb15,61s non-causal avg,0.55,698,119,27918,90,14,14,22,22,0.9984555850689689,9,9,1,8.006944444444445,8;0;6;0;0;0;0;0;0,,1,5568,1944,chb15_03.edf;chb15_09.edf;chb15_16.edf;chb15_32.edf;chb15_40.edf;chb15_49.edf;chb15_50.edf;chb15_54.edf
chb15,125s causal avg,0.55,307,216,27821,481,8,8,28,28,0.9314727601615631,9,4,0,8.006944444444445,63;46;41;50,,1,5568,1944,chb15_03.edf;chb15_09.edf;chb15_16.edf;chb15_32.edf;chb15_40.edf;chb15_49.edf;chb15_50.edf;chb15_54.edf
chb15,125s non-causal avg,0.55,474,50,27987,314,8,6,30,28,0.9973396738790963,9,4,1,8.006944444444445,1;0;0;0,,1,5568,1944,chb15_03.edf;chb15_09.edf;chb15_16.edf;chb15_32.edf;chb15_40.edf;chb15_49.edf;chb15_50.edf;chb15_54.edf
chb15,13s causal,0.3,716,161,27876,72,21,12,24,15,0.992601962345262,9,9,34,8.006944444444445,6;3;9;0;0;0;0;0;0,0.0,1,5568,1944,chb15_03.edf;chb15_09.edf;chb15_16.edf;chb15_32.edf;chb15_40.edf;chb15_49.edf;chb15_50.edf;chb15_54.edf
chb15,13s non-causal,0.35,666,98,27939,122,13,9,27,23,0.9895175229831356,9,9,21,8.006944444444445,11;1;8;0;0;0;0;0;0,0.0,1,5568,1944,chb15_03.edf;chb15_09.edf;chb15_16.edf;chb15_32.edf;chb15_40.edf;chb15_49.edf;chb15_50.edf;chb15_54.edf
chb15,29s causal,0.4,745,213,27824,43,24,19,17,12,0.9930318239729987,9,9,25,8.006944444444445,12;4;11;1;0;0;0;0;0,0.0,1,5568,1944,chb15_03.edf;chb15_09.edf;chb15_16.edf;chb15_32.edf;chb15_40.edf;chb15_49.edf;chb15_50.edf;chb15_54.edf
chb15,29s non-causal,0.4,710,239,27798,78,15,12,24,21,0.9924262065591716,9,9,37,8.006944444444445,4;1;7;0;0;0;0;0;0,0.0,1,5568,1944,chb15_03.edf;chb15_09.edf;chb15_16.edf;chb15_32.edf;chb15_40.edf;chb15_49.edf;chb15_50.edf;chb15_54.edf
chb15,61s causal,0.3,754,302,27735,34,28,21,15,8,0.9932771488147732,9,9,46,8.006944444444445,12;3;10;0;0;0;0;0;0,0.0,1,5568,1944,chb15_03.edf;chb15_09.edf;chb15_16.edf;chb15_32.edf;chb15_40.edf;chb15_49.edf;chb15_50.edf;chb15_54.edf
chb15,61s non-causal,0.3,725,306,27731,63,17,15,21,19,0.9925715683173558,9,9,55,8.006944444444445,2;0;6;0;0;0;0;0;0,0.0,1,5568,1944,chb15_03.edf;chb15_09.edf;chb15_16.edf;chb15_32.edf;chb15_40.edf;chb15_49.edf;chb15_50.edf;chb15_54.edf
chb15,125s causal,0.4,750,173,27864,38,27,23,13,9,0.9931054214255312,9,9,14,8.006944444444445,13;7;13;0;0;0;0;0;0,0.0,1,5568,1944,chb15_03.edf;chb15_09.edf;chb15_16.edf;chb15_32.edf;chb15_40.edf;chb15_49.edf;chb15_50.edf;chb15_54.edf
chb15,125s non-causal,0.3,747,228,27809,41,17,16,20,19,0.9971862326957723,9,9,18,8.006944444444445,2;0;5;0;0;0;0;0;0,0.0,1,5568,1944,chb15_03.edf;chb15_09.edf;chb15_16.edf;chb15_32.edf;chb15_40.edf;chb15_49.edf;chb15_50.edf;chb15_54.edf
chb15,none,0.7,279,70,28386,74,5,3,9,7,0.9906770235604532,3,3,48,8.0025,0;0;0,12.0,2,7782,2688,chb15_04.edf;chb15_06.edf;chb15_11.edf;chb15_15.edf;chb15_19.edf;chb15_33.edf;chb15_51.edf;chb15_52.edf
chb15,13s causal avg,0.55,339,24,28432,14,7,6,6,5,0.9997351907940374,3,3,1,8.0025,6;0;1,,2,7782,2688,chb15_04.edf;chb15_06.edf;chb15_11.edf;chb15_15.edf;chb15_19.edf;chb15_33.edf;chb15_51.edf;chb15_52.edf
chb15,13s non-causal avg,0.45,343,101,28355,10,10,10,2,2,0.9962195001517177,3,3,10,8.0025,0;0;0,,2,7782,2688,chb15_04.edf;chb15_06.edf;chb15_11.edf;chb15_15.edf;chb15_19.edf;chb15_33.edf;chb15_51.edf;chb15_52.edf
chb15,29s causal avg,0.6,319,26,28430,34,4,4,8,8,0.9991968117768022,3,3,1,8.0025,16;5;8,,2,7782,2688,chb15_04.edf;chb15_06.edf;chb15_11.edf;chb15_15.edf;chb15_19.edf;chb15_33.edf;chb15_51.edf;chb15_52.edf
chb15,29s non-causal avg,0.45,343,59,28397,10,10,10,2,2,0.9992890967895568,3,3,1,8.0025,0;0;0,,2,7782,2688,chb15_04.edf;chb15_06.edf;chb15_11.edf;chb15_15.edf;chb15_19.edf;chb15_33.edf;chb15_51.edf;chb15_52.edf
chb15,61s causal avg,0.35,339,437,28019,14,9,8,4,3,0.996437320656472,3,3,10,8.0025,13;0;1,,2,7782,2688,chb15_04.edf;chb15_06.edf;chb15_11.edf;chb15_15.edf;chb15_19.edf;chb15_33.edf;chb15_51.edf;chb15_52.edf
chb15,61s non-causal avg,0.5,334,43,28413,19,10,10,2,2,0.9997147825657583,3,3,0,8.0025,0;0;0,,2,7782,2688,chb15_04.edf;chb15_06.edf;chb15_11.edf;chb15_15.edf;chb15_19.edf;chb15_33.edf;chb15_51.edf;chb15_52.edf
chb15,125s causal avg,0.35,314,409,28047,39,6,6,6,6,0.9909459144120718,3,3,7,8.0025,23;3;13,,2,7782,2688,chb15_04.edf;chb15_06.edf;chb15_11.edf;chb15_15.edf;chb15_19.edf;chb15_33.edf;chb15_51.edf;chb15_52.edf
chb15,125s non-causal avg,0.45,341,106,28350,12,10,10,2,2,0.9996140356046929,3,3,0,8.0025,0;0;0,,2,7782,2688,chb15_04.edf;chb15_06.edf;chb15_11.edf;chb15_15.edf;chb15_19.edf;chb15_33.edf;chb15_51.edf;chb15_52.edf
chb15,13s causal,0.6,344,29,28427,9,10,7,5,2,0.9987647546512842,3,3,4,8.0025,0;0;0,5.0,2,7782,2688,chb15_04.edf;chb15_06.edf;chb15_11.edf;chb15_15.edf;chb15_19.edf;chb15_33.edf;chb15_51.edf;chb15_52.edf
chb15,13s non-causal,0.6,339,40,28416,14,10,8,4,2,0.9966043694713611,3,3,7,8.0025,0;0;0,2.0,2,7782,2688,chb15_04.edf;chb15_06.edf;chb15_11.edf;chb15_15.edf;chb15_19.edf;chb15_33.edf;chb15_51.edf;chb15_52.edf
chb15,29s causal,0.6,343,25,28431,10,9,7,5,3,0.9993238405537976,3,3,3,8.0025,0;0;0,16.0,2,7782,2688,chb15_04.edf;chb15_06.edf;chb15_11.edf;chb15_15.edf;chb15_19.edf;chb15_33.edf;chb15_51.edf;chb15_52.edf
chb15,29s non-causal,0.6,343,35,28421,10,10,9,3,2,0.9986607224632273,3,3,2,8.0025,0;0;0,20.0,2,7782,2688,chb15_04.edf;chb15_06.edf;chb15_11.edf;chb15_15.edf;chb15_19.edf;chb15_33.edf;chb15_51.edf;chb15_52.edf
chb15,61s causal,0.7,340,20,28436,13,8,6,6,4,0.9996260814369942,3,3,0,8.0025,2;0;0,16.0,2,7782,2688,chb15_04.edf;chb15_06.edf;chb15_11.edf;chb15_15.edf;chb15_19.edf;chb15_33.edf;chb15_51.edf;chb15_52.edf
chb15,61s non-causal,0.55,346,50,28406,7,10,10,2,2,0.9996017906677255,3,3,3,8.0025,0;0;0,16.0,2,7782,2688,chb15_04.edf;chb15_06.edf;chb15_11.edf;chb15_15.edf;chb15_19.edf;chb15_33.edf;chb15_51.edf;chb15_52.edf
chb15,125s causal,0.75,343,16,28440,10,8,3,9,4,0.9996634135618949,3,3,1,8.0025,2;0;0,21.0,2,7782,2688,chb15_04.edf;chb15_06.edf;chb15_11.edf;chb15_15.edf;chb15_19.edf;chb15_33.edf;chb15_51.edf;chb15_52.edf
chb15,125s non-causal,0.55,344,45,28411,9,10,10,2,2,0.9995130895389612,3,3,4,8.0025,0;0;0,2.0,2,7782,2688,chb15_04.edf;chb15_06.edf;chb15_11.edf;chb15_15.edf;chb15_19.edf;chb15_33.edf;chb15_51.edf;chb15_52.edf
chb15,none,0.8,220,464,28086,30,4,2,10,8,0.9837336602451838,3,3,33,8.0,8;1;0,10.0,3,8082,2964,chb15_05.edf;chb15_12.edf;chb15_17.edf;chb15_26.edf;chb15_35.edf;chb15_46.edf;chb15_61.edf;chb15_62.edf
chb15,13s causal avg,0.6,232,487,28063,18,8,7,5,4,0.9883006654991243,3,3,4,8.0,12;6;0,,3,8082,2964,chb15_05.edf;chb15_12.edf;chb15_17.edf;chb15_26.edf;chb15_35.edf;chb15_46.edf;chb15_61.edf;chb15_62.edf
chb15,13s non-causal avg,0.55,238,501,28049,12,6,5,7,6,0.9905293169877408,3,3,6,8.0,4;0;0,,3,8082,2964,chb15_05.edf;chb15_12.edf;chb15_17.edf;chb15_26.edf;chb15_35.edf;chb15_46.edf;chb15_61.edf;chb15_62.edf
chb15,29s causal avg,0.6,210,499,28051,40,6,6,6,6,0.9831759019264448,3,3,3,8.0,20;15;5,,3,8082,2964,chb15_05.edf;chb15_12.edf;chb15_17.edf;chb15_26.edf;chb15_35.edf;chb15_46.edf;chb15_61.edf;chb15_62.edf
chb15,29s non-causal avg,0.55,236,500,28050,14,6,5,7,6,0.990334711033275,3,3,3,8.0,4;0;0,,3,8082,2964,chb15_05.edf;chb15_12.edf;chb15_17.edf;chb15_26.edf;chb15_35.edf;chb15_46.edf;chb15_61.edf;chb15_62.edf
chb15,61s causal avg,0.5,182,599,27951,68,6,6,6,6,0.965234465849387,3,3,4,8.0,33;24;11,,3,8082,2964,chb15_05.edf;chb15_12.edf;chb15_17.edf;chb15_26.edf;chb15_35.edf;chb15_46.edf;chb15_61.edf;chb15_62.edf
chb15,61s non-causal avg,0.55,211,511,28039,39,6,6,6,6,0.989449527145359,3,2,3,8.0,0;0,,3,8082,2964,chb15_05.edf;chb15_12.edf;chb15_17.edf;chb15_26.edf;chb15_35.edf;chb15_46.edf;chb15_61.edf;chb15_62.edf
chb15,125s causal avg,0.4,159,799,27751,91,4,4,8,8,0.9315548861646236,3,2,4,8.0,34;22,,3,8082,2964,chb15_05.edf;chb15_12.edf;chb15_17.edf;chb15_26.edf;chb15_35.edf;chb15_46.edf;chb15_61.edf;chb15_62.edf
chb15,125s non-causal avg,0.5,215,584,27966,35,8,8,4,4,0.9827956567425569,3,2,3,8.0,0;0,,3,8082,2964,chb15_05.edf;chb15_12.edf;chb15_17.edf;chb15_26.edf;chb15_35.edf;chb15_46.edf;chb15_61.edf;chb15_62.edf
chb15,13s causal,0.65,235,490,28060,15,6,4,8,6,0.9882142206654991,3,3,9,8.0,9;4;0,0.0,3,8082,2964,chb15_05.edf;chb15_12.edf;chb15_17.edf;chb15_26.edf;chb15_35.edf;chb15_46.edf;chb15_61.edf;chb15_62.edf
chb15,13s non-causal,0.6,238,483,28067,12,6,3,9,6,0.9903658143607706,3,3,6,8.0,6;0;0,18.0,3,8082,2964,chb15_05.edf;chb15_12.edf;chb15_17.edf;chb15_26.edf;chb15_35.edf;chb15_46.edf;chb15_61.edf;chb15_62.edf
chb15,29s causal,0.6,234,462,28088,16,6,4,8,6,0.9896388091068301,3,3,5,8.0,9;2;0,13.0,3,8082,2964,chb15_05.edf;chb15_12.edf;chb15_17.edf;chb15_26.edf;chb15_35.edf;chb15_46.edf;chb15_61.edf;chb15_62.edf
chb15,29s non-causal,0.6,239,484,28066,11,7,4,8,5,0.9907197197898424,3,3,3,8.0,6;0;0,18.0,3,8082,2964,chb15_05.edf;chb15_12.edf;chb15_17.edf;chb15_26.edf;chb15_35.edf;chb15_46.edf;chb15_61.edf;chb15_62.edf
chb15,61s causal,0.55,236,483,28067,14,6,4,8,6,0.9898317338003503,3,3,6,8.0,8;2;0,12.0,3,8082,2964,chb15_05.edf;chb15_12.edf;chb15_17.edf;chb15_26.edf;chb15_35.edf;chb15_46.edf;chb15_61.edf;chb15_62.edf
chb15,61s non-causal,0.55,237,481,28069,13,7,4,8,5,0.9905331698774081,3,3,3,8.0,8;0;0,32.0,3,8082,2964,chb15_05.edf;chb15_12.edf;chb15_17.edf;chb15_26.edf;chb15_35.edf;chb15_46.edf;chb15_61.edf;chb15_62.edf
chb15,125s causal,0.6,232,466,28084,18,5,4,8,7,0.9897105429071803,3,3,3,8.0,9;4;0,16.0,3,8082,2964,chb15_05.edf;chb15_12.edf;chb15_17.edf;chb15_26.edf;chb15_35.edf;chb15_46.edf;chb15_61.edf;chb15_62.edf
chb15,125s non-causal,0.6,237,488,28062,13,5,4,8,7,0.9903726795096323,3,3,4,8.0,7;1;0,6.0,3,8082,2964,chb15_05.edf;chb15_12.edf;chb15_17.edf;chb15_26.edf;chb15_35.edf;chb15_46.edf;chb15_61.edf;chb15_62.edf
chb15,none,0.7,164,92,24863,81,1,0,8,7,0.9669543954628536,2,2,40,7.0,1;16,3.0,4,8478,3108,chb15_07.edf;chb15_13.edf;chb15_20.edf;chb15_28.edf;chb15_29.edf;chb15_37.edf;chb15_63.edf
chb15,13s causal avg,0.55,211,67,24888,34,1,2,6,7,0.988437309606271,2,2,5,7.0,5;19,,4,8478,3108,chb15_07.edf;chb15_13.edf;chb15_20.edf;chb15_28.edf;chb15_29.edf;chb15_37.edf;chb15_63.edf
chb15,13s non-causal avg,0.5,227,106,24849,18,3,2,6,5,0.9939376592151588,2,2,8,7.0,0;11,,4,8478,3108,chb15_07.edf;chb15_13.edf;chb15_20.edf;chb15_28.edf;chb15_29.edf;chb15_37.edf;chb15_63.edf
chb15,29s causal avg,0.55,200,54,24901,45,2,2,6,6,0.982053573984192,2,2,2,7.0,14;28,,4,8478,3108,chb15_07.edf;chb15_13.edf;chb15_20.edf;chb15_28.edf;chb15_29.edf;chb15_37.edf;chb15_63.edf
chb15,29s non-causal avg,0.5,226,78,24877,19,3,2,6,5,0.9983868105446948,2,2,2,7.0,0;11,,4,8478,3108,chb15_07.edf;chb15_13.edf;chb15_20.edf;chb15_28.edf;chb15_29.edf;chb15_37.edf;chb15_63.edf
chb15,61s causal avg,0.5,182,102,24853,63,4,4,4,4,0.9619712216683908,2,2,1,7.0,25;38,,4,8478,3108,chb15_07.edf;chb15_13.edf;chb15_20.edf;chb15_28.edf;chb15_29.edf;chb15_37.edf;chb15_63.edf
chb15,61s non-causal avg,0.45,238,123,24832,7,4,4,4,4,0.9992335591820379,2,2,2,7.0,0;2,,4,8478,3108,chb15_07.edf;chb15_13.edf;chb15_20.edf;chb15_28.edf;chb15_29.edf;chb15_37.edf;chb15_63.edf
chb15,125s causal avg,0.6,104,25,24930,141,2,2,6,6,0.9601371448198595,2,1,0,7.0,86,,4,8478,3108,chb15_07.edf;chb15_13.edf;chb15_20.edf;chb15_28.edf;chb15_29.edf;chb15_37.edf;chb15_63.edf
chb15,125s non-causal avg,0.45,238,90,24865,7,6,6,2,2,0.9996503093323084,2,2,1,7.0,0;0,,4,8478,3108,chb15_07.edf;chb15_13.edf;chb15_20.edf;chb15_28.edf;chb15_29.edf;chb15_37.edf;chb15_63.edf
chb15,13s causal,0.65,199,80,24875,46,1,1,7,7,0.9896487964049575,2,2,11,7.0,3;16,0.0,4,8478,3108,chb15_07.edf;chb15_13.edf;chb15_20.edf;chb15_28.edf;chb15_29.edf;chb15_37.edf;chb15_63.edf
chb15,13s non-causal,0.7,212,51,24904,33,3,1,7,5,0.9886792144226957,2,2,4,7.0,0;13,21.0,4,8478,3108,chb15_07.edf;chb15_13.edf;chb15_20.edf;chb15_28.edf;chb15_29.edf;chb15_37.edf;chb15_63.edf
chb15,29s causal,0.65,203,69,24886,42,2,1,7,6,0.9896741481605665,2,2,6,7.0,7;20,0.0,4,8478,3108,chb15_07.edf;chb15_13.edf;chb15_20.edf;chb15_28.edf;chb15_29.edf;chb15_37.edf;chb15_63.edf
chb15,29s non-causal,0.65,219,55,24900,26,4,1,7,4,0.9939024938767332,2,2,3,7.0,0;12,15.0,4,8478,3108,chb15_07.edf;chb15_13.edf;chb15_20.edf;chb15_28.edf;chb15_29.edf;chb15_37.edf;chb15_63.edf
chb15,61s causal,0.6,201,65,24890,44,2,1,7,6,0.9898413061878729,2,2,4,7.0,4;19,0.0,4,8478,3108,chb15_07.edf;chb15_13.edf;chb15_20.edf;chb15_28.edf;chb15_29.edf;chb15_37.edf;chb15_63.edf
chb15,61s non-causal,0.6,220,50,24905,25,4,1,7,4,0.9957271660417322,2,2,3,7.0,0;13,15.0,4,8478,3108,chb15_07.edf;chb15_13.edf;chb15_20.edf;chb15_28.edf;chb15_29.edf;chb15_37.edf;chb15_63.edf
chb15,125s causal,0.55,214,84,24871,31,3,2,6,5,0.9907094811476986,2,2,6,7.0,4;19,0.0,4,8478,3108,chb15_07.edf;chb15_13.edf;chb15_20.edf;chb15_28.edf;chb15_29.edf;chb15_37.edf;chb15_63.edf
chb15,125s non-causal,0.65,222,50,24905,23,4,1,7,4,0.9979919773960475,2,2,3,7.0,0;14,7.0,4,8478,3108,chb15_07.edf;chb15_13.edf;chb15_20.edf;chb15_28.edf;chb15_29.edf;chb15_37.edf;chb15_63.edf
chb16,none,0.8,0,39,14352,9,0,0,4,4,0.8478215551386283,1,0,25,4.0,,19.0,0,312,942,chb16_01.edf;chb16_06.edf;chb16_10.edf;chb16_13.edf
chb16,13s causal avg,0.4,4,523,13868,5,2,2,2,2,0.9148927956516032,1,1,55,4.0,5,,0,312,942,chb16_01.edf;chb16_06.edf;chb16_10.edf;chb16_13.edf
chb16,13s non-causal avg,0.5,0,112,14279,9,0,0,4,4,0.9742431612350311,1,0,15,4.0,,,0,312,942,chb16_01.edf;chb16_06.edf;chb16_10.edf;chb16_13.edf
chb16,29s causal avg,0.35,0,1118,13273,9,0,0,4,4,0.7302557925864159,1,0,44,4.0,,,0,312,942,chb16_01.edf;chb16_06.edf;chb16_10.edf;chb16_13.edf
chb16,29s non-causal avg,0.4,0,334,14057,9,0,0,4,4,0.9151475845242782,1,0,18,4.0,,,0,312,942,chb16_01.edf;chb16_06.edf;chb16_10.edf;chb16_13.edf
chb16,61s causal avg,0.35,0,896,13495,9,0,0,4,4,0.7446938287046688,1,0,19,4.0,,,0,312,942,chb16_01.edf;chb16_06.edf;chb16_10.edf;chb16_13.edf
chb16,61s non-causal avg,0.35,0,891,13500,9,0,0,4,4,0.8146063511917171,1,0,18,4.0,,,0,312,942,chb16_01.edf;chb16_06.edf;chb16_10.edf;chb16_13.edf
chb16,125s causal avg,0.35,0,611,13780,9,0,0,4,4,0.5466765493865764,1,0,9,4.0,,,0,312,942,chb16_01.edf;chb16_06.edf;chb16_10.edf;chb16_13.edf
chb16,125s non-causal avg,0.35,0,624,13767,9,0,0,4,4,0.7999058053258595,1,0,9,4.0,,,0,312,942,chb16_01.edf;chb16_06.edf;chb16_10.edf;chb16_13.edf
chb16,13s causal,0.25,1,197,14194,8,0,0,4,4,0.9625460357167673,1,1,53,4.0,3,6.0,0,312,942,chb16_01.edf;chb16_06.edf;chb16_10.edf;chb16_13.edf
chb16,13s non-causal,0.3,0,98,14293,9,0,0,4,4,0.9657733614373181,1,0,28,4.0,,5.0,0,312,942,chb16_01.edf;chb16_06.edf;chb16_10.edf;chb16_13.edf
chb16,29s causal,0.35,1,97,14294,8,0,0,4,4,0.9744284622333402,1,1,26,4.0,3,5.0,0,312,942,chb16_01.edf;chb16_06.edf;chb16_10.edf;chb16_13.edf
chb16,29s non-causal,0.25,1,129,14262,8,0,0,4,4,0.9721739667539125,1,1,35,4.0,3,5.0,0,312,942,chb16_01.edf;chb16_06.edf;chb16_10.edf;chb16_13.edf
chb16,61s causal,0.45,1,75,14316,8,0,0,4,4,0.950486029076815,1,1,28,4.0,3,11.0,0,312,942,chb16_01.edf;chb16_06.edf;chb16_10.edf;chb16_13.edf
chb16,61s non-causal,0.3,1,117,14274,8,0,0,4,4,0.9643295578254928,1,1,37,4.0,3,5.0,0,312,942,chb16_01.edf;chb16_06.edf;chb16_10.edf;chb16_13.edf
chb16,125s causal,0.3,1,158,14233,8,0,0,4,4,0.9606930257336761,1,1,51,4.0,3,7.0,0,312,942,chb16_01.edf;chb16_06.edf;chb16_10.edf;chb16_13.edf
chb16,125s non-causal,0.3,0,119,14272,9,0,0,4,4,0.9655803395640795,1,0,32,4.0,,4.0,0,312,942,chb16_01.edf;chb16_06.edf;chb16_10.edf;chb16_13.edf
chb16,none,0.8,0,45,14346,9,0,0,4,4,0.8899620905040959,1,0,27,4.0,,25.0,1,306,606,chb16_02.edf;chb16_07.edf;chb16_11.edf;chb16_15.edf
chb16,13s causal avg,0.6,0,25,14366,9,0,0,4,4,0.9101135740702136,1,0,3,4.0,,,1,306,606,chb16_02.edf;chb16_07.edf;chb16_11.edf;chb16_15.edf
chb16,13s non-causal avg,0.6,0,25,14366,9,0,0,4,4,0.97256001050039,1,0,3,4.0,,,1,306,606,chb16_02.edf;chb16_07.edf;chb16_11.edf;chb16_15.edf
chb16,29s causal avg,0.45,0,197,14194,9,0,0,4,4,0.8714860367976899,1,0,11,4.0,,,1,306,606,chb16_02.edf;chb16_07.edf;chb16_11.edf;chb16_15.edf
chb16,29s non-causal avg,0.55,0,12,14379,9,0,0,4,4,0.9058439302341742,1,0,2,4.0,,,1,306,606,chb16_02.edf;chb16_07.edf;chb16_11.edf;chb16_15.edf
chb16,61s causal avg,0.45,0,44,14347,9,0,0,4,4,0.9042920343733352,1,0,5,4.0,,,1,306,606,chb16_02.edf;chb16_07.edf;chb16_11.edf;chb16_15.edf
chb16,61s non-causal avg,0.5,0,0,14391,9,0,0,4,4,0.9284352102780287,1,0,0,4.0,,,1,306,606,chb16_02.edf;chb16_07.edf;chb16_11.edf;chb16_15.edf
chb16,125s causal avg,0.45,0,8,14383,9,0,0,4,4,0.8456674310332847,1,0,1,4.0,,,1,306,606,chb16_02.edf;chb16_07.edf;chb16_11.edf;chb16_15.edf
chb16,125s non-causal avg,0.5,0,0,14391,9,0,0,4,4,0.9286359530261968,1,0,0,4.0,,,1,306,606,chb16_02.edf;chb16_07.edf;chb16_11.edf;chb16_15.edf
chb16,13s causal,0.6,0,10,14381,9,0,0,4,4,0.9499918930813239,1,0,5,4.0,,10.0,1,306,606,chb16_02.edf;chb16_07.edf;chb16_11.edf;chb16_15.edf
chb16,13s non-causal,0.6,0,13,14378,9,0,0,4,4,0.9658505701866135,1,0,3,4.0,,8.0,1,306,606,chb16_02.edf;chb16_07.edf;chb16_11.edf;chb16_15.edf
chb16,29s causal,0.45,1,40,14351,8,0,0,4,4,0.9551648792841205,1,1,12,4.0,5,13.0,1,306,606,chb16_02.edf;chb16_07.edf;chb16_11.edf;chb16_15.edf
chb16,29s non-causal,0.5,0,19,14372,9,0,0,4,4,0.9714790880102533,1,0,4,4.0,,10.0,1,306,606,chb16_02.edf;chb16_07.edf;chb16_11.edf;chb16_15.edf
chb16,61s causal,0.55,0,12,14379,9,0,0,4,4,0.9401168940464334,1,0,5,4.0,,9.0,1,306,606,chb16_02.edf;chb16_07.edf;chb16_11.edf;chb16_15.edf
chb16,61s non-causal,0.55,0,29,14362,9,0,0,4,4,0.9841258811448514,1,0,4,4.0,,20.0,1,306,606,chb16_02.edf;chb16_07.edf;chb16_11.edf;chb16_15.edf
chb16,125s causal,0.45,0,38,14353,9,0,0,4,4,0.9286127904014083,1,0,13,4.0,,9.0,1,306,606,chb16_02.edf;chb16_07.edf;chb16_11.edf;chb16_15.edf
chb16,125s non-causal,0.6,0,22,14369,9,0,0,4,4,0.9832225387780943,1,0,4,4.0,,35.0,1,306,606,chb16_02.edf;chb16_07.edf;chb16_11.edf;chb16_15.edf
chb16,none,0.85,0,0,10786,14,0,0,4,4,0.6902466159836826,1,0,0,3.0,,37.0,2,282,780,chb16_03.edf;chb16_08.edf;chb16_14.edf
chb16,13s causal avg,0.55,0,0,10786,14,0,0,4,4,0.6125466875049668,1,0,0,3.0,,,2,282,780,chb16_03.edf;chb16_08.edf;chb16_14.edf
chb16,13s non-causal avg,0.55,0,0,10786,14,0,0,4,4,0.8526131758099124,1,0,0,3.0,,,2,282,780,chb16_03.edf;chb16_08.edf;chb16_14.edf
chb16,29s causal avg,0.45,0,0,10786,14,0,0,4,4,0.3795793488914201,1,0,0,3.0,,,2,282,780,chb16_03.edf;chb16_08.edf;chb16_14.edf
chb16,29s non-causal avg,0.45,0,0,10786,14,0,0,4,4,0.7025972821912002,1,0,0,3.0,,,2,282,780,chb16_03.edf;chb16_08.edf;chb16_14.edf
chb16,61s causal avg,0.4,0,0,10786,14,0,0,4,4,0.2598871553071442,1,0,0,3.0,,,2,282,780,chb16_03.edf;chb16_08.edf;chb16_14.edf
chb16,61s non-causal avg,0.35,0,0,10786,14,0,0,4,4,0.5462305634287833,1,0,0,3.0,,,2,282,780,chb16_03.edf;chb16_08.edf;chb16_14.edf
chb16,125s causal avg,0.4,0,0,10786,14,0,0,4,4,0.2692445233238855,1,0,0,3.0,,,2,282,780,chb16_03.edf;chb16_08.edf;chb16_14.edf
chb16,125s non-causal avg,0.35,0,0,10786,14,0,0,4,4,0.5248933803078064,1,0,0,3.0,,,2,282,780,chb16_03.edf;chb16_08.edf;chb16_14.edf
chb16,13s causal,0.45,0,0,10786,14,0,0,4,4,0.7734894439882387,1,0,0,3.0,,9.0,2,282,780,chb16_03.edf;chb16_08.edf;chb16_14.edf
chb16,13s non-causal,0.65,0,0,10786,14,0,0,4,4,0.8127930385950042,1,0,0,3.0,,11.0,2,282,780,chb16_03.edf;chb16_08.edf;chb16_14.edf
chb16,29s causal,0.5,1,2,10784,13,0,0,4,4,0.7640194961722868,1,1,2,3.0,11,14.0,2,282,780,chb16_03.edf;chb16_08.edf;chb16_14.edf
chb16,29s non-causal,0.6,0,0,10786,14,0,0,4,4,0.8141307515032714,1,0,0,3.0,,26.0,2,282,780,chb16_03.edf;chb16_08.edf;chb16_14.edf
chb16,61s causal,0.55,0,2,10784,14,0,0,4,4,0.7610460650049005,1,0,2,3.0,,10.0,2,282,780,chb16_03.edf;chb16_08.edf;chb16_14.edf
chb16,61s non-causal,0.65,0,0,10786,14,0,0,4,4,0.8264747953696592,1,0,0,3.0,,10.0,2,282,780,chb16_03.edf;chb16_08.edf;chb16_14.edf
chb16,125s causal,0.5,1,1,10785,13,0,0,4,4,0.7373579507827607,1,1,1,3.0,11,10.0,2,282,780,chb16_03.edf;chb16_08.edf;chb16_14.edf
chb16,125s non-causal,0.6,0,0,10786,14,0,0,4,4,0.8561163942677015,1,0,0,3.0,,7.0,2,282,780,chb16_03.edf;chb16_08.edf;chb16_14.edf
chb16,none,0.8,0,43,10751,6,0,1,3,4,0.8138780804150454,1,0,21,3.0,,34.0,3,330,882,chb16_04.edf;chb16_09.edf;chb16_16.edf
chb16,13s causal avg,0.55,0,146,10648,6,0,0,4,4,0.7742418627632635,1,0,15,3.0,,,3,330,882,chb16_04.edf;chb16_09.edf;chb16_16.edf
chb16,13s non-causal avg,0.6,0,45,10749,6,0,0,4,4,0.9541875115805077,1,0,7,3.0,,,3,330,882,chb16_04.edf;chb16_09.edf;chb16_16.edf
chb16,29s causal avg,0.5,0,251,10543,6,0,0,4,4,0.6329442282749675,1,0,6,3.0,,,3,330,882,chb16_04.edf;chb16_09.edf;chb16_16.edf
chb16,29s non-causal avg,0.5,0,265,10529,6,0,0,4,4,0.9494472237662899,1,0,6,3.0,,,3,330,882,chb16_04.edf;chb16_09.edf;chb16_16.edf
chb16,61s causal avg,0.4,0,630,10164,6,0,0,4,4,0.508276202828732,1,0,16,3.0,,,3,330,882,chb16_04.edf;chb16_09.edf;chb16_16.edf
chb16,61s non-causal avg,0.45,0,329,10465,6,0,0,4,4,0.8473843493298746,1,0,3,3.0,,,3,330,882,chb16_04.edf;chb16_09.edf;chb16_16.edf
chb16,125s causal avg,0.4,0,404,10390,6,0,0,4,4,0.38533753319745534,1,0,8,3.0,,,3,330,882,chb16_04.edf;chb16_09.edf;chb16_16.edf
chb16,125s non-causal avg,0.45,0,282,10512,6,0,0,4,4,0.7750910999938238,1,0,1,3.0,,,3,330,882,chb16_04.edf;chb16_09.edf;chb16_16.edf
chb16,13s causal,0.4,0,37,10757,6,0,0,4,4,0.9017046507318882,1,0,12,3.0,,6.0,3,330,882,chb16_04.edf;chb16_09.edf;chb16_16.edf
chb16,13s non-causal,0.45,0,20,10774,6,0,0,4,4,0.9509758507812982,1,0,7,3.0,,4.0,3,330,882,chb16_04.edf;chb16_09.edf;chb16_16.edf
chb16,29s causal,0.45,0,52,10742,6,0,1,3,4,0.9003613118399111,1,0,14,3.0,,7.0,3,330,882,chb16_04.edf;chb16_09.edf;chb16_16.edf
chb16,29s non-causal,0.65,0,16,10778,6,0,0,4,4,0.9822895435735903,1,0,2,3.0,,8.0,3,330,882,chb16_04.edf;chb16_09.edf;chb16_16.edf
chb16,61s causal,0.4,0,35,10759,6,0,0,4,4,0.8724600086467791,1,0,12,3.0,,6.0,3,330,882,chb16_04.edf;chb16_09.edf;chb16_16.edf
chb16,61s non-causal,0.45,0,15,10779,6,0,0,4,4,0.9624482737323204,1,0,3,3.0,,5.0,3,330,882,chb16_04.edf;chb16_09.edf;chb16_16.edf
chb16,125s causal,0.4,0,39,10755,6,0,0,4,4,0.8813692792292014,1,0,13,3.0,,5.0,3,330,882,chb16_04.edf;chb16_09.edf;chb16_16.edf
chb16,125s non-causal,0.4,0,22,10772,6,0,0,4,4,0.9650423074547588,1,0,3,3.0,,4.0,3,330,882,chb16_04.edf;chb16_09.edf;chb16_16.edf
chb16,none,0.45,11,2299,8470,20,5,3,13,11,0.5631846488876375,4,4,196,3.0,0;0;0;0,3.0,4,144,558,chb16_05.edf;chb16_12.edf;chb16_17.edf
chb16,13s causal avg,0.05,31,10769,0,0,16,16,0,0,0.8571317311638245,4,4,2,3.0,0;0;0;0,,4,144,558,chb16_05.edf;chb16_12.edf;chb16_17.edf
chb16,13s non-causal avg,0.05,31,10769,0,0,16,16,0,0,0.7736423845027094,4,4,2,3.0,0;0;0;0,,4,144,558,chb16_05.edf;chb16_12.edf;chb16_17.edf
chb16,29s causal avg,0.05,31,10769,0,0,16,16,0,0,0.8439142820341542,4,4,2,3.0,0;0;0;0,,4,144,558,chb16_05.edf;chb16_12.edf;chb16_17.edf
chb16,29s non-causal avg,0.05,31,10769,0,0,16,16,0,0,0.7742459688652314,4,4,2,3.0,0;0;0;0,,4,144,558,chb16_05.edf;chb16_12.edf;chb16_17.edf
chb16,61s causal avg,0.05,31,10769,0,0,16,16,0,0,0.7902461965198793,4,4,2,3.0,0;0;0;0,,4,144,558,chb16_05.edf;chb16_12.edf;chb16_17.edf
chb16,61s non-causal avg,0.05,31,10769,0,0,16,16,0,0,0.7387782733593139,4,4,2,3.0,0;0;0;0,,4,144,558,chb16_05.edf;chb16_12.edf;chb16_17.edf
chb16,125s causal avg,0.05,31,10769,0,0,16,16,0,0,0.7520751020701595,4,4,2,3.0,0;0;0;0,,4,144,558,chb16_05.edf;chb16_12.edf;chb16_17.edf
chb16,125s non-causal avg,0.05,31,10769,0,0,16,16,0,0,0.6994524306626847,4,4,2,3.0,0;0;0;0,,4,144,558,chb16_05.edf;chb16_12.edf;chb16_17.edf
chb16,13s causal,0.2,12,3807,6962,19,5,5,11,11,0.5050877818349564,4,4,35,3.0,0;0;0;0,3.0,4,144,558,chb16_05.edf;chb16_12.edf;chb16_17.edf
chb16,13s non-causal,0.2,13,4068,6701,18,6,7,9,10,0.49254580800924996,4,4,21,3.0,0;0;0;0,3.0,4,144,558,chb16_05.edf;chb16_12.edf;chb16_17.edf
chb16,29s causal,0.2,30,9876,893,1,15,14,2,1,0.49600855502203156,4,4,2,3.0,0;0;0;0,3.0,4,144,558,chb16_05.edf;chb16_12.edf;chb16_17.edf
chb16,29s non-causal,0.2,30,9990,779,1,15,15,1,1,0.486602823516725,4,4,2,3.0,0;0;0;0,3.0,4,144,558,chb16_05.edf;chb16_12.edf;chb16_17.edf
chb16,61s causal,0.05,31,10769,0,0,16,16,0,0,0.5040723222870904,4,4,2,3.0,0;0;0;0,3.0,4,144,558,chb16_05.edf;chb16_12.edf;chb16_17.edf
chb16,61s non-causal,0.05,31,10769,0,0,16,16,0,0,0.5329545080113468,4,4,2,3.0,0;0;0;0,5.0,4,144,558,chb16_05.edf;chb16_12.edf;chb16_17.edf
chb16,125s causal,0.05,31,10769,0,0,16,16,0,0,0.47430497934633165,4,4,2,3.0,0;0;0;0,0.0,4,144,558,chb16_05.edf;chb16_12.edf;chb16_17.edf
chb16,125s non-causal,0.05,31,10769,0,0,16,16,0,0,0.5455234409400939,4,4,2,3.0,0;0;0;0,3.0,4,144,558,chb16_05.edf;chb16_12.edf;chb16_17.edf
chb17,none,0.7,84,742,24368,6,4,3,1,0,0.989103500154874,1,1,290,7.0,0,14.0,0,690,108,chb17a_03.edf;chb17a_05.edf;chb17b_57.edf;chb17b_60.edf;chb17b_69.edf;chb17c_04.edf;chb17c_07.edf
chb17,13s causal avg,0.65,81,140,24970,9,2,2,2,2,0.9944940041594761,1,1,12,7.0,9,,0,690,108,chb17a_03.edf;chb17a_05.edf;chb17b_57.edf;chb17b_60.edf;chb17b_69.edf;chb17c_04.edf;chb17c_07.edf
chb17,13s non-causal avg,0.6,89,282,24828,1,3,2,2,1,0.9989853533342183,1,1,24,7.0,1,,0,690,108,chb17a_03.edf;chb17a_05.edf;chb17b_57.edf;chb17b_60.edf;chb17b_69.edf;chb17c_04.edf;chb17c_07.edf
chb17,29s causal avg,0.5,81,866,24244,9,2,2,2,2,0.9908880923934689,1,1,20,7.0,9,,0,690,108,chb17a_03.edf;chb17a_05.edf;chb17b_57.edf;chb17b_60.edf;chb17b_69.edf;chb17c_04.edf;chb17c_07.edf
chb17,29s non-causal avg,0.5,90,841,24269,0,4,4,0,0,0.9991928846409133,1,1,19,7.0,0,,0,690,108,chb17a_03.edf;chb17a_05.edf;chb17b_57.edf;chb17b_60.edf;chb17b_69.edf;chb17c_04.edf;chb17c_07.edf
chb17,61s causal avg,0.45,81,1428,23682,9,2,2,2,2,0.984044869242002,1,1,21,7.0,9,,0,690,108,chb17a_03.edf;chb17a_05.edf;chb17b_57.edf;chb17b_60.edf;chb17b_69.edf;chb17c_04.edf;chb17c_07.edf
chb17,61s non-causal avg,0.55,90,270,24840,0,4,4,0,0,0.9992358068941104,1,1,4,7.0,0,,0,690,108,chb17a_03.edf;chb17a_05.edf;chb17b_57.edf;chb17b_60.edf;chb17b_69.edf;chb17c_04.edf;chb17c_07.edf
chb17,125s causal avg,0.4,77,2840,22270,13,2,2,2,2,0.9576817558299041,1,1,14,7.0,13,,0,690,108,chb17a_03.edf;chb17a_05.edf;chb17b_57.edf;chb17b_60.edf;chb17b_69.edf;chb17c_04.edf;chb17c_07.edf
chb17,125s non-causal avg,0.5,90,512,24598,0,4,4,0,0,0.9986269303951503,1,1,4,7.0,0,,0,690,108,chb17a_03.edf;chb17a_05.edf;chb17b_57.edf;chb17b_60.edf;chb17b_69.edf;chb17c_04.edf;chb17c_07.edf
chb17,13s causal,0.35,86,318,24792,4,2,2,2,2,0.9973631576618435,1,1,53,7.0,4,9.0,0,690,108,chb17a_03.edf;chb17a_05.edf;chb17b_57.edf;chb17b_60.edf;chb17b_69.edf;chb17c_04.edf;chb17c_07.edf
chb17,13s non-causal,0.35,88,438,24672,2,4,2,2,0,0.9982167352537723,1,1,87,7.0,0,9.0,0,690,108,chb17a_03.edf;chb17a_05.edf;chb17b_57.edf;chb17b_60.edf;chb17b_69.edf;chb17c_04.edf;chb17c_07.edf
chb17,29s causal,0.35,85,293,24817,5,2,2,2,2,0.99708748174698,1,1,40,7.0,5,9.0,0,690,108,chb17a_03.edf;chb17a_05.edf;chb17b_57.edf;chb17b_60.edf;chb17b_69.edf;chb17c_04.edf;chb17c_07.edf
chb17,29s non-causal,0.35,89,369,24741,1,4,3,1,0,0.9986804725872827,1,1,62,7.0,0,9.0,0,690,108,chb17a_03.edf;chb17a_05.edf;chb17b_57.edf;chb17b_60.edf;chb17b_69.edf;chb17c_04.edf;chb17c_07.edf
chb17,61s causal,0.35,82,238,24872,8,2,2,2,2,0.9958515863533784,1,1,31,7.0,6,8.0,0,690,108,chb17a_03.edf;chb17a_05.edf;chb17b_57.edf;chb17b_60.edf;chb17b_69.edf;chb17c_04.edf;chb17c_07.edf
chb17,61s non-causal,0.35,89,342,24768,1,4,3,1,0,0.9987543696623745,1,1,66,7.0,0,8.0,0,690,108,chb17a_03.edf;chb17a_05.edf;chb17b_57.edf;chb17b_60.edf;chb17b_69.edf;chb17c_04.edf;chb17c_07.edf
chb17,125s causal,0.3,85,669,24441,5,2,2,2,2,0.992172220009735,1,1,46,7.0,5,8.0,0,690,108,chb17a_03.edf;chb17a_05.edf;chb17b_57.edf;chb17b_60.edf;chb17b_69.edf;chb17c_04.edf;chb17c_07.edf
chb17,125s non-causal,0.35,88,245,24865,2,3,3,1,1,0.9986663126687022,1,1,29,7.0,0,8.0,0,690,108,chb17a_03.edf;chb17a_05.edf;chb17b_57.edf;chb17b_60.edf;chb17b_69.edf;chb17c_04.edf;chb17c_07.edf
chb17,none,0.85,35,3,25082,80,0,0,4,4,0.9798209565737362,1,1,3,7.0,24,19.0,1,528,240,chb17a_04.edf;chb17a_06.edf;chb17b_58.edf;chb17b_67.edf;chb17c_02.edf;chb17c_05.edf;chb17c_08.edf
chb17,13s causal avg,0.7,56,0,25085,59,0,0,4,4,0.9914967371805427,1,1,0,7.0,28,,1,528,240,chb17a_04.edf;chb17a_06.edf;chb17b_58.edf;chb17b_67.edf;chb17c_02.edf;chb17c_05.edf;chb17c_08.edf
chb17,13s non-causal avg,0.7,56,0,25085,59,0,0,4,4,0.9998450485739789,1,1,0,7.0,22,,1,528,240,chb17a_04.edf;chb17a_06.edf;chb17b_58.edf;chb17b_67.edf;chb17c_02.edf;chb17c_05.edf;chb17c_08.edf
chb17,29s causal avg,0.6,80,0,25085,35,0,0,4,4,0.9868762728462358,1,1,0,7.0,26,,1,528,240,chb17a_04.edf;chb17a_06.edf;chb17b_58.edf;chb17b_67.edf;chb17c_02.edf;chb17c_05.edf;chb17c_08.edf
chb17,29s non-causal avg,0.6,80,0,25085,35,0,0,4,4,0.9999358702151815,1,1,0,7.0,12,,1,528,240,chb17a_04.edf;chb17a_06.edf;chb17b_58.edf;chb17b_67.edf;chb17c_02.edf;chb17c_05.edf;chb17c_08.edf
chb17,61s causal avg,0.55,72,16,25069,43,2,2,2,2,0.989127748264596,1,1,0,7.0,43,,1,528,240,chb17a_04.edf;chb17a_06.edf;chb17b_58.edf;chb17b_67.edf;chb17c_02.edf;chb17c_05.edf;chb17c_08.edf
chb17,61s non-causal avg,0.55,88,0,25085,27,0,0,4,4,0.9999847475106378,1,1,0,7.0,13,,1,528,240,chb17a_04.edf;chb17a_06.edf;chb17b_58.edf;chb17b_67.edf;chb17c_02.edf;chb17c_05.edf;chb17c_08.edf
chb17,125s causal avg,0.5,47,62,25023,68,2,2,2,2,0.9791671794160722,1,1,0,7.0,68,,1,528,240,chb17a_04.edf;chb17a_06.edf;chb17b_58.edf;chb17b_67.edf;chb17c_02.edf;chb17c_05.edf;chb17c_08.edf
chb17,125s non-causal avg,0.5,109,0,25085,6,2,0,4,2,0.9999913338128624,1,1,0,7.0,6,,1,528,240,chb17a_04.edf;chb17a_06.edf;chb17b_58.edf;chb17b_67.edf;chb17c_02.edf;chb17c_05.edf;chb17c_08.edf
chb17,13s causal,0.5,57,0,25085,58,0,0,4,4,0.9946900538170221,1,1,0,7.0,24,6.0,1,528,240,chb17a_04.edf;chb17a_06.edf;chb17b_58.edf;chb17b_67.edf;chb17c_02.edf;chb17c_05.edf;chb17c_08.edf
chb17,13s non-causal,0.55,54,0,25085,61,0,0,4,4,0.9986570876411506,1,1,0,7.0,22,6.0,1,528,240,chb17a_04.edf;chb17a_06.edf;chb17b_58.edf;chb17b_67.edf;chb17c_02.edf;chb17c_05.edf;chb17c_08.edf
chb17,29s causal,0.4,63,3,25082,52,0,0,4,4,0.9924219393193576,1,1,2,7.0,24,5.0,1,528,240,chb17a_04.edf;chb17a_06.edf;chb17b_58.edf;chb17b_67.edf;chb17c_02.edf;chb17c_05.edf;chb17c_08.edf
chb17,29s non-causal,0.55,56,0,25085,59,0,0,4,4,0.9993174511010391,1,1,0,7.0,22,8.0,1,528,240,chb17a_04.edf;chb17a_06.edf;chb17b_58.edf;chb17b_67.edf;chb17c_02.edf;chb17c_05.edf;chb17c_08.edf
chb17,61s causal,0.6,60,0,25085,55,0,0,4,4,0.9913015746462029,1,1,0,7.0,26,8.0,1,528,240,chb17a_04.edf;chb17a_06.edf;chb17b_58.edf;chb17b_67.edf;chb17c_02.edf;chb17c_05.edf;chb17c_08.edf
chb17,61s non-causal,0.5,64,0,25085,51,0,0,4,4,0.9997088161121751,1,1,0,7.0,19,8.0,1,528,240,chb17a_04.edf;chb17a_06.edf;chb17b_58.edf;chb17b_67.edf;chb17c_02.edf;chb17c_05.edf;chb17c_08.edf
chb17,125s causal,0.45,58,0,25085,57,0,0,4,4,0.992352263174771,1,1,0,7.0,32,3.0,1,528,240,chb17a_04.edf;chb17a_06.edf;chb17b_58.edf;chb17b_67.edf;chb17c_02.edf;chb17c_05.edf;chb17c_08.edf
chb17,125s non-causal,0.4,71,0,25085,44,0,0,4,4,0.9997115892920592,1,1,0,7.0,19,4.0,1,528,240,chb17a_04.edf;chb17a_06.edf;chb17b_58.edf;chb17b_67.edf;chb17c_02.edf;chb17c_05.edf;chb17c_08.edf
chb17,none,0.65,2,6,21530,86,0,0,4,4,0.9142862268674861,1,1,6,6.006666666666667,50,8.0,2,540,246,chb17a_08.edf;chb17b_59.edf;chb17b_63.edf;chb17b_68.edf;chb17c_03.edf;chb17c_06.edf
chb17,13s causal avg,0.5,27,0,21536,61,0,0,4,4,0.9987162088004863,1,1,0,6.006666666666667,36,,2,540,246,chb17a_08.edf;chb17b_59.edf;chb17b_63.edf;chb17b_68.edf;chb17c_03.edf;chb17c_06.edf
chb17,13s non-causal avg,0.5,27,0,21536,61,0,0,4,4,0.9991240882074834,1,1,0,6.006666666666667,30,,2,540,246,chb17a_08.edf;chb17b_59.edf;chb17b_63.edf;chb17b_68.edf;chb17c_03.edf;chb17c_06.edf
chb17,29s causal avg,0.5,19,0,21536,69,0,0,4,4,0.9922181041469675,1,1,0,6.006666666666667,46,,2,540,246,chb17a_08.edf;chb17b_59.edf;chb17b_63.edf;chb17b_68.edf;chb17c_03.edf;chb17c_06.edf
chb17,29s non-causal avg,0.5,19,0,21536,69,0,0,4,4,0.9999762554032149,1,1,0,6.006666666666667,32,,2,540,246,chb17a_08.edf;chb17b_59.edf;chb17b_63.edf;chb17b_68.edf;chb17c_03.edf;chb17c_06.edf
chb17,61s causal avg,0.5,0,0,21536,88,0,0,4,4,0.9494667491219776,1,0,0,6.006666666666667,,,2,540,246,chb17a_08.edf;chb17b_59.edf;chb17b_63.edf;chb17b_68.edf;chb17c_03.edf;chb17c_06.edf
chb17,61s non-causal avg,0.45,38,0,21536,50,0,0,4,4,0.9999989446845873,1,1,0,6.006666666666667,22,,2,540,246,chb17a_08.edf;chb17b_59.edf;chb17b_63.edf;chb17b_68.edf;chb17c_03.edf;chb17c_06.edf
chb17,125s causal avg,0.45,0,0,21536,88,0,0,4,4,0.8413660424827774,1,0,0,6.006666666666667,,,2,540,246,chb17a_08.edf;chb17b_59.edf;chb17b_63.edf;chb17b_68.edf;chb17c_03.edf;chb17c_06.edf
chb17,125s non-causal avg,0.45,0,0,21536,88,0,0,4,4,0.9999250726057004,1,0,0,6.006666666666667,,,2,540,246,chb17a_08.edf;chb17b_59.edf;chb17b_63.edf;chb17b_68.edf;chb17c_03.edf;chb17c_06.edf
chb17,13s causal,0.4,51,17,21519,37,0,0,4,4,0.9883720071254897,1,1,8,6.006666666666667,12,28.0,2,540,246,chb17a_08.edf;chb17b_59.edf;chb17b_63.edf;chb17b_68.edf;chb17c_03.edf;chb17c_06.edf
chb17,13s non-causal,0.35,17,0,21536,71,0,0,4,4,0.9762949775428881,1,1,0,6.006666666666667,33,5.0,2,540,246,chb17a_08.edf;chb17b_59.edf;chb17b_63.edf;chb17b_68.edf;chb17c_03.edf;chb17c_06.edf
chb17,29s causal,0.35,20,3,21533,68,0,0,4,4,0.995475335168175,1,1,2,6.006666666666667,36,10.0,2,540,246,chb17a_08.edf;chb17b_59.edf;chb17b_63.edf;chb17b_68.edf;chb17c_03.edf;chb17c_06.edf
chb17,29s non-causal,0.4,7,0,21536,81,0,0,4,4,0.9824801811765501,1,1,0,6.006666666666667,35,6.0,2,540,246,chb17a_08.edf;chb17b_59.edf;chb17b_63.edf;chb17b_68.edf;chb17c_03.edf;chb17c_06.edf
chb17,61s causal,0.35,22,1,21535,66,0,0,4,4,0.9940248041334594,1,1,1,6.006666666666667,36,6.0,2,540,246,chb17a_08.edf;chb17b_59.edf;chb17b_63.edf;chb17b_68.edf;chb17c_03.edf;chb17c_06.edf
chb17,61s non-causal,0.35,16,0,21536,72,0,0,4,4,0.9818844556260975,1,1,0,6.006666666666667,33,3.0,2,540,246,chb17a_08.edf;chb17b_59.edf;chb17b_63.edf;chb17b_68.edf;chb17c_03.edf;chb17c_06.edf
chb17,125s causal,0.35,25,11,21525,63,0,0,4,4,0.9946775167161961,1,1,5,6.006666666666667,36,6.0,2,540,246,chb17a_08.edf;chb17b_59.edf;chb17b_63.edf;chb17b_68.edf;chb17c_03.edf;chb17c_06.edf
chb17,125s non-causal,0.35,16,0,21536,72,0,0,4,4,0.9884801769552884,1,1,0,6.006666666666667,35,4.0,2,540,246,chb17a_08.edf;chb17b_59.edf;chb17b_63.edf;chb17b_68.edf;chb17c_03.edf;chb17c_06.edf
chb18,none,0.85,29,13,27363,69,0,0,8,8,0.9082911145171101,2,2,12,7.631666666666667,22;2,10.0,0,1038,330,chb18_02.edf;chb18_07.edf;chb18_12.edf;chb18_17.edf;chb18_22.edf;chb18_27.edf;chb18_30.edf;chb18_31.edf
chb18,13s causal avg,0.8,23,0,27376,75,0,0,8,8,0.9278196155727049,2,1,0,7.631666666666667,22,,0,1038,330,chb18_02.edf;chb18_07.edf;chb18_12.edf;chb18_17.edf;chb18_22.edf;chb18_27.edf;chb18_30.edf;chb18_31.edf
chb18,13s non-causal avg,0.75,33,0,27376,65,0,0,8,8,0.9541755626856238,2,1,0,7.631666666666667,5,,0,1038,330,chb18_02.edf;chb18_07.edf;chb18_12.edf;chb18_17.edf;chb18_22.edf;chb18_27.edf;chb18_30.edf;chb18_31.edf
chb18,29s causal avg,0.8,19,0,27376,79,0,0,8,8,0.923809325015804,2,1,0,7.631666666666667,27,,0,1038,330,chb18_02.edf;chb18_07.edf;chb18_12.edf;chb18_17.edf;chb18_22.edf;chb18_27.edf;chb18_30.edf;chb18_31.edf
chb18,29s non-causal avg,0.7,32,0,27376,66,0,0,8,8,0.9729269045432317,2,1,0,7.631666666666667,9,,0,1038,330,chb18_02.edf;chb18_07.edf;chb18_12.edf;chb18_17.edf;chb18_22.edf;chb18_27.edf;chb18_30.edf;chb18_31.edf
chb18,61s causal avg,0.45,44,74,27302,54,2,2,6,6,0.9144617958229464,2,1,2,7.631666666666667,24,,0,1038,330,chb18_02.edf;chb18_07.edf;chb18_12.edf;chb18_17.edf;chb18_22.edf;chb18_27.edf;chb18_30.edf;chb18_31.edf
chb18,61s non-causal avg,0.7,14,0,27376,84,0,0,8,8,0.9895562476890231,2,1,0,7.631666666666667,24,,0,1038,330,chb18_02.edf;chb18_07.edf;chb18_12.edf;chb18_17.edf;chb18_22.edf;chb18_27.edf;chb18_30.edf;chb18_31.edf
chb18,125s causal avg,0.25,57,560,26816,41,2,2,6,6,0.9107970336001145,2,1,6,7.631666666666667,11,,0,1038,330,chb18_02.edf;chb18_07.edf;chb18_12.edf;chb18_17.edf;chb18_22.edf;chb18_27.edf;chb18_30.edf;chb18_31.edf
chb18,125s non-causal avg,0.5,60,14,27362,38,2,2,6,6,0.9774198911008003,2,1,0,7.631666666666667,8,,0,1038,330,chb18_02.edf;chb18_07.edf;chb18_12.edf;chb18_17.edf;chb18_22.edf;chb18_27.edf;chb18_30.edf;chb18_31.edf
chb18,13s causal,0.75,37,2,27374,61,0,0,8,8,0.938314433020432,2,2,1,7.631666666666667,23;2,35.0,0,1038,330,chb18_02.edf;chb18_07.edf;chb18_12.edf;chb18_17.edf;chb18_22.edf;chb18_27.edf;chb18_30.edf;chb18_31.edf
chb18,13s non-causal,0.75,39,0,27376,59,1,0,8,7,0.9567116735648087,2,2,0,7.631666666666667,21;1,51.0,0,1038,330,chb18_02.edf;chb18_07.edf;chb18_12.edf;chb18_17.edf;chb18_22.edf;chb18_27.edf;chb18_30.edf;chb18_31.edf
chb18,29s causal,0.8,37,4,27372,61,0,0,8,8,0.9319868289221007,2,2,2,7.631666666666667,23;2,39.0,0,1038,330,chb18_02.edf;chb18_07.edf;chb18_12.edf;chb18_17.edf;chb18_22.edf;chb18_27.edf;chb18_30.edf;chb18_31.edf
chb18,29s non-causal,0.65,42,0,27376,56,1,0,8,7,0.9726193955080571,2,2,0,7.631666666666667,23;1,41.0,0,1038,330,chb18_02.edf;chb18_07.edf;chb18_12.edf;chb18_17.edf;chb18_22.edf;chb18_27.edf;chb18_30.edf;chb18_31.edf
chb18,61s causal,0.85,32,0,27376,66,0,0,8,8,0.9255921319433678,2,2,0,7.631666666666667,23;2,44.0,0,1038,330,chb18_02.edf;chb18_07.edf;chb18_12.edf;chb18_17.edf;chb18_22.edf;chb18_27.edf;chb18_30.edf;chb18_31.edf
chb18,61s non-causal,0.7,42,0,27376,56,1,0,8,7,0.9847799800808693,2,1,0,7.631666666666667,1,57.0,0,1038,330,chb18_02.edf;chb18_07.edf;chb18_12.edf;chb18_17.edf;chb18_22.edf;chb18_27.edf;chb18_30.edf;chb18_31.edf
chb18,125s causal,0.75,46,6,27370,52,0,0,8,8,0.9320967866983145,2,2,3,7.631666666666667,23;2,25.0,0,1038,330,chb18_02.edf;chb18_07.edf;chb18_12.edf;chb18_17.edf;chb18_22.edf;chb18_27.edf;chb18_30.edf;chb18_31.edf
chb18,125s non-causal,0.7,43,0,27376,55,2,0,8,6,0.9831917425064708,2,1,0,7.631666666666667,0,39.0,0,1038,330,chb18_02.edf;chb18_07.edf;chb18_12.edf;chb18_17.edf;chb18_22.edf;chb18_27.edf;chb18_30.edf;chb18_31.edf
chb18,none,0.8,29,65,25085,21,1,0,4,3,0.9910679920477138,1,1,9,7.0,0,10.0,1,1272,642,chb18_03.edf;chb18_08.edf;chb18_13.edf;chb18_18.edf;chb18_23.edf;chb18_28.edf;chb18_29.edf
chb18,13s causal avg,0.65,41,116,25034,9,2,2,2,2,0.996389662027833,1,1,1,7.0,9,,1,1272,642,chb18_03.edf;chb18_08.edf;chb18_13.edf;chb18_18.edf;chb18_23.edf;chb18_28.edf;chb18_29.edf
chb18,13s non-causal avg,0.6,46,143,25007,4,0,0,4,4,0.9982950298210737,1,1,2,7.0,2,,1,1272,642,chb18_03.edf;chb18_08.edf;chb18_13.edf;chb18_18.edf;chb18_23.edf;chb18_28.edf;chb18_29.edf
chb18,29s causal avg,0.6,31,156,24994,19,2,2,2,2,0.9866600397614314,1,1,1,7.0,19,,1,1272,642,chb18_03.edf;chb18_08.edf;chb18_13.edf;chb18_18.edf;chb18_23.edf;chb18_28.edf;chb18_29.edf
chb18,29s non-causal avg,0.6,45,142,25008,5,2,2,2,2,0.9977391650099403,1,1,1,7.0,5,,1,1272,642,chb18_03.edf;chb18_08.edf;chb18_13.edf;chb18_18.edf;chb18_23.edf;chb18_28.edf;chb18_29.edf
chb18,61s causal avg,0.6,11,182,24968,39,2,2,2,2,0.9535339960238567,1,1,1,7.0,39,,1,1272,642,chb18_03.edf;chb18_08.edf;chb18_13.edf;chb18_18.edf;chb18_23.edf;chb18_28.edf;chb18_29.edf
chb18,61s non-causal avg,0.6,41,152,24998,9,2,2,2,2,0.9960508946322068,1,1,1,7.0,9,,1,1272,642,chb18_03.edf;chb18_08.edf;chb18_13.edf;chb18_18.edf;chb18_23.edf;chb18_28.edf;chb18_29.edf
chb18,125s causal avg,0.4,9,363,24787,41,2,2,2,2,0.8803681908548708,1,1,1,7.0,41,,1,1272,642,chb18_03.edf;chb18_08.edf;chb18_13.edf;chb18_18.edf;chb18_23.edf;chb18_28.edf;chb18_29.edf
chb18,125s non-causal avg,0.55,21,207,24943,29,2,2,2,2,0.9910345924453281,1,1,1,7.0,29,,1,1272,642,chb18_03.edf;chb18_08.edf;chb18_13.edf;chb18_18.edf;chb18_23.edf;chb18_28.edf;chb18_29.edf
chb18,13s causal,0.5,46,74,25076,4,1,0,4,3,0.9988270377733598,1,1,4,7.0,2,19.0,1,1272,642,chb18_03.edf;chb18_08.edf;chb18_13.edf;chb18_18.edf;chb18_23.edf;chb18_28.edf;chb18_29.edf
chb18,13s non-causal,0.55,45,64,25086,5,1,0,4,3,0.999000397614314,1,1,3,7.0,1,26.0,1,1272,642,chb18_03.edf;chb18_08.edf;chb18_13.edf;chb18_18.edf;chb18_23.edf;chb18_28.edf;chb18_29.edf
chb18,29s causal,0.45,49,67,25083,1,3,0,4,1,0.9995475149105368,1,1,5,7.0,0,77.0,1,1272,642,chb18_03.edf;chb18_08.edf;chb18_13.edf;chb18_18.edf;chb18_23.edf;chb18_28.edf;chb18_29.edf
chb18,29s non-causal,0.5,46,72,25078,4,2,1,3,2,0.9991506958250497,1,1,3,7.0,0,30.0,1,1272,642,chb18_03.edf;chb18_08.edf;chb18_13.edf;chb18_18.edf;chb18_23.edf;chb18_28.edf;chb18_29.edf
chb18,61s causal,0.45,48,58,25092,2,2,0,4,2,0.9993272365805169,1,1,3,7.0,2,65.0,1,1272,642,chb18_03.edf;chb18_08.edf;chb18_13.edf;chb18_18.edf;chb18_23.edf;chb18_28.edf;chb18_29.edf
chb18,61s non-causal,0.3,49,96,25054,1,3,2,2,1,0.9994990059642147,1,1,1,7.0,0,30.0,1,1272,642,chb18_03.edf;chb18_08.edf;chb18_13.edf;chb18_18.edf;chb18_23.edf;chb18_28.edf;chb18_29.edf
chb18,125s causal,0.55,45,51,25099,5,1,0,4,3,0.9992166998011929,1,1,1,7.0,3,58.0,1,1272,642,chb18_03.edf;chb18_08.edf;chb18_13.edf;chb18_18.edf;chb18_23.edf;chb18_28.edf;chb18_29.edf
chb18,125s non-causal,0.3,50,83,25067,0,4,2,2,0,0.9994218687872762,1,1,2,7.0,0,38.0,1,1272,642,chb18_03.edf;chb18_08.edf;chb18_13.edf;chb18_18.edf;chb18_23.edf;chb18_28.edf;chb18_29.edf
chb18,none,0.85,28,54,25078,40,1,0,4,3,0.9510537304210241,1,1,47,7.0,2,21.0,2,1218,666,chb18_04.edf;chb18_09.edf;chb18_14.edf;chb18_19.edf;chb18_24.edf;chb18_33.edf;chb18_35.edf
chb18,13s causal avg,0.8,19,0,25132,49,0,0,4,4,0.9463538399603038,1,1,0,7.0,19,,2,1218,666,chb18_04.edf;chb18_09.edf;chb18_14.edf;chb18_19.edf;chb18_24.edf;chb18_33.edf;chb18_35.edf
chb18,13s non-causal avg,0.8,19,0,25132,49,0,0,4,4,0.9933398713615639,1,1,0,7.0,13,,2,1218,666,chb18_04.edf;chb18_09.edf;chb18_14.edf;chb18_19.edf;chb18_24.edf;chb18_33.edf;chb18_35.edf
chb18,29s causal avg,0.75,24,0,25132,44,0,0,4,4,0.8894893784348055,1,1,0,7.0,32,,2,1218,666,chb18_04.edf;chb18_09.edf;chb18_14.edf;chb18_19.edf;chb18_24.edf;chb18_33.edf;chb18_35.edf
chb18,29s non-causal avg,0.75,24,0,25132,44,0,0,4,4,0.9984996863618916,1,1,0,7.0,18,,2,1218,666,chb18_04.edf;chb18_09.edf;chb18_14.edf;chb18_19.edf;chb18_24.edf;chb18_33.edf;chb18_35.edf
chb18,61s causal avg,0.45,33,51,25081,35,2,2,2,2,0.7996326455140389,1,1,0,7.0,35,,2,1218,666,chb18_04.edf;chb18_09.edf;chb18_14.edf;chb18_19.edf;chb18_24.edf;chb18_33.edf;chb18_35.edf
chb18,61s non-causal avg,0.7,15,0,25132,53,0,0,4,4,0.9996752441227964,1,1,0,7.0,28,,2,1218,666,chb18_04.edf;chb18_09.edf;chb18_14.edf;chb18_19.edf;chb18_24.edf;chb18_33.edf;chb18_35.edf
chb18,125s causal avg,0.3,24,3593,21539,44,2,2,2,2,0.6305577140931177,1,1,14,7.0,44,,2,1218,666,chb18_04.edf;chb18_09.edf;chb18_14.edf;chb18_19.edf;chb18_24.edf;chb18_33.edf;chb18_35.edf
chb18,125s non-causal avg,0.45,48,31,25101,20,2,2,2,2,0.9989046072033779,1,1,0,7.0,20,,2,1218,666,chb18_04.edf;chb18_09.edf;chb18_14.edf;chb18_19.edf;chb18_24.edf;chb18_33.edf;chb18_35.edf
chb18,13s causal,0.65,24,2,25130,44,0,0,4,4,0.9812168222374099,1,1,2,7.0,9,16.0,2,1218,666,chb18_04.edf;chb18_09.edf;chb18_14.edf;chb18_19.edf;chb18_24.edf;chb18_33.edf;chb18_35.edf
chb18,13s non-causal,0.7,25,0,25132,43,0,0,4,4,0.9932708241660504,1,1,0,7.0,9,16.0,2,1218,666,chb18_04.edf;chb18_09.edf;chb18_14.edf;chb18_19.edf;chb18_24.edf;chb18_33.edf;chb18_35.edf
chb18,29s causal,0.7,26,9,25123,42,0,0,4,4,0.9789651814887981,1,1,4,7.0,9,88.0,2,1218,666,chb18_04.edf;chb18_09.edf;chb18_14.edf;chb18_19.edf;chb18_24.edf;chb18_33.edf;chb18_35.edf
chb18,29s non-causal,0.7,28,0,25132,40,0,0,4,4,0.9978893793710386,1,1,0,7.0,8,9.0,2,1218,666,chb18_04.edf;chb18_09.edf;chb18_14.edf;chb18_19.edf;chb18_24.edf;chb18_33.edf;chb18_35.edf
chb18,61s causal,0.6,30,16,25116,38,0,0,4,4,0.9618040276750522,1,1,7,7.0,9,90.0,2,1218,666,chb18_04.edf;chb18_09.edf;chb18_14.edf;chb18_19.edf;chb18_24.edf;chb18_33.edf;chb18_35.edf
chb18,61s non-causal,0.75,24,0,25132,44,0,0,4,4,0.9997179597606988,1,1,0,7.0,9,17.0,2,1218,666,chb18_04.edf;chb18_09.edf;chb18_14.edf;chb18_19.edf;chb18_24.edf;chb18_33.edf;chb18_35.edf
chb18,125s causal,0.65,39,8,25124,29,0,0,4,4,0.9822864686221457,1,1,5,7.0,9,19.0,2,1218,666,chb18_04.edf;chb18_09.edf;chb18_14.edf;chb18_19.edf;chb18_24.edf;chb18_33.edf;chb18_35.edf
chb18,125s non-causal,0.6,30,0,25132,38,1,0,4,3,0.9927599919483948,1,1,0,7.0,9,2.0,2,1218,666,chb18_04.edf;chb18_09.edf;chb18_14.edf;chb18_19.edf;chb18_24.edf;chb18_33.edf;chb18_35.edf
chb18,none,0.85,39,25,25120,16,0,0,4,4,0.9955660803702164,1,1,22,7.0,2,14.0,3,1164,504,chb18_05.edf;chb18_10.edf;chb18_15.edf;chb18_20.edf;chb18_25.edf;chb18_32.edf;chb18_34.edf
chb18,13s causal avg,0.65,47,30,25115,8,2,2,2,2,0.9945841392649903,1,1,0,7.0,8,,3,1164,504,chb18_05.edf;chb18_10.edf;chb18_15.edf;chb18_20.edf;chb18_25.edf;chb18_32.edf;chb18_34.edf
chb18,13s non-causal avg,0.65,53,24,25121,2,2,2,2,2,0.9999435998481535,1,1,0,7.0,2,,3,1164,504,chb18_05.edf;chb18_10.edf;chb18_15.edf;chb18_20.edf;chb18_25.edf;chb18_32.edf;chb18_34.edf
chb18,29s causal avg,0.7,33,22,25123,22,2,2,2,2,0.9939810914875539,1,1,0,7.0,22,,3,1164,504,chb18_05.edf;chb18_10.edf;chb18_15.edf;chb18_20.edf;chb18_25.edf;chb18_32.edf;chb18_34.edf
chb18,29s non-causal avg,0.6,51,29,25116,4,2,2,2,2,0.9998481534373361,1,1,0,7.0,4,,3,1164,504,chb18_05.edf;chb18_10.edf;chb18_15.edf;chb18_20.edf;chb18_25.edf;chb18_32.edf;chb18_34.edf
chb18,61s causal avg,0.5,34,94,25051,21,2,2,2,2,0.9839057105153745,1,1,1,7.0,21,,3,1164,504,chb18_05.edf;chb18_10.edf;chb18_15.edf;chb18_20.edf;chb18_25.edf;chb18_32.edf;chb18_34.edf
chb18,61s non-causal avg,0.6,52,27,25118,3,2,2,2,2,0.9997584916574775,1,1,0,7.0,3,,3,1164,504,chb18_05.edf;chb18_10.edf;chb18_15.edf;chb18_20.edf;chb18_25.edf;chb18_32.edf;chb18_34.edf
chb18,125s causal avg,0.35,33,1541,23604,22,2,2,2,2,0.9408875793127135,1,1,6,7.0,22,,3,1164,504,chb18_05.edf;chb18_10.edf;chb18_15.edf;chb18_20.edf;chb18_25.edf;chb18_32.edf;chb18_34.edf
chb18,125s non-causal avg,0.5,55,88,25057,0,4,4,0,0,0.9988712738841988,1,1,0,7.0,0,,3,1164,504,chb18_05.edf;chb18_10.edf;chb18_15.edf;chb18_20.edf;chb18_25.edf;chb18_32.edf;chb18_34.edf
chb18,13s causal,0.5,52,18,25127,3,2,2,2,2,0.9983665648330592,1,1,1,7.0,3,5.0,3,1164,504,chb18_05.edf;chb18_10.edf;chb18_15.edf;chb18_20.edf;chb18_25.edf;chb18_32.edf;chb18_34.edf
chb18,13s non-causal,0.45,54,17,25128,1,3,1,3,1,0.9999681845297276,1,1,3,7.0,1,5.0,3,1164,504,chb18_05.edf;chb18_10.edf;chb18_15.edf;chb18_20.edf;chb18_25.edf;chb18_32.edf;chb18_34.edf
chb18,29s causal,0.45,53,15,25130,2,2,1,3,2,0.9991605054321301,1,1,8,7.0,2,17.0,3,1164,504,chb18_05.edf;chb18_10.edf;chb18_15.edf;chb18_20.edf;chb18_25.edf;chb18_32.edf;chb18_34.edf
chb18,29s non-causal,0.35,54,21,25124,1,3,2,2,1,0.9999840922648638,1,1,2,7.0,1,42.0,3,1164,504,chb18_05.edf;chb18_10.edf;chb18_15.edf;chb18_20.edf;chb18_25.edf;chb18_32.edf;chb18_34.edf
chb18,61s causal,0.35,53,38,25107,2,2,2,2,2,0.9992733057358231,1,1,19,7.0,2,10.0,3,1164,504,chb18_05.edf;chb18_10.edf;chb18_15.edf;chb18_20.edf;chb18_25.edf;chb18_32.edf;chb18_34.edf
chb18,61s non-causal,0.35,54,12,25133,1,3,1,3,1,0.9999515537157215,1,1,0,7.0,1,3.0,3,1164,504,chb18_05.edf;chb18_10.edf;chb18_15.edf;chb18_20.edf;chb18_25.edf;chb18_32.edf;chb18_34.edf
chb18,125s causal,0.8,47,0,25145,8,0,0,4,4,0.9991800285616154,1,1,0,7.0,3,17.0,3,1164,504,chb18_05.edf;chb18_10.edf;chb18_15.edf;chb18_20.edf;chb18_25.edf;chb18_32.edf;chb18_34.edf
chb18,125s non-causal,0.3,55,27,25118,0,4,3,1,0,0.999996384605651,1,1,3,7.0,0,17.0,3,1164,504,chb18_05.edf;chb18_10.edf;chb18_15.edf;chb18_20.edf;chb18_25.edf;chb18_32.edf;chb18_34.edf
chb18,none,0.9,31,63,21491,15,2,1,3,2,0.9922903445743956,1,1,37,6.0,3,37.0,4,1296,672,chb18_06.edf;chb18_11.edf;chb18_16.edf;chb18_21.edf;chb18_26.edf;chb18_36.edf
chb18,13s causal avg,0.75,38,80,21474,8,2,2,2,2,0.9891506065655119,1,1,3,6.0,8,,4,1296,672,chb18_06.edf;chb18_11.edf;chb18_16.edf;chb18_21.edf;chb18_26.edf;chb18_36.edf
chb18,13s non-causal avg,0.75,44,74,21480,2,2,2,2,2,0.9996268220162907,1,1,3,6.0,2,,4,1296,672,chb18_06.edf;chb18_11.edf;chb18_16.edf;chb18_21.edf;chb18_26.edf;chb18_36.edf
chb18,29s causal avg,0.75,25,81,21473,21,2,2,2,2,0.9745573302241891,1,1,3,6.0,21,,4,1296,672,chb18_06.edf;chb18_11.edf;chb18_16.edf;chb18_21.edf;chb18_26.edf;chb18_36.edf
chb18,29s non-causal avg,0.75,39,67,21487,7,2,2,2,2,0.9987231261422272,1,1,3,6.0,7,,4,1296,672,chb18_06.edf;chb18_11.edf;chb18_16.edf;chb18_21.edf;chb18_26.edf;chb18_36.edf
chb18,61s causal avg,0.55,17,242,21312,29,2,2,2,2,0.9480657277374118,1,1,4,6.0,29,,4,1296,672,chb18_06.edf;chb18_11.edf;chb18_16.edf;chb18_21.edf;chb18_26.edf;chb18_36.edf
chb18,61s non-causal avg,0.7,34,163,21391,12,2,2,2,2,0.9971567871997935,1,1,0,6.0,12,,4,1296,672,chb18_06.edf;chb18_11.edf;chb18_16.edf;chb18_21.edf;chb18_26.edf;chb18_36.edf
chb18,125s causal avg,0.35,27,1918,19636,19,2,2,2,2,0.904860794526185,1,1,20,6.0,19,,4,1296,672,chb18_06.edf;chb18_11.edf;chb18_16.edf;chb18_21.edf;chb18_26.edf;chb18_36.edf
chb18,125s non-causal avg,0.5,46,336,21218,0,4,4,0,0,0.9918173162653154,1,1,1,6.0,0,,4,1296,672,chb18_06.edf;chb18_11.edf;chb18_16.edf;chb18_21.edf;chb18_26.edf;chb18_36.edf
chb18,13s causal,0.7,41,30,21524,5,2,2,2,2,0.9991860685598557,1,1,5,6.0,4,40.0,4,1296,672,chb18_06.edf;chb18_11.edf;chb18_16.edf;chb18_21.edf;chb18_26.edf;chb18_36.edf
chb18,13s non-causal,0.65,46,90,21464,0,4,2,2,0,0.9996933888998712,1,1,4,6.0,0,65.0,4,1296,672,chb18_06.edf;chb18_11.edf;chb18_16.edf;chb18_21.edf;chb18_26.edf;chb18_36.edf
chb18,29s causal,0.6,43,58,21496,3,2,2,2,2,0.999376691908291,1,1,11,6.0,3,25.0,4,1296,672,chb18_06.edf;chb18_11.edf;chb18_16.edf;chb18_21.edf;chb18_26.edf;chb18_36.edf
chb18,29s non-causal,0.75,46,84,21470,0,4,2,2,0,0.9999213300466775,1,1,4,6.0,0,31.0,4,1296,672,chb18_06.edf;chb18_11.edf;chb18_16.edf;chb18_21.edf;chb18_26.edf;chb18_36.edf
chb18,61s causal,0.75,41,16,21538,5,2,2,2,2,0.9994936882491297,1,1,4,6.0,4,38.0,4,1296,672,chb18_06.edf;chb18_11.edf;chb18_16.edf;chb18_21.edf;chb18_26.edf;chb18_36.edf
chb18,61s non-causal,0.7,46,105,21449,0,4,3,1,0,0.9999062012095,1,1,2,6.0,0,26.0,4,1296,672,chb18_06.edf;chb18_11.edf;chb18_16.edf;chb18_21.edf;chb18_26.edf;chb18_36.edf
chb18,125s causal,0.7,43,14,21540,3,2,2,2,2,0.9995491606521133,1,1,7,6.0,3,24.0,4,1296,672,chb18_06.edf;chb18_11.edf;chb18_16.edf;chb18_21.edf;chb18_26.edf;chb18_36.edf
chb18,125s non-causal,0.7,46,90,21464,0,4,3,1,0,0.9999415018295806,1,1,2,6.0,0,11.0,4,1296,672,chb18_06.edf;chb18_11.edf;chb18_16.edf;chb18_21.edf;chb18_26.edf;chb18_36.edf
chb19,none,0.8,34,413,35521,44,0,0,4,4,0.8882299172414383,1,1,130,10.003333333333334,7,23.0,0,462,240,chb19_02.edf;chb19_05.edf;chb19_08.edf;chb19_11.edf;chb19_14.edf;chb19_17.edf;chb19_20.edf;chb19_23.edf;chb19_26.edf;chb19_28.edf
chb19,13s causal avg,0.6,47,295,35639,31,1,0,4,3,0.9848846817455934,1,1,32,10.003333333333334,9,,0,462,240,chb19_02.edf;chb19_05.edf;chb19_08.edf;chb19_11.edf;chb19_14.edf;chb19_17.edf;chb19_20.edf;chb19_23.edf;chb19_26.edf;chb19_28.edf
chb19,13s non-causal avg,0.6,47,294,35640,31,0,1,3,4,0.9894186350189021,1,1,31,10.003333333333334,3,,0,462,240,chb19_02.edf;chb19_05.edf;chb19_08.edf;chb19_11.edf;chb19_14.edf;chb19_17.edf;chb19_20.edf;chb19_23.edf;chb19_26.edf;chb19_28.edf
chb19,29s causal avg,0.45,66,669,35265,12,2,2,2,2,0.9787270251872021,1,1,26,10.003333333333334,12,,0,462,240,chb19_02.edf;chb19_05.edf;chb19_08.edf;chb19_11.edf;chb19_14.edf;chb19_17.edf;chb19_20.edf;chb19_23.edf;chb19_26.edf;chb19_28.edf
chb19,29s non-causal avg,0.55,60,256,35678,18,2,2,2,2,0.99544785097465,1,1,7,10.003333333333334,3,,0,462,240,chb19_02.edf;chb19_05.edf;chb19_08.edf;chb19_11.edf;chb19_14.edf;chb19_17.edf;chb19_20.edf;chb19_23.edf;chb19_26.edf;chb19_28.edf
chb19,61s causal avg,0.4,56,670,35264,22,2,2,2,2,0.9647466223689299,1,1,10,10.003333333333334,22,,0,462,240,chb19_02.edf;chb19_05.edf;chb19_08.edf;chb19_11.edf;chb19_14.edf;chb19_17.edf;chb19_20.edf;chb19_23.edf;chb19_26.edf;chb19_28.edf
chb19,61s non-causal avg,0.45,78,339,35595,0,4,4,0,0,0.9962477505055565,1,1,5,10.003333333333334,0,,0,462,240,chb19_02.edf;chb19_05.edf;chb19_08.edf;chb19_11.edf;chb19_14.edf;chb19_17.edf;chb19_20.edf;chb19_23.edf;chb19_26.edf;chb19_28.edf
chb19,125s causal avg,0.35,33,939,34995,45,2,2,2,2,0.9332055349337033,1,1,5,10.003333333333334,43,,0,462,240,chb19_02.edf;chb19_05.edf;chb19_08.edf;chb19_11.edf;chb19_14.edf;chb19_17.edf;chb19_20.edf;chb19_23.edf;chb19_26.edf;chb19_28.edf
chb19,125s non-causal avg,0.5,54,243,35691,24,2,2,2,2,0.995637300863549,1,1,1,10.003333333333334,24,,0,462,240,chb19_02.edf;chb19_05.edf;chb19_08.edf;chb19_11.edf;chb19_14.edf;chb19_17.edf;chb19_20.edf;chb19_23.edf;chb19_26.edf;chb19_28.edf
chb19,13s causal,0.45,30,216,35718,48,0,0,4,4,0.9794338052811922,1,1,36,10.003333333333334,8,6.0,0,462,240,chb19_02.edf;chb19_05.edf;chb19_08.edf;chb19_11.edf;chb19_14.edf;chb19_17.edf;chb19_20.edf;chb19_23.edf;chb19_26.edf;chb19_28.edf
chb19,13s non-causal,0.4,39,267,35667,39,0,0,4,4,0.9750040316078051,1,1,40,10.003333333333334,5,5.0,0,462,240,chb19_02.edf;chb19_05.edf;chb19_08.edf;chb19_11.edf;chb19_14.edf;chb19_17.edf;chb19_20.edf;chb19_23.edf;chb19_26.edf;chb19_28.edf
chb19,29s causal,0.4,40,331,35603,38,1,1,3,3,0.9780159637397908,1,1,36,10.003333333333334,8,7.0,0,462,240,chb19_02.edf;chb19_05.edf;chb19_08.edf;chb19_11.edf;chb19_14.edf;chb19_17.edf;chb19_20.edf;chb19_23.edf;chb19_26.edf;chb19_28.edf
chb19,29s non-causal,0.35,47,449,35485,31,1,1,3,3,0.9715907225925593,1,1,61,10.003333333333334,3,4.0,0,462,240,chb19_02.edf;chb19_05.edf;chb19_08.edf;chb19_11.edf;chb19_14.edf;chb19_17.edf;chb19_20.edf;chb19_23.edf;chb19_26.edf;chb19_28.edf
chb19,61s causal,0.35,52,400,35534,26,2,1,3,2,0.9832203056030071,1,1,40,10.003333333333334,8,4.0,0,462,240,chb19_02.edf;chb19_05.edf;chb19_08.edf;chb19_11.edf;chb19_14.edf;chb19_17.edf;chb19_20.edf;chb19_23.edf;chb19_26.edf;chb19_28.edf
chb19,61s non-causal,0.3,51,440,35494,27,1,1,3,3,0.9790516944883283,1,1,55,10.003333333333334,2,4.0,0,462,240,chb19_02.edf;chb19_05.edf;chb19_08.edf;chb19_11.edf;chb19_14.edf;chb19_17.edf;chb19_20.edf;chb19_23.edf;chb19_26.edf;chb19_28.edf
chb19,125s causal,0.35,48,432,35502,30,1,1,3,3,0.9786513879434233,1,1,50,10.003333333333334,6,8.0,0,462,240,chb19_02.edf;chb19_05.edf;chb19_08.edf;chb19_11.edf;chb19_14.edf;chb19_17.edf;chb19_20.edf;chb19_23.edf;chb19_26.edf;chb19_28.edf
chb19,125s non-causal,0.35,57,413,35521,21,3,2,2,1,0.9876964606051265,1,1,38,10.003333333333334,1,4.0,0,462,240,chb19_02.edf;chb19_05.edf;chb19_08.edf;chb19_11.edf;chb19_14.edf;chb19_17.edf;chb19_20.edf;chb19_23.edf;chb19_26.edf;chb19_28.edf
chb19,none,0.7,34,56,35867,43,0,0,4,4,0.9807987575156241,1,1,37,10.0,6,7.0,1,492,108,chb19_03.edf;chb19_06.edf;chb19_09.edf;chb19_12.edf;chb19_15.edf;chb19_18.edf;chb19_21.edf;chb19_24.edf;chb19_27.edf;chb19_29.edf
chb19,13s causal avg,0.55,67,137,35786,10,2,2,2,2,0.991523355691159,1,1,12,10.0,10,,1,492,108,chb19_03.edf;chb19_06.edf;chb19_09.edf;chb19_12.edf;chb19_15.edf;chb19_18.edf;chb19_21.edf;chb19_24.edf;chb19_27.edf;chb19_29.edf
chb19,13s non-causal avg,0.55,73,131,35792,4,2,2,2,2,0.9986829694537849,1,1,12,10.0,4,,1,492,108,chb19_03.edf;chb19_06.edf;chb19_09.edf;chb19_12.edf;chb19_15.edf;chb19_18.edf;chb19_21.edf;chb19_24.edf;chb19_27.edf;chb19_29.edf
chb19,29s causal avg,0.45,66,681,35242,11,2,2,2,2,0.9776755549658704,1,1,20,10.0,11,,1,492,108,chb19_03.edf;chb19_06.edf;chb19_09.edf;chb19_12.edf;chb19_15.edf;chb19_18.edf;chb19_21.edf;chb19_24.edf;chb19_27.edf;chb19_29.edf
chb19,29s non-causal avg,0.45,77,669,35254,0,4,4,0,0,0.9989711037786086,1,1,19,10.0,0,,1,492,108,chb19_03.edf;chb19_06.edf;chb19_09.edf;chb19_12.edf;chb19_15.edf;chb19_18.edf;chb19_21.edf;chb19_24.edf;chb19_27.edf;chb19_29.edf
chb19,61s causal avg,0.45,51,461,35462,26,2,2,2,2,0.9576872755616178,1,1,4,10.0,26,,1,492,108,chb19_03.edf;chb19_06.edf;chb19_09.edf;chb19_12.edf;chb19_15.edf;chb19_18.edf;chb19_21.edf;chb19_24.edf;chb19_27.edf;chb19_29.edf
chb19,61s non-causal avg,0.45,77,434,35489,0,4,4,0,0,0.9990065330933298,1,1,3,10.0,0,,1,492,108,chb19_03.edf;chb19_06.edf;chb19_09.edf;chb19_12.edf;chb19_15.edf;chb19_18.edf;chb19_21.edf;chb19_24.edf;chb19_27.edf;chb19_29.edf
chb19,125s causal avg,0.4,42,1277,34646,35,2,2,2,2,0.904812096291093,1,1,16,10.0,35,,1,492,108,chb19_03.edf;chb19_06.edf;chb19_09.edf;chb19_12.edf;chb19_15.edf;chb19_18.edf;chb19_21.edf;chb19_24.edf;chb19_27.edf;chb19_29.edf
chb19,125s non-causal avg,0.55,51,76,35847,26,2,2,2,2,0.9982325110237591,1,1,0,10.0,26,,1,492,108,chb19_03.edf;chb19_06.edf;chb19_09.edf;chb19_12.edf;chb19_15.edf;chb19_18.edf;chb19_21.edf;chb19_24.edf;chb19_27.edf;chb19_29.edf
chb19,13s causal,0.4,63,230,35693,14,1,1,3,3,0.9935793405158435,1,1,43,10.0,6,11.0,1,492,108,chb19_03.edf;chb19_06.edf;chb19_09.edf;chb19_12.edf;chb19_15.edf;chb19_18.edf;chb19_21.edf;chb19_24.edf;chb19_27.edf;chb19_29.edf
chb19,13s non-causal,0.4,54,168,35755,23,1,0,4,3,0.9944101217936923,1,1,45,10.0,6,10.0,1,492,108,chb19_03.edf;chb19_06.edf;chb19_09.edf;chb19_12.edf;chb19_15.edf;chb19_18.edf;chb19_21.edf;chb19_24.edf;chb19_27.edf;chb19_29.edf
chb19,29s causal,0.5,65,182,35741,12,1,2,2,3,0.9940663128314495,1,1,24,10.0,7,18.0,1,492,108,chb19_03.edf;chb19_06.edf;chb19_09.edf;chb19_12.edf;chb19_15.edf;chb19_18.edf;chb19_21.edf;chb19_24.edf;chb19_27.edf;chb19_29.edf
chb19,29s non-causal,0.4,58,137,35786,19,1,1,3,3,0.9969588633118961,1,1,24,10.0,5,12.0,1,492,108,chb19_03.edf;chb19_06.edf;chb19_09.edf;chb19_12.edf;chb19_15.edf;chb19_18.edf;chb19_21.edf;chb19_24.edf;chb19_27.edf;chb19_29.edf
chb19,61s causal,0.45,63,163,35760,14,1,2,2,3,0.9930760996373555,1,1,18,10.0,7,17.0,1,492,108,chb19_03.edf;chb19_06.edf;chb19_09.edf;chb19_12.edf;chb19_15.edf;chb19_18.edf;chb19_21.edf;chb19_24.edf;chb19_27.edf;chb19_29.edf
chb19,61s non-causal,0.35,66,227,35696,11,1,2,2,3,0.9975044024538777,1,1,35,10.0,3,11.0,1,492,108,chb19_03.edf;chb19_06.edf;chb19_09.edf;chb19_12.edf;chb19_15.edf;chb19_18.edf;chb19_21.edf;chb19_24.edf;chb19_27.edf;chb19_29.edf
chb19,125s causal,0.4,70,296,35627,7,2,2,2,2,0.9923338916463098,1,1,28,10.0,7,12.0,1,492,108,chb19_03.edf;chb19_06.edf;chb19_09.edf;chb19_12.edf;chb19_15.edf;chb19_18.edf;chb19_21.edf;chb19_24.edf;chb19_27.edf;chb19_29.edf
chb19,125s non-causal,0.35,73,265,35658,4,2,3,1,2,0.9983460294403146,1,1,39,10.0,0,8.0,1,492,108,chb19_03.edf;chb19_06.edf;chb19_09.edf;chb19_12.edf;chb19_15.edf;chb19_18.edf;chb19_21.edf;chb19_24.edf;chb19_27.edf;chb19_29.edf
chb19,none,0.75,17,125,31928,64,1,0,4,3,0.9843457575859119,1,1,38,8.926111111111112,7,9.0,2,684,270,chb19_04.edf;chb19_07.edf;chb19_10.edf;chb19_13.edf;chb19_16.edf;chb19_19.edf;chb19_22.edf;chb19_25.edf;chb19_30.edf
chb19,13s causal avg,0.75,0,27,32026,81,0,0,4,4,0.9899283324339742,1,0,2,8.926111111111112,,,2,684,270,chb19_04.edf;chb19_07.edf;chb19_10.edf;chb19_13.edf;chb19_16.edf;chb19_19.edf;chb19_22.edf;chb19_25.edf;chb19_30.edf
chb19,13s non-causal avg,0.75,0,27,32026,81,0,0,4,4,0.9962831621854699,1,0,2,8.926111111111112,,,2,684,270,chb19_04.edf;chb19_07.edf;chb19_10.edf;chb19_13.edf;chb19_16.edf;chb19_19.edf;chb19_22.edf;chb19_25.edf;chb19_30.edf
chb19,29s causal avg,0.7,0,25,32028,81,0,0,4,4,0.9853633623015584,1,0,1,8.926111111111112,,,2,684,270,chb19_04.edf;chb19_07.edf;chb19_10.edf;chb19_13.edf;chb19_16.edf;chb19_19.edf;chb19_22.edf;chb19_25.edf;chb19_30.edf
chb19,29s non-causal avg,0.7,0,25,32028,81,0,0,4,4,0.9976886275932647,1,0,1,8.926111111111112,,,2,684,270,chb19_04.edf;chb19_07.edf;chb19_10.edf;chb19_13.edf;chb19_16.edf;chb19_19.edf;chb19_22.edf;chb19_25.edf;chb19_30.edf
chb19,61s causal avg,0.7,0,0,32053,81,0,0,4,4,0.972128338365508,1,0,0,8.926111111111112,,,2,684,270,chb19_04.edf;chb19_07.edf;chb19_10.edf;chb19_13.edf;chb19_16.edf;chb19_19.edf;chb19_22.edf;chb19_25.edf;chb19_30.edf
chb19,61s non-causal avg,0.7,0,0,32053,81,0,0,4,4,0.998323763920328,1,0,0,8.926111111111112,,,2,684,270,chb19_04.edf;chb19_07.edf;chb19_10.edf;chb19_13.edf;chb19_16.edf;chb19_19.edf;chb19_22.edf;chb19_25.edf;chb19_30.edf
chb19,125s causal avg,0.35,33,141,31912,48,2,2,2,2,0.9591032291039572,1,1,2,8.926111111111112,48,,2,684,270,chb19_04.edf;chb19_07.edf;chb19_10.edf;chb19_13.edf;chb19_16.edf;chb19_19.edf;chb19_22.edf;chb19_25.edf;chb19_30.edf
chb19,125s non-causal avg,0.6,30,24,32029,51,2,2,2,2,0.9982902546053162,1,1,0,8.926111111111112,51,,2,684,270,chb19_04.edf;chb19_07.edf;chb19_10.edf;chb19_13.edf;chb19_16.edf;chb19_19.edf;chb19_22.edf;chb19_25.edf;chb19_30.edf
chb19,13s causal,0.6,30,4,32049,51,2,2,2,2,0.999406076278756,1,1,1,8.926111111111112,25,66.0,2,684,270,chb19_04.edf;chb19_07.edf;chb19_10.edf;chb19_13.edf;chb19_16.edf;chb19_19.edf;chb19_22.edf;chb19_25.edf;chb19_30.edf
chb19,13s non-causal,0.5,10,84,31969,71,0,0,4,4,0.99215612413545,1,1,17,8.926111111111112,8,4.0,2,684,270,chb19_04.edf;chb19_07.edf;chb19_10.edf;chb19_13.edf;chb19_16.edf;chb19_19.edf;chb19_22.edf;chb19_25.edf;chb19_30.edf
chb19,29s causal,0.65,42,1,32052,39,2,1,3,2,0.9995639937403059,1,1,0,8.926111111111112,8,95.0,2,684,270,chb19_04.edf;chb19_07.edf;chb19_10.edf;chb19_13.edf;chb19_16.edf;chb19_19.edf;chb19_22.edf;chb19_25.edf;chb19_30.edf
chb19,29s non-causal,0.55,9,46,32007,72,0,0,4,4,0.9952582393435563,1,1,8,8.926111111111112,31,6.0,2,684,270,chb19_04.edf;chb19_07.edf;chb19_10.edf;chb19_13.edf;chb19_16.edf;chb19_19.edf;chb19_22.edf;chb19_25.edf;chb19_30.edf
chb19,61s causal,0.75,21,1,32052,60,2,1,3,2,0.9995639937403059,1,1,0,8.926111111111112,25,58.0,2,684,270,chb19_04.edf;chb19_07.edf;chb19_10.edf;chb19_13.edf;chb19_16.edf;chb19_19.edf;chb19_22.edf;chb19_25.edf;chb19_30.edf
chb19,61s non-causal,0.5,9,36,32017,72,0,0,4,4,0.9964426203051813,1,1,5,8.926111111111112,30,3.0,2,684,270,chb19_04.edf;chb19_07.edf;chb19_10.edf;chb19_13.edf;chb19_16.edf;chb19_19.edf;chb19_22.edf;chb19_25.edf;chb19_30.edf
chb19,125s causal,0.55,56,3,32050,25,2,1,3,2,0.9996602848753973,1,1,2,8.926111111111112,6,60.0,2,684,270,chb19_04.edf;chb19_07.edf;chb19_10.edf;chb19_13.edf;chb19_16.edf;chb19_19.edf;chb19_22.edf;chb19_25.edf;chb19_30.edf
chb19,125s non-causal,0.5,10,30,32023,71,1,0,4,3,0.9963324632466366,1,1,1,8.926111111111112,25,3.0,2,684,270,chb19_04.edf;chb19_07.edf;chb19_10.edf;chb19_13.edf;chb19_16.edf;chb19_19.edf;chb19_22.edf;chb19_25.edf;chb19_30.edf
chb20,none,0.75,21,279,24750,43,1,3,5,7,0.9245194324583483,2,2,132,6.970277777777778,0;6,6.0,0,1146,930,chb20_01.edf;chb20_06.edf;chb20_12.edf;chb20_16.edf;chb20_21.edf;chb20_27.edf;chb20_34.edf
chb20,13s causal avg,0.6,34,235,24794,30,2,2,6,6,0.9551020815853609,2,2,23,6.970277777777778,11;10,,0,1146,930,chb20_01.edf;chb20_06.edf;chb20_12.edf;chb20_16.edf;chb20_21.edf;chb20_27.edf;chb20_34.edf
chb20,13s non-causal avg,0.6,40,229,24800,24,2,3,5,6,0.9883703653761635,2,2,23,6.970277777777778,5;4,,0,1146,930,chb20_01.edf;chb20_06.edf;chb20_12.edf;chb20_16.edf;chb20_21.edf;chb20_27.edf;chb20_34.edf
chb20,29s causal avg,0.55,27,294,24735,37,4,4,4,4,0.9379363688121778,2,2,17,6.970277777777778,18;19,,0,1146,930,chb20_01.edf;chb20_06.edf;chb20_12.edf;chb20_16.edf;chb20_21.edf;chb20_27.edf;chb20_34.edf
chb20,29s non-causal avg,0.55,55,265,24764,9,4,4,4,4,0.9947991579767469,2,2,16,6.970277777777778,4;5,,0,1146,930,chb20_01.edf;chb20_06.edf;chb20_12.edf;chb20_16.edf;chb20_21.edf;chb20_27.edf;chb20_34.edf
chb20,61s causal avg,0.45,29,1451,23578,35,4,4,4,4,0.8937357665108474,2,2,27,6.970277777777778,20;15,,0,1146,930,chb20_01.edf;chb20_06.edf;chb20_12.edf;chb20_16.edf;chb20_21.edf;chb20_27.edf;chb20_34.edf
chb20,61s non-causal avg,0.5,63,585,24444,1,7,6,2,1,0.9960302299332775,2,2,10,6.970277777777778,0;1,,0,1146,930,chb20_01.edf;chb20_06.edf;chb20_12.edf;chb20_16.edf;chb20_21.edf;chb20_27.edf;chb20_34.edf
chb20,125s causal avg,0.35,62,7083,17946,2,6,6,2,2,0.8814356596348236,2,2,42,6.970277777777778,2;0,,0,1146,930,chb20_01.edf;chb20_06.edf;chb20_12.edf;chb20_16.edf;chb20_21.edf;chb20_27.edf;chb20_34.edf
chb20,125s non-causal avg,0.5,0,323,24706,64,0,0,8,8,0.9751169892924209,2,0,5,6.970277777777778,,,0,1146,930,chb20_01.edf;chb20_06.edf;chb20_12.edf;chb20_16.edf;chb20_21.edf;chb20_27.edf;chb20_34.edf
chb20,13s causal,0.45,29,206,24823,35,2,3,5,6,0.9642733179511765,2,2,42,6.970277777777778,8;6,2.0,0,1146,930,chb20_01.edf;chb20_06.edf;chb20_12.edf;chb20_16.edf;chb20_21.edf;chb20_27.edf;chb20_34.edf
chb20,13s non-causal,0.35,45,568,24461,19,5,4,4,3,0.9795100183786807,2,2,106,6.970277777777778,1;1,2.0,0,1146,930,chb20_01.edf;chb20_06.edf;chb20_12.edf;chb20_16.edf;chb20_21.edf;chb20_27.edf;chb20_34.edf
chb20,29s causal,0.4,29,238,24791,35,2,3,5,6,0.9639717927204443,2,2,35,6.970277777777778,10;6,2.0,0,1146,930,chb20_01.edf;chb20_06.edf;chb20_12.edf;chb20_16.edf;chb20_21.edf;chb20_27.edf;chb20_34.edf
chb20,29s non-causal,0.4,34,246,24783,30,2,4,4,6,0.9849249870150625,2,2,44,6.970277777777778,6;3,2.0,0,1146,930,chb20_01.edf;chb20_06.edf;chb20_12.edf;chb20_16.edf;chb20_21.edf;chb20_27.edf;chb20_34.edf
chb20,61s causal,0.5,29,220,24809,35,2,2,6,6,0.9651541711614527,2,2,31,6.970277777777778,10;9,3.0,0,1146,930,chb20_01.edf;chb20_06.edf;chb20_12.edf;chb20_16.edf;chb20_21.edf;chb20_27.edf;chb20_34.edf
chb20,61s non-causal,0.4,34,156,24873,30,2,4,4,6,0.9905659435055335,2,2,24,6.970277777777778,3;3,2.0,0,1146,930,chb20_01.edf;chb20_06.edf;chb20_12.edf;chb20_16.edf;chb20_21.edf;chb20_27.edf;chb20_34.edf
chb20,125s causal,0.45,25,155,24874,39,2,2,6,6,0.9622007221622917,2,2,20,6.970277777777778,10;9,2.0,0,1146,930,chb20_01.edf;chb20_06.edf;chb20_12.edf;chb20_16.edf;chb20_21.edf;chb20_27.edf;chb20_34.edf
chb20,125s non-causal,0.5,31,107,24922,33,2,2,6,6,0.9929818910064324,2,2,16,6.970277777777778,6;5,2.0,0,1146,930,chb20_01.edf;chb20_06.edf;chb20_12.edf;chb20_16.edf;chb20_21.edf;chb20_27.edf;chb20_34.edf
chb20,none,0.9,24,27,18646,45,1,2,6,7,0.988652142091542,2,2,15,5.206111111111111,8;5,20.0,1,1140,894,chb20_02.edf;chb20_07.edf;chb20_13.edf;chb20_22.edf;chb20_28.edf;chb20_59.edf
chb20,13s causal avg,0.65,43,15,18658,26,4,4,4,4,0.979417697566897,2,2,1,5.206111111111111,14;12,,1,1140,894,chb20_02.edf;chb20_07.edf;chb20_13.edf;chb20_22.edf;chb20_28.edf;chb20_59.edf
chb20,13s non-causal avg,0.65,53,1,18672,16,2,1,7,6,0.9992432691703202,2,2,0,5.206111111111111,8;6,,1,1140,894,chb20_02.edf;chb20_07.edf;chb20_13.edf;chb20_22.edf;chb20_28.edf;chb20_59.edf
chb20,29s causal avg,0.45,35,67,18606,34,4,4,4,4,0.9776783808599101,2,2,2,5.206111111111111,18;16,,1,1140,894,chb20_02.edf;chb20_07.edf;chb20_13.edf;chb20_22.edf;chb20_28.edf;chb20_59.edf
chb20,29s non-causal avg,0.55,55,14,18659,14,4,4,4,4,0.9995366478919807,2,2,0,5.206111111111111,8;6,,1,1140,894,chb20_02.edf;chb20_07.edf;chb20_13.edf;chb20_22.edf;chb20_28.edf;chb20_59.edf
chb20,61s causal avg,0.35,23,136,18537,46,4,4,4,4,0.9621060245863787,2,2,2,5.206111111111111,23;23,,1,1140,894,chb20_02.edf;chb20_07.edf;chb20_13.edf;chb20_22.edf;chb20_28.edf;chb20_59.edf
chb20,61s non-causal avg,0.5,33,10,18663,36,2,2,6,6,0.9995436330996393,2,1,0,5.206111111111111,6,,1,1140,894,chb20_02.edf;chb20_07.edf;chb20_13.edf;chb20_22.edf;chb20_28.edf;chb20_59.edf
chb20,125s causal avg,0.25,14,362,18311,55,4,4,4,4,0.9268718610223083,2,2,4,5.206111111111111,26;29,,1,1140,894,chb20_02.edf;chb20_07.edf;chb20_13.edf;chb20_22.edf;chb20_28.edf;chb20_59.edf
chb20,125s non-causal avg,0.35,39,63,18610,30,4,4,4,4,0.9961581357877801,2,1,1,5.206111111111111,0,,1,1140,894,chb20_02.edf;chb20_07.edf;chb20_13.edf;chb20_22.edf;chb20_28.edf;chb20_59.edf
chb20,13s causal,0.6,50,8,18665,19,4,4,4,4,0.9952873132330102,2,2,3,5.206111111111111,8;5,13.0,1,1140,894,chb20_02.edf;chb20_07.edf;chb20_13.edf;chb20_22.edf;chb20_28.edf;chb20_59.edf
chb20,13s non-causal,0.75,52,0,18673,17,0,0,8,8,0.9996491873487023,2,2,0,5.206111111111111,10;3,9.0,1,1140,894,chb20_02.edf;chb20_07.edf;chb20_13.edf;chb20_22.edf;chb20_28.edf;chb20_59.edf
chb20,29s causal,0.65,49,7,18666,20,3,3,5,5,0.9939950498161727,2,2,2,5.206111111111111,8;5,13.0,1,1140,894,chb20_02.edf;chb20_07.edf;chb20_13.edf;chb20_22.edf;chb20_28.edf;chb20_59.edf
chb20,29s non-causal,0.8,42,0,18673,27,0,0,8,8,0.9997982051120854,2,2,0,5.206111111111111,12;3,5.0,1,1140,894,chb20_02.edf;chb20_07.edf;chb20_13.edf;chb20_22.edf;chb20_28.edf;chb20_59.edf
chb20,61s causal,0.7,42,5,18668,27,2,2,6,6,0.9926748455687007,2,2,2,5.206111111111111,13;9,24.0,1,1140,894,chb20_02.edf;chb20_07.edf;chb20_13.edf;chb20_22.edf;chb20_28.edf;chb20_59.edf
chb20,61s non-causal,0.7,42,0,18673,27,0,0,8,8,0.9996383214701223,2,2,0,5.206111111111111,8;5,3.0,1,1140,894,chb20_02.edf;chb20_07.edf;chb20_13.edf;chb20_22.edf;chb20_28.edf;chb20_59.edf
chb20,125s causal,0.65,49,3,18670,20,4,3,5,4,0.9930947341623999,2,2,0,5.206111111111111,8;5,20.0,1,1140,894,chb20_02.edf;chb20_07.edf;chb20_13.edf;chb20_22.edf;chb20_28.edf;chb20_59.edf
chb20,125s non-causal,0.75,54,0,18673,15,2,0,8,6,0.9998758185305141,2,2,0,5.206111111111111,7;3,5.0,1,1140,894,chb20_02.edf;chb20_07.edf;chb20_13.edf;chb20_22.edf;chb20_28.edf;chb20_59.edf
chb20,none,0.7,29,185,20741,9,3,1,3,1,0.9811025820309159,1,1,121,5.823333333333333,1,11.0,2,1326,1056,chb20_03.edf;chb20_08.edf;chb20_14.edf;chb20_23.edf;chb20_29.edf;chb20_60.edf
chb20,13s causal avg,0.6,26,21,20905,12,2,2,2,2,0.9913718516879029,1,1,1,5.823333333333333,12,,2,1326,1056,chb20_03.edf;chb20_08.edf;chb20_14.edf;chb20_23.edf;chb20_29.edf;chb20_60.edf
chb20,13s non-causal avg,0.6,32,15,20911,6,2,2,2,2,0.9990932961765017,1,1,1,5.823333333333333,6,,2,1326,1056,chb20_03.edf;chb20_08.edf;chb20_14.edf;chb20_23.edf;chb20_29.edf;chb20_60.edf
chb20,29s causal avg,0.6,17,22,20904,21,2,2,2,2,0.9782755775992595,1,1,0,5.823333333333333,21,,2,1326,1056,chb20_03.edf;chb20_08.edf;chb20_14.edf;chb20_23.edf;chb20_29.edf;chb20_60.edf
chb20,29s non-causal avg,0.6,31,8,20918,7,2,2,2,2,0.9997761535636855,1,1,0,5.823333333333333,7,,2,1326,1056,chb20_03.edf;chb20_08.edf;chb20_14.edf;chb20_23.edf;chb20_29.edf;chb20_60.edf
chb20,61s causal avg,0.45,16,49,20877,22,2,2,2,2,0.988586346876462,1,1,0,5.823333333333333,22,,2,1326,1056,chb20_03.edf;chb20_08.edf;chb20_14.edf;chb20_23.edf;chb20_29.edf;chb20_60.edf
chb20,61s non-causal avg,0.55,34,11,20915,4,2,2,2,2,0.9998528649828721,1,1,0,5.823333333333333,4,,2,1326,1056,chb20_03.edf;chb20_08.edf;chb20_14.edf;chb20_23.edf;chb20_29.edf;chb20_60.edf
chb20,125s causal avg,0.3,21,603,20323,17,2,2,2,2,0.9430197638797366,1,1,11,5.823333333333333,17,,2,1326,1056,chb20_03.edf;chb20_08.edf;chb20_14.edf;chb20_23.edf;chb20_29.edf;chb20_60.edf
chb20,125s non-causal avg,0.4,38,70,20856,0,4,4,0,0,0.9996265034180597,1,1,0,5.823333333333333,0,,2,1326,1056,chb20_03.edf;chb20_08.edf;chb20_14.edf;chb20_23.edf;chb20_29.edf;chb20_60.edf
chb20,13s causal,0.45,28,30,20896,10,2,2,2,2,0.9944604294833423,1,1,5,5.823333333333333,9,2.0,2,1326,1056,chb20_03.edf;chb20_08.edf;chb20_14.edf;chb20_23.edf;chb20_29.edf;chb20_60.edf
chb20,13s non-causal,0.3,32,41,20885,6,2,2,2,2,0.9981325170902982,1,1,11,5.823333333333333,6,2.0,2,1326,1056,chb20_03.edf;chb20_08.edf;chb20_14.edf;chb20_23.edf;chb20_29.edf;chb20_60.edf
chb20,29s causal,0.5,28,21,20905,10,2,2,2,2,0.9948955467134816,1,1,3,5.823333333333333,9,3.0,2,1326,1056,chb20_03.edf;chb20_08.edf;chb20_14.edf;chb20_23.edf;chb20_29.edf;chb20_60.edf
chb20,29s non-causal,0.4,32,19,20907,6,2,2,2,2,0.9990052666790746,1,1,3,5.823333333333333,6,2.0,2,1326,1056,chb20_03.edf;chb20_08.edf;chb20_14.edf;chb20_23.edf;chb20_29.edf;chb20_60.edf
chb20,61s causal,0.4,28,36,20890,10,2,2,2,2,0.9940907055941488,1,1,8,5.823333333333333,9,1.0,2,1326,1056,chb20_03.edf;chb20_08.edf;chb20_14.edf;chb20_23.edf;chb20_29.edf;chb20_60.edf
chb20,61s non-causal,0.35,37,14,20912,1,3,2,2,1,0.99993963691605,1,1,2,5.823333333333333,1,8.0,2,1326,1056,chb20_03.edf;chb20_08.edf;chb20_14.edf;chb20_23.edf;chb20_29.edf;chb20_60.edf
chb20,125s causal,0.45,28,22,20904,10,2,2,2,2,0.9927350513337726,1,1,4,5.823333333333333,9,1.0,2,1326,1056,chb20_03.edf;chb20_08.edf;chb20_14.edf;chb20_23.edf;chb20_29.edf;chb20_60.edf
chb20,125s non-causal,0.45,32,20,20906,6,2,2,2,2,0.9986606940748602,1,1,3,5.823333333333333,6,1.0,2,1326,1056,chb20_03.edf;chb20_08.edf;chb20_14.edf;chb20_23.edf;chb20_29.edf;chb20_60.edf
chb20,none,0.8,5,69,16459,34,0,0,4,4,0.9038290887879464,1,1,41,4.601944444444444,3,9.0,3,1236,1128,chb20_04.edf;chb20_11.edf;chb20_25.edf;chb20_30.edf;chb20_68.edf
chb20,13s causal avg,0.6,12,38,16490,27,0,0,4,4,0.977925571524313,1,1,4,4.601944444444444,24,,3,1236,1128,chb20_04.edf;chb20_11.edf;chb20_25.edf;chb20_30.edf;chb20_68.edf
chb20,13s non-causal avg,0.6,12,38,16490,27,0,2,2,4,0.9891512770869014,1,1,4,4.601944444444444,18,,3,1236,1128,chb20_04.edf;chb20_11.edf;chb20_25.edf;chb20_30.edf;chb20_68.edf
chb20,29s causal avg,0.55,6,40,16488,33,2,2,2,2,0.9471805421103583,1,1,0,4.601944444444444,30,,3,1236,1128,chb20_04.edf;chb20_11.edf;chb20_25.edf;chb20_30.edf;chb20_68.edf
chb20,29s non-causal avg,0.55,20,26,16502,19,2,2,2,2,0.9955708417107254,1,1,0,4.601944444444444,16,,3,1236,1128,chb20_04.edf;chb20_11.edf;chb20_25.edf;chb20_30.edf;chb20_68.edf
chb20,61s causal avg,0.45,0,81,16447,39,0,0,4,4,0.9705689800680121,1,0,1,4.601944444444444,,,3,1236,1128,chb20_04.edf;chb20_11.edf;chb20_25.edf;chb20_30.edf;chb20_68.edf
chb20,61s non-causal avg,0.5,21,42,16486,18,2,2,2,2,0.9970911832601087,1,1,0,4.601944444444444,18,,3,1236,1128,chb20_04.edf;chb20_11.edf;chb20_25.edf;chb20_30.edf;chb20_68.edf
chb20,125s causal avg,0.35,1,364,16164,38,1,2,2,3,0.8588207734504928,1,1,8,4.601944444444444,38,,3,1236,1128,chb20_04.edf;chb20_11.edf;chb20_25.edf;chb20_30.edf;chb20_68.edf
chb20,125s non-causal avg,0.45,30,40,16488,9,2,2,2,2,0.9982081688882269,1,1,0,4.601944444444444,9,,3,1236,1128,chb20_04.edf;chb20_11.edf;chb20_25.edf;chb20_30.edf;chb20_68.edf
chb20,13s causal,0.5,6,58,16470,33,0,0,4,4,0.9643681584630277,1,1,13,4.601944444444444,22,4.0,3,1236,1128,chb20_04.edf;chb20_11.edf;chb20_25.edf;chb20_30.edf;chb20_68.edf
chb20,13s non-causal,0.6,6,40,16488,33,0,0,4,4,0.9850587658549904,1,1,9,4.601944444444444,20,4.0,3,1236,1128,chb20_04.edf;chb20_11.edf;chb20_25.edf;chb20_30.edf;chb20_68.edf
chb20,29s causal,0.45,7,59,16469,32,0,0,4,4,0.9683970635688932,1,1,11,4.601944444444444,22,4.0,3,1236,1128,chb20_04.edf;chb20_11.edf;chb20_25.edf;chb20_30.edf;chb20_68.edf
chb20,29s non-causal,0.35,6,32,16496,33,0,0,4,4,0.9912533819842629,1,1,8,4.601944444444444,20,7.0,3,1236,1128,chb20_04.edf;chb20_11.edf;chb20_25.edf;chb20_30.edf;chb20_68.edf
chb20,61s causal,0.35,11,86,16442,28,1,0,4,3,0.9749872787747909,1,1,11,4.601944444444444,22,2.0,3,1236,1128,chb20_04.edf;chb20_11.edf;chb20_25.edf;chb20_30.edf;chb20_68.edf
chb20,61s non-causal,0.2,12,50,16478,27,1,1,3,3,0.9944259314419044,1,1,7,4.601944444444444,14,5.0,3,1236,1128,chb20_04.edf;chb20_11.edf;chb20_25.edf;chb20_30.edf;chb20_68.edf
chb20,125s causal,0.4,7,25,16503,32,0,0,4,4,0.9745513441060392,1,1,8,4.601944444444444,22,1.0,3,1236,1128,chb20_04.edf;chb20_11.edf;chb20_25.edf;chb20_30.edf;chb20_68.edf
chb20,125s non-causal,0.35,15,60,16468,24,2,0,4,2,0.9901317422493608,1,1,11,4.601944444444444,14,1.0,3,1236,1128,chb20_04.edf;chb20_11.edf;chb20_25.edf;chb20_30.edf;chb20_68.edf
chb20,none,0.8,51,196,17720,33,4,3,5,4,0.9697935604248397,2,2,69,5.0,1;6,14.0,4,1050,840,chb20_05.edf;chb20_15.edf;chb20_17.edf;chb20_26.edf;chb20_31.edf
chb20,13s causal avg,0.7,55,117,17799,29,2,2,6,6,0.9734800763350663,2,2,2,5.0,9;14,,4,1050,840,chb20_05.edf;chb20_15.edf;chb20_17.edf;chb20_26.edf;chb20_31.edf
chb20,13s non-causal avg,0.7,61,111,17805,23,2,2,6,6,0.9956410338191986,2,2,2,5.0,3;8,,4,1050,840,chb20_05.edf;chb20_15.edf;chb20_17.edf;chb20_26.edf;chb20_31.edf
chb20,29s causal avg,0.6,46,151,17765,38,4,4,4,4,0.9576456001020636,2,2,3,5.0,16;22,,4,1050,840,chb20_05.edf;chb20_15.edf;chb20_17.edf;chb20_26.edf;chb20_31.edf
chb20,29s non-causal avg,0.65,64,105,17811,20,2,2,6,6,0.9962390627159549,2,2,1,5.0,4;10,,4,1050,840,chb20_05.edf;chb20_15.edf;chb20_17.edf;chb20_26.edf;chb20_31.edf
chb20,61s causal avg,0.45,44,264,17652,40,4,4,4,4,0.969132406255648,2,2,4,5.0,21;19,,4,1050,840,chb20_05.edf;chb20_15.edf;chb20_17.edf;chb20_26.edf;chb20_31.edf
chb20,61s non-causal avg,0.55,74,110,17806,10,5,2,6,3,0.9953267364101257,2,2,1,5.0,1;9,,4,1050,840,chb20_05.edf;chb20_15.edf;chb20_17.edf;chb20_26.edf;chb20_31.edf
chb20,125s causal avg,0.35,37,544,17372,47,4,4,4,4,0.9406695531528083,2,2,6,5.0,25;22,,4,1050,840,chb20_05.edf;chb20_15.edf;chb20_17.edf;chb20_26.edf;chb20_31.edf
chb20,125s non-causal avg,0.45,84,219,17697,0,8,8,0,0,0.9910887049617794,2,2,1,5.0,0;0,,4,1050,840,chb20_05.edf;chb20_15.edf;chb20_17.edf;chb20_26.edf;chb20_31.edf
chb20,13s causal,0.45,57,92,17824,27,3,3,5,5,0.9801826513146004,2,2,7,5.0,4;8,2.0,4,1050,840,chb20_05.edf;chb20_15.edf;chb20_17.edf;chb20_26.edf;chb20_31.edf
chb20,13s non-causal,0.35,65,138,17778,19,5,3,5,3,0.9842990835539396,2,2,11,5.0,1;6,2.0,4,1050,840,chb20_05.edf;chb20_15.edf;chb20_17.edf;chb20_26.edf;chb20_31.edf
chb20,29s causal,0.55,52,83,17833,32,2,3,5,6,0.980927529529338,2,2,4,5.0,4;12,3.0,4,1050,840,chb20_05.edf;chb20_15.edf;chb20_17.edf;chb20_26.edf;chb20_31.edf
chb20,29s non-causal,0.4,67,112,17804,17,6,3,5,2,0.9912083107411306,2,2,4,5.0,0;6,2.0,4,1050,840,chb20_05.edf;chb20_15.edf;chb20_17.edf;chb20_26.edf;chb20_31.edf
chb20,61s causal,0.5,55,99,17817,29,3,3,5,5,0.9788078493286129,2,2,4,5.0,4;12,2.0,4,1050,840,chb20_05.edf;chb20_15.edf;chb20_17.edf;chb20_26.edf;chb20_31.edf
chb20,61s non-causal,0.55,57,94,17822,27,3,3,5,5,0.9951486566942026,2,2,2,5.0,2;8,2.0,4,1050,840,chb20_05.edf;chb20_15.edf;chb20_17.edf;chb20_26.edf;chb20_31.edf
chb20,125s causal,0.4,65,141,17775,19,3,3,5,5,0.9747671674161963,2,2,5,5.0,4;8,2.0,4,1050,840,chb20_05.edf;chb20_15.edf;chb20_17.edf;chb20_26.edf;chb20_31.edf
chb20,125s non-causal,0.35,61,110,17806,23,5,3,5,3,0.9929711670334578,2,2,7,5.0,0;6,1.0,4,1050,840,chb20_05.edf;chb20_15.edf;chb20_17.edf;chb20_26.edf;chb20_31.edf
chb21,none,0.85,18,99,32245,38,0,1,3,4,0.9697559273523904,1,1,86,9.0,0,16.0,0,786,456,chb21_01.edf;chb21_05.edf;chb21_09.edf;chb21_13.edf;chb21_17.edf;chb21_19.edf;chb21_25.edf;chb21_29.edf;chb21_33.edf
chb21,13s causal avg,0.6,49,37,32307,7,2,2,2,2,0.9981300351577682,1,1,3,9.0,7,,0,786,456,chb21_01.edf;chb21_05.edf;chb21_09.edf;chb21_13.edf;chb21_17.edf;chb21_19.edf;chb21_25.edf;chb21_29.edf;chb21_33.edf
chb21,13s non-causal avg,0.7,46,1,32343,10,0,0,4,4,0.9999000697855199,1,1,1,9.0,5,,0,786,456,chb21_01.edf;chb21_05.edf;chb21_09.edf;chb21_13.edf;chb21_17.edf;chb21_19.edf;chb21_25.edf;chb21_29.edf;chb21_33.edf
chb21,29s causal avg,0.5,43,83,32261,13,2,2,2,2,0.9918394005512172,1,1,4,9.0,13,,0,786,456,chb21_01.edf;chb21_05.edf;chb21_09.edf;chb21_13.edf;chb21_17.edf;chb21_19.edf;chb21_25.edf;chb21_29.edf;chb21_33.edf
chb21,29s non-causal avg,0.6,51,17,32327,5,2,0,4,2,0.9998547975336561,1,1,1,9.0,5,,0,786,456,chb21_01.edf;chb21_05.edf;chb21_09.edf;chb21_13.edf;chb21_17.edf;chb21_19.edf;chb21_25.edf;chb21_29.edf;chb21_33.edf
chb21,61s causal avg,0.4,35,156,32188,21,2,2,2,2,0.9453875856860181,1,1,6,9.0,21,,0,786,456,chb21_01.edf;chb21_05.edf;chb21_09.edf;chb21_13.edf;chb21_17.edf;chb21_19.edf;chb21_25.edf;chb21_29.edf;chb21_33.edf
chb21,61s non-causal avg,0.5,56,53,32291,0,4,2,2,0,0.9998768815589555,1,1,1,9.0,0,,0,786,456,chb21_01.edf;chb21_05.edf;chb21_09.edf;chb21_13.edf;chb21_17.edf;chb21_19.edf;chb21_25.edf;chb21_29.edf;chb21_33.edf
chb21,125s causal avg,0.35,22,233,32111,34,2,2,2,2,0.8746703959224056,1,1,5,9.0,34,,0,786,456,chb21_01.edf;chb21_05.edf;chb21_09.edf;chb21_13.edf;chb21_17.edf;chb21_19.edf;chb21_25.edf;chb21_29.edf;chb21_33.edf
chb21,125s non-causal avg,0.4,56,106,32238,0,4,4,0,0,0.9994125649270343,1,1,2,9.0,0,,0,786,456,chb21_01.edf;chb21_05.edf;chb21_09.edf;chb21_13.edf;chb21_17.edf;chb21_19.edf;chb21_25.edf;chb21_29.edf;chb21_33.edf
chb21,13s causal,0.65,25,3,32341,31,0,1,3,4,0.9993319582346913,1,1,1,9.0,11,36.0,0,786,456,chb21_01.edf;chb21_05.edf;chb21_09.edf;chb21_13.edf;chb21_17.edf;chb21_19.edf;chb21_25.edf;chb21_29.edf;chb21_33.edf
chb21,13s non-causal,0.55,43,7,32337,13,0,0,4,4,0.999858110137451,1,1,1,9.0,2,6.0,0,786,456,chb21_01.edf;chb21_05.edf;chb21_09.edf;chb21_13.edf;chb21_17.edf;chb21_19.edf;chb21_25.edf;chb21_29.edf;chb21_33.edf
chb21,29s causal,0.7,19,5,32339,37,0,1,3,4,0.9992336843221088,1,1,2,9.0,10,31.0,0,786,456,chb21_01.edf;chb21_05.edf;chb21_09.edf;chb21_13.edf;chb21_17.edf;chb21_19.edf;chb21_25.edf;chb21_29.edf;chb21_33.edf
chb21,29s non-causal,0.45,51,10,32334,5,0,0,4,4,0.9999304353203068,1,1,2,9.0,2,5.0,0,786,456,chb21_01.edf;chb21_05.edf;chb21_09.edf;chb21_13.edf;chb21_17.edf;chb21_19.edf;chb21_25.edf;chb21_29.edf;chb21_33.edf
chb21,61s causal,0.45,44,24,32320,12,1,1,3,3,0.9989940726476095,1,1,8,9.0,3,33.0,0,786,456,chb21_01.edf;chb21_05.edf;chb21_09.edf;chb21_13.edf;chb21_17.edf;chb21_19.edf;chb21_25.edf;chb21_29.edf;chb21_33.edf
chb21,61s non-causal,0.4,52,16,32328,4,1,0,4,3,0.9998912361754002,1,1,3,9.0,2,3.0,0,786,456,chb21_01.edf;chb21_05.edf;chb21_09.edf;chb21_13.edf;chb21_17.edf;chb21_19.edf;chb21_25.edf;chb21_29.edf;chb21_33.edf
chb21,125s causal,0.55,45,9,32335,11,0,0,4,4,0.9991221599943465,1,1,4,9.0,3,36.0,0,786,456,chb21_01.edf;chb21_05.edf;chb21_09.edf;chb21_13.edf;chb21_17.edf;chb21_19.edf;chb21_25.edf;chb21_29.edf;chb21_33.edf
chb21,125s non-causal,0.4,53,11,32333,3,1,0,4,3,0.9999381647291614,1,1,1,9.0,2,4.0,0,786,456,chb21_01.edf;chb21_05.edf;chb21_09.edf;chb21_13.edf;chb21_17.edf;chb21_19.edf;chb21_25.edf;chb21_29.edf;chb21_33.edf
chb21,none,0.8,20,113,28027,30,2,0,4,2,0.9753887704335467,1,1,92,7.830555555555556,1,31.0,1,408,402,chb21_02.edf;chb21_06.edf;chb21_10.edf;chb21_14.edf;chb21_18.edf;chb21_20.edf;chb21_26.edf;chb21_30.edf
chb21,13s causal avg,0.55,40,35,28105,10,2,2,2,2,0.9940049751243781,1,1,2,7.830555555555556,9,,1,408,402,chb21_02.edf;chb21_06.edf;chb21_10.edf;chb21_14.edf;chb21_18.edf;chb21_20.edf;chb21_26.edf;chb21_30.edf
chb21,13s non-causal avg,0.55,46,28,28112,4,2,2,2,2,0.9994769012082445,1,1,1,7.830555555555556,3,,1,408,402,chb21_02.edf;chb21_06.edf;chb21_10.edf;chb21_14.edf;chb21_18.edf;chb21_20.edf;chb21_26.edf;chb21_30.edf
chb21,29s causal avg,0.4,38,120,28020,12,2,2,2,2,0.9876624022743427,1,1,3,7.830555555555556,12,,1,408,402,chb21_02.edf;chb21_06.edf;chb21_10.edf;chb21_14.edf;chb21_18.edf;chb21_20.edf;chb21_26.edf;chb21_30.edf
chb21,29s non-causal avg,0.6,37,11,28129,13,2,2,2,2,0.9994179104477612,1,1,0,7.830555555555556,13,,1,408,402,chb21_02.edf;chb21_06.edf;chb21_10.edf;chb21_14.edf;chb21_18.edf;chb21_20.edf;chb21_26.edf;chb21_30.edf
chb21,61s causal avg,0.35,27,156,27984,23,2,2,2,2,0.9873994314143568,1,1,3,7.830555555555556,23,,1,408,402,chb21_02.edf;chb21_06.edf;chb21_10.edf;chb21_14.edf;chb21_18.edf;chb21_20.edf;chb21_26.edf;chb21_30.edf
chb21,61s non-causal avg,0.4,50,109,28031,0,4,3,1,0,0.9993390191897655,1,1,2,7.830555555555556,0,,1,408,402,chb21_02.edf;chb21_06.edf;chb21_10.edf;chb21_14.edf;chb21_18.edf;chb21_20.edf;chb21_26.edf;chb21_30.edf
chb21,125s causal avg,0.3,14,263,27877,36,2,2,2,2,0.9666261549395877,1,1,3,7.830555555555556,36,,1,408,402,chb21_02.edf;chb21_06.edf;chb21_10.edf;chb21_14.edf;chb21_18.edf;chb21_20.edf;chb21_26.edf;chb21_30.edf
chb21,125s non-causal avg,0.45,46,42,28098,4,2,2,2,2,0.9988955223880597,1,1,0,7.830555555555556,4,,1,408,402,chb21_02.edf;chb21_06.edf;chb21_10.edf;chb21_14.edf;chb21_18.edf;chb21_20.edf;chb21_26.edf;chb21_30.edf
chb21,13s causal,0.5,39,43,28097,11,2,2,2,2,0.9966915422885572,1,1,5,7.830555555555556,5,19.0,1,408,402,chb21_02.edf;chb21_06.edf;chb21_10.edf;chb21_14.edf;chb21_18.edf;chb21_20.edf;chb21_26.edf;chb21_30.edf
chb21,13s non-causal,0.45,47,45,28095,3,3,1,3,1,0.9991812366737739,1,1,8,7.830555555555556,1,7.0,1,408,402,chb21_02.edf;chb21_06.edf;chb21_10.edf;chb21_14.edf;chb21_18.edf;chb21_20.edf;chb21_26.edf;chb21_30.edf
chb21,29s causal,0.55,41,43,28097,9,2,2,2,2,0.9959737029140013,1,1,5,7.830555555555556,6,11.0,1,408,402,chb21_02.edf;chb21_06.edf;chb21_10.edf;chb21_14.edf;chb21_18.edf;chb21_20.edf;chb21_26.edf;chb21_30.edf
chb21,29s non-causal,0.4,47,33,28107,3,2,2,2,2,0.999459132906894,1,1,2,7.830555555555556,3,11.0,1,408,402,chb21_02.edf;chb21_06.edf;chb21_10.edf;chb21_14.edf;chb21_18.edf;chb21_20.edf;chb21_26.edf;chb21_30.edf
chb21,61s causal,0.55,39,35,28105,11,2,2,2,2,0.99618052594172,1,1,3,7.830555555555556,5,16.0,1,408,402,chb21_02.edf;chb21_06.edf;chb21_10.edf;chb21_14.edf;chb21_18.edf;chb21_20.edf;chb21_26.edf;chb21_30.edf
chb21,61s non-causal,0.6,46,26,28114,4,2,2,2,2,0.9995330490405118,1,1,1,7.830555555555556,3,10.0,1,408,402,chb21_02.edf;chb21_06.edf;chb21_10.edf;chb21_14.edf;chb21_18.edf;chb21_20.edf;chb21_26.edf;chb21_30.edf
chb21,125s causal,0.55,41,38,28102,9,2,1,3,2,0.9958045486851457,1,1,5,7.830555555555556,5,12.0,1,408,402,chb21_02.edf;chb21_06.edf;chb21_10.edf;chb21_14.edf;chb21_18.edf;chb21_20.edf;chb21_26.edf;chb21_30.edf
chb21,125s non-causal,0.35,48,37,28103,2,3,2,2,1,0.9995828002842929,1,1,3,7.830555555555556,1,8.0,1,408,402,chb21_02.edf;chb21_06.edf;chb21_10.edf;chb21_14.edf;chb21_18.edf;chb21_20.edf;chb21_26.edf;chb21_30.edf
chb21,none,0.85,64,213,28506,17,3,3,1,1,0.9872902139462024,1,1,145,8.0,0,37.0,2,636,432,chb21_03.edf;chb21_07.edf;chb21_11.edf;chb21_15.edf;chb21_21.edf;chb21_23.edf;chb21_27.edf;chb21_31.edf
chb21,13s causal avg,0.6,75,10,28709,6,2,2,2,2,0.9995877465729015,1,1,1,8.0,6,,2,636,432,chb21_03.edf;chb21_07.edf;chb21_11.edf;chb21_15.edf;chb21_21.edf;chb21_23.edf;chb21_27.edf;chb21_31.edf
chb21,13s non-causal avg,0.7,78,0,28719,3,2,0,4,2,0.9999987103646703,1,1,0,8.0,3,,2,636,432,chb21_03.edf;chb21_07.edf;chb21_11.edf;chb21_15.edf;chb21_21.edf;chb21_23.edf;chb21_27.edf;chb21_31.edf
chb21,29s causal avg,0.4,73,74,28645,8,2,2,2,2,0.9982452361945612,1,1,5,8.0,8,,2,636,432,chb21_03.edf;chb21_07.edf;chb21_11.edf;chb21_15.edf;chb21_21.edf;chb21_23.edf;chb21_27.edf;chb21_31.edf
chb21,29s non-causal avg,0.6,76,5,28714,5,2,2,2,2,0.9999776463209498,1,1,0,8.0,5,,2,636,432,chb21_03.edf;chb21_07.edf;chb21_11.edf;chb21_15.edf;chb21_21.edf;chb21_23.edf;chb21_27.edf;chb21_31.edf
chb21,61s causal avg,0.3,66,160,28559,15,2,2,2,2,0.9918929224383222,1,1,5,8.0,15,,2,636,432,chb21_03.edf;chb21_07.edf;chb21_11.edf;chb21_15.edf;chb21_21.edf;chb21_23.edf;chb21_27.edf;chb21_31.edf
chb21,61s non-causal avg,0.45,81,29,28690,0,4,4,0,0,0.9999411066532717,1,1,0,8.0,0,,2,636,432,chb21_03.edf;chb21_07.edf;chb21_11.edf;chb21_15.edf;chb21_21.edf;chb21_23.edf;chb21_27.edf;chb21_31.edf
chb21,125s causal avg,0.25,58,326,28393,23,2,2,2,2,0.9815044799781966,1,1,5,8.0,23,,2,636,432,chb21_03.edf;chb21_07.edf;chb21_11.edf;chb21_15.edf;chb21_21.edf;chb21_23.edf;chb21_27.edf;chb21_31.edf
chb21,125s non-causal avg,0.3,81,147,28572,0,4,4,0,0,0.9997528198951182,1,1,1,8.0,0,,2,636,432,chb21_03.edf;chb21_07.edf;chb21_11.edf;chb21_15.edf;chb21_21.edf;chb21_23.edf;chb21_27.edf;chb21_31.edf
chb21,13s causal,0.55,73,5,28714,8,2,2,2,2,0.9998258992304746,1,1,2,8.0,3,18.0,2,636,432,chb21_03.edf;chb21_07.edf;chb21_11.edf;chb21_15.edf;chb21_21.edf;chb21_23.edf;chb21_27.edf;chb21_31.edf
chb21,13s non-causal,0.4,75,0,28719,6,2,0,4,2,0.9999875335251451,1,1,0,8.0,2,45.0,2,636,432,chb21_03.edf;chb21_07.edf;chb21_11.edf;chb21_15.edf;chb21_21.edf;chb21_23.edf;chb21_27.edf;chb21_31.edf
chb21,29s causal,0.6,67,4,28715,14,2,2,2,2,0.9998301980149074,1,1,1,8.0,3,22.0,2,636,432,chb21_03.edf;chb21_07.edf;chb21_11.edf;chb21_15.edf;chb21_21.edf;chb21_23.edf;chb21_27.edf;chb21_31.edf
chb21,29s non-causal,0.7,68,1,28718,13,2,1,3,2,0.9999737774149603,1,1,0,8.0,2,7.0,2,636,432,chb21_03.edf;chb21_07.edf;chb21_11.edf;chb21_15.edf;chb21_21.edf;chb21_23.edf;chb21_27.edf;chb21_31.edf
chb21,61s causal,0.65,70,4,28715,11,2,2,2,2,0.9998869419694193,1,1,1,8.0,4,10.0,2,636,432,chb21_03.edf;chb21_07.edf;chb21_11.edf;chb21_15.edf;chb21_21.edf;chb21_23.edf;chb21_27.edf;chb21_31.edf
chb21,61s non-causal,0.6,79,1,28718,2,3,1,3,1,0.999987533525145,1,1,0,8.0,0,5.0,2,636,432,chb21_03.edf;chb21_07.edf;chb21_11.edf;chb21_15.edf;chb21_21.edf;chb21_23.edf;chb21_27.edf;chb21_31.edf
chb21,125s causal,0.75,25,0,28719,56,0,0,4,4,0.9998710364670182,1,1,0,8.0,4,8.0,2,636,432,chb21_03.edf;chb21_07.edf;chb21_11.edf;chb21_15.edf;chb21_21.edf;chb21_23.edf;chb21_27.edf;chb21_31.edf
chb21,125s non-causal,0.5,80,4,28715,1,3,3,1,1,0.9999918323095778,1,1,0,8.0,0,4.0,2,636,432,chb21_03.edf;chb21_07.edf;chb21_11.edf;chb21_15.edf;chb21_21.edf;chb21_23.edf;chb21_27.edf;chb21_31.edf
chb21,none,0.8,1,192,28595,11,0,1,3,4,0.966770301409201,1,1,154,7.999722222222222,0,17.0,3,636,432,chb21_04.edf;chb21_08.edf;chb21_12.edf;chb21_16.edf;chb21_22.edf;chb21_24.edf;chb21_28.edf;chb21_32.edf
chb21,13s causal avg,0.55,12,25,28762,0,4,2,2,0,0.9998263104873728,1,1,4,7.999722222222222,0,,3,636,432,chb21_04.edf;chb21_08.edf;chb21_12.edf;chb21_16.edf;chb21_22.edf;chb21_24.edf;chb21_28.edf;chb21_32.edf
chb21,13s non-causal avg,0.55,12,25,28762,0,4,4,0,0,0.9999334190201595,1,1,4,7.999722222222222,0,,3,636,432,chb21_04.edf;chb21_08.edf;chb21_12.edf;chb21_16.edf;chb21_22.edf;chb21_24.edf;chb21_28.edf;chb21_32.edf
chb21,29s causal avg,0.55,2,20,28767,10,2,2,2,2,0.9985410080939312,1,1,2,7.999722222222222,10,,3,636,432,chb21_04.edf;chb21_08.edf;chb21_12.edf;chb21_16.edf;chb21_22.edf;chb21_24.edf;chb21_28.edf;chb21_32.edf
chb21,29s non-causal avg,0.55,12,10,28777,0,4,3,1,0,1.0,1,1,2,7.999722222222222,0,,3,636,432,chb21_04.edf;chb21_08.edf;chb21_12.edf;chb21_16.edf;chb21_22.edf;chb21_24.edf;chb21_28.edf;chb21_32.edf
chb21,61s causal avg,0.45,0,55,28732,12,0,0,4,4,0.9941871909774087,1,0,2,7.999722222222222,,,3,636,432,chb21_04.edf;chb21_08.edf;chb21_12.edf;chb21_16.edf;chb21_22.edf;chb21_24.edf;chb21_28.edf;chb21_32.edf
chb21,61s non-causal avg,0.45,12,22,28765,0,4,4,0,0,0.9998552587394773,1,1,0,7.999722222222222,0,,3,636,432,chb21_04.edf;chb21_08.edf;chb21_12.edf;chb21_16.edf;chb21_22.edf;chb21_24.edf;chb21_28.edf;chb21_32.edf
chb21,125s causal avg,0.35,0,214,28573,12,0,2,2,4,0.9834966014752029,1,0,5,7.999722222222222,,,3,636,432,chb21_04.edf;chb21_08.edf;chb21_12.edf;chb21_16.edf;chb21_22.edf;chb21_24.edf;chb21_28.edf;chb21_32.edf
chb21,125s non-causal avg,0.45,0,0,28787,12,0,0,4,4,0.9987349613830317,1,0,0,7.999722222222222,,,3,636,432,chb21_04.edf;chb21_08.edf;chb21_12.edf;chb21_16.edf;chb21_22.edf;chb21_24.edf;chb21_28.edf;chb21_32.edf
chb21,13s causal,0.7,4,8,28779,8,1,0,4,3,0.9996613054503769,1,1,4,7.999722222222222,7,7.0,3,636,432,chb21_04.edf;chb21_08.edf;chb21_12.edf;chb21_16.edf;chb21_22.edf;chb21_24.edf;chb21_28.edf;chb21_32.edf
chb21,13s non-causal,0.55,5,16,28771,7,1,1,3,3,0.9992994522990702,1,1,7,7.999722222222222,0,5.0,3,636,432,chb21_04.edf;chb21_08.edf;chb21_12.edf;chb21_16.edf;chb21_22.edf;chb21_24.edf;chb21_28.edf;chb21_32.edf
chb21,29s causal,0.65,6,13,28774,6,1,2,2,3,0.9995310383159065,1,1,6,7.999722222222222,0,13.0,3,636,432,chb21_04.edf;chb21_08.edf;chb21_12.edf;chb21_16.edf;chb21_22.edf;chb21_24.edf;chb21_28.edf;chb21_32.edf
chb21,29s non-causal,0.55,9,11,28776,3,2,2,2,2,0.9997973622352683,1,1,1,7.999722222222222,0,12.0,3,636,432,chb21_04.edf;chb21_08.edf;chb21_12.edf;chb21_16.edf;chb21_22.edf;chb21_24.edf;chb21_28.edf;chb21_32.edf
chb21,61s causal,0.65,12,11,28776,0,4,2,2,0,0.9997857829344263,1,1,4,7.999722222222222,0,11.0,3,636,432,chb21_04.edf;chb21_08.edf;chb21_12.edf;chb21_16.edf;chb21_22.edf;chb21_24.edf;chb21_28.edf;chb21_32.edf
chb21,61s non-causal,0.55,12,13,28774,0,4,2,2,0,0.9998610483898982,1,1,1,7.999722222222222,0,6.0,3,636,432,chb21_04.edf;chb21_08.edf;chb21_12.edf;chb21_16.edf;chb21_22.edf;chb21_24.edf;chb21_28.edf;chb21_32.edf
chb21,125s causal,0.7,12,16,28771,0,4,2,2,0,0.999719201954586,1,1,6,7.999722222222222,0,12.0,3,636,432,chb21_04.edf;chb21_08.edf;chb21_12.edf;chb21_16.edf;chb21_22.edf;chb21_24.edf;chb21_28.edf;chb21_32.edf
chb21,125s non-causal,0.4,10,20,28767,2,3,2,2,1,0.999751045031901,1,1,2,7.999722222222222,0,6.0,3,636,432,chb21_04.edf;chb21_08.edf;chb21_12.edf;chb21_16.edf;chb21_22.edf;chb21_24.edf;chb21_28.edf;chb21_32.edf
chb22,none,0.75,38,112,39430,20,0,0,4,4,0.9926913155631987,1,1,89,11.0,3,16.0,0,444,120,chb22_01.edf;chb22_04.edf;chb22_07.edf;chb22_10.edf;chb22_16.edf;chb22_19.edf;chb22_20.edf;chb22_23.edf;chb22_27.edf;chb22_30.edf;chb22_77.edf
chb22,13s causal avg,0.55,49,15,39527,9,2,2,2,2,0.9857323247738328,1,1,2,11.0,9,,0,444,120,chb22_01.edf;chb22_04.edf;chb22_07.edf;chb22_10.edf;chb22_16.edf;chb22_19.edf;chb22_20.edf;chb22_23.edf;chb22_27.edf;chb22_30.edf;chb22_77.edf
chb22,13s non-causal avg,0.55,55,9,39533,3,2,2,2,2,0.9999158467905798,1,1,2,11.0,3,,0,444,120,chb22_01.edf;chb22_04.edf;chb22_07.edf;chb22_10.edf;chb22_16.edf;chb22_19.edf;chb22_20.edf;chb22_23.edf;chb22_27.edf;chb22_30.edf;chb22_77.edf
chb22,29s causal avg,0.55,38,23,39519,20,2,2,2,2,0.9758515171123153,1,1,0,11.0,20,,0,444,120,chb22_01.edf;chb22_04.edf;chb22_07.edf;chb22_10.edf;chb22_16.edf;chb22_19.edf;chb22_20.edf;chb22_23.edf;chb22_27.edf;chb22_30.edf;chb22_77.edf
chb22,29s non-causal avg,0.55,52,9,39533,6,2,2,2,2,0.9999537811388677,1,1,0,11.0,6,,0,444,120,chb22_01.edf;chb22_04.edf;chb22_07.edf;chb22_10.edf;chb22_16.edf;chb22_19.edf;chb22_20.edf;chb22_23.edf;chb22_27.edf;chb22_30.edf;chb22_77.edf
chb22,61s causal avg,0.55,19,43,39499,39,2,2,2,2,0.9470131279006696,1,1,0,11.0,39,,0,444,120,chb22_01.edf;chb22_04.edf;chb22_07.edf;chb22_10.edf;chb22_16.edf;chb22_19.edf;chb22_20.edf;chb22_23.edf;chb22_27.edf;chb22_30.edf;chb22_77.edf
chb22,61s non-causal avg,0.55,49,13,39529,9,2,2,2,2,0.999898841737899,1,1,0,11.0,9,,0,444,120,chb22_01.edf;chb22_04.edf;chb22_07.edf;chb22_10.edf;chb22_16.edf;chb22_19.edf;chb22_20.edf;chb22_23.edf;chb22_27.edf;chb22_30.edf;chb22_77.edf
chb22,125s causal avg,0.35,20,151,39391,38,2,2,2,2,0.8598944989090604,1,1,1,11.0,38,,0,444,120,chb22_01.edf;chb22_04.edf;chb22_07.edf;chb22_10.edf;chb22_16.edf;chb22_19.edf;chb22_20.edf;chb22_23.edf;chb22_27.edf;chb22_30.edf;chb22_77.edf
chb22,125s non-causal avg,0.5,46,28,39514,12,2,2,2,2,0.999493336635511,1,1,0,11.0,12,,0,444,120,chb22_01.edf;chb22_04.edf;chb22_07.edf;chb22_10.edf;chb22_16.edf;chb22_19.edf;chb22_20.edf;chb22_23.edf;chb22_27.edf;chb22_30.edf;chb22_77.edf
chb22,13s causal,0.55,51,7,39535,7,2,2,2,2,0.9846444374292547,1,1,2,11.0,7,16.0,0,444,120,chb22_01.edf;chb22_04.edf;chb22_07.edf;chb22_10.edf;chb22_16.edf;chb22_19.edf;chb22_20.edf;chb22_23.edf;chb22_27.edf;chb22_30.edf;chb22_77.edf
chb22,13s non-causal,0.4,53,9,39533,5,1,1,3,3,0.9996616430543517,1,1,3,11.0,3,11.0,0,444,120,chb22_01.edf;chb22_04.edf;chb22_07.edf;chb22_10.edf;chb22_16.edf;chb22_19.edf;chb22_20.edf;chb22_23.edf;chb22_27.edf;chb22_30.edf;chb22_77.edf
chb22,29s causal,0.7,45,3,39539,13,1,1,3,3,0.9838186023067572,1,1,0,11.0,11,20.0,0,444,120,chb22_01.edf;chb22_04.edf;chb22_07.edf;chb22_10.edf;chb22_16.edf;chb22_19.edf;chb22_20.edf;chb22_23.edf;chb22_27.edf;chb22_30.edf;chb22_77.edf
chb22,29s non-causal,0.45,55,11,39531,3,2,2,2,2,0.999835181797094,1,1,4,11.0,3,17.0,0,444,120,chb22_01.edf;chb22_04.edf;chb22_07.edf;chb22_10.edf;chb22_16.edf;chb22_19.edf;chb22_20.edf;chb22_23.edf;chb22_27.edf;chb22_30.edf;chb22_77.edf
chb22,61s causal,0.55,44,2,39540,14,2,1,3,2,0.9850974694737502,1,1,0,11.0,11,14.0,0,444,120,chb22_01.edf;chb22_04.edf;chb22_07.edf;chb22_10.edf;chb22_16.edf;chb22_19.edf;chb22_20.edf;chb22_23.edf;chb22_27.edf;chb22_30.edf;chb22_77.edf
chb22,61s non-causal,0.45,55,8,39534,3,2,1,3,2,0.9999123585746452,1,1,3,11.0,3,15.0,0,444,120,chb22_01.edf;chb22_04.edf;chb22_07.edf;chb22_10.edf;chb22_16.edf;chb22_19.edf;chb22_20.edf;chb22_23.edf;chb22_27.edf;chb22_30.edf;chb22_77.edf
chb22,125s causal,0.55,48,5,39537,10,2,2,2,2,0.9861953854391402,1,1,0,11.0,10,14.0,0,444,120,chb22_01.edf;chb22_04.edf;chb22_07.edf;chb22_10.edf;chb22_16.edf;chb22_19.edf;chb22_20.edf;chb22_23.edf;chb22_27.edf;chb22_30.edf;chb22_77.edf
chb22,125s non-causal,0.45,56,6,39536,2,2,2,2,2,0.999948112787974,1,1,1,11.0,2,15.0,0,444,120,chb22_01.edf;chb22_04.edf;chb22_07.edf;chb22_10.edf;chb22_16.edf;chb22_19.edf;chb22_20.edf;chb22_23.edf;chb22_27.edf;chb22_30.edf;chb22_77.edf
chb22,none,0.75,43,156,35781,31,1,0,4,3,0.978913925194917,1,1,103,10.003055555555555,13,19.0,1,432,234,chb22_02.edf;chb22_05.edf;chb22_08.edf;chb22_11.edf;chb22_17.edf;chb22_21.edf;chb22_24.edf;chb22_25.edf;chb22_28.edf;chb22_51.edf
chb22,13s causal avg,0.7,42,2,35935,32,2,2,2,2,0.9829393631046524,1,1,0,10.003055555555555,32,,1,432,234,chb22_02.edf;chb22_05.edf;chb22_08.edf;chb22_11.edf;chb22_17.edf;chb22_21.edf;chb22_24.edf;chb22_25.edf;chb22_28.edf;chb22_51.edf
chb22,13s non-causal avg,0.7,44,0,35937,30,0,0,4,4,0.9963637566943352,1,1,0,10.003055555555555,26,,1,432,234,chb22_02.edf;chb22_05.edf;chb22_08.edf;chb22_11.edf;chb22_17.edf;chb22_21.edf;chb22_24.edf;chb22_25.edf;chb22_28.edf;chb22_51.edf
chb22,29s causal avg,0.75,28,5,35932,46,2,2,2,2,0.9802984802984802,1,1,0,10.003055555555555,46,,1,432,234,chb22_02.edf;chb22_05.edf;chb22_08.edf;chb22_11.edf;chb22_17.edf;chb22_21.edf;chb22_24.edf;chb22_25.edf;chb22_28.edf;chb22_51.edf
chb22,29s non-causal avg,0.7,40,0,35937,34,0,0,4,4,0.9978855640012665,1,1,0,10.003055555555555,27,,1,432,234,chb22_02.edf;chb22_05.edf;chb22_08.edf;chb22_11.edf;chb22_17.edf;chb22_21.edf;chb22_24.edf;chb22_25.edf;chb22_28.edf;chb22_51.edf
chb22,61s causal avg,0.4,40,298,35639,34,2,2,2,2,0.9701925817628296,1,1,4,10.003055555555555,34,,1,432,234,chb22_02.edf;chb22_05.edf;chb22_08.edf;chb22_11.edf;chb22_17.edf;chb22_21.edf;chb22_24.edf;chb22_25.edf;chb22_28.edf;chb22_51.edf
chb22,61s non-causal avg,0.6,51,2,35935,23,2,2,2,2,0.999064428816495,1,1,0,10.003055555555555,23,,1,432,234,chb22_02.edf;chb22_05.edf;chb22_08.edf;chb22_11.edf;chb22_17.edf;chb22_21.edf;chb22_24.edf;chb22_25.edf;chb22_28.edf;chb22_51.edf
chb22,125s causal avg,0.35,28,468,35469,46,2,2,2,2,0.9329761767778297,1,1,7,10.003055555555555,46,,1,432,234,chb22_02.edf;chb22_05.edf;chb22_08.edf;chb22_11.edf;chb22_17.edf;chb22_21.edf;chb22_24.edf;chb22_25.edf;chb22_28.edf;chb22_51.edf
chb22,125s non-causal avg,0.45,71,40,35897,3,2,2,2,2,0.9995220615055326,1,1,0,10.003055555555555,3,,1,432,234,chb22_02.edf;chb22_05.edf;chb22_08.edf;chb22_11.edf;chb22_17.edf;chb22_21.edf;chb22_24.edf;chb22_25.edf;chb22_28.edf;chb22_51.edf
chb22,13s causal,0.55,43,6,35931,31,2,1,3,2,0.9867260197838711,1,1,2,10.003055555555555,31,8.0,1,432,234,chb22_02.edf;chb22_05.edf;chb22_08.edf;chb22_11.edf;chb22_17.edf;chb22_21.edf;chb22_24.edf;chb22_25.edf;chb22_28.edf;chb22_51.edf
chb22,13s non-causal,0.5,44,11,35926,30,1,0,4,3,0.9939477418816262,1,1,5,10.003055555555555,29,8.0,1,432,234,chb22_02.edf;chb22_05.edf;chb22_08.edf;chb22_11.edf;chb22_17.edf;chb22_21.edf;chb22_24.edf;chb22_25.edf;chb22_28.edf;chb22_51.edf
chb22,29s causal,0.5,44,9,35928,30,2,1,3,2,0.9852388075528571,1,1,2,10.003055555555555,30,9.0,1,432,234,chb22_02.edf;chb22_05.edf;chb22_08.edf;chb22_11.edf;chb22_17.edf;chb22_21.edf;chb22_24.edf;chb22_25.edf;chb22_28.edf;chb22_51.edf
chb22,29s non-causal,0.45,46,10,35927,28,0,0,4,4,0.9950235735359703,1,1,3,10.003055555555555,22,9.0,1,432,234,chb22_02.edf;chb22_05.edf;chb22_08.edf;chb22_11.edf;chb22_17.edf;chb22_21.edf;chb22_24.edf;chb22_25.edf;chb22_28.edf;chb22_51.edf
chb22,61s causal,0.5,37,0,35937,37,1,0,4,3,0.9851053156838281,1,1,0,10.003055555555555,33,8.0,1,432,234,chb22_02.edf;chb22_05.edf;chb22_08.edf;chb22_11.edf;chb22_17.edf;chb22_21.edf;chb22_24.edf;chb22_25.edf;chb22_28.edf;chb22_51.edf
chb22,61s non-causal,0.5,46,0,35937,28,0,0,4,4,0.9971707244434518,1,1,0,10.003055555555555,22,10.0,1,432,234,chb22_02.edf;chb22_05.edf;chb22_08.edf;chb22_11.edf;chb22_17.edf;chb22_21.edf;chb22_24.edf;chb22_25.edf;chb22_28.edf;chb22_51.edf
chb22,125s causal,0.65,48,8,35929,26,2,0,4,2,0.9893898406295101,1,1,2,10.003055555555555,22,12.0,1,432,234,chb22_02.edf;chb22_05.edf;chb22_08.edf;chb22_11.edf;chb22_17.edf;chb22_21.edf;chb22_24.edf;chb22_25.edf;chb22_28.edf;chb22_51.edf
chb22,125s non-causal,0.55,45,0,35937,29,0,0,4,4,0.9968729059638151,1,1,0,10.003055555555555,22,6.0,1,432,234,chb22_02.edf;chb22_05.edf;chb22_08.edf;chb22_11.edf;chb22_17.edf;chb22_21.edf;chb22_24.edf;chb22_25.edf;chb22_28.edf;chb22_51.edf
chb22,none,0.75,45,46,35882,27,1,2,2,3,0.9861698706054084,1,1,41,10.0,10,19.0,2,348,180,chb22_03.edf;chb22_06.edf;chb22_09.edf;chb22_15.edf;chb22_18.edf;chb22_22.edf;chb22_26.edf;chb22_29.edf;chb22_38.edf;chb22_54.edf
chb22,13s causal avg,0.6,57,10,35918,15,2,2,2,2,0.9975753977089983,1,1,0,10.0,15,,2,348,180,chb22_03.edf;chb22_06.edf;chb22_09.edf;chb22_15.edf;chb22_18.edf;chb22_22.edf;chb22_26.edf;chb22_29.edf;chb22_38.edf;chb22_54.edf
chb22,13s non-causal avg,0.6,63,4,35924,9,2,2,2,2,0.9998527146886365,1,1,0,10.0,9,,2,348,180,chb22_03.edf;chb22_06.edf;chb22_09.edf;chb22_15.edf;chb22_18.edf;chb22_22.edf;chb22_26.edf;chb22_29.edf;chb22_38.edf;chb22_54.edf
chb22,29s causal avg,0.45,57,36,35892,15,2,2,2,2,0.9971296760187041,1,1,2,10.0,15,,2,348,180,chb22_03.edf;chb22_06.edf;chb22_09.edf;chb22_15.edf;chb22_18.edf;chb22_22.edf;chb22_26.edf;chb22_29.edf;chb22_38.edf;chb22_54.edf
chb22,29s non-causal avg,0.45,71,22,35906,1,3,2,2,1,0.9999435599594251,1,1,2,10.0,1,,2,348,180,chb22_03.edf;chb22_06.edf;chb22_09.edf;chb22_15.edf;chb22_18.edf;chb22_22.edf;chb22_26.edf;chb22_29.edf;chb22_38.edf;chb22_54.edf
chb22,61s causal avg,0.4,48,95,35833,24,2,2,2,2,0.9897642507236695,1,1,1,10.0,24,,2,348,180,chb22_03.edf;chb22_06.edf;chb22_09.edf;chb22_15.edf;chb22_18.edf;chb22_22.edf;chb22_26.edf;chb22_29.edf;chb22_38.edf;chb22_54.edf
chb22,61s non-causal avg,0.6,57,5,35923,15,2,2,2,2,0.9999041292461466,1,1,0,10.0,15,,2,348,180,chb22_03.edf;chb22_06.edf;chb22_09.edf;chb22_15.edf;chb22_18.edf;chb22_22.edf;chb22_26.edf;chb22_29.edf;chb22_38.edf;chb22_54.edf
chb22,125s causal avg,0.3,56,544,35384,16,2,2,2,2,0.9901523726465276,1,1,10,10.0,16,,2,348,180,chb22_03.edf;chb22_06.edf;chb22_09.edf;chb22_15.edf;chb22_18.edf;chb22_22.edf;chb22_26.edf;chb22_29.edf;chb22_38.edf;chb22_54.edf
chb22,125s non-causal avg,0.45,72,52,35876,0,4,4,0,0,0.9997270776120142,1,1,0,10.0,0,,2,348,180,chb22_03.edf;chb22_06.edf;chb22_09.edf;chb22_15.edf;chb22_18.edf;chb22_22.edf;chb22_26.edf;chb22_29.edf;chb22_38.edf;chb22_54.edf
chb22,13s causal,0.5,58,6,35922,14,2,2,2,2,0.9983667180039091,1,1,1,10.0,10,22.0,2,348,180,chb22_03.edf;chb22_06.edf;chb22_09.edf;chb22_15.edf;chb22_18.edf;chb22_22.edf;chb22_26.edf;chb22_29.edf;chb22_38.edf;chb22_54.edf
chb22,13s non-causal,0.45,58,4,35924,14,2,2,2,2,0.9996022136866325,1,1,0,10.0,10,13.0,2,348,180,chb22_03.edf;chb22_06.edf;chb22_09.edf;chb22_15.edf;chb22_18.edf;chb22_22.edf;chb22_26.edf;chb22_29.edf;chb22_38.edf;chb22_54.edf
chb22,29s causal,0.55,59,6,35922,13,2,2,2,2,0.9977257756253246,1,1,0,10.0,12,15.0,2,348,180,chb22_03.edf;chb22_06.edf;chb22_09.edf;chb22_15.edf;chb22_18.edf;chb22_22.edf;chb22_26.edf;chb22_29.edf;chb22_38.edf;chb22_54.edf
chb22,29s non-causal,0.45,62,3,35925,10,2,2,2,2,0.9997734666864594,1,1,0,10.0,8,16.0,2,348,180,chb22_03.edf;chb22_06.edf;chb22_09.edf;chb22_15.edf;chb22_18.edf;chb22_22.edf;chb22_26.edf;chb22_29.edf;chb22_38.edf;chb22_54.edf
chb22,61s causal,0.45,60,16,35912,12,1,2,2,3,0.9978378825552339,1,1,6,10.0,10,14.0,2,348,180,chb22_03.edf;chb22_06.edf;chb22_09.edf;chb22_15.edf;chb22_18.edf;chb22_22.edf;chb22_26.edf;chb22_29.edf;chb22_38.edf;chb22_54.edf
chb22,61s non-causal,0.4,64,3,35925,8,2,2,2,2,0.9999037426705263,1,1,0,10.0,6,9.0,2,348,180,chb22_03.edf;chb22_06.edf;chb22_09.edf;chb22_15.edf;chb22_18.edf;chb22_22.edf;chb22_26.edf;chb22_29.edf;chb22_38.edf;chb22_54.edf
chb22,125s causal,0.55,60,9,35919,12,1,2,2,3,0.9979488297582819,1,1,3,10.0,10,16.0,2,348,180,chb22_03.edf;chb22_06.edf;chb22_09.edf;chb22_15.edf;chb22_18.edf;chb22_22.edf;chb22_26.edf;chb22_29.edf;chb22_38.edf;chb22_54.edf
chb22,125s non-causal,0.4,67,3,35925,5,2,2,2,2,0.9999551572280363,1,1,0,10.0,4,11.0,2,348,180,chb22_03.edf;chb22_06.edf;chb22_09.edf;chb22_15.edf;chb22_18.edf;chb22_22.edf;chb22_26.edf;chb22_29.edf;chb22_38.edf;chb22_54.edf
chb23,none,0.85,73,148,22372,40,1,0,4,3,0.9909500306512204,1,1,77,6.286944444444444,0,13.0,0,1320,726,chb23_06.edf;chb23_07.edf;chb23_17.edf
chb23,13s causal avg,0.7,107,48,22472,6,2,2,2,2,0.9996742325405932,1,1,7,6.286944444444444,6,,0,1320,726,chb23_06.edf;chb23_07.edf;chb23_17.edf
chb23,13s non-causal avg,0.7,109,46,22474,4,2,0,4,2,0.999682877756645,1,1,7,6.286944444444444,0,,0,1320,726,chb23_06.edf;chb23_07.edf;chb23_17.edf
chb23,29s causal avg,0.7,99,15,22505,14,2,2,2,2,0.9989354595325296,1,1,2,6.286944444444444,14,,0,1320,726,chb23_06.edf;chb23_07.edf;chb23_17.edf
chb23,29s non-causal avg,0.65,112,63,22457,1,3,2,2,1,0.9998801458683727,1,1,4,6.286944444444444,0,,0,1320,726,chb23_06.edf;chb23_07.edf;chb23_17.edf
chb23,61s causal avg,0.75,71,12,22508,42,2,2,2,2,0.9956058724594854,1,1,0,6.286944444444444,42,,0,1320,726,chb23_06.edf;chb23_07.edf;chb23_17.edf
chb23,61s non-causal avg,0.55,113,161,22359,0,4,4,0,0,0.9999453779531272,1,1,2,6.286944444444444,0,,0,1320,726,chb23_06.edf;chb23_07.edf;chb23_17.edf
chb23,125s causal avg,0.35,84,518,22002,29,2,2,2,2,0.9824706455618606,1,1,2,6.286944444444444,29,,0,1320,726,chb23_06.edf;chb23_07.edf;chb23_17.edf
chb23,125s non-causal avg,0.55,112,65,22455,1,3,2,2,1,0.9998090193181283,1,1,1,6.286944444444444,1,,0,1320,726,chb23_06.edf;chb23_07.edf;chb23_17.edf
chb23,13s causal,0.5,109,68,22452,4,1,0,4,3,0.998965324824345,1,1,8,6.286944444444444,2,2.0,0,1320,726,chb23_06.edf;chb23_07.edf;chb23_17.edf
chb23,13s non-causal,0.45,109,104,22416,4,2,0,4,2,0.9985271695562646,1,1,9,6.286944444444444,0,2.0,0,1320,726,chb23_06.edf;chb23_07.edf;chb23_17.edf
chb23,29s causal,0.5,110,79,22441,3,2,0,4,2,0.9991574843993146,1,1,8,6.286944444444444,0,4.0,0,1320,726,chb23_06.edf;chb23_07.edf;chb23_17.edf
chb23,29s non-causal,0.6,108,77,22443,5,2,0,4,2,0.9993759725868059,1,1,6,6.286944444444444,0,2.0,0,1320,726,chb23_06.edf;chb23_07.edf;chb23_17.edf
chb23,61s causal,0.55,109,75,22445,4,2,0,4,2,0.9988914475235386,1,1,8,6.286944444444444,0,5.0,0,1320,726,chb23_06.edf;chb23_07.edf;chb23_17.edf
chb23,61s non-causal,0.65,103,50,22470,10,0,0,4,4,0.9993189927537371,1,1,6,6.286944444444444,0,2.0,0,1320,726,chb23_06.edf;chb23_07.edf;chb23_17.edf
chb23,125s causal,0.6,111,91,22429,2,3,2,2,1,0.9983507285559345,1,1,8,6.286944444444444,0,5.0,0,1320,726,chb23_06.edf;chb23_07.edf;chb23_17.edf
chb23,125s non-causal,0.55,112,119,22401,1,3,1,3,1,0.9991504110407269,1,1,5,6.286944444444444,0,2.0,0,1320,726,chb23_06.edf;chb23_07.edf;chb23_17.edf
chb23,none,0.85,48,506,38569,19,5,4,4,3,0.9867499355430144,2,2,267,10.872777777777777,0;0,12.0,1,1860,798,chb23_08.edf;chb23_10.edf;chb23_19.edf
chb23,13s causal avg,0.8,52,84,38991,15,4,4,4,4,0.9982349290018239,2,2,1,10.872777777777777,8;7,,1,1860,798,chb23_08.edf;chb23_10.edf;chb23_19.edf
chb23,13s non-causal avg,0.8,62,74,39001,5,3,2,6,5,0.9985309536769129,2,2,1,10.872777777777777,2;1,,1,1860,798,chb23_08.edf;chb23_10.edf;chb23_19.edf
chb23,29s causal avg,0.85,20,61,39014,47,2,1,7,6,0.9939118228435558,2,1,2,10.872777777777777,23,,1,1860,798,chb23_08.edf;chb23_10.edf;chb23_19.edf
chb23,29s non-causal avg,0.8,52,68,39007,15,2,2,6,6,0.9985607471280833,2,2,1,10.872777777777777,2;4,,1,1860,798,chb23_08.edf;chb23_10.edf;chb23_19.edf
chb23,61s causal avg,0.5,27,280,38795,40,2,4,4,6,0.9423584572339837,2,1,5,10.872777777777777,20,,1,1860,798,chb23_08.edf;chb23_10.edf;chb23_19.edf
chb23,61s non-causal avg,0.8,15,41,39034,52,0,0,8,8,0.9985198766245548,2,1,1,10.872777777777777,17,,1,1860,798,chb23_08.edf;chb23_10.edf;chb23_19.edf
chb23,125s causal avg,0.35,29,3999,35076,38,2,2,6,6,0.859289349796125,2,1,21,10.872777777777777,18,,1,1860,798,chb23_08.edf;chb23_10.edf;chb23_19.edf
chb23,125s non-causal avg,0.65,0,34,39041,67,0,0,8,8,0.9966318121484706,2,0,1,10.872777777777777,,,1,1860,798,chb23_08.edf;chb23_10.edf;chb23_19.edf
chb23,13s causal,0.65,52,78,38997,15,3,4,4,5,0.9984534143104056,2,2,2,10.872777777777777,2;2,9.0,1,1860,798,chb23_08.edf;chb23_10.edf;chb23_19.edf
chb23,13s non-causal,0.65,62,83,38992,5,7,2,6,1,0.9986268274749095,2,2,4,10.872777777777777,0;1,2.0,1,1860,798,chb23_08.edf;chb23_10.edf;chb23_19.edf
chb23,29s causal,0.65,54,86,38989,13,3,4,4,5,0.9984854995655121,2,2,4,10.872777777777777,2;2,7.0,1,1860,798,chb23_08.edf;chb23_10.edf;chb23_19.edf
chb23,29s non-causal,0.75,56,71,39004,11,4,2,6,4,0.9986543291221437,2,2,1,10.872777777777777,2;2,3.0,1,1860,798,chb23_08.edf;chb23_10.edf;chb23_19.edf
chb23,61s causal,0.65,56,88,38987,11,6,4,4,2,0.9984369897155299,2,2,6,10.872777777777777,0;1,10.0,1,1860,798,chb23_08.edf;chb23_10.edf;chb23_19.edf
chb23,61s non-causal,0.65,62,71,39004,5,6,2,6,2,0.9985752618863456,2,2,1,10.872777777777777,0;0,3.0,1,1860,798,chb23_08.edf;chb23_10.edf;chb23_19.edf
chb23,125s causal,0.6,63,98,38977,4,8,6,2,0,0.9986417242004947,2,2,8,10.872777777777777,0;0,6.0,1,1860,798,chb23_08.edf;chb23_10.edf;chb23_19.edf
chb23,125s non-causal,0.7,63,73,39002,4,6,3,5,2,0.9985382110560441,2,2,1,10.872777777777777,0;0,3.0,1,1860,798,chb23_08.edf;chb23_10.edf;chb23_19.edf
chb23,none,0.85,142,103,33488,102,2,2,14,14,0.9766424798601889,4,4,54,9.39861111111111,2;0;3;8,27.0,2,798,300,chb23_09.edf;chb23_16.edf;chb23_20.edf
chb23,13s causal avg,0.55,194,87,33504,50,7,6,10,9,0.9979854088551238,4,4,3,9.39861111111111,10;5;10;10,,2,798,300,chb23_09.edf;chb23_16.edf;chb23_20.edf
chb23,13s non-causal avg,0.7,173,32,33559,71,2,0,16,14,0.9990994611651931,4,4,2,9.39861111111111,7;2;7;9,,2,798,300,chb23_09.edf;chb23_16.edf;chb23_20.edf
chb23,29s causal avg,0.3,218,303,33288,26,8,8,8,8,0.9961319898821454,4,4,3,9.39861111111111,8;4;4;10,,2,798,300,chb23_09.edf;chb23_16.edf;chb23_20.edf
chb23,29s non-causal avg,0.65,173,40,33551,71,2,2,14,14,0.9992396480126654,4,4,1,9.39861111111111,8;3;8;12,,2,798,300,chb23_09.edf;chb23_16.edf;chb23_20.edf
chb23,61s causal avg,0.25,197,409,33182,47,8,8,8,8,0.9899687709090697,4,4,1,9.39861111111111,13;9;12;13,,2,798,300,chb23_09.edf;chb23_16.edf;chb23_20.edf
chb23,61s non-causal avg,0.55,205,65,33526,39,6,4,12,10,0.9992822287000177,4,4,1,9.39861111111111,5;3;8;10,,2,798,300,chb23_09.edf;chb23_16.edf;chb23_20.edf
chb23,125s causal avg,0.2,175,679,32912,69,8,8,8,8,0.9745990948980772,4,4,2,9.39861111111111,20;12;17;20,,2,798,300,chb23_09.edf;chb23_16.edf;chb23_20.edf
chb23,125s non-causal avg,0.45,231,84,33507,13,14,14,2,2,0.9991541206148602,4,4,0,9.39861111111111,0;0;13;0,,2,798,300,chb23_09.edf;chb23_16.edf;chb23_20.edf
chb23,13s causal,0.45,182,58,33533,62,2,2,14,14,0.9986773145226742,4,4,3,9.39861111111111,10;4;7;8,27.0,2,798,300,chb23_09.edf;chb23_16.edf;chb23_20.edf
chb23,13s non-causal,0.4,178,38,33553,66,2,2,14,14,0.9980878953232497,4,4,3,9.39861111111111,8;2;6;7,12.0,2,798,300,chb23_09.edf;chb23_16.edf;chb23_20.edf
chb23,29s causal,0.35,187,63,33528,57,2,2,14,14,0.9985531106839215,4,4,3,9.39861111111111,8;4;7;8,24.0,2,798,300,chb23_09.edf;chb23_16.edf;chb23_20.edf
chb23,29s non-causal,0.6,157,17,33574,87,1,0,16,15,0.9989795275959457,4,4,2,9.39861111111111,8;4;7;11,11.0,2,798,300,chb23_09.edf;chb23_16.edf;chb23_20.edf
chb23,61s causal,0.4,184,59,33532,60,2,2,14,14,0.9983547261634775,4,4,3,9.39861111111111,8;3;7;8,31.0,2,798,300,chb23_09.edf;chb23_16.edf;chb23_20.edf
chb23,61s non-causal,0.6,172,24,33567,72,2,1,15,14,0.9991898688710041,4,4,1,9.39861111111111,8;3;7;8,8.0,2,798,300,chb23_09.edf;chb23_16.edf;chb23_20.edf
chb23,125s causal,0.5,177,42,33549,67,2,2,14,14,0.9985244388743862,4,4,2,9.39861111111111,10;4;7;9,23.0,2,798,300,chb23_09.edf;chb23_16.edf;chb23_20.edf
chb23,125s non-causal,0.55,168,22,33569,76,1,1,15,15,0.9992320835352562,4,4,1,9.39861111111111,6;3;7;8,6.0,2,798,300,chb23_09.edf;chb23_16.edf;chb23_20.edf
chb24,none,0.65,51,44,17871,34,1,0,16,15,0.9044087274876458,4,4,21,5.0,4;4;3;3,1.0,0,2034,1452,chb24_01.edf;chb24_02.edf;chb24_09.edf;chb24_13.edf;chb24_16.edf
chb24,13s causal avg,0.6,38,28,17887,47,6,5,11,10,0.8630086519676249,4,4,2,5.0,11;12;11;11,,0,2034,1452,chb24_01.edf;chb24_02.edf;chb24_09.edf;chb24_13.edf;chb24_16.edf
chb24,13s non-causal avg,0.55,63,33,17882,22,3,0,16,13,0.9961346883157394,4,4,3,5.0,3;4;3;3,,0,2034,1452,chb24_01.edf;chb24_02.edf;chb24_09.edf;chb24_13.edf;chb24_16.edf
chb24,29s causal avg,0.5,32,113,17802,53,8,8,8,8,0.8296035198896751,4,4,4,5.0,12;14;13;14,,0,2034,1452,chb24_01.edf;chb24_02.edf;chb24_09.edf;chb24_13.edf;chb24_16.edf
chb24,29s non-causal avg,0.5,83,61,17854,2,14,8,8,2,0.9985841637799413,4,4,3,5.0,0;0;0;0,,0,2034,1452,chb24_01.edf;chb24_02.edf;chb24_09.edf;chb24_13.edf;chb24_16.edf
chb24,61s causal avg,0.45,23,410,17505,62,6,6,10,10,0.7844185779251696,4,3,13,5.0,12;17;17,,0,2034,1452,chb24_01.edf;chb24_02.edf;chb24_09.edf;chb24_13.edf;chb24_16.edf
chb24,61s non-causal avg,0.45,71,359,17556,14,13,12,4,3,0.9871904910443104,4,4,10,5.0,0;0;0;0,,0,2034,1452,chb24_01.edf;chb24_02.edf;chb24_09.edf;chb24_13.edf;chb24_16.edf
chb24,125s causal avg,0.4,42,4984,12931,43,7,8,8,9,0.6622767644596215,4,4,32,5.0,5;12;11;15,,0,2034,1452,chb24_01.edf;chb24_02.edf;chb24_09.edf;chb24_13.edf;chb24_16.edf
chb24,125s non-causal avg,0.45,0,56,17859,85,0,0,16,16,0.894586527884947,4,0,1,5.0,,,0,2034,1452,chb24_01.edf;chb24_02.edf;chb24_09.edf;chb24_13.edf;chb24_16.edf
chb24,13s causal,0.3,62,83,17832,23,5,2,14,11,0.9039871287616359,4,4,27,5.0,5;5;4;4,0.0,0,2034,1452,chb24_01.edf;chb24_02.edf;chb24_09.edf;chb24_13.edf;chb24_16.edf
chb24,13s non-causal,0.35,48,19,17896,37,1,0,16,15,0.9532334061171217,4,4,2,5.0,4;5;4;4,0.0,0,2034,1452,chb24_01.edf;chb24_02.edf;chb24_09.edf;chb24_13.edf;chb24_16.edf
chb24,29s causal,0.4,52,31,17884,33,6,3,13,10,0.888823365237806,4,4,5,5.0,7;8;7;7,1.0,0,2034,1452,chb24_01.edf;chb24_02.edf;chb24_09.edf;chb24_13.edf;chb24_16.edf
chb24,29s non-causal,0.3,60,55,17860,25,2,0,16,14,0.9836456469274844,4,4,19,5.0,3;4;3;3,0.0,0,2034,1452,chb24_01.edf;chb24_02.edf;chb24_09.edf;chb24_13.edf;chb24_16.edf
chb24,61s causal,0.35,41,32,17883,44,1,1,15,15,0.9046471080757169,4,4,8,5.0,8;8;7;7,0.0,0,2034,1452,chb24_01.edf;chb24_02.edf;chb24_09.edf;chb24_13.edf;chb24_16.edf
chb24,61s non-causal,0.35,51,20,17895,34,1,0,16,15,0.9701078622908835,4,4,2,5.0,4;5;3;4,0.0,0,2034,1452,chb24_01.edf;chb24_02.edf;chb24_09.edf;chb24_13.edf;chb24_16.edf
chb24,125s causal,0.35,55,39,17876,30,5,2,14,11,0.904331237379127,4,4,8,5.0,6;8;5;6,0.0,0,2034,1452,chb24_01.edf;chb24_02.edf;chb24_09.edf;chb24_13.edf;chb24_16.edf
chb24,125s non-causal,0.35,55,31,17884,30,2,0,16,14,0.9772763540247247,4,4,5,5.0,3;4;3;3,0.0,0,2034,1452,chb24_01.edf;chb24_02.edf;chb24_09.edf;chb24_13.edf;chb24_16.edf
chb24,none,0.75,30,56,17829,85,0,0,12,12,0.9022080684566859,3,3,11,5.0,4;3;4,4.0,1,2028,1590,chb24_05.edf;chb24_07.edf;chb24_14.edf;chb24_17.edf;chb24_18.edf
chb24,13s causal avg,0.65,36,41,17844,79,2,0,12,10,0.9312569435159413,3,3,5,5.0,12;9;11,,1,2028,1590,chb24_05.edf;chb24_07.edf;chb24_14.edf;chb24_17.edf;chb24_18.edf
chb24,13s non-causal avg,0.65,36,41,17844,79,0,0,12,12,0.9754192850457634,3,3,5,5.0,6;3;5,,1,2028,1590,chb24_05.edf;chb24_07.edf;chb24_14.edf;chb24_17.edf;chb24_18.edf
chb24,29s causal avg,0.5,73,127,17758,42,6,6,6,6,0.8982897983493577,3,3,5,5.0,15;11;16,,1,2028,1590,chb24_05.edf;chb24_07.edf;chb24_14.edf;chb24_17.edf;chb24_18.edf
chb24,29s non-causal avg,0.5,104,95,17790,11,6,4,8,6,0.9944354632859695,3,3,4,5.0,1;0;2,,1,2028,1590,chb24_05.edf;chb24_07.edf;chb24_14.edf;chb24_17.edf;chb24_18.edf
chb24,61s causal avg,0.45,39,159,17726,76,4,4,8,8,0.8403413110330493,3,2,5,5.0,17;37,,1,2028,1590,chb24_05.edf;chb24_07.edf;chb24_14.edf;chb24_17.edf;chb24_18.edf
chb24,61s non-causal avg,0.45,63,160,17725,52,5,4,8,7,0.9815235015983761,3,2,3,5.0,0;7,,1,2028,1590,chb24_05.edf;chb24_07.edf;chb24_14.edf;chb24_17.edf;chb24_18.edf
chb24,125s causal avg,0.4,25,1740,16145,90,4,4,8,8,0.7582533334953994,3,2,11,5.0,15;48,,1,2028,1590,chb24_05.edf;chb24_07.edf;chb24_14.edf;chb24_17.edf;chb24_18.edf
chb24,125s non-causal avg,0.4,66,1696,16189,49,4,4,8,8,0.9072465388776119,3,1,12,5.0,0,,1,2028,1590,chb24_05.edf;chb24_07.edf;chb24_14.edf;chb24_17.edf;chb24_18.edf
chb24,13s causal,0.6,72,70,17815,43,2,2,10,10,0.9474624108130446,3,3,6,5.0,6;5;5,24.0,1,2028,1590,chb24_05.edf;chb24_07.edf;chb24_14.edf;chb24_17.edf;chb24_18.edf
chb24,13s non-causal,0.7,77,60,17825,38,3,0,12,9,0.9817675730208701,3,3,5,5.0,2;1;1,73.0,1,2028,1590,chb24_05.edf;chb24_07.edf;chb24_14.edf;chb24_17.edf;chb24_18.edf
chb24,29s causal,0.65,62,59,17826,53,2,0,12,10,0.9561225705291051,3,3,6,5.0,6;5;5,21.0,1,2028,1590,chb24_05.edf;chb24_07.edf;chb24_14.edf;chb24_17.edf;chb24_18.edf
chb24,29s non-causal,0.7,73,71,17814,42,2,1,11,10,0.986864873406182,3,3,5,5.0,3;0;2,10.0,1,2028,1590,chb24_05.edf;chb24_07.edf;chb24_14.edf;chb24_17.edf;chb24_18.edf
chb24,61s causal,0.65,65,66,17819,50,2,2,10,10,0.9625685843128199,3,3,6,5.0,6;5;5,19.0,1,2028,1590,chb24_05.edf;chb24_07.edf;chb24_14.edf;chb24_17.edf;chb24_18.edf
chb24,61s non-causal,0.65,85,62,17823,30,4,1,11,8,0.9930517436277667,3,3,3,5.0,3;0;2,19.0,1,2028,1590,chb24_05.edf;chb24_07.edf;chb24_14.edf;chb24_17.edf;chb24_18.edf
chb24,125s causal,0.75,47,51,17834,68,2,0,12,10,0.9645775546668935,3,3,6,5.0,8;6;8,14.0,1,2028,1590,chb24_05.edf;chb24_07.edf;chb24_14.edf;chb24_17.edf;chb24_18.edf
chb24,125s non-causal,0.75,85,61,17824,30,4,1,11,8,0.996390465656185,3,3,3,5.0,3;0;2,15.0,1,2028,1590,chb24_05.edf;chb24_07.edf;chb24_14.edf;chb24_17.edf;chb24_18.edf
chb24,none,0.85,21,0,14262,117,0,0,8,8,0.8040465288320642,2,2,0,4.0,55;3,14.0,2,1866,1494,chb24_08.edf;chb24_11.edf;chb24_19.edf;chb24_21.edf
chb24,13s causal avg,0.65,52,3,14259,86,3,2,6,5,0.7701991102331319,2,2,0,4.0,59;11,,2,1866,1494,chb24_08.edf;chb24_11.edf;chb24_19.edf;chb24_21.edf
chb24,13s non-causal avg,0.65,55,0,14262,83,0,0,8,8,0.8170556602220556,2,2,0,4.0,53;5,,2,1866,1494,chb24_08.edf;chb24_11.edf;chb24_19.edf;chb24_21.edf
chb24,29s causal avg,0.55,57,15,14247,81,4,4,4,4,0.7451614607785155,2,2,1,4.0,64;17,,2,1866,1494,chb24_08.edf;chb24_11.edf;chb24_19.edf;chb24_21.edf
chb24,29s non-causal avg,0.55,82,3,14259,56,2,2,6,6,0.8365154997876185,2,2,0,4.0,50;3,,2,1866,1494,chb24_08.edf;chb24_11.edf;chb24_19.edf;chb24_21.edf
chb24,61s causal avg,0.45,43,45,14217,95,2,2,6,6,0.7713176699407973,2,1,2,4.0,25,,2,1866,1494,chb24_08.edf;chb24_11.edf;chb24_19.edf;chb24_21.edf
chb24,61s non-causal avg,0.45,91,18,14244,47,6,6,2,2,0.8912014596403944,2,2,0,4.0,47;0,,2,1866,1494,chb24_08.edf;chb24_11.edf;chb24_19.edf;chb24_21.edf
chb24,125s causal avg,0.3,74,4592,9670,64,4,4,4,4,0.7444923065041593,2,2,22,4.0,54;10,,2,1866,1494,chb24_08.edf;chb24_11.edf;chb24_19.edf;chb24_21.edf
chb24,125s non-causal avg,0.35,135,1364,12898,3,6,6,2,2,0.979327858157585,2,2,3,4.0,3;0,,2,1866,1494,chb24_08.edf;chb24_11.edf;chb24_19.edf;chb24_21.edf
chb24,13s causal,0.6,63,0,14262,75,2,0,8,6,0.8192099609990265,2,2,0,4.0,55;5,16.0,2,1866,1494,chb24_08.edf;chb24_11.edf;chb24_19.edf;chb24_21.edf
chb24,13s non-causal,0.65,78,0,14262,60,2,0,8,6,0.8527903784049639,2,2,0,4.0,51;2,40.0,2,1866,1494,chb24_08.edf;chb24_11.edf;chb24_19.edf;chb24_21.edf
chb24,29s causal,0.6,57,0,14262,81,2,0,8,6,0.815891880521666,2,2,0,4.0,55;5,13.0,2,1866,1494,chb24_08.edf;chb24_11.edf;chb24_19.edf;chb24_21.edf
chb24,29s non-causal,0.7,63,0,14262,75,2,0,8,6,0.8447902503663328,2,2,0,4.0,51;1,40.0,2,1866,1494,chb24_08.edf;chb24_11.edf;chb24_19.edf;chb24_21.edf
chb24,61s causal,0.55,55,1,14261,83,2,0,8,6,0.798278693355608,2,2,1,4.0,55;5,5.0,2,1866,1494,chb24_08.edf;chb24_11.edf;chb24_19.edf;chb24_21.edf
chb24,61s non-causal,0.75,50,0,14262,88,1,0,8,7,0.8507638622141741,2,2,0,4.0,51;1,36.0,2,1866,1494,chb24_08.edf;chb24_11.edf;chb24_19.edf;chb24_21.edf
chb24,125s causal,0.6,42,0,14262,96,2,0,8,6,0.8118157300539185,2,2,0,4.0,55;5,11.0,2,1866,1494,chb24_08.edf;chb24_11.edf;chb24_19.edf;chb24_21.edf
chb24,125s non-causal,0.7,61,0,14262,77,1,0,8,7,0.8780548899579098,2,2,0,4.0,51;1,17.0,2,1866,1494,chb24_08.edf;chb24_11.edf;chb24_19.edf;chb24_21.edf
chb24,none,0.75,59,41,14257,43,2,1,15,14,0.8989437711019503,4,4,17,4.0,5;4;5;4,9.0,3,2106,1038,chb24_04.edf;chb24_06.edf;chb24_10.edf;chb24_20.edf
chb24,13s causal avg,0.55,62,80,14218,40,6,6,10,10,0.9185838414257855,4,4,8,4.0,10;10;8;10,,3,2106,1038,chb24_04.edf;chb24_06.edf;chb24_10.edf;chb24_20.edf
chb24,13s non-causal avg,0.55,75,67,14231,27,3,2,14,13,0.9862355629060968,4,4,8,4.0,4;4;2;4,,3,2106,1038,chb24_04.edf;chb24_06.edf;chb24_10.edf;chb24_20.edf
chb24,29s causal avg,0.5,48,142,14156,54,8,8,8,8,0.8871520492376557,4,4,4,4.0,15;14;11;14,,3,2106,1038,chb24_04.edf;chb24_06.edf;chb24_10.edf;chb24_20.edf
chb24,29s non-causal avg,0.5,95,95,14203,7,11,5,11,5,0.9983954975191923,4,4,4,4.0,1;0;0;0,,3,2106,1038,chb24_04.edf;chb24_06.edf;chb24_10.edf;chb24_20.edf
chb24,61s causal avg,0.4,51,1663,12635,51,8,8,8,8,0.8254047597497525,4,4,15,4.0,15;14;7;15,,3,2106,1038,chb24_04.edf;chb24_06.edf;chb24_10.edf;chb24_20.edf
chb24,61s non-causal avg,0.4,102,1642,12656,0,16,16,0,0,0.9877228132825376,4,4,15,4.0,0;0;0;0,,3,2106,1038,chb24_04.edf;chb24_06.edf;chb24_10.edf;chb24_20.edf
chb24,125s causal avg,0.25,102,12484,1814,0,16,16,0,0,0.7042037964997161,4,4,14,4.0,0;0;0;0,,3,2106,1038,chb24_04.edf;chb24_06.edf;chb24_10.edf;chb24_20.edf
chb24,125s non-causal avg,0.3,102,7741,6557,0,16,16,0,0,0.842542766162277,4,4,12,4.0,0;0;0;0,,3,2106,1038,chb24_04.edf;chb24_06.edf;chb24_10.edf;chb24_20.edf
chb24,13s causal,0.6,75,79,14219,27,5,3,13,11,0.9389891360096984,4,4,13,4.0,6;5;5;5,25.0,3,2106,1038,chb24_04.edf;chb24_06.edf;chb24_10.edf;chb24_20.edf
chb24,13s non-causal,0.65,83,58,14240,19,5,3,13,11,0.9870810122902148,4,4,7,4.0,3;2;1;2,30.0,3,2106,1038,chb24_04.edf;chb24_06.edf;chb24_10.edf;chb24_20.edf
chb24,29s causal,0.55,74,56,14242,28,5,3,13,11,0.9388252573375133,4,4,12,4.0,6;5;5;5,12.0,3,2106,1038,chb24_04.edf;chb24_06.edf;chb24_10.edf;chb24_20.edf
chb24,29s non-causal,0.55,89,81,14217,13,7,4,12,9,0.9970782969783242,4,4,6,4.0,2;1;0;1,30.0,3,2106,1038,chb24_04.edf;chb24_06.edf;chb24_10.edf;chb24_20.edf
chb24,61s causal,0.6,75,58,14240,27,6,4,12,10,0.9403255357255507,4,4,11,4.0,6;5;5;6,12.0,3,2106,1038,chb24_04.edf;chb24_06.edf;chb24_10.edf;chb24_20.edf
chb24,61s non-causal,0.55,98,103,14195,4,12,5,11,4,0.9990386698811571,4,4,8,4.0,1;0;0;0,24.0,3,2106,1038,chb24_04.edf;chb24_06.edf;chb24_10.edf;chb24_20.edf
chb24,125s causal,0.5,82,111,14187,20,7,5,11,9,0.9402939942237911,4,4,18,4.0,5;5;5;4,11.0,3,2106,1038,chb24_04.edf;chb24_06.edf;chb24_10.edf;chb24_20.edf
chb24,125s non-causal,0.5,99,98,14200,3,13,6,10,3,0.9990798109704087,4,4,8,4.0,0;0;0;0,11.0,3,2106,1038,chb24_04.edf;chb24_06.edf;chb24_10.edf;chb24_20.edf
chb24,none,0.65,42,23,11773,29,0,0,12,12,0.9268037864351248,3,3,20,3.296388888888889,4;4;0,1.0,4,1416,1656,chb24_03.edf;chb24_12.edf;chb24_15.edf;chb24_22.edf
chb24,13s causal avg,0.55,49,7,11789,22,6,4,8,6,0.9411724671528663,3,3,0,3.296388888888889,9;9;4,,4,1416,1656,chb24_03.edf;chb24_12.edf;chb24_15.edf;chb24_22.edf
chb24,13s non-causal avg,0.55,54,2,11794,17,2,2,10,10,0.9984071946088194,3,3,0,3.296388888888889,3;3;0,,4,1416,1656,chb24_03.edf;chb24_12.edf;chb24_15.edf;chb24_22.edf
chb24,29s causal avg,0.5,41,52,11744,30,6,6,6,6,0.9071958028264534,3,3,1,3.296388888888889,11;12;7,,4,1416,1656,chb24_03.edf;chb24_12.edf;chb24_15.edf;chb24_22.edf
chb24,29s non-causal avg,0.5,71,22,11774,0,12,10,2,0,0.9999164195072094,3,3,1,3.296388888888889,0;0;0,,4,1416,1656,chb24_03.edf;chb24_12.edf;chb24_15.edf;chb24_22.edf
chb24,61s causal avg,0.5,5,39,11757,66,2,2,10,10,0.8546045687485372,3,1,0,3.296388888888889,24,,4,1416,1656,chb24_03.edf;chb24_12.edf;chb24_15.edf;chb24_22.edf
chb24,61s non-causal avg,0.5,29,15,11781,42,4,4,8,8,0.9970591606608111,3,1,0,3.296388888888889,0,,4,1416,1656,chb24_03.edf;chb24_12.edf;chb24_15.edf;chb24_22.edf
chb24,125s causal avg,0.4,58,6628,5168,13,10,10,2,2,0.718802984062394,3,3,15,3.296388888888889,0;13;0,,4,1416,1656,chb24_03.edf;chb24_12.edf;chb24_15.edf;chb24_22.edf
chb24,125s non-causal avg,0.45,45,590,11206,26,7,6,6,5,0.9466899736840848,3,2,10,3.296388888888889,0;1,,4,1416,1656,chb24_03.edf;chb24_12.edf;chb24_15.edf;chb24_22.edf
chb24,13s causal,0.3,52,96,11700,19,1,2,10,11,0.9602240434809604,3,3,43,3.296388888888889,4;5;0,0.0,4,1416,1656,chb24_03.edf;chb24_12.edf;chb24_15.edf;chb24_22.edf
chb24,13s non-causal,0.35,43,16,11780,28,0,0,12,12,0.9602932958892726,3,3,12,3.296388888888889,4;4;0,0.0,4,1416,1656,chb24_03.edf;chb24_12.edf;chb24_15.edf;chb24_22.edf
chb24,29s causal,0.3,55,58,11738,16,4,1,11,8,0.9608604492332087,3,3,27,3.296388888888889,4;5;0,0.0,4,1416,1656,chb24_03.edf;chb24_12.edf;chb24_15.edf;chb24_22.edf
chb24,29s non-causal,0.3,49,92,11704,22,2,2,10,10,0.9768434274688483,3,3,43,3.296388888888889,4;4;0,0.0,4,1416,1656,chb24_03.edf;chb24_12.edf;chb24_15.edf;chb24_22.edf
chb24,61s causal,0.35,43,5,11791,28,0,0,12,12,0.9531973120513518,3,3,4,3.296388888888889,6;6;4,0.0,4,1416,1656,chb24_03.edf;chb24_12.edf;chb24_15.edf;chb24_22.edf
chb24,61s non-causal,0.35,44,3,11793,27,0,0,12,12,0.9815663223150364,3,3,3,3.296388888888889,4;4;2,0.0,4,1416,1656,chb24_03.edf;chb24_12.edf;chb24_15.edf;chb24_22.edf
chb24,125s causal,0.35,44,6,11790,27,1,0,12,11,0.9630932423977572,3,3,5,3.296388888888889,6;5;3,0.0,4,1416,1656,chb24_03.edf;chb24_12.edf;chb24_15.edf;chb24_22.edf
chb24,125s non-causal,0.35,44,7,11789,27,0,0,12,12,0.9836337455045634,3,3,6,3.296388888888889,4;4;0,0.0,4,1416,1656,chb24_03.edf;chb24_12.edf;chb24_15.edf;chb24_22.edf
