patient,window_sec,segment_sec,n_segments,tcn_layers,fold,n_folds,test_recordings,n_train,n_test,best_epoch,TP,FP,TN,FN,auroc,shuf_TP,shuf_FP,shuf_TN,shuf_FN,shuf_f1,shuf_auroc,sensitivity,specificity,precision,f1,accuracy
chb01,3,1,3,0,0,5,chb01_03.edf,638,78,64,13,0,65,0,1.0,13,0,65,0,1.0,1.0,1.0,1.0,1.0,1.0,1.0
chb01,3,1,3,1,0,5,chb01_03.edf,638,78,31,9,0,65,4,0.9964497041420118,9,1,64,4,0.782608695652174,0.9952662721893492,0.6923076923076923,1.0,1.0,0.8181818181818182,0.9487179487179487
chb01,3,1,3,2,0,5,chb01_03.edf,638,78,20,13,1,64,0,0.9976331360946746,13,1,64,0,0.9629629629629629,0.9964497041420118,1.0,0.9846153846153847,0.9285714285714286,0.9629629629629629,0.9871794871794872
chb01,3,1,3,3,0,5,chb01_03.edf,638,78,16,10,1,64,3,0.9928994082840237,10,1,64,3,0.8333333333333334,0.9928994082840237,0.7692307692307693,0.9846153846153847,0.9090909090909091,0.8333333333333334,0.9487179487179487
chb01,3,1,3,0,1,5,chb01_21.edf,552,186,16,31,11,144,0,0.9972944849115504,31,11,144,0,0.8493150684931506,0.9972944849115504,1.0,0.9290322580645162,0.7380952380952381,0.8493150684931506,0.9408602150537635
chb01,3,1,3,1,1,5,chb01_21.edf,552,186,23,31,16,139,0,0.9943808532778355,31,16,139,0,0.7948717948717948,0.9947970863683663,1.0,0.896774193548387,0.6595744680851063,0.7948717948717948,0.9139784946236559
chb01,3,1,3,2,1,5,chb01_21.edf,552,186,9,31,16,139,0,0.9931321540062434,31,16,139,0,0.7948717948717948,0.9935483870967742,1.0,0.896774193548387,0.6595744680851063,0.7948717948717948,0.9139784946236559
chb01,3,1,3,3,1,5,chb01_21.edf,552,186,8,31,25,130,0,0.9904266389177939,31,23,132,0,0.7294117647058823,0.9906347554630592,1.0,0.8387096774193549,0.5535714285714286,0.7126436781609196,0.8655913978494624
chb01,3,1,3,0,2,5,chb01_26.edf,542,198,66,32,5,160,1,0.9987144168962351,32,5,160,1,0.9142857142857143,0.9987144168962351,0.9696969696969697,0.9696969696969697,0.8648648648648649,0.9142857142857143,0.9696969696969697
chb01,3,1,3,1,2,5,chb01_26.edf,542,198,38,32,4,161,1,0.997979797979798,32,4,161,1,0.927536231884058,0.9977961432506887,0.9696969696969697,0.9757575757575757,0.8888888888888888,0.927536231884058,0.9747474747474747
chb01,3,1,3,2,2,5,chb01_26.edf,542,198,31,32,2,163,1,0.9987144168962351,32,1,164,1,0.9696969696969697,0.9988980716253444,0.9696969696969697,0.9878787878787879,0.9411764705882353,0.9552238805970149,0.9848484848484849
chb01,3,1,3,3,2,5,chb01_26.edf,542,198,22,32,4,161,1,0.9985307621671258,31,3,162,2,0.9253731343283582,0.9983471074380166,0.9696969696969697,0.9757575757575757,0.8888888888888888,0.927536231884058,0.9747474747474747
chb01,3,1,3,0,3,5,chb01_15.edf;chb01_16.edf,556,180,32,29,1,149,1,0.9997777777777778,29,1,149,1,0.9666666666666667,0.9997777777777778,0.9666666666666667,0.9933333333333333,0.9666666666666667,0.9666666666666667,0.9888888888888889
chb01,3,1,3,1,3,5,chb01_15.edf;chb01_16.edf,556,180,23,26,0,150,4,0.996,25,1,149,5,0.8928571428571429,0.9953333333333333,0.8666666666666667,1.0,1.0,0.9285714285714286,0.9777777777777777
chb01,3,1,3,2,3,5,chb01_15.edf;chb01_16.edf,556,180,23,28,1,149,2,0.9977777777777778,28,1,149,2,0.9491525423728814,0.9973333333333333,0.9333333333333333,0.9933333333333333,0.9655172413793104,0.9491525423728814,0.9833333333333333
chb01,3,1,3,3,3,5,chb01_15.edf;chb01_16.edf,556,180,37,28,1,149,2,0.9975555555555555,28,1,149,2,0.9491525423728814,0.9968888888888888,0.9333333333333333,0.9933333333333333,0.9655172413793104,0.9491525423728814,0.9833333333333333
chb01,3,1,3,0,4,5,chb01_04.edf;chb01_18.edf,513,234,41,37,2,193,2,0.9994740302432611,37,2,193,2,0.9487179487179487,0.9994740302432611,0.9487179487179487,0.9897435897435898,0.9487179487179487,0.9487179487179487,0.9829059829059829
chb01,3,1,3,1,4,5,chb01_04.edf;chb01_18.edf,513,234,49,37,1,194,2,0.9982905982905983,37,2,193,2,0.9487179487179487,0.9981591058514135,0.9487179487179487,0.9948717948717949,0.9736842105263158,0.961038961038961,0.9871794871794872
chb01,3,1,3,2,4,5,chb01_04.edf;chb01_18.edf,513,234,33,37,4,191,2,0.997896120973044,37,4,191,2,0.925,0.9980276134122288,0.9487179487179487,0.9794871794871794,0.9024390243902439,0.925,0.9743589743589743
chb01,3,1,3,3,4,5,chb01_04.edf;chb01_18.edf,513,234,18,37,3,192,2,0.9981591058514135,37,2,193,2,0.9487179487179487,0.9982905982905983,0.9487179487179487,0.9846153846153847,0.925,0.9367088607594937,0.9786324786324786
chb02,3,1,3,0,0,3,chb02_16+.edf,144,162,48,20,0,135,7,0.9978052126200274,20,0,135,7,0.851063829787234,0.9978052126200274,0.7407407407407407,1.0,1.0,0.851063829787234,0.9567901234567902
chb02,3,1,3,1,0,3,chb02_16+.edf,144,162,45,18,0,135,9,0.9961591220850481,18,0,135,9,0.8,0.9967078189300412,0.6666666666666666,1.0,1.0,0.8,0.9444444444444444
chb02,3,1,3,2,0,3,chb02_16+.edf,144,162,42,16,0,135,11,0.9928669410150892,16,1,134,11,0.7272727272727273,0.9928669410150892,0.5925925925925926,1.0,1.0,0.7441860465116279,0.9320987654320988
chb02,3,1,3,3,0,3,chb02_16+.edf,144,162,51,17,0,135,10,0.9967078189300412,16,0,135,11,0.7441860465116279,0.9978052126200274,0.6296296296296297,1.0,1.0,0.7727272727272727,0.9382716049382716
chb02,3,1,3,0,1,3,chb02_16.edf,144,162,95,25,4,131,2,0.9912208504801097,25,4,131,2,0.8928571428571429,0.9912208504801097,0.9259259259259259,0.9703703703703703,0.8620689655172413,0.8928571428571429,0.9629629629629629
chb02,3,1,3,1,1,3,chb02_16.edf,144,162,31,25,33,102,2,0.9635116598079562,25,35,100,2,0.5747126436781609,0.9635116598079562,0.9259259259259259,0.7555555555555555,0.43103448275862066,0.5882352941176471,0.7839506172839507
chb02,3,1,3,2,1,3,chb02_16.edf,144,162,56,25,19,116,2,0.9665294924554183,25,19,116,2,0.704225352112676,0.9626886145404663,0.9259259259259259,0.8592592592592593,0.5681818181818182,0.704225352112676,0.8703703703703703
chb02,3,1,3,3,1,3,chb02_16.edf,144,162,38,25,29,106,2,0.9654320987654321,25,28,107,2,0.625,0.9646090534979423,0.9259259259259259,0.7851851851851852,0.46296296296296297,0.6172839506172839,0.808641975308642
chb02,3,1,3,0,2,3,chb02_19.edf,259,18,99,3,0,15,0,1.0,3,0,15,0,1.0,1.0,1.0,1.0,1.0,1.0,1.0
chb02,3,1,3,1,2,3,chb02_19.edf,259,18,99,3,0,15,0,1.0,3,0,15,0,1.0,1.0,1.0,1.0,1.0,1.0,1.0
chb02,3,1,3,2,2,3,chb02_19.edf,259,18,43,3,0,15,0,1.0,3,0,15,0,1.0,1.0,1.0,1.0,1.0,1.0,1.0
chb02,3,1,3,3,2,3,chb02_19.edf,259,18,95,2,0,15,1,1.0,2,0,15,1,0.8,1.0,0.6666666666666666,1.0,1.0,0.8,0.9444444444444444
chb03,3,1,3,0,0,5,chb03_02.edf,528,126,11,19,1,104,2,0.9972789115646259,19,1,104,2,0.926829268292683,0.9972789115646259,0.9047619047619048,0.9904761904761905,0.95,0.926829268292683,0.9761904761904762
chb03,3,1,3,1,0,5,chb03_02.edf,528,126,24,20,1,104,1,0.9972789115646259,20,1,104,1,0.9523809523809523,0.9950113378684808,0.9523809523809523,0.9904761904761905,0.9523809523809523,0.9523809523809523,0.9841269841269841
chb03,3,1,3,2,0,5,chb03_02.edf,528,126,14,20,1,104,1,0.9986394557823128,20,1,104,1,0.9523809523809523,0.9981859410430839,0.9523809523809523,0.9904761904761905,0.9523809523809523,0.9523809523809523,0.9841269841269841
chb03,3,1,3,3,0,5,chb03_02.edf,528,126,6,20,5,100,1,0.9873015873015872,20,6,99,1,0.851063829787234,0.9904761904761905,0.9523809523809523,0.9523809523809523,0.8,0.8695652173913043,0.9523809523809523
chb03,3,1,3,0,1,5,chb03_03.edf,518,138,17,23,1,114,0,1.0,23,1,114,0,0.9787234042553191,1.0,1.0,0.991304347826087,0.9583333333333334,0.9787234042553191,0.9927536231884058
chb03,3,1,3,1,1,5,chb03_03.edf,518,138,14,23,1,114,0,1.0,23,0,115,0,1.0,1.0,1.0,0.991304347826087,0.9583333333333334,0.9787234042553191,0.9927536231884058
chb03,3,1,3,2,1,5,chb03_03.edf,518,138,23,23,0,115,0,1.0,23,0,115,0,1.0,1.0,1.0,1.0,1.0,1.0,1.0
chb03,3,1,3,3,1,5,chb03_03.edf,518,138,17,23,1,114,0,1.0,23,1,114,0,0.9787234042553191,1.0,1.0,0.991304347826087,0.9583333333333334,0.9787234042553191,0.9927536231884058
chb03,3,1,3,0,2,5,chb03_35.edf,528,126,29,21,3,102,0,0.9931972789115646,21,3,102,0,0.9333333333333333,0.9931972789115646,1.0,0.9714285714285714,0.875,0.9333333333333333,0.9761904761904762
chb03,3,1,3,1,2,5,chb03_35.edf,528,126,46,20,2,103,1,0.9904761904761905,20,2,103,1,0.9302325581395349,0.9895691609977324,0.9523809523809523,0.9809523809523809,0.9090909090909091,0.9302325581395349,0.9761904761904762
chb03,3,1,3,2,2,5,chb03_35.edf,528,126,50,20,3,102,1,0.9950113378684807,20,3,102,1,0.9090909090909091,0.9941043083900226,0.9523809523809523,0.9714285714285714,0.8695652173913043,0.9090909090909091,0.9682539682539683
chb03,3,1,3,3,2,5,chb03_35.edf,528,126,61,20,3,102,1,0.9941043083900226,20,3,102,1,0.9090909090909091,0.9950113378684807,0.9523809523809523,0.9714285714285714,0.8695652173913043,0.9090909090909091,0.9682539682539683
chb03,3,1,3,0,3,5,chb03_01.edf;chb03_34.edf,475,192,29,31,9,151,1,0.994921875,31,9,151,1,0.8611111111111112,0.994921875,0.96875,0.94375,0.775,0.8611111111111112,0.9479166666666666
chb03,3,1,3,1,3,5,chb03_01.edf;chb03_34.edf,475,192,19,31,8,152,1,0.9921875,31,10,150,1,0.8493150684931506,0.9919921875,0.96875,0.95,0.7948717948717948,0.8732394366197183,0.953125
chb03,3,1,3,2,3,5,chb03_01.edf;chb03_34.edf,475,192,18,29,4,156,3,0.9935546875000001,30,5,155,2,0.8955223880597015,0.9935546875,0.90625,0.975,0.8787878787878788,0.8923076923076924,0.9635416666666666
chb03,3,1,3,3,3,5,chb03_01.edf;chb03_34.edf,475,192,24,31,8,152,1,0.994140625,31,6,154,1,0.8985507246376812,0.9935546875,0.96875,0.95,0.7948717948717948,0.8732394366197183,0.953125
chb03,3,1,3,0,4,5,chb03_04.edf;chb03_36.edf,465,204,61,32,0,170,2,0.9980968858131488,32,0,170,2,0.9696969696969697,0.9980968858131488,0.9411764705882353,1.0,1.0,0.9696969696969697,0.9901960784313726
chb03,3,1,3,1,4,5,chb03_04.edf;chb03_36.edf,465,204,18,33,2,168,1,0.9975778546712802,33,2,168,1,0.9565217391304348,0.9979238754325259,0.9705882352941176,0.9882352941176471,0.9428571428571428,0.9565217391304348,0.9852941176470589
chb03,3,1,3,2,4,5,chb03_04.edf;chb03_36.edf,465,204,19,33,2,168,1,0.9863321799307958,33,2,168,1,0.9565217391304348,0.9901384083044982,0.9705882352941176,0.9882352941176471,0.9428571428571428,0.9565217391304348,0.9852941176470589
chb03,3,1,3,3,4,5,chb03_04.edf;chb03_36.edf,465,204,16,32,1,169,2,0.9980968858131488,31,1,169,3,0.9393939393939394,0.9986159169550173,0.9411764705882353,0.9941176470588236,0.9696969696969697,0.9552238805970149,0.9852941176470589
chb04,3,1,3,0,0,3,chb04_05.edf,523,96,16,16,57,23,0,0.296875,16,57,23,0,0.3595505617977528,0.296875,1.0,0.2875,0.2191780821917808,0.3595505617977528,0.40625
chb04,3,1,3,1,0,3,chb04_05.edf,523,96,22,16,56,24,0,0.30000000000000004,16,56,24,0,0.36363636363636365,0.30000000000000004,1.0,0.3,0.2222222222222222,0.36363636363636365,0.4166666666666667
chb04,3,1,3,2,0,3,chb04_05.edf,523,96,22,16,56,24,0,0.30000000000000004,16,56,24,0,0.36363636363636365,0.30000000000000004,1.0,0.3,0.2222222222222222,0.36363636363636365,0.4166666666666667
chb04,3,1,3,3,0,3,chb04_05.edf,523,96,22,16,57,23,0,0.29921875000000003,16,57,23,0,0.3595505617977528,0.30000000000000004,1.0,0.2875,0.2191780821917808,0.3595505617977528,0.40625
chb04,3,1,3,0,1,3,chb04_08.edf,422,222,9,33,20,165,4,0.9564645726807889,33,20,165,4,0.7333333333333333,0.9564645726807889,0.8918918918918919,0.8918918918918919,0.6226415094339622,0.7333333333333333,0.8918918918918919
chb04,3,1,3,1,1,3,chb04_08.edf,422,222,8,33,18,167,4,0.954127100073046,34,18,167,3,0.7640449438202247,0.9551497443389336,0.8918918918918919,0.9027027027027027,0.6470588235294118,0.75,0.9009009009009009
chb04,3,1,3,2,1,3,chb04_08.edf,422,222,10,21,15,170,16,0.8953981008035062,20,13,172,17,0.5714285714285714,0.893498904309715,0.5675675675675675,0.918918918918919,0.5833333333333334,0.5753424657534246,0.8603603603603603
chb04,3,1,3,3,1,3,chb04_08.edf,422,222,10,33,16,169,4,0.9554419284149014,33,16,169,4,0.7674418604651163,0.9555880204528853,0.8918918918918919,0.9135135135135135,0.673469387755102,0.7674418604651163,0.9099099099099099
chb04,3,1,3,0,2,3,chb04_28.edf,254,432,42,17,39,321,55,0.547608024691358,17,39,321,55,0.265625,0.547608024691358,0.2361111111111111,0.8916666666666667,0.30357142857142855,0.265625,0.7824074074074074
chb04,3,1,3,1,2,3,chb04_28.edf,254,432,32,12,85,275,60,0.36940586419753085,11,80,280,61,0.13496932515337423,0.3645833333333333,0.16666666666666666,0.7638888888888888,0.12371134020618557,0.14201183431952663,0.6643518518518519
chb04,3,1,3,2,2,3,chb04_28.edf,254,432,39,12,70,290,60,0.3640432098765432,12,68,292,60,0.15789473684210525,0.35833333333333334,0.16666666666666666,0.8055555555555556,0.14634146341463414,0.15584415584415584,0.6990740740740741
chb04,3,1,3,3,2,3,chb04_28.edf,254,432,45,12,35,325,60,0.4047067901234568,12,35,325,60,0.20168067226890757,0.4025462962962963,0.16666666666666666,0.9027777777777778,0.2553191489361702,0.20168067226890757,0.7800925925925926
chb05,3,1,3,0,0,5,chb05_06.edf,705,228,39,35,0,190,3,0.9997229916897507,35,0,190,3,0.958904109589041,0.9997229916897507,0.9210526315789473,1.0,1.0,0.958904109589041,0.9868421052631579
chb05,3,1,3,1,0,5,chb05_06.edf,705,228,27,34,2,188,4,0.9970914127423823,34,2,188,4,0.918918918918919,0.9961218836565097,0.8947368421052632,0.9894736842105263,0.9444444444444444,0.918918918918919,0.9736842105263158
chb05,3,1,3,2,0,5,chb05_06.edf,705,228,20,35,1,189,3,0.9979224376731302,35,1,189,3,0.9459459459459459,0.9981994459833795,0.9210526315789473,0.9947368421052631,0.9722222222222222,0.9459459459459459,0.9824561403508771
chb05,3,1,3,3,0,5,chb05_06.edf,705,228,18,37,1,189,1,0.9988919667590027,37,1,189,1,0.9736842105263158,0.9990304709141274,0.9736842105263158,0.9947368421052631,0.9736842105263158,0.9736842105263158,0.9912280701754386
chb05,3,1,3,0,1,5,chb05_13.edf,715,216,23,36,0,180,0,1.0,36,0,180,0,1.0,1.0,1.0,1.0,1.0,1.0,1.0
chb05,3,1,3,1,1,5,chb05_13.edf,715,216,10,35,5,175,1,0.9924382716049384,35,5,175,1,0.9210526315789473,0.9918209876543209,0.9722222222222222,0.9722222222222222,0.875,0.9210526315789473,0.9722222222222222
chb05,3,1,3,2,1,5,chb05_13.edf,715,216,24,35,3,177,1,0.9939814814814815,35,3,177,1,0.9459459459459459,0.9941358024691358,0.9722222222222222,0.9833333333333333,0.9210526315789473,0.9459459459459459,0.9814814814814815
chb05,3,1,3,3,1,5,chb05_13.edf,715,216,12,35,5,175,1,0.9890432098765433,35,4,176,1,0.9333333333333333,0.9884259259259258,0.9722222222222222,0.9722222222222222,0.875,0.9210526315789473,0.9722222222222222
chb05,3,1,3,0,2,5,chb05_16.edf,734,192,28,27,0,160,5,0.99921875,27,0,160,5,0.9152542372881356,0.99921875,0.84375,1.0,1.0,0.9152542372881356,0.9739583333333334
chb05,3,1,3,1,2,5,chb05_16.edf,734,192,24,28,1,159,4,0.9984375,27,1,159,5,0.9,0.9984375,0.875,0.99375,0.9655172413793104,0.9180327868852459,0.9739583333333334
chb05,3,1,3,2,2,5,chb05_16.edf,734,192,38,28,0,160,4,0.9955078125000001,26,0,160,6,0.896551724137931,0.9966796875,0.875,1.0,1.0,0.9333333333333333,0.9791666666666666
chb05,3,1,3,3,2,5,chb05_16.edf,734,192,27,28,1,159,4,0.995703125,28,1,159,4,0.9180327868852459,0.995703125,0.875,0.99375,0.9655172413793104,0.9180327868852459,0.9739583333333334
chb05,3,1,3,0,3,5,chb05_17.edf,696,240,30,38,1,199,2,0.999,38,1,199,2,0.9620253164556962,0.999,0.95,0.995,0.9743589743589743,0.9620253164556962,0.9875
chb05,3,1,3,1,3,5,chb05_17.edf,696,240,11,35,6,194,5,0.9872500000000001,35,7,193,5,0.8536585365853658,0.987375,0.875,0.97,0.8536585365853658,0.8641975308641975,0.9541666666666667
chb05,3,1,3,2,3,5,chb05_17.edf,696,240,15,34,4,196,6,0.9903749999999999,34,4,196,6,0.8717948717948718,0.9910000000000001,0.85,0.98,0.8947368421052632,0.8717948717948718,0.9583333333333334
chb05,3,1,3,3,3,5,chb05_17.edf,696,240,13,36,8,192,4,0.979875,36,6,194,4,0.8780487804878049,0.9804999999999999,0.9,0.96,0.8181818181818182,0.8571428571428571,0.95
chb05,3,1,3,0,4,5,chb05_22.edf,700,234,23,37,11,184,2,0.9877712031558186,37,11,184,2,0.8505747126436781,0.9877712031558186,0.9487179487179487,0.9435897435897436,0.7708333333333334,0.8505747126436781,0.9444444444444444
chb05,3,1,3,1,4,5,chb05_22.edf,700,234,17,39,24,171,0,0.9852728468113083,38,23,172,1,0.76,0.9855358316896778,1.0,0.8769230769230769,0.6190476190476191,0.7647058823529411,0.8974358974358975
chb05,3,1,3,2,4,5,chb05_22.edf,700,234,19,38,11,184,1,0.9930309007232084,39,9,186,0,0.896551724137931,0.9936883629191321,0.9743589743589743,0.9435897435897436,0.7755102040816326,0.8636363636363636,0.9487179487179487
chb05,3,1,3,3,4,5,chb05_22.edf,700,234,16,39,7,188,0,0.9965811965811966,39,7,188,0,0.9176470588235294,0.997370151216305,1.0,0.9641025641025641,0.8478260869565217,0.9176470588235294,0.9700854700854701
chb06,3,1,3,0,0,5,chb06_13.edf,211,24,32,4,0,20,0,1.0,4,0,20,0,1.0,1.0,1.0,1.0,1.0,1.0,1.0
chb06,3,1,3,1,0,5,chb06_13.edf,211,24,23,4,1,19,0,0.9874999999999999,3,1,19,1,0.75,0.9874999999999999,1.0,0.95,0.8,0.8888888888888888,0.9583333333333334
chb06,3,1,3,2,0,5,chb06_13.edf,211,24,18,4,1,19,0,0.9874999999999999,4,1,19,0,0.8888888888888888,0.9874999999999999,1.0,0.95,0.8,0.8888888888888888,0.9583333333333334
chb06,3,1,3,3,0,5,chb06_13.edf,211,24,25,4,2,18,0,0.9874999999999999,4,2,18,0,0.8,0.9874999999999999,1.0,0.9,0.6666666666666666,0.8,0.9166666666666666
chb06,3,1,3,0,1,5,chb06_09.edf,206,30,64,4,1,24,1,0.9760000000000001,4,1,24,1,0.8,0.9760000000000001,0.8,0.96,0.8,0.8,0.9333333333333333
chb06,3,1,3,1,1,5,chb06_09.edf,206,30,72,4,0,25,1,0.9600000000000001,4,1,24,1,0.8,0.9600000000000001,0.8,1.0,1.0,0.8888888888888888,0.9666666666666667
chb06,3,1,3,2,1,5,chb06_09.edf,206,30,45,4,1,24,1,0.9600000000000001,4,1,24,1,0.8,0.944,0.8,0.96,0.8,0.8,0.9333333333333333
chb06,3,1,3,3,1,5,chb06_09.edf,206,30,74,4,1,24,1,0.9600000000000001,4,1,24,1,0.8,0.9600000000000001,0.8,0.96,0.8,0.8,0.9333333333333333
chb06,3,1,3,0,2,5,chb06_01.edf;chb06_24.edf,139,114,53,19,6,89,0,0.9944598337950139,19,6,89,0,0.8636363636363636,0.9944598337950139,1.0,0.9368421052631579,0.76,0.8636363636363636,0.9473684210526315
chb06,3,1,3,1,2,5,chb06_01.edf;chb06_24.edf,139,114,30,19,9,86,0,0.9889196675900277,19,11,84,0,0.7755102040816326,0.9878116343490304,1.0,0.9052631578947369,0.6785714285714286,0.8085106382978723,0.9210526315789473
chb06,3,1,3,2,2,5,chb06_01.edf;chb06_24.edf,139,114,31,19,9,86,0,0.9878116343490304,18,7,88,1,0.8181818181818182,0.9883656509695291,1.0,0.9052631578947369,0.6785714285714286,0.8085106382978723,0.9210526315789473
chb06,3,1,3,3,2,5,chb06_01.edf;chb06_24.edf,139,114,27,19,5,90,0,0.9922437673130193,19,7,88,0,0.8444444444444444,0.9933518005540166,1.0,0.9473684210526315,0.7916666666666666,0.8837209302325582,0.956140350877193
chb06,3,1,3,0,3,5,chb06_04.edf,172,72,63,9,36,24,3,0.6,9,36,24,3,0.3157894736842105,0.6,0.75,0.4,0.2,0.3157894736842105,0.4583333333333333
chb06,3,1,3,1,3,5,chb06_04.edf,172,72,45,8,37,23,4,0.5666666666666667,8,36,24,4,0.2857142857142857,0.5444444444444445,0.6666666666666666,0.38333333333333336,0.17777777777777778,0.2807017543859649,0.4305555555555556
chb06,3,1,3,2,3,5,chb06_04.edf,172,72,76,8,25,35,4,0.775,8,26,34,4,0.34782608695652173,0.7611111111111111,0.6666666666666666,0.5833333333333334,0.24242424242424243,0.35555555555555557,0.5972222222222222
chb06,3,1,3,3,3,5,chb06_04.edf,172,72,77,8,35,25,4,0.5833333333333333,8,36,24,4,0.2857142857142857,0.5958333333333333,0.6666666666666666,0.4166666666666667,0.18604651162790697,0.2909090909090909,0.4583333333333333
chb06,3,1,3,0,4,5,chb06_10.edf;chb06_18.edf,192,48,32,7,3,37,1,0.971875,7,3,37,1,0.7777777777777778,0.971875,0.875,0.925,0.7,0.7777777777777778,0.9166666666666666
chb06,3,1,3,1,4,5,chb06_10.edf;chb06_18.edf,192,48,44,7,3,37,1,0.98125,7,1,39,1,0.875,0.9750000000000001,0.875,0.925,0.7,0.7777777777777778,0.9166666666666666
chb06,3,1,3,2,4,5,chb06_10.edf;chb06_18.edf,192,48,37,7,5,35,1,0.984375,7,4,36,1,0.7368421052631579,0.9750000000000001,0.875,0.875,0.5833333333333334,0.7,0.875
chb06,3,1,3,3,4,5,chb06_10.edf;chb06_18.edf,192,48,39,7,4,36,1,0.9781249999999999,7,4,36,1,0.7368421052631579,0.9781249999999999,0.875,0.9,0.6363636363636364,0.7368421052631579,0.8958333333333334
chb07,3,1,3,0,0,3,chb07_12.edf,379,168,77,28,4,136,0,0.9987244897959183,28,4,136,0,0.9333333333333333,0.9987244897959183,1.0,0.9714285714285714,0.875,0.9333333333333333,0.9761904761904762
chb07,3,1,3,1,0,3,chb07_12.edf,379,168,35,28,4,136,0,0.9974489795918368,28,5,135,0,0.9180327868852459,0.9977040816326531,1.0,0.9714285714285714,0.875,0.9333333333333333,0.9761904761904762
chb07,3,1,3,2,0,3,chb07_12.edf,379,168,19,28,5,135,0,0.9979591836734695,28,5,135,0,0.9180327868852459,0.9974489795918368,1.0,0.9642857142857143,0.8484848484848485,0.9180327868852459,0.9702380952380952
chb07,3,1,3,3,0,3,chb07_12.edf,379,168,42,28,3,137,0,0.9954081632653061,28,2,138,0,0.9655172413793104,0.9948979591836735,1.0,0.9785714285714285,0.9032258064516129,0.9491525423728814,0.9821428571428571
chb07,3,1,3,0,1,3,chb07_13.edf,360,192,13,29,7,153,3,0.9886718750000001,29,7,153,3,0.8529411764705882,0.9886718750000001,0.90625,0.95625,0.8055555555555556,0.8529411764705882,0.9479166666666666
chb07,3,1,3,1,1,3,chb07_13.edf,360,192,11,25,6,154,7,0.9833984375,25,6,154,7,0.7936507936507936,0.9833984375,0.78125,0.9625,0.8064516129032258,0.7936507936507936,0.9322916666666666
chb07,3,1,3,2,1,3,chb07_13.edf,360,192,10,28,8,152,4,0.984765625,28,8,152,4,0.8235294117647058,0.9849609375,0.875,0.95,0.7777777777777778,0.8235294117647058,0.9375
chb07,3,1,3,3,1,3,chb07_13.edf,360,192,8,24,7,153,8,0.9792968750000001,24,6,154,8,0.7741935483870968,0.980078125,0.75,0.95625,0.7741935483870968,0.7619047619047619,0.921875
chb07,3,1,3,0,2,3,chb07_19.edf,288,282,49,25,0,235,22,0.96831145314622,25,0,235,22,0.6944444444444444,0.96831145314622,0.5319148936170213,1.0,1.0,0.6944444444444444,0.9219858156028369
chb07,3,1,3,1,2,3,chb07_19.edf,288,282,36,20,4,231,27,0.9213218650973292,19,3,232,28,0.5507246376811594,0.9251244907197826,0.425531914893617,0.9829787234042553,0.8333333333333334,0.5633802816901409,0.8900709219858156
chb07,3,1,3,2,2,3,chb07_19.edf,288,282,19,29,6,229,18,0.9428700769578995,30,6,229,17,0.7228915662650602,0.9435038478949751,0.6170212765957447,0.9744680851063829,0.8285714285714286,0.7073170731707317,0.9148936170212766
chb07,3,1,3,3,2,3,chb07_19.edf,288,282,29,21,6,229,26,0.9407876867360796,22,6,229,25,0.5866666666666667,0.9432322317790856,0.44680851063829785,0.9744680851063829,0.7777777777777778,0.5675675675675675,0.8865248226950354
chb08,3,1,3,0,0,5,chb08_02.edf,1190,342,23,53,8,277,4,0.9900892582333025,53,8,277,4,0.8983050847457628,0.9900892582333025,0.9298245614035088,0.9719298245614035,0.8688524590163934,0.8983050847457628,0.9649122807017544
chb08,3,1,3,1,0,5,chb08_02.edf,1190,342,39,55,28,257,2,0.976915974145891,55,26,259,2,0.7971014492753623,0.980855647891659,0.9649122807017544,0.9017543859649123,0.6626506024096386,0.7857142857142857,0.9122807017543859
chb08,3,1,3,2,0,5,chb08_02.edf,1190,342,17,54,21,264,3,0.9770390889504463,54,17,268,3,0.84375,0.9766697445367805,0.9473684210526315,0.9263157894736842,0.72,0.8181818181818182,0.9298245614035088
chb08,3,1,3,3,0,5,chb08_02.edf,1190,342,15,53,19,266,4,0.9793167128347183,53,17,268,4,0.8346456692913385,0.9799938442597722,0.9298245614035088,0.9333333333333333,0.7361111111111112,0.8217054263565892,0.9327485380116959
chb08,3,1,3,0,1,5,chb08_05.edf,1161,378,39,54,38,277,9,0.9532375913328294,54,38,277,9,0.6967741935483871,0.9532375913328294,0.8571428571428571,0.8793650793650793,0.5869565217391305,0.6967741935483871,0.8756613756613757
chb08,3,1,3,1,1,5,chb08_05.edf,1161,378,32,53,55,260,10,0.9291005291005291,54,51,264,9,0.6428571428571429,0.9324263038548752,0.8412698412698413,0.8253968253968254,0.49074074074074076,0.6198830409356725,0.828042328042328
chb08,3,1,3,2,1,5,chb08_05.edf,1161,378,24,47,37,278,16,0.9181153943058704,46,36,279,17,0.6344827586206897,0.9237087427563617,0.746031746031746,0.8825396825396825,0.5595238095238095,0.6394557823129252,0.8597883597883598
chb08,3,1,3,3,1,5,chb08_05.edf,1161,378,17,49,34,281,14,0.927689594356261,49,34,281,14,0.6712328767123288,0.9292517006802721,0.7777777777777778,0.8920634920634921,0.5903614457831325,0.6712328767123288,0.873015873015873
chb08,3,1,3,0,2,5,chb08_11.edf,1252,264,39,41,4,216,3,0.9892561983471074,41,4,216,3,0.9213483146067416,0.9892561983471074,0.9318181818181818,0.9818181818181818,0.9111111111111111,0.9213483146067416,0.9734848484848485
chb08,3,1,3,1,2,5,chb08_11.edf,1252,264,36,41,8,212,3,0.9927685950413223,41,6,214,3,0.9010989010989011,0.993801652892562,0.9318181818181818,0.9636363636363636,0.8367346938775511,0.8817204301075269,0.9583333333333334
chb08,3,1,3,2,2,5,chb08_11.edf,1252,264,15,41,10,210,3,0.9865702479338843,41,7,213,3,0.8913043478260869,0.9872933884297521,0.9318181818181818,0.9545454545454546,0.803921568627451,0.8631578947368421,0.9507575757575758
chb08,3,1,3,3,2,5,chb08_11.edf,1252,264,22,41,12,208,3,0.9905991735537191,41,12,208,3,0.845360824742268,0.9925619834710744,0.9318181818181818,0.9454545454545454,0.7735849056603774,0.845360824742268,0.9431818181818182
chb08,3,1,3,0,3,5,chb08_13.edf,1209,318,39,51,6,259,2,0.9956568173727305,51,6,259,2,0.9272727272727272,0.9956568173727305,0.9622641509433962,0.9773584905660377,0.8947368421052632,0.9272727272727272,0.9748427672955975
chb08,3,1,3,1,3,5,chb08_13.edf,1209,318,29,51,15,250,2,0.9920256318974725,51,18,247,2,0.8360655737704918,0.9933784264862942,0.9622641509433962,0.9433962264150944,0.7727272727272727,0.8571428571428571,0.9465408805031447
chb08,3,1,3,2,3,5,chb08_13.edf,1209,318,19,51,16,249,2,0.9880384478462086,50,13,252,3,0.8620689655172413,0.9901032395870417,0.9622641509433962,0.939622641509434,0.7611940298507462,0.85,0.9433962264150944
chb08,3,1,3,3,3,5,chb08_13.edf,1209,318,12,51,15,250,2,0.9903880384478463,51,15,250,2,0.8571428571428571,0.9908152367390531,0.9622641509433962,0.9433962264150944,0.7727272727272727,0.8571428571428571,0.9465408805031447
chb08,3,1,3,0,4,5,chb08_21.edf,1041,528,26,69,23,417,19,0.9688274793388431,69,23,417,19,0.7666666666666667,0.9688274793388431,0.7840909090909091,0.9477272727272728,0.75,0.7666666666666667,0.9204545454545454
chb08,3,1,3,1,4,5,chb08_21.edf,1041,528,13,70,24,416,18,0.9644886363636364,72,25,415,16,0.7783783783783784,0.9643336776859504,0.7954545454545454,0.9454545454545454,0.7446808510638298,0.7692307692307693,0.9204545454545454
chb08,3,1,3,2,4,5,chb08_21.edf,1041,528,12,76,30,410,12,0.9640237603305786,76,28,412,12,0.7916666666666666,0.9641270661157024,0.8636363636363636,0.9318181818181818,0.7169811320754716,0.7835051546391752,0.9204545454545454
chb08,3,1,3,3,4,5,chb08_21.edf,1041,528,18,69,22,418,19,0.9662190082644628,71,21,419,17,0.7888888888888889,0.9665805785123966,0.7840909090909091,0.95,0.7582417582417582,0.770949720670391,0.9223484848484849
chb09,3,1,3,0,0,3,chb09_06.edf,331,126,37,18,4,101,3,0.9850340136054422,18,4,101,3,0.8372093023255814,0.9850340136054422,0.8571428571428571,0.9619047619047619,0.8181818181818182,0.8372093023255814,0.9444444444444444
chb09,3,1,3,1,0,3,chb09_06.edf,331,126,27,21,6,99,0,0.9904761904761905,21,7,98,0,0.8571428571428571,0.9863945578231292,1.0,0.9428571428571428,0.7777777777777778,0.875,0.9523809523809523
chb09,3,1,3,2,0,3,chb09_06.edf,331,126,58,19,9,96,2,0.9746031746031746,19,9,96,2,0.7755102040816326,0.9732426303854875,0.9047619047619048,0.9142857142857143,0.6785714285714286,0.7755102040816326,0.9126984126984127
chb09,3,1,3,3,0,3,chb09_06.edf,331,126,21,20,12,93,1,0.9718820861678004,20,14,91,1,0.7272727272727273,0.9718820861678005,0.9523809523809523,0.8857142857142857,0.625,0.7547169811320755,0.8968253968253969
chb09,3,1,3,0,1,3,chb09_08.edf,196,294,60,46,8,237,3,0.9936693044564765,46,8,237,3,0.8932038834951457,0.9936693044564765,0.9387755102040817,0.9673469387755103,0.8518518518518519,0.8932038834951457,0.9625850340136054
chb09,3,1,3,1,1,3,chb09_08.edf,196,294,35,41,5,240,8,0.9855893377759266,42,6,239,7,0.865979381443299,0.9865056226572262,0.8367346938775511,0.9795918367346939,0.8913043478260869,0.8631578947368421,0.95578231292517
chb09,3,1,3,2,1,3,chb09_08.edf,196,294,48,46,13,232,3,0.9884214910453977,44,13,232,5,0.8301886792452831,0.9883381924198251,0.9387755102040817,0.9469387755102041,0.7796610169491526,0.8518518518518519,0.9455782312925171
chb09,3,1,3,3,1,3,chb09_08.edf,196,294,27,43,13,232,6,0.9801749271137026,43,13,232,6,0.819047619047619,0.9789254477301124,0.8775510204081632,0.9469387755102041,0.7678571428571429,0.819047619047619,0.935374149659864
chb09,3,1,3,0,2,3,chb09_19.edf,336,120,20,18,7,93,2,0.935,18,7,93,2,0.8,0.935,0.9,0.93,0.72,0.8,0.925
chb09,3,1,3,1,2,3,chb09_19.edf,336,120,31,18,1,99,2,0.9335,18,2,98,2,0.9,0.9269999999999999,0.9,0.99,0.9473684210526315,0.9230769230769231,0.975
chb09,3,1,3,2,2,3,chb09_19.edf,336,120,21,16,0,100,4,0.9349999999999999,16,0,100,4,0.8888888888888888,0.9275,0.8,1.0,1.0,0.8888888888888888,0.9666666666666667
chb09,3,1,3,3,2,3,chb09_19.edf,336,120,23,18,4,96,2,0.9339999999999999,18,4,96,2,0.8571428571428571,0.9309999999999999,0.9,0.96,0.8181818181818182,0.8571428571428571,0.95
chb10,3,1,3,0,0,5,chb10_38.edf,561,174,71,28,0,145,1,1.0,28,0,145,1,0.9824561403508771,1.0,0.9655172413793104,1.0,1.0,0.9824561403508771,0.9942528735632183
chb10,3,1,3,1,0,5,chb10_38.edf,561,174,59,25,1,144,4,0.9976218787158144,26,0,145,3,0.9454545454545454,0.9980975029726515,0.8620689655172413,0.993103448275862,0.9615384615384616,0.9090909090909091,0.9712643678160919
chb10,3,1,3,2,0,5,chb10_38.edf,561,174,73,24,0,145,5,0.9895362663495838,24,0,145,5,0.9056603773584906,0.9940546967895363,0.8275862068965517,1.0,1.0,0.9056603773584906,0.9712643678160919
chb10,3,1,3,3,0,5,chb10_38.edf,561,174,72,24,0,145,5,0.990487514863258,25,0,145,4,0.9259259259259259,0.9933412604042806,0.8275862068965517,1.0,1.0,0.9056603773584906,0.9712643678160919
chb10,3,1,3,0,1,5,chb10_89.edf,614,108,40,15,0,90,3,0.9376543209876542,15,0,90,3,0.9090909090909091,0.9376543209876542,0.8333333333333334,1.0,1.0,0.9090909090909091,0.9722222222222222
chb10,3,1,3,1,1,5,chb10_89.edf,614,108,13,13,1,89,5,0.9185185185185185,14,2,88,4,0.8235294117647058,0.9129629629629629,0.7222222222222222,0.9888888888888889,0.9285714285714286,0.8125,0.9444444444444444
chb10,3,1,3,2,1,5,chb10_89.edf,614,108,6,15,3,87,3,0.9061728395061728,15,3,87,3,0.8333333333333334,0.8987654320987655,0.8333333333333334,0.9666666666666667,0.8333333333333334,0.8333333333333334,0.9444444444444444
chb10,3,1,3,3,1,5,chb10_89.edf,614,108,7,11,0,90,7,0.9234567901234567,12,0,90,6,0.8,0.9129629629629629,0.6111111111111112,1.0,1.0,0.7586206896551724,0.9351851851851852
chb10,3,1,3,0,2,5,chb10_20.edf;chb10_31.edf,470,288,71,47,47,193,1,0.9842881944444445,47,47,193,1,0.6619718309859155,0.9842881944444445,0.9791666666666666,0.8041666666666667,0.5,0.6619718309859155,0.8333333333333334
chb10,3,1,3,1,2,5,chb10_20.edf;chb10_31.edf,470,288,18,47,66,174,1,0.9706597222222222,47,66,174,1,0.5838509316770186,0.9717013888888889,0.9791666666666666,0.725,0.415929203539823,0.5838509316770186,0.7673611111111112
chb10,3,1,3,2,2,5,chb10_20.edf;chb10_31.edf,470,288,8,47,54,186,1,0.9708333333333332,47,51,189,1,0.6438356164383562,0.9703124999999999,0.9791666666666666,0.775,0.46534653465346537,0.6308724832214765,0.8090277777777778
chb10,3,1,3,3,2,5,chb10_20.edf;chb10_31.edf,470,288,13,47,66,174,1,0.9774305555555556,47,68,172,1,0.5766871165644172,0.975,0.9791666666666666,0.725,0.415929203539823,0.5838509316770186,0.7673611111111112
chb10,3,1,3,0,3,5,chb10_12.edf;chb10_30.edf,556,180,46,29,0,150,1,0.9997777777777778,29,0,150,1,0.9830508474576272,0.9997777777777778,0.9666666666666667,1.0,1.0,0.9830508474576272,0.9944444444444445
chb10,3,1,3,1,3,5,chb10_12.edf;chb10_30.edf,556,180,16,27,0,150,3,0.9986666666666667,26,0,150,4,0.9285714285714286,0.9991111111111112,0.9,1.0,1.0,0.9473684210526315,0.9833333333333333
chb10,3,1,3,2,3,5,chb10_12.edf;chb10_30.edf,556,180,18,28,1,149,2,0.9953333333333333,28,0,150,2,0.9655172413793104,0.9962222222222222,0.9333333333333333,0.9933333333333333,0.9655172413793104,0.9491525423728814,0.9833333333333333
chb10,3,1,3,3,3,5,chb10_12.edf;chb10_30.edf,556,180,15,29,0,150,1,0.9964444444444445,29,0,150,1,0.9830508474576272,0.9982222222222222,0.9666666666666667,1.0,1.0,0.9830508474576272,0.9944444444444445
chb10,3,1,3,0,4,5,chb10_27.edf,600,126,29,20,0,105,1,1.0,20,0,105,1,0.975609756097561,1.0,0.9523809523809523,1.0,1.0,0.975609756097561,0.9920634920634921
chb10,3,1,3,1,4,5,chb10_27.edf,600,126,16,20,0,105,1,0.9959183673469387,20,0,105,1,0.975609756097561,0.998639455782313,0.9523809523809523,1.0,1.0,0.975609756097561,0.9920634920634921
chb10,3,1,3,2,4,5,chb10_27.edf,600,126,10,20,0,105,1,0.9977324263038548,20,0,105,1,0.975609756097561,0.9990929705215419,0.9523809523809523,1.0,1.0,0.975609756097561,0.9920634920634921
chb10,3,1,3,3,4,5,chb10_27.edf,600,126,13,20,0,105,1,0.9977324263038548,20,0,105,1,0.975609756097561,0.998639455782313,0.9523809523809523,1.0,1.0,0.975609756097561,0.9920634920634921
chb11,3,1,3,0,0,3,chb11_82.edf,808,42,39,7,0,35,0,1.0,7,0,35,0,1.0,1.0,1.0,1.0,1.0,1.0,1.0
chb11,3,1,3,1,0,3,chb11_82.edf,808,42,23,7,0,35,0,1.0,7,0,35,0,1.0,1.0,1.0,1.0,1.0,1.0,1.0
chb11,3,1,3,2,0,3,chb11_82.edf,808,42,26,6,0,35,1,1.0,6,0,35,1,0.9230769230769231,1.0,0.8571428571428571,1.0,1.0,0.9230769230769231,0.9761904761904762
chb11,3,1,3,3,0,3,chb11_82.edf,808,42,34,7,0,35,0,1.0,7,0,35,0,1.0,1.0,1.0,1.0,1.0,1.0,1.0
chb11,3,1,3,0,1,3,chb11_92.edf,794,60,18,10,0,50,0,1.0,10,0,50,0,1.0,1.0,1.0,1.0,1.0,1.0,1.0
chb11,3,1,3,1,1,3,chb11_92.edf,794,60,13,9,0,50,1,1.0,7,0,50,3,0.8235294117647058,1.0,0.9,1.0,1.0,0.9473684210526315,0.9833333333333333
chb11,3,1,3,2,1,3,chb11_92.edf,794,60,19,10,0,50,0,1.0,10,0,50,0,1.0,1.0,1.0,1.0,1.0,1.0,1.0
chb11,3,1,3,3,1,3,chb11_92.edf,794,60,13,10,0,50,0,1.0,10,0,50,0,1.0,1.0,1.0,1.0,1.0,1.0,1.0
chb11,3,1,3,0,2,3,chb11_99.edf,81,951,96,206,97,604,44,0.9312639087018544,206,97,604,44,0.7450271247739603,0.9312639087018544,0.824,0.8616262482168331,0.6798679867986799,0.7450271247739603,0.8517350157728707
chb11,3,1,3,1,2,3,chb11_99.edf,81,951,99,180,54,647,70,0.9173865905848787,180,51,650,70,0.7484407484407485,0.9165078459343794,0.72,0.9229671897289586,0.7692307692307693,0.743801652892562,0.8696109358569927
chb11,3,1,3,2,2,3,chb11_99.edf,81,951,48,172,70,631,78,0.9075378031383737,172,69,632,78,0.7006109979633401,0.9090784593437946,0.688,0.9001426533523538,0.7107438016528925,0.6991869918699187,0.8443743427970557
chb11,3,1,3,3,2,3,chb11_99.edf,81,951,63,207,119,582,43,0.9148758915834523,208,120,581,42,0.7197231833910035,0.9157089871611983,0.828,0.8302425106990015,0.6349693251533742,0.71875,0.8296529968454258
chb12,3,1,3,0,0,5,chb12_42.edf,1286,300,28,46,12,238,4,0.98472,46,12,238,4,0.8518518518518519,0.98472,0.92,0.952,0.7931034482758621,0.8518518518518519,0.9466666666666667
chb12,3,1,3,1,0,5,chb12_42.edf,1286,300,32,45,24,226,5,0.97696,46,20,230,4,0.7931034482758621,0.97712,0.9,0.904,0.6521739130434783,0.7563025210084033,0.9033333333333333
chb12,3,1,3,2,0,5,chb12_42.edf,1286,300,22,44,36,214,6,0.95976,44,42,208,6,0.6470588235294118,0.95512,0.88,0.856,0.55,0.676923076923077,0.86
chb12,3,1,3,3,0,5,chb12_42.edf,1286,300,33,45,35,215,5,0.96312,45,36,214,5,0.6870229007633588,0.9611999999999999,0.9,0.86,0.5625,0.6923076923076923,0.8666666666666667
chb12,3,1,3,0,1,5,chb12_08.edf,1406,150,37,19,2,123,6,0.9328000000000001,19,2,123,6,0.8260869565217391,0.9328000000000001,0.76,0.984,0.9047619047619048,0.8260869565217391,0.9466666666666667
chb12,3,1,3,1,1,5,chb12_08.edf,1406,150,21,20,5,120,5,0.91776,20,8,117,5,0.7547169811320755,0.9103999999999999,0.8,0.96,0.8,0.8,0.9333333333333333
chb12,3,1,3,2,1,5,chb12_08.edf,1406,150,37,20,11,114,5,0.9056,20,11,114,5,0.7142857142857143,0.9049599999999999,0.8,0.912,0.6451612903225806,0.7142857142857143,0.8933333333333333
chb12,3,1,3,3,1,5,chb12_08.edf,1406,150,10,19,1,124,6,0.93152,19,2,123,6,0.8260869565217391,0.92256,0.76,0.992,0.95,0.8444444444444444,0.9533333333333334
chb12,3,1,3,0,2,5,chb12_09.edf;chb12_10.edf,1310,270,62,41,5,220,4,0.9972345679012347,41,5,220,4,0.9010989010989011,0.9972345679012347,0.9111111111111111,0.9777777777777777,0.8913043478260869,0.9010989010989011,0.9666666666666667
chb12,3,1,3,1,2,5,chb12_09.edf;chb12_10.edf,1310,270,32,41,10,215,4,0.9901234567901235,43,9,216,2,0.8865979381443299,0.991111111111111,0.9111111111111111,0.9555555555555556,0.803921568627451,0.8541666666666666,0.9481481481481482
chb12,3,1,3,2,2,5,chb12_09.edf;chb12_10.edf,1310,270,19,42,12,213,3,0.9869629629629629,42,13,212,3,0.84,0.9881481481481481,0.9333333333333333,0.9466666666666667,0.7777777777777778,0.8484848484848485,0.9444444444444444
chb12,3,1,3,3,2,5,chb12_09.edf;chb12_10.edf,1310,270,27,42,16,209,3,0.9885432098765432,43,13,212,2,0.8514851485148515,0.9913086419753087,0.9333333333333333,0.9288888888888889,0.7241379310344828,0.8155339805825242,0.9296296296296296
chb12,3,1,3,0,3,5,chb12_11.edf;chb12_23.edf;chb12_36.edf,1084,552,31,68,10,450,24,0.9425330812854442,68,10,450,24,0.8,0.9425330812854442,0.7391304347826086,0.9782608695652174,0.8717948717948718,0.8,0.9384057971014492
chb12,3,1,3,1,3,5,chb12_11.edf;chb12_23.edf;chb12_36.edf,1084,552,15,75,85,375,17,0.8876654064272211,76,92,368,16,0.5846153846153846,0.8872873345935728,0.8152173913043478,0.8152173913043478,0.46875,0.5952380952380952,0.8152173913043478
chb12,3,1,3,2,3,5,chb12_11.edf;chb12_23.edf;chb12_36.edf,1084,552,10,76,104,356,16,0.874078449905482,75,110,350,17,0.5415162454873647,0.872140831758034,0.8260869565217391,0.7739130434782608,0.4222222222222222,0.5588235294117647,0.782608695652174
chb12,3,1,3,3,3,5,chb12_11.edf;chb12_23.edf;chb12_36.edf,1084,552,17,77,80,380,15,0.9175094517958412,76,83,377,16,0.6055776892430279,0.9155245746691871,0.8369565217391305,0.8260869565217391,0.49044585987261147,0.6184738955823293,0.8278985507246377
chb12,3,1,3,0,4,5,chb12_06.edf;chb12_33.edf;chb12_38.edf,1017,636,21,86,14,516,20,0.9570131719473122,86,14,516,20,0.8349514563106796,0.9570131719473122,0.8113207547169812,0.9735849056603774,0.86,0.8349514563106796,0.9465408805031447
chb12,3,1,3,1,4,5,chb12_06.edf;chb12_33.edf;chb12_38.edf,1017,636,34,86,21,509,20,0.9572623709505161,88,24,506,18,0.8073394495412844,0.9531149875400499,0.8113207547169812,0.960377358490566,0.8037383177570093,0.8075117370892019,0.9355345911949685
chb12,3,1,3,2,4,5,chb12_06.edf;chb12_33.edf;chb12_38.edf,1017,636,14,88,28,502,18,0.9481488074047704,88,24,506,18,0.8073394495412844,0.9436810252758988,0.8301886792452831,0.9471698113207547,0.7586206896551724,0.7927927927927928,0.9276729559748428
chb12,3,1,3,3,4,5,chb12_06.edf;chb12_33.edf;chb12_38.edf,1017,636,17,85,16,514,21,0.9517265930936276,84,22,508,22,0.7924528301886793,0.9457636169455322,0.8018867924528302,0.969811320754717,0.8415841584158416,0.821256038647343,0.9418238993710691
chb13,3,1,3,0,0,5,chb13_19.edf,614,84,33,13,0,70,1,0.9989795918367348,13,0,70,1,0.9629629629629629,0.9989795918367348,0.9285714285714286,1.0,1.0,0.9629629629629629,0.9880952380952381
chb13,3,1,3,1,0,5,chb13_19.edf,614,84,42,14,1,69,0,1.0,13,3,67,1,0.8666666666666667,0.9969387755102042,1.0,0.9857142857142858,0.9333333333333333,0.9655172413793104,0.9880952380952381
chb13,3,1,3,2,0,5,chb13_19.edf,614,84,29,14,0,70,0,1.0,13,0,70,1,0.9629629629629629,1.0,1.0,1.0,1.0,1.0,1.0
chb13,3,1,3,3,0,5,chb13_19.edf,614,84,48,14,2,68,0,1.0,14,4,66,0,0.875,0.9989795918367348,1.0,0.9714285714285714,0.875,0.9333333333333333,0.9761904761904762
chb13,3,1,3,0,1,5,chb13_55.edf,624,72,19,9,4,56,3,0.9166666666666666,9,4,56,3,0.72,0.9166666666666666,0.75,0.9333333333333333,0.6923076923076923,0.72,0.9027777777777778
chb13,3,1,3,1,1,5,chb13_55.edf,624,72,10,10,8,52,2,0.9152777777777777,10,7,53,2,0.6896551724137931,0.9125,0.8333333333333334,0.8666666666666667,0.5555555555555556,0.6666666666666666,0.8611111111111112
chb13,3,1,3,2,1,5,chb13_55.edf,624,72,14,10,12,48,2,0.9222222222222223,10,11,49,2,0.6060606060606061,0.9166666666666665,0.8333333333333334,0.8,0.45454545454545453,0.5882352941176471,0.8055555555555556
chb13,3,1,3,3,1,5,chb13_55.edf,624,72,30,11,13,47,1,0.9305555555555556,11,16,44,1,0.5641025641025641,0.9277777777777778,0.9166666666666666,0.7833333333333333,0.4583333333333333,0.6111111111111112,0.8055555555555556
chb13,3,1,3,0,2,5,chb13_62.edf,388,366,65,38,21,284,23,0.676269819940876,38,21,284,23,0.6333333333333333,0.676269819940876,0.6229508196721312,0.9311475409836065,0.6440677966101694,0.6333333333333333,0.8797814207650273
chb13,3,1,3,1,2,5,chb13_62.edf,388,366,88,36,19,286,25,0.6893845740392367,36,20,285,25,0.6153846153846154,0.6852996506315506,0.5901639344262295,0.9377049180327869,0.6545454545454545,0.6206896551724138,0.8797814207650273
chb13,3,1,3,2,2,5,chb13_62.edf,388,366,99,36,21,284,25,0.693469497446923,37,18,287,24,0.6379310344827587,0.6815372211771029,0.5901639344262295,0.9311475409836065,0.631578947368421,0.6101694915254238,0.8743169398907104
chb13,3,1,3,3,2,5,chb13_62.edf,388,366,20,38,33,272,23,0.6968019349637194,38,33,272,23,0.5757575757575758,0.6966406879871003,0.6229508196721312,0.8918032786885246,0.5352112676056338,0.5757575757575758,0.8469945355191257
chb13,3,1,3,0,3,5,chb13_58.edf;chb13_59.edf,561,150,65,21,4,121,4,0.97056,21,4,121,4,0.84,0.97056,0.84,0.968,0.84,0.84,0.9466666666666667
chb13,3,1,3,1,3,5,chb13_58.edf;chb13_59.edf,561,150,48,23,6,119,2,0.97248,21,4,121,4,0.84,0.97472,0.92,0.952,0.7931034482758621,0.8518518518518519,0.9466666666666667
chb13,3,1,3,2,3,5,chb13_58.edf;chb13_59.edf,561,150,35,24,8,117,1,0.9715199999999999,22,7,118,3,0.8148148148148148,0.96736,0.96,0.936,0.75,0.8421052631578947,0.94
chb13,3,1,3,3,3,5,chb13_58.edf;chb13_59.edf,561,150,36,24,9,116,1,0.97312,23,9,116,2,0.8070175438596491,0.97568,0.96,0.928,0.7272727272727273,0.8275862068965517,0.9333333333333333
chb13,3,1,3,0,4,5,chb13_21.edf;chb13_60.edf,537,180,28,17,1,149,13,0.9657777777777777,17,1,149,13,0.7083333333333334,0.9657777777777777,0.5666666666666667,0.9933333333333333,0.9444444444444444,0.7083333333333334,0.9222222222222223
chb13,3,1,3,1,4,5,chb13_21.edf;chb13_60.edf,537,180,20,17,2,148,13,0.9448888888888889,16,1,149,14,0.6808510638297872,0.942,0.5666666666666667,0.9866666666666667,0.8947368421052632,0.6938775510204082,0.9166666666666666
chb13,3,1,3,2,4,5,chb13_21.edf;chb13_60.edf,537,180,13,17,1,149,13,0.9295555555555555,16,1,149,14,0.6808510638297872,0.9322222222222223,0.5666666666666667,0.9933333333333333,0.9444444444444444,0.7083333333333334,0.9222222222222223
chb13,3,1,3,3,4,5,chb13_21.edf;chb13_60.edf,537,180,20,19,2,148,11,0.958,19,2,148,11,0.7450980392156863,0.9575555555555556,0.6333333333333333,0.9866666666666667,0.9047619047619048,0.7450980392156863,0.9277777777777778
chb14,3,1,3,0,0,5,chb14_11.edf,187,78,23,7,0,65,6,0.9928994082840237,7,0,65,6,0.7,0.9928994082840237,0.5384615384615384,1.0,1.0,0.7,0.9230769230769231
chb14,3,1,3,1,0,5,chb14_11.edf,187,78,42,7,0,65,6,0.9928994082840236,7,0,65,6,0.7,0.991715976331361,0.5384615384615384,1.0,1.0,0.7,0.9230769230769231
chb14,3,1,3,2,0,5,chb14_11.edf,187,78,64,6,0,65,7,0.9857988165680474,6,0,65,7,0.631578947368421,0.9834319526627219,0.46153846153846156,1.0,1.0,0.631578947368421,0.9102564102564102
chb14,3,1,3,3,0,5,chb14_11.edf,187,78,45,7,0,65,6,0.9751479289940828,8,0,65,5,0.7619047619047619,0.9775147928994083,0.5384615384615384,1.0,1.0,0.7,0.9230769230769231
chb14,3,1,3,0,1,5,chb14_18.edf,216,42,29,6,0,35,1,0.963265306122449,6,0,35,1,0.9230769230769231,0.963265306122449,0.8571428571428571,1.0,1.0,0.9230769230769231,0.9761904761904762
chb14,3,1,3,1,1,5,chb14_18.edf,216,42,22,6,1,34,1,0.9877551020408163,6,1,34,1,0.8571428571428571,0.9877551020408163,0.8571428571428571,0.9714285714285714,0.8571428571428571,0.8571428571428571,0.9523809523809523
chb14,3,1,3,2,1,5,chb14_18.edf,216,42,11,6,3,32,1,0.9877551020408163,6,3,32,1,0.75,0.9877551020408163,0.8571428571428571,0.9142857142857143,0.6666666666666666,0.75,0.9047619047619048
chb14,3,1,3,3,1,5,chb14_18.edf,216,42,15,6,4,31,1,0.9673469387755103,6,4,31,1,0.7058823529411765,0.9714285714285715,0.8571428571428571,0.8857142857142857,0.6,0.7058823529411765,0.8809523809523809
chb14,3,1,3,0,2,5,chb14_03.edf;chb14_04.edf,168,102,17,15,4,81,2,0.9923875432525952,15,4,81,2,0.8333333333333334,0.9923875432525952,0.8823529411764706,0.9529411764705882,0.7894736842105263,0.8333333333333334,0.9411764705882353
chb14,3,1,3,1,2,5,chb14_03.edf;chb14_04.edf,168,102,17,15,5,80,2,0.9923875432525952,15,4,81,2,0.8333333333333334,0.9896193771626297,0.8823529411764706,0.9411764705882353,0.75,0.8108108108108109,0.9313725490196079
chb14,3,1,3,2,2,5,chb14_03.edf;chb14_04.edf,168,102,13,15,5,80,2,0.9923875432525952,15,5,80,2,0.8108108108108109,0.9916955017301038,0.8823529411764706,0.9411764705882353,0.75,0.8108108108108109,0.9313725490196079
chb14,3,1,3,3,2,5,chb14_03.edf;chb14_04.edf,168,102,14,16,5,80,1,0.9916955017301038,15,5,80,2,0.8108108108108109,0.9896193771626298,0.9411764705882353,0.9411764705882353,0.7619047619047619,0.8421052631578947,0.9411764705882353
chb14,3,1,3,0,3,5,chb14_06.edf,230,24,37,2,2,18,2,0.9,2,2,18,2,0.5,0.9,0.5,0.9,0.5,0.5,0.8333333333333334
chb14,3,1,3,1,3,5,chb14_06.edf,230,24,12,2,2,18,2,0.875,2,2,18,2,0.5,0.875,0.5,0.9,0.5,0.5,0.8333333333333334
chb14,3,1,3,2,3,5,chb14_06.edf,230,24,8,3,4,16,1,0.8875000000000001,3,4,16,1,0.5454545454545454,0.8625,0.75,0.8,0.42857142857142855,0.5454545454545454,0.7916666666666666
chb14,3,1,3,3,3,5,chb14_06.edf,230,24,12,3,2,18,1,0.9125,3,3,17,1,0.6,0.9125,0.75,0.9,0.6,0.6666666666666666,0.875
chb14,3,1,3,0,4,5,chb14_17.edf;chb14_27.edf,196,66,71,9,0,55,2,0.9371900826446281,9,0,55,2,0.9,0.9371900826446281,0.8181818181818182,1.0,1.0,0.9,0.9696969696969697
chb14,3,1,3,1,4,5,chb14_17.edf;chb14_27.edf,196,66,51,9,0,55,2,0.9239669421487603,9,0,55,2,0.9,0.9239669421487604,0.8181818181818182,1.0,1.0,0.9,0.9696969696969697
chb14,3,1,3,2,4,5,chb14_17.edf;chb14_27.edf,196,66,40,9,2,53,2,0.915702479338843,9,0,55,2,0.9,0.9041322314049587,0.8181818181818182,0.9636363636363636,0.8181818181818182,0.8181818181818182,0.9393939393939394
chb14,3,1,3,3,4,5,chb14_17.edf;chb14_27.edf,196,66,28,9,2,53,2,0.9190082644628099,9,1,54,2,0.8571428571428571,0.915702479338843,0.8181818181818182,0.9636363636363636,0.8181818181818182,0.8181818181818182,0.9393939393939394
chb15,3,1,3,0,0,5,chb15_62.edf,2976,216,18,36,3,177,0,0.9998456790123457,36,3,177,0,0.96,0.9998456790123457,1.0,0.9833333333333333,0.9230769230769231,0.96,0.9861111111111112
chb15,3,1,3,1,0,5,chb15_62.edf,2976,216,44,35,1,179,1,0.9927469135802469,35,1,179,1,0.9722222222222222,0.9989197530864198,0.9722222222222222,0.9944444444444445,0.9722222222222222,0.9722222222222222,0.9907407407407407
chb15,3,1,3,2,0,5,chb15_62.edf,2976,216,16,35,1,179,1,0.9887345679012345,35,0,180,1,0.9859154929577465,0.9975308641975309,0.9722222222222222,0.9944444444444445,0.9722222222222222,0.9722222222222222,0.9907407407407407
chb15,3,1,3,3,0,5,chb15_62.edf,2976,216,11,35,3,177,1,0.9947530864197531,35,4,176,1,0.9333333333333333,0.9979938271604938,0.9722222222222222,0.9833333333333333,0.9210526315789473,0.9459459459459459,0.9814814814814815
chb15,3,1,3,0,1,5,chb15_06.edf;chb15_22.edf;chb15_49.edf,2404,930,66,147,1,774,8,0.9987513007284079,147,1,774,8,0.9702970297029703,0.9987513007284079,0.9483870967741935,0.9987096774193548,0.9932432432432432,0.9702970297029703,0.9903225806451613
chb15,3,1,3,1,1,5,chb15_06.edf;chb15_22.edf;chb15_49.edf,2404,930,23,144,3,772,11,0.9982434963579605,144,2,773,11,0.9568106312292359,0.9981352757544225,0.9290322580645162,0.9961290322580645,0.9795918367346939,0.9536423841059603,0.9849462365591398
chb15,3,1,3,2,1,5,chb15_06.edf;chb15_22.edf;chb15_49.edf,2404,930,11,141,11,764,14,0.991741935483871,143,7,768,12,0.9377049180327869,0.9940978147762747,0.9096774193548387,0.9858064516129033,0.9276315789473685,0.9185667752442996,0.9731182795698925
chb15,3,1,3,3,1,5,chb15_06.edf;chb15_22.edf;chb15_49.edf,2404,930,17,147,7,768,8,0.9973111342351717,147,5,770,8,0.9576547231270358,0.9977689906347554,0.9483870967741935,0.9909677419354839,0.9545454545454546,0.9514563106796117,0.9838709677419355
chb15,3,1,3,0,2,5,chb15_10.edf;chb15_17.edf;chb15_52.edf,2937,264,30,44,4,216,0,0.9994834710743802,44,4,216,0,0.9565217391304348,0.9994834710743802,1.0,0.9818181818181818,0.9166666666666666,0.9565217391304348,0.9848484848484849
chb15,3,1,3,1,2,5,chb15_10.edf;chb15_17.edf;chb15_52.edf,2937,264,13,43,14,206,1,0.9974173553719008,43,12,208,1,0.8686868686868687,0.9975206611570248,0.9772727272727273,0.9363636363636364,0.7543859649122807,0.8514851485148515,0.9431818181818182
chb15,3,1,3,2,2,5,chb15_10.edf;chb15_17.edf;chb15_52.edf,2937,264,21,44,20,200,0,0.9991735537190082,44,20,200,0,0.8148148148148148,0.9992768595041323,1.0,0.9090909090909091,0.6875,0.8148148148148148,0.9242424242424242
chb15,3,1,3,3,2,5,chb15_10.edf;chb15_17.edf;chb15_52.edf,2937,264,28,44,21,199,0,0.9987603305785124,44,20,200,0,0.8148148148148148,0.9987603305785123,1.0,0.9045454545454545,0.676923076923077,0.8073394495412844,0.9204545454545454
chb15,3,1,3,0,3,5,chb15_15.edf;chb15_31.edf;chb15_40.edf;chb15_54.edf,1684,1830,71,279,20,1505,26,0.9924923407686106,279,20,1505,26,0.9238410596026491,0.9924923407686106,0.9147540983606557,0.9868852459016394,0.9331103678929766,0.9238410596026491,0.9748633879781421
chb15,3,1,3,1,3,5,chb15_15.edf;chb15_31.edf;chb15_40.edf;chb15_54.edf,1684,1830,22,286,40,1485,19,0.9911894651975275,287,46,1479,18,0.8996865203761756,0.991000268744961,0.9377049180327869,0.9737704918032787,0.8773006134969326,0.9064976228209192,0.9677595628415301
chb15,3,1,3,2,3,5,chb15_15.edf;chb15_31.edf;chb15_40.edf;chb15_54.edf,1684,1830,41,282,29,1496,23,0.9927825853265251,282,30,1495,23,0.9141004862236629,0.991537758667025,0.9245901639344263,0.980983606557377,0.9067524115755627,0.9155844155844156,0.9715846994535519
chb15,3,1,3,3,3,5,chb15_15.edf;chb15_31.edf;chb15_40.edf;chb15_54.edf,1684,1830,33,288,62,1463,17,0.9900886858371405,289,63,1462,16,0.8797564687975646,0.9890524052674012,0.9442622950819672,0.959344262295082,0.8228571428571428,0.8793893129770992,0.9568306010928962
chb15,3,1,3,0,4,5,chb15_20.edf;chb15_28.edf;chb15_46.edf,2592,696,47,109,0,580,7,0.9932074910820452,109,0,580,7,0.9688888888888889,0.9932074910820452,0.9396551724137931,1.0,1.0,0.9688888888888889,0.9899425287356322
chb15,3,1,3,1,4,5,chb15_20.edf;chb15_28.edf;chb15_46.edf,2592,696,20,111,8,572,5,0.9946640903686088,112,7,573,4,0.9531914893617022,0.9941736028537456,0.9568965517241379,0.9862068965517241,0.9327731092436975,0.9446808510638298,0.9813218390804598
chb15,3,1,3,2,4,5,chb15_20.edf;chb15_28.edf;chb15_46.edf,2592,696,24,110,3,577,6,0.9943222354340071,109,6,574,7,0.9437229437229437,0.9940695600475624,0.9482758620689655,0.9948275862068966,0.9734513274336283,0.9606986899563319,0.9870689655172413
chb15,3,1,3,3,4,5,chb15_20.edf;chb15_28.edf;chb15_46.edf,2592,696,30,109,9,571,7,0.993475029726516,108,10,570,8,0.9230769230769231,0.9919738406658739,0.9396551724137931,0.9844827586206897,0.923728813559322,0.9316239316239316,0.9770114942528736
chb16,3,1,3,0,0,5,chb16_10.edf,86,18,25,2,0,15,1,0.9777777777777777,2,0,15,1,0.8,0.9777777777777777,0.6666666666666666,1.0,1.0,0.8,0.9444444444444444
chb16,3,1,3,1,0,5,chb16_10.edf,86,18,0,0,0,15,3,0.4888888888888888,0,0,15,3,0.0,0.5111111111111111,0.0,1.0,,0.0,0.8333333333333334
chb16,3,1,3,2,0,5,chb16_10.edf,86,18,7,0,0,15,3,0.8666666666666667,0,0,15,3,0.0,0.8444444444444446,0.0,1.0,,0.0,0.8333333333333334
chb16,3,1,3,3,0,5,chb16_10.edf,86,18,6,0,0,15,3,0.7333333333333334,0,0,15,3,0.0,0.6666666666666666,0.0,1.0,,0.0,0.8333333333333334
chb16,3,1,3,0,1,5,chb16_11.edf,86,18,35,2,0,15,1,1.0,2,0,15,1,0.8,1.0,0.6666666666666666,1.0,1.0,0.8,0.9444444444444444
chb16,3,1,3,1,1,5,chb16_11.edf,86,18,0,0,0,15,3,0.4444444444444444,0,0,15,3,0.0,0.4666666666666667,0.0,1.0,,0.0,0.8333333333333334
chb16,3,1,3,2,1,5,chb16_11.edf,86,18,29,3,3,12,0,0.9777777777777777,3,2,13,0,0.75,0.9777777777777777,1.0,0.8,0.5,0.6666666666666666,0.8333333333333334
chb16,3,1,3,3,1,5,chb16_11.edf,86,18,0,0,0,15,3,0.5555555555555556,0,0,15,3,0.0,0.6222222222222222,0.0,1.0,,0.0,0.8333333333333334
chb16,3,1,3,0,2,5,chb16_14.edf,81,24,79,2,5,15,2,0.6625,2,5,15,2,0.36363636363636365,0.6625,0.5,0.75,0.2857142857142857,0.36363636363636365,0.7083333333333334
chb16,3,1,3,1,2,5,chb16_14.edf,81,24,45,3,13,7,1,0.65,3,12,8,1,0.3157894736842105,0.675,0.75,0.35,0.1875,0.3,0.4166666666666667
chb16,3,1,3,2,2,5,chb16_14.edf,81,24,39,3,12,8,1,0.65,3,12,8,1,0.3157894736842105,0.625,0.75,0.4,0.2,0.3157894736842105,0.4583333333333333
chb16,3,1,3,3,2,5,chb16_14.edf,81,24,47,2,2,18,2,0.6125,2,1,19,2,0.5714285714285714,0.6125,0.5,0.9,0.5,0.5,0.8333333333333334
chb16,3,1,3,0,3,5,chb16_16.edf,91,12,1,0,0,10,2,0.6,0,0,10,2,0.0,0.6,0.0,1.0,,0.0,0.8333333333333334
chb16,3,1,3,1,3,5,chb16_16.edf,91,12,42,1,0,10,1,0.9,1,0,10,1,0.6666666666666666,0.8,0.5,1.0,1.0,0.6666666666666666,0.9166666666666666
chb16,3,1,3,2,3,5,chb16_16.edf,91,12,33,1,3,7,1,0.75,2,3,7,0,0.5714285714285714,0.85,0.5,0.7,0.25,0.3333333333333333,0.6666666666666666
chb16,3,1,3,3,3,5,chb16_16.edf,91,12,34,1,1,9,1,0.7,1,2,8,1,0.4,0.65,0.5,0.9,0.5,0.5,0.8333333333333334
chb16,3,1,3,0,4,5,chb16_17.edf,57,54,45,5,1,44,4,0.8716049382716049,5,1,44,4,0.6666666666666666,0.8716049382716049,0.5555555555555556,0.9777777777777777,0.8333333333333334,0.6666666666666666,0.9074074074074074
chb16,3,1,3,1,4,5,chb16_17.edf,57,54,42,4,5,40,5,0.7851851851851852,3,5,40,6,0.35294117647058826,0.7530864197530864,0.4444444444444444,0.8888888888888888,0.4444444444444444,0.4444444444444444,0.8148148148148148
chb16,3,1,3,2,4,5,chb16_17.edf,57,54,28,5,6,39,4,0.8617283950617284,4,5,40,5,0.4444444444444444,0.8567901234567901,0.5555555555555556,0.8666666666666667,0.45454545454545453,0.5,0.8148148148148148
chb16,3,1,3,3,4,5,chb16_17.edf,57,54,28,2,6,39,7,0.7407407407407407,2,6,39,7,0.23529411764705882,0.7111111111111111,0.2222222222222222,0.8666666666666667,0.25,0.23529411764705882,0.7592592592592593
chb17,3,1,3,0,0,3,chb17a_03.edf,321,180,61,27,1,149,3,0.9957777777777778,27,1,149,3,0.9310344827586207,0.9957777777777778,0.9,0.9933333333333333,0.9642857142857143,0.9310344827586207,0.9777777777777777
chb17,3,1,3,1,0,3,chb17a_03.edf,321,180,98,27,1,149,3,0.9931111111111112,25,1,149,5,0.8928571428571429,0.9933333333333333,0.9,0.9933333333333333,0.9642857142857143,0.9310344827586207,0.9777777777777777
chb17,3,1,3,2,0,3,chb17a_03.edf,321,180,41,28,3,147,2,0.996,28,2,148,2,0.9333333333333333,0.9964444444444445,0.9333333333333333,0.98,0.9032258064516129,0.9180327868852459,0.9722222222222222
chb17,3,1,3,3,0,3,chb17a_03.edf,321,180,96,28,2,148,2,0.9942222222222222,27,2,148,3,0.9152542372881356,0.9951111111111112,0.9333333333333333,0.9866666666666667,0.9333333333333333,0.9333333333333333,0.9777777777777777
chb17,3,1,3,0,1,3,chb17a_04.edf,283,228,38,38,4,186,0,0.9986149584487535,38,4,186,0,0.95,0.9986149584487535,1.0,0.9789473684210527,0.9047619047619048,0.95,0.9824561403508771
chb17,3,1,3,1,1,3,chb17a_04.edf,283,228,26,38,12,178,0,0.996814404432133,38,12,178,0,0.8636363636363636,0.9969529085872576,1.0,0.9368421052631579,0.76,0.8636363636363636,0.9473684210526315
chb17,3,1,3,2,1,3,chb17a_04.edf,283,228,31,37,5,185,1,0.9973684210526316,37,5,185,1,0.925,0.9970914127423822,0.9736842105263158,0.9736842105263158,0.8809523809523809,0.925,0.9736842105263158
chb17,3,1,3,3,1,3,chb17a_04.edf,283,228,18,38,7,183,0,0.9979224376731303,38,7,183,0,0.9156626506024096,0.9979224376731302,1.0,0.9631578947368421,0.8444444444444444,0.9156626506024096,0.9692982456140351
chb17,3,1,3,0,2,3,chb17b_63.edf,326,174,43,22,4,141,7,0.9721759809750297,22,4,141,7,0.8,0.9721759809750297,0.7586206896551724,0.9724137931034482,0.8461538461538461,0.8,0.9367816091954023
chb17,3,1,3,1,2,3,chb17b_63.edf,326,174,27,18,2,143,11,0.9697978596908442,19,2,143,10,0.76,0.970986920332937,0.6206896551724138,0.9862068965517241,0.9,0.7346938775510204,0.9252873563218391
chb17,3,1,3,2,2,3,chb17b_63.edf,326,174,54,19,2,143,10,0.9579072532699168,19,2,143,10,0.76,0.9602853745541022,0.6551724137931034,0.9862068965517241,0.9047619047619048,0.76,0.9310344827586207
chb17,3,1,3,3,2,3,chb17b_63.edf,326,174,36,19,2,143,10,0.9690844233055886,19,2,143,10,0.76,0.9702734839476813,0.6551724137931034,0.9862068965517241,0.9047619047619048,0.76,0.9310344827586207
chb18,3,1,3,0,0,5,chb18_36.edf,422,90,22,15,6,69,0,0.9991111111111112,15,6,69,0,0.8333333333333334,0.9991111111111112,1.0,0.92,0.7142857142857143,0.8333333333333334,0.9333333333333333
chb18,3,1,3,1,0,5,chb18_36.edf,422,90,29,15,9,66,0,0.9973333333333333,14,7,68,1,0.7777777777777778,0.9902222222222222,1.0,0.88,0.625,0.7692307692307693,0.9
chb18,3,1,3,2,0,5,chb18_36.edf,422,90,16,15,9,66,0,0.9964444444444445,15,11,64,0,0.7317073170731707,0.9955555555555556,1.0,0.88,0.625,0.7692307692307693,0.9
chb18,3,1,3,3,0,5,chb18_36.edf,422,90,19,15,5,70,0,0.9991111111111112,15,4,71,0,0.8823529411764706,0.9991111111111112,1.0,0.9333333333333333,0.75,0.8571428571428571,0.9444444444444444
chb18,3,1,3,0,1,5,chb18_35.edf,388,132,32,20,0,110,2,0.9987603305785124,20,0,110,2,0.9523809523809523,0.9987603305785124,0.9090909090909091,1.0,1.0,0.9523809523809523,0.9848484848484849
chb18,3,1,3,1,1,5,chb18_35.edf,388,132,21,21,0,110,1,0.9995867768595041,21,0,110,1,0.9767441860465116,0.9995867768595041,0.9545454545454546,1.0,1.0,0.9767441860465116,0.9924242424242424
chb18,3,1,3,2,1,5,chb18_35.edf,388,132,41,21,1,109,1,0.9962809917355372,21,1,109,1,0.9545454545454546,0.9958677685950413,0.9545454545454546,0.990909090909091,0.9545454545454546,0.9545454545454546,0.9848484848484849
chb18,3,1,3,3,1,5,chb18_35.edf,388,132,40,20,1,109,2,0.9971074380165289,21,1,109,1,0.9545454545454546,0.996694214876033,0.9090909090909091,0.990909090909091,0.9523809523809523,0.9302325581395349,0.9772727272727273
chb18,3,1,3,0,2,5,chb18_29.edf;chb18_31.edf,312,228,16,36,2,188,2,0.9994459833795013,36,2,188,2,0.9473684210526315,0.9994459833795013,0.9473684210526315,0.9894736842105263,0.9473684210526315,0.9473684210526315,0.9824561403508771
chb18,3,1,3,1,2,5,chb18_29.edf;chb18_31.edf,312,228,15,37,2,188,1,0.9990304709141274,36,2,188,2,0.9473684210526315,0.9987534626038781,0.9736842105263158,0.9894736842105263,0.9487179487179487,0.961038961038961,0.9868421052631579
chb18,3,1,3,2,2,5,chb18_29.edf;chb18_31.edf,312,228,7,37,10,180,1,0.9950138504155125,37,11,179,1,0.8604651162790697,0.9948753462603879,0.9736842105263158,0.9473684210526315,0.7872340425531915,0.8705882352941177,0.9517543859649122
chb18,3,1,3,3,2,5,chb18_29.edf;chb18_31.edf,312,228,16,37,2,188,1,0.9991689750692522,37,2,188,1,0.961038961038961,0.9990304709141274,0.9736842105263158,0.9894736842105263,0.9487179487179487,0.961038961038961,0.9868421052631579
chb18,3,1,3,0,3,5,chb18_30.edf,446,60,25,3,0,50,7,0.658,3,0,50,7,0.46153846153846156,0.658,0.3,1.0,1.0,0.46153846153846156,0.8833333333333333
chb18,3,1,3,1,3,5,chb18_30.edf,446,60,26,3,2,48,7,0.6120000000000001,3,3,47,7,0.375,0.62,0.3,0.96,0.6,0.4,0.85
chb18,3,1,3,2,3,5,chb18_30.edf,446,60,25,3,3,47,7,0.664,3,3,47,7,0.375,0.65,0.3,0.94,0.5,0.375,0.8333333333333334
chb18,3,1,3,3,3,5,chb18_30.edf,446,60,18,3,2,48,7,0.626,3,3,47,7,0.375,0.634,0.3,0.96,0.6,0.4,0.85
chb18,3,1,3,0,4,5,chb18_32.edf,408,108,37,18,1,89,0,1.0,18,1,89,0,0.972972972972973,1.0,1.0,0.9888888888888889,0.9473684210526315,0.972972972972973,0.9907407407407407
chb18,3,1,3,1,4,5,chb18_32.edf,408,108,42,18,0,90,0,1.0,18,0,90,0,1.0,1.0,1.0,1.0,1.0,1.0,1.0
chb18,3,1,3,2,4,5,chb18_32.edf,408,108,27,18,0,90,0,1.0,18,0,90,0,1.0,1.0,1.0,1.0,1.0,1.0,1.0
chb18,3,1,3,3,4,5,chb18_32.edf,408,108,38,18,1,89,0,1.0,18,1,89,0,0.972972972972973,1.0,1.0,0.9888888888888889,0.9473684210526315,0.972972972972973,0.9907407407407407
chb19,3,1,3,0,0,3,chb19_28.edf,249,156,65,15,4,126,11,0.8902366863905326,15,4,126,11,0.6666666666666666,0.8902366863905326,0.5769230769230769,0.9692307692307692,0.7894736842105263,0.6666666666666666,0.9038461538461539
chb19,3,1,3,1,0,3,chb19_28.edf,249,156,25,20,15,115,6,0.9094674556213018,20,15,115,6,0.6557377049180327,0.9133136094674557,0.7692307692307693,0.8846153846153846,0.5714285714285714,0.6557377049180327,0.8653846153846154
chb19,3,1,3,2,0,3,chb19_28.edf,249,156,23,24,26,104,2,0.9115384615384616,24,26,104,2,0.631578947368421,0.914792899408284,0.9230769230769231,0.8,0.48,0.631578947368421,0.8205128205128205
chb19,3,1,3,3,0,3,chb19_28.edf,249,156,13,20,10,120,6,0.9201183431952663,20,10,120,6,0.7142857142857143,0.919526627218935,0.7692307692307693,0.9230769230769231,0.6666666666666666,0.7142857142857143,0.8974358974358975
chb19,3,1,3,0,1,3,chb19_29.edf,254,150,41,23,12,113,2,0.97952,23,12,113,2,0.7666666666666667,0.97952,0.92,0.904,0.6571428571428571,0.7666666666666667,0.9066666666666666
chb19,3,1,3,1,1,3,chb19_29.edf,254,150,22,23,15,110,2,0.96096,24,16,109,1,0.7384615384615385,0.9632000000000001,0.92,0.88,0.6052631578947368,0.7301587301587301,0.8866666666666667
chb19,3,1,3,2,1,3,chb19_29.edf,254,150,16,24,15,110,1,0.9456,24,15,110,1,0.75,0.9472,0.96,0.88,0.6153846153846154,0.75,0.8933333333333333
chb19,3,1,3,3,1,3,chb19_29.edf,254,150,20,24,18,107,1,0.95424,24,19,106,1,0.7058823529411765,0.95904,0.96,0.856,0.5714285714285714,0.7164179104477612,0.8733333333333333
chb19,3,1,3,0,2,3,chb19_30.edf,244,162,45,21,0,135,6,0.9994513031550069,21,0,135,6,0.875,0.9994513031550069,0.7777777777777778,1.0,1.0,0.875,0.9629629629629629
chb19,3,1,3,1,2,3,chb19_30.edf,244,162,34,22,0,135,5,0.9978052126200274,23,0,135,4,0.92,0.9983539094650207,0.8148148148148148,1.0,1.0,0.8979591836734694,0.9691358024691358
chb19,3,1,3,2,2,3,chb19_30.edf,244,162,19,20,0,135,7,0.9961591220850481,20,0,135,7,0.851063829787234,0.9978052126200275,0.7407407407407407,1.0,1.0,0.851063829787234,0.9567901234567902
chb19,3,1,3,3,2,3,chb19_30.edf,244,162,22,19,1,134,8,0.9898491083676269,22,0,135,5,0.8979591836734694,0.9914951989026063,0.7037037037037037,0.9925925925925926,0.95,0.8085106382978723,0.9444444444444444
chb20,3,1,3,0,0,5,chb20_15.edf,326,162,31,21,3,132,6,0.9805212620027435,21,3,132,6,0.8235294117647058,0.9805212620027435,0.7777777777777778,0.9777777777777777,0.875,0.8235294117647058,0.9444444444444444
chb20,3,1,3,1,0,5,chb20_15.edf,326,162,25,22,2,133,5,0.9602194787379973,22,2,133,5,0.8627450980392157,0.9624142661179697,0.8148148148148148,0.9851851851851852,0.9166666666666666,0.8627450980392157,0.9567901234567902
chb20,3,1,3,2,0,5,chb20_15.edf,326,162,38,22,2,133,5,0.9580246913580247,22,2,133,5,0.8627450980392157,0.9599451303155007,0.8148148148148148,0.9851851851851852,0.9166666666666666,0.8627450980392157,0.9567901234567902
chb20,3,1,3,3,0,5,chb20_15.edf,326,162,14,21,2,133,6,0.9585733882030179,21,2,133,6,0.84,0.9637860082304526,0.7777777777777778,0.9851851851851852,0.9130434782608695,0.84,0.9506172839506173
chb20,3,1,3,0,1,5,chb20_14.edf,398,72,40,11,1,59,1,0.9972222222222221,11,1,59,1,0.9166666666666666,0.9972222222222221,0.9166666666666666,0.9833333333333333,0.9166666666666666,0.9166666666666666,0.9722222222222222
chb20,3,1,3,1,1,5,chb20_14.edf,398,72,20,11,2,58,1,0.9958333333333333,11,3,57,1,0.8461538461538461,0.9958333333333333,0.9166666666666666,0.9666666666666667,0.8461538461538461,0.88,0.9583333333333334
chb20,3,1,3,2,1,5,chb20_14.edf,398,72,22,12,2,58,0,0.998611111111111,12,1,59,0,0.96,0.9972222222222221,1.0,0.9666666666666667,0.8571428571428571,0.9230769230769231,0.9722222222222222
chb20,3,1,3,3,1,5,chb20_14.edf,398,72,28,11,1,59,1,0.9944444444444445,11,1,59,1,0.9166666666666666,0.9958333333333333,0.9166666666666666,0.9833333333333333,0.9166666666666666,0.9166666666666666,0.9722222222222222
chb20,3,1,3,0,2,5,chb20_12.edf,412,54,17,9,0,45,0,1.0,9,0,45,0,1.0,1.0,1.0,1.0,1.0,1.0,1.0
chb20,3,1,3,1,2,5,chb20_12.edf,412,54,18,9,0,45,0,1.0,8,0,45,1,0.9411764705882353,1.0,1.0,1.0,1.0,1.0,1.0
chb20,3,1,3,2,2,5,chb20_12.edf,412,54,13,9,0,45,0,1.0,9,0,45,0,1.0,1.0,1.0,1.0,1.0,1.0,1.0
chb20,3,1,3,3,2,5,chb20_12.edf,412,54,12,8,0,45,1,1.0,8,0,45,1,0.9411764705882353,1.0,0.8888888888888888,1.0,1.0,0.9411764705882353,0.9814814814814815
chb20,3,1,3,0,3,5,chb20_13.edf,345,138,22,23,1,114,0,0.9984877126654065,23,1,114,0,0.9787234042553191,0.9984877126654065,1.0,0.991304347826087,0.9583333333333334,0.9787234042553191,0.9927536231884058
chb20,3,1,3,1,3,5,chb20_13.edf,345,138,14,20,1,114,3,0.9977315689981097,20,1,114,3,0.9090909090909091,0.9977315689981097,0.8695652173913043,0.991304347826087,0.9523809523809523,0.9090909090909091,0.9710144927536232
chb20,3,1,3,2,3,5,chb20_13.edf,345,138,10,20,1,114,3,0.998109640831758,20,1,114,3,0.9090909090909091,0.9973534971644613,0.8695652173913043,0.991304347826087,0.9523809523809523,0.9090909090909091,0.9710144927536232
chb20,3,1,3,3,3,5,chb20_13.edf,345,138,18,23,1,114,0,0.9992438563327033,22,1,114,1,0.9565217391304348,0.9992438563327033,1.0,0.991304347826087,0.9583333333333334,0.9787234042553191,0.9927536231884058
chb20,3,1,3,0,4,5,chb20_16.edf;chb20_68.edf,340,144,33,19,5,115,5,0.9440972222222223,19,5,115,5,0.7916666666666666,0.9440972222222223,0.7916666666666666,0.9583333333333334,0.7916666666666666,0.7916666666666666,0.9305555555555556
chb20,3,1,3,1,4,5,chb20_16.edf;chb20_68.edf,340,144,19,21,7,113,3,0.9336805555555555,21,8,112,3,0.7924528301886793,0.9347222222222222,0.875,0.9416666666666667,0.75,0.8076923076923077,0.9305555555555556
chb20,3,1,3,2,4,5,chb20_16.edf;chb20_68.edf,340,144,25,18,7,113,6,0.9368055555555556,18,7,113,6,0.7346938775510204,0.9371527777777777,0.75,0.9416666666666667,0.72,0.7346938775510204,0.9097222222222222
chb20,3,1,3,3,4,5,chb20_16.edf;chb20_68.edf,340,144,19,17,8,112,7,0.9368055555555554,17,9,111,7,0.68,0.9312499999999999,0.7083333333333334,0.9333333333333333,0.68,0.6938775510204082,0.8958333333333334
chb21,3,1,3,0,0,4,chb21_19.edf,225,108,32,18,3,87,0,0.9882716049382716,18,3,87,0,0.9230769230769231,0.9882716049382716,1.0,0.9666666666666667,0.8571428571428571,0.9230769230769231,0.9722222222222222
chb21,3,1,3,1,0,4,chb21_19.edf,225,108,37,16,3,87,2,0.991358024691358,16,3,87,2,0.8648648648648649,0.9888888888888888,0.8888888888888888,0.9666666666666667,0.8421052631578947,0.8648648648648649,0.9537037037037037
chb21,3,1,3,2,0,4,chb21_19.edf,225,108,29,15,4,86,3,0.9858024691358025,16,4,86,2,0.8421052631578947,0.9895061728395063,0.8333333333333334,0.9555555555555556,0.7894736842105263,0.8108108108108109,0.9351851851851852
chb21,3,1,3,3,0,4,chb21_19.edf,225,108,35,16,3,87,2,0.9932098765432099,15,1,89,3,0.8823529411764706,0.9907407407407407,0.8888888888888888,0.9666666666666667,0.8421052631578947,0.8648648648648649,0.9537037037037037
chb21,3,1,3,0,1,4,chb21_20.edf,235,96,31,15,3,77,1,0.97421875,15,3,77,1,0.8823529411764706,0.97421875,0.9375,0.9625,0.8333333333333334,0.8823529411764706,0.9583333333333334
chb21,3,1,3,1,1,4,chb21_20.edf,235,96,31,16,3,77,0,0.9812500000000001,16,3,77,0,0.9142857142857143,0.9796875,1.0,0.9625,0.8421052631578947,0.9142857142857143,0.96875
chb21,3,1,3,2,1,4,chb21_20.edf,235,96,20,13,3,77,3,0.97578125,14,3,77,2,0.8484848484848485,0.97421875,0.8125,0.9625,0.8125,0.8125,0.9375
chb21,3,1,3,3,1,4,chb21_20.edf,235,96,30,12,3,77,4,0.97421875,15,3,77,1,0.8823529411764706,0.9734375000000001,0.75,0.9625,0.8,0.7741935483870968,0.9270833333333334
chb21,3,1,3,0,2,4,chb21_21.edf,182,162,33,24,9,126,3,0.9742112482853222,24,9,126,3,0.8,0.9742112482853222,0.8888888888888888,0.9333333333333333,0.7272727272727273,0.8,0.9259259259259259
chb21,3,1,3,1,2,4,chb21_21.edf,182,162,35,24,12,123,3,0.9791495198902606,25,10,125,2,0.8064516129032258,0.9775034293552812,0.8888888888888888,0.9111111111111111,0.6666666666666666,0.7619047619047619,0.9074074074074074
chb21,3,1,3,2,2,4,chb21_21.edf,182,162,35,24,8,127,3,0.9728395061728395,24,8,127,3,0.8135593220338984,0.974485596707819,0.8888888888888888,0.9407407407407408,0.75,0.8135593220338984,0.9320987654320988
chb21,3,1,3,3,2,4,chb21_21.edf,182,162,25,25,15,120,2,0.9788751714677639,25,15,120,2,0.746268656716418,0.9810699588477367,0.9259259259259259,0.8888888888888888,0.625,0.746268656716418,0.8950617283950617
chb21,3,1,3,0,3,4,chb21_22.edf,292,24,19,4,0,20,0,1.0,4,0,20,0,1.0,1.0,1.0,1.0,1.0,1.0,1.0
chb21,3,1,3,1,3,4,chb21_22.edf,292,24,20,4,1,19,0,1.0,4,1,19,0,0.8888888888888888,1.0,1.0,0.95,0.8,0.8888888888888888,0.9583333333333334
chb21,3,1,3,2,3,4,chb21_22.edf,292,24,23,4,0,20,0,1.0,4,0,20,0,1.0,1.0,1.0,1.0,1.0,1.0,1.0
chb21,3,1,3,3,3,4,chb21_22.edf,292,24,23,4,1,19,0,1.0,4,1,19,0,0.8888888888888888,1.0,1.0,0.95,0.8,0.8888888888888888,0.9583333333333334
chb22,3,1,3,0,0,3,chb22_20.edf,230,114,26,19,0,95,0,1.0,19,0,95,0,1.0,1.0,1.0,1.0,1.0,1.0,1.0
chb22,3,1,3,1,0,3,chb22_20.edf,230,114,30,19,0,95,0,1.0,19,0,95,0,1.0,1.0,1.0,1.0,1.0,1.0,1.0
chb22,3,1,3,2,0,3,chb22_20.edf,230,114,33,19,0,95,0,1.0,19,0,95,0,1.0,1.0,1.0,1.0,1.0,1.0,1.0
chb22,3,1,3,3,0,3,chb22_20.edf,230,114,19,19,0,95,0,1.0,19,0,95,0,1.0,1.0,1.0,1.0,1.0,1.0,1.0
chb22,3,1,3,0,1,3,chb22_25.edf,206,144,42,24,3,117,0,0.9989583333333333,24,3,117,0,0.9411764705882353,0.9989583333333333,1.0,0.975,0.8888888888888888,0.9411764705882353,0.9791666666666666
chb22,3,1,3,1,1,3,chb22_25.edf,206,144,33,24,7,113,0,0.9958333333333333,24,7,113,0,0.8727272727272727,0.9972222222222222,1.0,0.9416666666666667,0.7741935483870968,0.8727272727272727,0.9513888888888888
chb22,3,1,3,2,1,3,chb22_25.edf,206,144,23,24,8,112,0,0.9940972222222222,24,8,112,0,0.8571428571428571,0.9947916666666666,1.0,0.9333333333333333,0.75,0.8571428571428571,0.9444444444444444
chb22,3,1,3,3,1,3,chb22_25.edf,206,144,27,24,9,111,0,0.99375,24,8,112,0,0.8571428571428571,0.9944444444444445,1.0,0.925,0.7272727272727273,0.8421052631578947,0.9375
chb22,3,1,3,0,2,3,chb22_38.edf,206,144,36,19,0,120,5,0.992361111111111,19,0,120,5,0.8837209302325582,0.992361111111111,0.7916666666666666,1.0,1.0,0.8837209302325582,0.9652777777777778
chb22,3,1,3,1,2,3,chb22_38.edf,206,144,29,21,1,119,3,0.9895833333333333,21,2,118,3,0.8936170212765957,0.9881944444444444,0.875,0.9916666666666667,0.9545454545454546,0.9130434782608695,0.9722222222222222
chb22,3,1,3,2,2,3,chb22_38.edf,206,144,93,19,0,120,5,0.9732638888888889,19,0,120,5,0.8837209302325582,0.9729166666666667,0.7916666666666666,1.0,1.0,0.8837209302325582,0.9652777777777778
chb22,3,1,3,3,2,3,chb22_38.edf,206,144,40,21,0,120,3,0.9892361111111111,21,1,119,3,0.9130434782608695,0.9913194444444444,0.875,1.0,1.0,0.9333333333333333,0.9791666666666666
chb23,3,1,3,0,0,3,chb23_06.edf,484,222,20,37,8,177,0,0.997808619430241,37,8,177,0,0.9024390243902439,0.997808619430241,1.0,0.9567567567567568,0.8222222222222222,0.9024390243902439,0.963963963963964
chb23,3,1,3,1,0,3,chb23_06.edf,484,222,12,36,7,178,1,0.9884587289992696,35,9,176,2,0.8641975308641975,0.9910883856829803,0.972972972972973,0.9621621621621622,0.8372093023255814,0.9,0.963963963963964
chb23,3,1,3,2,0,3,chb23_06.edf,484,222,10,36,11,174,1,0.9912344777209643,36,11,174,1,0.8571428571428571,0.9924032140248357,0.972972972972973,0.9405405405405406,0.7659574468085106,0.8571428571428571,0.9459459459459459
chb23,3,1,3,3,0,3,chb23_06.edf,484,222,16,36,8,177,1,0.9916727538349159,36,9,176,1,0.8780487804878049,0.9928414901387874,0.972972972972973,0.9567567567567568,0.8181818181818182,0.8888888888888888,0.9594594594594594
chb23,3,1,3,0,1,3,chb23_08.edf,561,126,29,21,0,105,0,1.0,21,0,105,0,1.0,1.0,1.0,1.0,1.0,1.0,1.0
chb23,3,1,3,1,1,3,chb23_08.edf,561,126,8,21,0,105,0,1.0,21,1,104,0,0.9767441860465116,1.0,1.0,1.0,1.0,1.0,1.0
chb23,3,1,3,2,1,3,chb23_08.edf,561,126,12,21,1,104,0,1.0,21,1,104,0,0.9767441860465116,1.0,1.0,0.9904761904761905,0.9545454545454546,0.9767441860465116,0.9920634920634921
chb23,3,1,3,3,1,3,chb23_08.edf,561,126,13,21,0,105,0,1.0,21,2,103,0,0.9545454545454546,1.0,1.0,1.0,1.0,1.0,1.0
chb23,3,1,3,0,2,3,chb23_09.edf,278,480,68,72,4,396,8,0.995,72,4,396,8,0.9230769230769231,0.995,0.9,0.99,0.9473684210526315,0.9230769230769231,0.975
chb23,3,1,3,1,2,3,chb23_09.edf,278,480,48,69,2,398,11,0.99465625,68,2,398,12,0.9066666666666666,0.99509375,0.8625,0.995,0.971830985915493,0.9139072847682119,0.9729166666666667
chb23,3,1,3,2,2,3,chb23_09.edf,278,480,62,65,2,398,15,0.9955625,66,2,398,14,0.8918918918918919,0.9966875000000001,0.8125,0.995,0.9701492537313433,0.8843537414965986,0.9645833333333333
chb23,3,1,3,3,2,3,chb23_09.edf,278,480,92,68,2,398,12,0.9962187499999999,69,2,398,11,0.9139072847682119,0.9959375,0.85,0.995,0.9714285714285714,0.9066666666666666,0.9708333333333333
chb24,3,1,3,0,0,5,chb24_07.edf;chb24_21.edf,652,174,29,25,4,141,4,0.9595719381688467,25,4,141,4,0.8620689655172413,0.9595719381688467,0.8620689655172413,0.9724137931034482,0.8620689655172413,0.8620689655172413,0.9540229885057471
chb24,3,1,3,1,0,5,chb24_07.edf;chb24_21.edf,652,174,24,25,2,143,4,0.9455410225921521,25,1,144,4,0.9090909090909091,0.9469678953626635,0.8620689655172413,0.9862068965517241,0.9259259259259259,0.8928571428571429,0.9655172413793104
chb24,3,1,3,2,0,5,chb24_07.edf;chb24_21.edf,652,174,16,24,4,141,5,0.9348394768133175,24,3,142,5,0.8571428571428571,0.9395957193816885,0.8275862068965517,0.9724137931034482,0.8571428571428571,0.8421052631578947,0.9482758620689655
chb24,3,1,3,3,0,5,chb24_07.edf;chb24_21.edf,652,174,16,24,5,140,5,0.9200951248513675,24,4,141,5,0.8421052631578947,0.9241379310344827,0.8275862068965517,0.9655172413793104,0.8275862068965517,0.8275862068965517,0.9425287356321839
chb24,3,1,3,0,1,5,chb24_01.edf;chb24_04.edf;chb24_13.edf,571,276,13,34,8,222,12,0.91351606805293,34,8,222,12,0.7727272727272727,0.91351606805293,0.7391304347826086,0.9652173913043478,0.8095238095238095,0.7727272727272727,0.927536231884058
chb24,3,1,3,1,1,5,chb24_01.edf;chb24_04.edf;chb24_13.edf,571,276,25,35,10,220,11,0.9113421550094518,35,7,223,11,0.7954545454545454,0.919187145557656,0.7608695652173914,0.9565217391304348,0.7777777777777778,0.7692307692307693,0.9239130434782609
chb24,3,1,3,2,1,5,chb24_01.edf;chb24_04.edf;chb24_13.edf,571,276,14,34,7,223,12,0.9122873345935728,34,7,223,12,0.7816091954022989,0.9152173913043479,0.7391304347826086,0.9695652173913043,0.8292682926829268,0.7816091954022989,0.9311594202898551
chb24,3,1,3,3,1,5,chb24_01.edf;chb24_04.edf;chb24_13.edf,571,276,18,36,16,214,10,0.9047258979206049,36,15,215,10,0.7422680412371134,0.9082230623818525,0.782608695652174,0.9304347826086956,0.6923076923076923,0.7346938775510204,0.9057971014492754
chb24,3,1,3,0,2,5,chb24_03.edf;chb24_09.edf,681,138,46,19,1,114,4,0.9206049149338374,19,1,114,4,0.8837209302325582,0.9206049149338374,0.8260869565217391,0.991304347826087,0.95,0.8837209302325582,0.9637681159420289
chb24,3,1,3,1,2,5,chb24_03.edf;chb24_09.edf,681,138,26,19,2,113,4,0.8907372400756143,19,2,113,4,0.8636363636363636,0.9217391304347826,0.8260869565217391,0.9826086956521739,0.9047619047619048,0.8636363636363636,0.9565217391304348
chb24,3,1,3,2,2,5,chb24_03.edf;chb24_09.edf,681,138,14,19,4,111,4,0.9247637051039698,19,5,110,4,0.8085106382978723,0.9379962192816635,0.8260869565217391,0.9652173913043478,0.8260869565217391,0.8260869565217391,0.9420289855072463
chb24,3,1,3,3,2,5,chb24_03.edf;chb24_09.edf,681,138,22,19,4,111,4,0.8884688090737239,18,4,111,5,0.8,0.9190926275992438,0.8260869565217391,0.9652173913043478,0.8260869565217391,0.8260869565217391,0.9420289855072463
chb24,3,1,3,0,3,5,chb24_06.edf;chb24_14.edf;chb24_15.edf,686,132,44,16,0,110,6,0.9132231404958678,16,0,110,6,0.8421052631578947,0.9132231404958678,0.7272727272727273,1.0,1.0,0.8421052631578947,0.9545454545454546
chb24,3,1,3,1,3,5,chb24_06.edf;chb24_14.edf;chb24_15.edf,686,132,35,16,2,108,6,0.8698347107438016,17,2,108,5,0.8292682926829268,0.8830578512396694,0.7272727272727273,0.9818181818181818,0.8888888888888888,0.8,0.9393939393939394
chb24,3,1,3,2,3,5,chb24_06.edf;chb24_14.edf;chb24_15.edf,686,132,42,16,2,108,6,0.8326446280991735,16,3,107,6,0.7804878048780488,0.8702479338842976,0.7272727272727273,0.9818181818181818,0.8888888888888888,0.8,0.9393939393939394
chb24,3,1,3,3,3,5,chb24_06.edf;chb24_14.edf;chb24_15.edf,686,132,58,16,3,107,6,0.8421487603305786,17,3,107,5,0.8095238095238095,0.8826446280991735,0.7272727272727273,0.9727272727272728,0.8421052631578947,0.7804878048780488,0.9318181818181818
chb24,3,1,3,0,4,5,chb24_11.edf;chb24_17.edf,576,270,31,26,3,222,19,0.7868641975308641,26,3,222,19,0.7027027027027027,0.7868641975308641,0.5777777777777777,0.9866666666666667,0.896551724137931,0.7027027027027027,0.9185185185185185
chb24,3,1,3,1,4,5,chb24_11.edf;chb24_17.edf,576,270,25,27,8,217,18,0.7564444444444445,27,8,217,18,0.675,0.7590123456790123,0.6,0.9644444444444444,0.7714285714285715,0.675,0.9037037037037037
chb24,3,1,3,2,4,5,chb24_11.edf;chb24_17.edf,576,270,26,28,8,217,17,0.7561481481481482,28,7,218,17,0.7,0.7701728395061728,0.6222222222222222,0.9644444444444444,0.7777777777777778,0.691358024691358,0.9074074074074074
chb24,3,1,3,3,4,5,chb24_11.edf;chb24_17.edf,576,270,29,27,5,220,18,0.7543703703703705,28,4,221,17,0.7272727272727273,0.7723456790123456,0.6,0.9777777777777777,0.84375,0.7012987012987013,0.9148148148148149
chb01,5,1,5,0,0,5,chb01_03.edf,379,48,52,8,1,39,0,0.9874999999999999,8,1,39,0,0.9411764705882353,0.9874999999999999,1.0,0.975,0.8888888888888888,0.9411764705882353,0.9791666666666666
chb01,5,1,5,1,0,5,chb01_03.edf,379,48,44,8,1,39,0,1.0,8,1,39,0,0.9411764705882353,1.0,1.0,0.975,0.8888888888888888,0.9411764705882353,0.9791666666666666
chb01,5,1,5,2,0,5,chb01_03.edf,379,48,60,8,1,39,0,0.996875,8,1,39,0,0.9411764705882353,0.996875,1.0,0.975,0.8888888888888888,0.9411764705882353,0.9791666666666666
chb01,5,1,5,3,0,5,chb01_03.edf,379,48,48,7,1,39,1,0.996875,7,1,39,1,0.875,0.996875,0.875,0.975,0.875,0.875,0.9583333333333334
chb01,5,1,5,0,1,5,chb01_21.edf,331,108,55,18,1,89,0,0.9981481481481482,18,1,89,0,0.972972972972973,0.9981481481481482,1.0,0.9888888888888889,0.9473684210526315,0.972972972972973,0.9907407407407407
chb01,5,1,5,1,1,5,chb01_21.edf,331,108,22,18,4,86,0,0.9975308641975309,18,6,84,0,0.8571428571428571,0.9975308641975309,1.0,0.9555555555555556,0.8181818181818182,0.9,0.9629629629629629
chb01,5,1,5,2,1,5,chb01_21.edf,331,108,18,18,4,86,0,0.9969135802469136,18,4,86,0,0.9,0.9975308641975309,1.0,0.9555555555555556,0.8181818181818182,0.9,0.9629629629629629
chb01,5,1,5,3,1,5,chb01_21.edf,331,108,29,18,5,85,0,0.995679012345679,18,3,87,0,0.9230769230769231,0.9950617283950617,1.0,0.9444444444444444,0.782608695652174,0.8780487804878049,0.9537037037037037
chb01,5,1,5,0,2,5,chb01_26.edf,321,120,39,18,0,100,2,0.9955,18,0,100,2,0.9473684210526315,0.9955,0.9,1.0,1.0,0.9473684210526315,0.9833333333333333
chb01,5,1,5,1,2,5,chb01_26.edf,321,120,45,18,2,98,2,0.9974999999999999,18,1,99,2,0.9230769230769231,0.9974999999999999,0.9,0.98,0.9,0.9,0.9666666666666667
chb01,5,1,5,2,2,5,chb01_26.edf,321,120,61,19,1,99,1,0.9984999999999999,18,0,100,2,0.9473684210526315,0.9974999999999999,0.95,0.99,0.95,0.95,0.9833333333333333
chb01,5,1,5,3,2,5,chb01_26.edf,321,120,31,18,1,99,2,0.9945,18,1,99,2,0.9230769230769231,0.9964999999999999,0.9,0.99,0.9473684210526315,0.9230769230769231,0.975
chb01,5,1,5,0,3,5,chb01_15.edf;chb01_16.edf,331,108,50,17,0,90,1,1.0,17,0,90,1,0.9714285714285714,1.0,0.9444444444444444,1.0,1.0,0.9714285714285714,0.9907407407407407
chb01,5,1,5,1,3,5,chb01_15.edf;chb01_16.edf,331,108,42,17,0,90,1,1.0,17,0,90,1,0.9714285714285714,0.9993827160493828,0.9444444444444444,1.0,1.0,0.9714285714285714,0.9907407407407407
chb01,5,1,5,2,3,5,chb01_15.edf;chb01_16.edf,331,108,30,18,0,90,0,1.0,18,0,90,0,1.0,1.0,1.0,1.0,1.0,1.0,1.0
chb01,5,1,5,3,3,5,chb01_15.edf;chb01_16.edf,331,108,23,17,0,90,1,1.0,17,0,90,1,0.9714285714285714,1.0,0.9444444444444444,1.0,1.0,0.9714285714285714,0.9907407407407407
chb01,5,1,5,0,4,5,chb01_04.edf;chb01_18.edf,307,138,40,23,1,114,0,1.0,23,1,114,0,0.9787234042553191,1.0,1.0,0.991304347826087,0.9583333333333334,0.9787234042553191,0.9927536231884058
chb01,5,1,5,1,4,5,chb01_04.edf;chb01_18.edf,307,138,33,23,3,112,0,1.0,23,3,112,0,0.9387755102040817,1.0,1.0,0.9739130434782609,0.8846153846153846,0.9387755102040817,0.9782608695652174
chb01,5,1,5,2,4,5,chb01_04.edf;chb01_18.edf,307,138,32,22,4,111,1,0.9984877126654064,22,1,114,1,0.9565217391304348,0.9988657844990548,0.9565217391304348,0.9652173913043478,0.8461538461538461,0.8979591836734694,0.9637681159420289
chb01,5,1,5,3,4,5,chb01_04.edf;chb01_18.edf,307,138,20,23,2,113,0,0.9996219281663516,23,2,113,0,0.9583333333333334,0.9996219281663516,1.0,0.9826086956521739,0.92,0.9583333333333334,0.9855072463768116
chb02,5,1,5,0,0,3,chb02_16+.edf,81,96,48,14,0,80,2,1.0,14,0,80,2,0.9333333333333333,1.0,0.875,1.0,1.0,0.9333333333333333,0.9791666666666666
chb02,5,1,5,1,0,3,chb02_16+.edf,81,96,38,15,0,80,1,0.99921875,15,0,80,1,0.967741935483871,1.0,0.9375,1.0,1.0,0.967741935483871,0.9895833333333334
chb02,5,1,5,2,0,3,chb02_16+.edf,81,96,24,14,0,80,2,0.9968750000000001,14,0,80,2,0.9333333333333333,0.99765625,0.875,1.0,1.0,0.9333333333333333,0.9791666666666666
chb02,5,1,5,3,0,3,chb02_16+.edf,81,96,32,14,0,80,2,0.99765625,13,0,80,3,0.896551724137931,0.99765625,0.875,1.0,1.0,0.9333333333333333,0.9791666666666666
chb02,5,1,5,0,1,3,chb02_16.edf,81,96,91,15,0,80,1,0.9734375,15,0,80,1,0.967741935483871,0.9734375,0.9375,1.0,1.0,0.967741935483871,0.9895833333333334
chb02,5,1,5,1,1,3,chb02_16.edf,81,96,39,15,11,69,1,0.953125,15,11,69,1,0.7142857142857143,0.9515625,0.9375,0.8625,0.5769230769230769,0.7142857142857143,0.875
chb02,5,1,5,2,1,3,chb02_16.edf,81,96,58,13,3,77,3,0.9468749999999999,13,5,75,3,0.7647058823529411,0.9460937500000001,0.8125,0.9625,0.8125,0.8125,0.9375
chb02,5,1,5,3,1,3,chb02_16.edf,81,96,38,15,5,75,1,0.9539062500000001,14,4,76,2,0.8235294117647058,0.94921875,0.9375,0.9375,0.75,0.8333333333333334,0.9375
chb02,5,1,5,0,2,3,chb02_19.edf,153,6,90,1,0,5,0,1.0,1,0,5,0,1.0,1.0,1.0,1.0,1.0,1.0,1.0
chb02,5,1,5,1,2,3,chb02_19.edf,153,6,40,1,0,5,0,1.0,1,0,5,0,1.0,1.0,1.0,1.0,1.0,1.0,1.0
chb02,5,1,5,2,2,3,chb02_19.edf,153,6,49,1,0,5,0,1.0,1,0,5,0,1.0,1.0,1.0,1.0,1.0,1.0,1.0
chb02,5,1,5,3,2,3,chb02_19.edf,153,6,35,1,0,5,0,1.0,1,0,5,0,1.0,1.0,1.0,1.0,1.0,1.0,1.0
chb03,5,1,5,0,0,5,chb03_03.edf,307,78,53,13,0,65,0,1.0,13,0,65,0,1.0,1.0,1.0,1.0,1.0,1.0,1.0
chb03,5,1,5,1,0,5,chb03_03.edf,307,78,29,13,0,65,0,1.0,13,0,65,0,1.0,1.0,1.0,1.0,1.0,1.0,1.0
chb03,5,1,5,2,0,5,chb03_03.edf,307,78,32,13,0,65,0,1.0,13,0,65,0,1.0,1.0,1.0,1.0,1.0,1.0,1.0
chb03,5,1,5,3,0,5,chb03_03.edf,307,78,31,13,0,65,0,1.0,13,0,65,0,1.0,1.0,1.0,1.0,1.0,1.0,1.0
chb03,5,1,5,0,1,5,chb03_04.edf;chb03_34.edf,278,114,40,18,2,93,1,0.9983379501385042,18,2,93,1,0.9230769230769231,0.9983379501385042,0.9473684210526315,0.9789473684210527,0.9,0.9230769230769231,0.9736842105263158
chb03,5,1,5,1,1,5,chb03_04.edf;chb03_34.edf,278,114,55,18,2,93,1,0.9922437673130194,18,2,93,1,0.9230769230769231,0.9916897506925207,0.9473684210526315,0.9789473684210527,0.9,0.9230769230769231,0.9736842105263158
chb03,5,1,5,2,1,5,chb03_04.edf;chb03_34.edf,278,114,80,18,2,93,1,0.9944598337950139,18,2,93,1,0.9230769230769231,0.9944598337950139,0.9473684210526315,0.9789473684210527,0.9,0.9230769230769231,0.9736842105263158
chb03,5,1,5,3,1,5,chb03_04.edf;chb03_34.edf,278,114,40,18,2,93,1,0.9933518005540166,18,2,93,1,0.9230769230769231,0.992797783933518,0.9473684210526315,0.9789473684210527,0.9,0.9230769230769231,0.9736842105263158
chb03,5,1,5,0,2,5,chb03_02.edf,307,78,35,13,0,65,0,1.0,13,0,65,0,1.0,1.0,1.0,1.0,1.0,1.0,1.0
chb03,5,1,5,1,2,5,chb03_02.edf,307,78,36,13,0,65,0,1.0,13,0,65,0,1.0,1.0,1.0,1.0,1.0,1.0,1.0
chb03,5,1,5,2,2,5,chb03_02.edf,307,78,31,13,0,65,0,1.0,13,0,65,0,1.0,1.0,1.0,1.0,1.0,1.0,1.0
chb03,5,1,5,3,2,5,chb03_02.edf,307,78,29,13,1,64,0,1.0,13,1,64,0,0.9629629629629629,0.9988165680473373,1.0,0.9846153846153847,0.9285714285714286,0.9629629629629629,0.9871794871794872
chb03,5,1,5,0,3,5,chb03_35.edf,312,72,42,12,1,59,0,1.0,12,1,59,0,0.96,1.0,1.0,0.9833333333333333,0.9230769230769231,0.96,0.9861111111111112
chb03,5,1,5,1,3,5,chb03_35.edf,312,72,16,11,1,59,1,0.9972222222222222,12,1,59,0,0.96,0.998611111111111,0.9166666666666666,0.9833333333333333,0.9166666666666666,0.9166666666666666,0.9722222222222222
chb03,5,1,5,2,3,5,chb03_35.edf,312,72,35,12,1,59,0,0.9958333333333332,12,1,59,0,0.96,0.9958333333333332,1.0,0.9833333333333333,0.9230769230769231,0.96,0.9861111111111112
chb03,5,1,5,3,3,5,chb03_35.edf,312,72,22,10,1,59,2,0.9958333333333332,10,1,59,2,0.8695652173913043,0.9958333333333332,0.8333333333333334,0.9833333333333333,0.9090909090909091,0.8695652173913043,0.9583333333333334
chb03,5,1,5,0,4,5,chb03_01.edf;chb03_36.edf,273,120,48,19,4,96,1,0.998,19,4,96,1,0.8837209302325582,0.998,0.95,0.96,0.8260869565217391,0.8837209302325582,0.9583333333333334
chb03,5,1,5,1,4,5,chb03_01.edf;chb03_36.edf,273,120,26,19,3,97,1,0.998,19,1,99,1,0.95,0.9994999999999999,0.95,0.97,0.8636363636363636,0.9047619047619048,0.9666666666666667
chb03,5,1,5,2,4,5,chb03_01.edf;chb03_36.edf,273,120,22,19,2,98,1,0.9984999999999999,19,1,99,1,0.95,0.9984999999999999,0.95,0.98,0.9047619047619048,0.926829268292683,0.975
chb03,5,1,5,3,4,5,chb03_01.edf;chb03_36.edf,273,120,10,20,4,96,0,0.998,20,4,96,0,0.9090909090909091,0.998,1.0,0.96,0.8333333333333334,0.9090909090909091,0.9666666666666667
chb04,5,1,5,0,0,3,chb04_05.edf,312,54,44,9,32,13,0,0.28888888888888886,9,32,13,0,0.36,0.28888888888888886,1.0,0.28888888888888886,0.21951219512195122,0.36,0.4074074074074074
chb04,5,1,5,1,0,3,chb04_05.edf,312,54,20,9,33,12,0,0.28888888888888886,9,33,12,0,0.35294117647058826,0.28888888888888886,1.0,0.26666666666666666,0.21428571428571427,0.35294117647058826,0.3888888888888889
chb04,5,1,5,2,0,3,chb04_05.edf,312,54,16,9,33,12,0,0.28641975308641976,9,33,12,0,0.35294117647058826,0.28641975308641976,1.0,0.26666666666666666,0.21428571428571427,0.35294117647058826,0.3888888888888889
chb04,5,1,5,3,0,3,chb04_05.edf,312,54,26,9,33,12,0,0.2814814814814815,9,33,12,0,0.35294117647058826,0.2814814814814815,1.0,0.26666666666666666,0.21428571428571427,0.35294117647058826,0.3888888888888889
chb04,5,1,5,0,1,3,chb04_08.edf,249,132,19,21,13,97,1,0.971900826446281,21,13,97,1,0.75,0.971900826446281,0.9545454545454546,0.8818181818181818,0.6176470588235294,0.75,0.8939393939393939
chb04,5,1,5,1,1,3,chb04_08.edf,249,132,13,21,14,96,1,0.9421487603305786,21,13,97,1,0.75,0.9421487603305785,0.9545454545454546,0.8727272727272727,0.6,0.7368421052631579,0.8863636363636364
chb04,5,1,5,2,1,3,chb04_08.edf,249,132,13,18,20,90,4,0.8652892561983471,16,19,91,6,0.5614035087719298,0.8632231404958679,0.8181818181818182,0.8181818181818182,0.47368421052631576,0.6,0.8181818181818182
chb04,5,1,5,3,1,3,chb04_08.edf,249,132,12,21,23,87,1,0.9330578512396694,21,24,86,1,0.6268656716417911,0.9309917355371902,0.9545454545454546,0.7909090909090909,0.4772727272727273,0.6363636363636364,0.8181818181818182
chb04,5,1,5,0,2,3,chb04_28.edf,148,258,44,10,7,208,33,0.6524607896160086,10,7,208,33,0.3333333333333333,0.6524607896160086,0.23255813953488372,0.9674418604651163,0.5882352941176471,0.3333333333333333,0.8449612403100775
chb04,5,1,5,1,2,3,chb04_28.edf,148,258,83,5,3,212,38,0.4403461330448891,5,3,212,38,0.19607843137254902,0.43385613845321797,0.11627906976744186,0.986046511627907,0.625,0.19607843137254902,0.8410852713178295
chb04,5,1,5,2,2,3,chb04_28.edf,148,258,27,11,24,191,32,0.4798269334775555,9,27,188,34,0.22784810126582278,0.46338561384532184,0.2558139534883721,0.8883720930232558,0.3142857142857143,0.28205128205128205,0.7829457364341085
chb04,5,1,5,3,2,3,chb04_28.edf,148,258,53,6,9,206,37,0.3948080043266631,6,7,208,37,0.21428571428571427,0.3930773391022174,0.13953488372093023,0.958139534883721,0.4,0.20689655172413793,0.8217054263565892
chb05,5,1,5,0,0,5,chb05_06.edf,422,138,57,17,0,115,6,0.9996219281663516,17,0,115,6,0.85,0.9996219281663516,0.7391304347826086,1.0,1.0,0.85,0.9565217391304348
chb05,5,1,5,1,0,5,chb05_06.edf,422,138,36,21,0,115,2,1.0,21,0,115,2,0.9545454545454546,1.0,0.9130434782608695,1.0,1.0,0.9545454545454546,0.9855072463768116
chb05,5,1,5,2,0,5,chb05_06.edf,422,138,35,22,0,115,1,1.0,22,0,115,1,0.9777777777777777,0.9996219281663516,0.9565217391304348,1.0,1.0,0.9777777777777777,0.9927536231884058
chb05,5,1,5,3,0,5,chb05_06.edf,422,138,29,23,0,115,0,1.0,23,0,115,0,1.0,1.0,1.0,1.0,1.0,1.0,1.0
chb05,5,1,5,0,1,5,chb05_13.edf,427,132,60,22,0,110,0,1.0,22,0,110,0,1.0,1.0,1.0,1.0,1.0,1.0,1.0
chb05,5,1,5,1,1,5,chb05_13.edf,427,132,67,21,0,110,1,0.9991735537190083,21,0,110,1,0.9767441860465116,0.9979338842975207,0.9545454545454546,1.0,1.0,0.9767441860465116,0.9924242424242424
chb05,5,1,5,2,1,5,chb05_13.edf,427,132,34,21,1,109,1,0.9971074380165289,21,2,108,1,0.9333333333333333,0.993801652892562,0.9545454545454546,0.990909090909091,0.9545454545454546,0.9545454545454546,0.9848484848484849
chb05,5,1,5,3,1,5,chb05_13.edf,427,132,77,21,1,109,1,0.997107438016529,21,0,110,1,0.9767441860465116,0.9913223140495868,0.9545454545454546,0.990909090909091,0.9545454545454546,0.9545454545454546,0.9848484848484849
chb05,5,1,5,0,2,5,chb05_16.edf,441,114,33,16,0,95,3,1.0,16,0,95,3,0.9142857142857143,1.0,0.8421052631578947,1.0,1.0,0.9142857142857143,0.9736842105263158
chb05,5,1,5,1,2,5,chb05_16.edf,441,114,35,16,0,95,3,1.0,16,0,95,3,0.9142857142857143,0.9994459833795013,0.8421052631578947,1.0,1.0,0.9142857142857143,0.9736842105263158
chb05,5,1,5,2,2,5,chb05_16.edf,441,114,26,16,0,95,3,1.0,16,0,95,3,0.9142857142857143,0.9994459833795013,0.8421052631578947,1.0,1.0,0.9142857142857143,0.9736842105263158
chb05,5,1,5,3,2,5,chb05_16.edf,441,114,28,16,0,95,3,0.9977839335180055,16,0,95,3,0.9142857142857143,0.9966759002770083,0.8421052631578947,1.0,1.0,0.9142857142857143,0.9736842105263158
chb05,5,1,5,0,3,5,chb05_17.edf,417,144,68,23,0,120,1,1.0,23,0,120,1,0.9787234042553191,1.0,0.9583333333333334,1.0,1.0,0.9787234042553191,0.9930555555555556
chb05,5,1,5,1,3,5,chb05_17.edf,417,144,30,22,1,119,2,0.99375,22,1,119,2,0.9361702127659575,0.9940972222222222,0.9166666666666666,0.9916666666666667,0.9565217391304348,0.9361702127659575,0.9791666666666666
chb05,5,1,5,2,3,5,chb05_17.edf,417,144,97,18,1,119,6,0.99375,17,1,119,7,0.8095238095238095,0.9934027777777777,0.75,0.9916666666666667,0.9473684210526315,0.8372093023255814,0.9513888888888888
chb05,5,1,5,3,3,5,chb05_17.edf,417,144,87,19,1,119,5,0.9934027777777779,19,1,119,5,0.8636363636363636,0.9930555555555555,0.7916666666666666,0.9916666666666667,0.95,0.8636363636363636,0.9583333333333334
chb05,5,1,5,0,4,5,chb05_22.edf,422,138,37,23,5,110,0,0.9965973534971645,23,5,110,0,0.9019607843137255,0.9965973534971645,1.0,0.9565217391304348,0.8214285714285714,0.9019607843137255,0.9637681159420289
chb05,5,1,5,1,4,5,chb05_22.edf,422,138,23,23,6,109,0,1.0,23,6,109,0,0.8846153846153846,1.0,1.0,0.9478260869565217,0.7931034482758621,0.8846153846153846,0.9565217391304348
chb05,5,1,5,2,4,5,chb05_22.edf,422,138,21,23,22,93,0,1.0,23,25,90,0,0.647887323943662,1.0,1.0,0.808695652173913,0.5111111111111111,0.6764705882352942,0.8405797101449275
chb05,5,1,5,3,4,5,chb05_22.edf,422,138,11,23,24,91,0,1.0,23,26,89,0,0.6388888888888888,0.9988657844990548,1.0,0.7913043478260869,0.48936170212765956,0.6571428571428571,0.8260869565217391
chb06,5,1,5,0,0,5,chb06_09.edf,120,18,54,3,1,14,0,1.0,3,1,14,0,0.8571428571428571,1.0,1.0,0.9333333333333333,0.75,0.8571428571428571,0.9444444444444444
chb06,5,1,5,1,0,5,chb06_09.edf,120,18,56,2,2,13,1,0.9333333333333333,2,3,12,1,0.5,0.888888888888889,0.6666666666666666,0.8666666666666667,0.5,0.5714285714285714,0.8333333333333334
chb06,5,1,5,2,0,5,chb06_09.edf,120,18,95,2,1,14,1,0.9333333333333333,2,1,14,1,0.6666666666666666,0.8444444444444444,0.6666666666666666,0.9333333333333333,0.6666666666666666,0.6666666666666666,0.8888888888888888
chb06,5,1,5,3,0,5,chb06_09.edf,120,18,51,3,2,13,0,0.9555555555555556,2,2,13,1,0.5714285714285714,0.9333333333333333,1.0,0.8666666666666667,0.6,0.75,0.8888888888888888
chb06,5,1,5,0,1,5,chb06_13.edf,124,12,38,2,0,10,0,1.0,2,0,10,0,1.0,1.0,1.0,1.0,1.0,1.0,1.0
chb06,5,1,5,1,1,5,chb06_13.edf,124,12,31,2,0,10,0,1.0,2,0,10,0,1.0,1.0,1.0,1.0,1.0,1.0,1.0
chb06,5,1,5,2,1,5,chb06_13.edf,124,12,23,2,0,10,0,1.0,2,0,10,0,1.0,1.0,1.0,1.0,1.0,1.0,1.0
chb06,5,1,5,3,1,5,chb06_13.edf,124,12,30,2,0,10,0,1.0,2,0,10,0,1.0,1.0,1.0,1.0,1.0,1.0,1.0
chb06,5,1,5,0,2,5,chb06_01.edf;chb06_24.edf,81,66,39,8,1,54,3,0.9917355371900827,8,1,54,3,0.8,0.9917355371900827,0.7272727272727273,0.9818181818181818,0.8888888888888888,0.8,0.9393939393939394
chb06,5,1,5,1,2,5,chb06_01.edf;chb06_24.edf,81,66,32,11,3,52,0,0.9950413223140495,11,4,51,0,0.8461538461538461,0.9933884297520661,1.0,0.9454545454545454,0.7857142857142857,0.88,0.9545454545454546
chb06,5,1,5,2,2,5,chb06_01.edf;chb06_24.edf,81,66,31,11,1,54,0,1.0,9,0,55,2,0.9,0.9933884297520661,1.0,0.9818181818181818,0.9166666666666666,0.9565217391304348,0.9848484848484849
chb06,5,1,5,3,2,5,chb06_01.edf;chb06_24.edf,81,66,51,11,2,53,0,0.996694214876033,9,1,54,2,0.8571428571428571,0.9917355371900827,1.0,0.9636363636363636,0.8461538461538461,0.9166666666666666,0.9696969696969697
chb06,5,1,5,0,3,5,chb06_04.edf,96,48,98,6,19,21,2,0.578125,6,19,21,2,0.36363636363636365,0.578125,0.75,0.525,0.24,0.36363636363636365,0.5625
chb06,5,1,5,1,3,5,chb06_04.edf,96,48,55,7,13,27,1,0.75,6,13,27,2,0.4444444444444444,0.73125,0.875,0.675,0.35,0.5,0.7083333333333334
chb06,5,1,5,2,3,5,chb06_04.edf,96,48,44,7,5,35,1,0.8937499999999999,7,4,36,1,0.7368421052631579,0.903125,0.875,0.875,0.5833333333333334,0.7,0.875
chb06,5,1,5,3,3,5,chb06_04.edf,96,48,48,7,5,35,1,0.8624999999999999,6,5,35,2,0.631578947368421,0.84375,0.875,0.875,0.5833333333333334,0.7,0.875
chb06,5,1,5,0,4,5,chb06_10.edf;chb06_18.edf,115,24,63,4,1,19,0,0.9874999999999999,4,1,19,0,0.8888888888888888,0.9874999999999999,1.0,0.95,0.8,0.8888888888888888,0.9583333333333334
chb06,5,1,5,1,4,5,chb06_10.edf;chb06_18.edf,115,24,47,4,2,18,0,0.9874999999999999,4,2,18,0,0.8,0.9874999999999999,1.0,0.9,0.6666666666666666,0.8,0.9166666666666666
chb06,5,1,5,2,4,5,chb06_10.edf;chb06_18.edf,115,24,93,4,1,19,0,0.9874999999999999,3,1,19,1,0.75,0.9750000000000001,1.0,0.95,0.8,0.8888888888888888,0.9583333333333334
chb06,5,1,5,3,4,5,chb06_10.edf;chb06_18.edf,115,24,35,4,2,18,0,0.9874999999999999,4,2,18,0,0.8,0.9750000000000001,1.0,0.9,0.6666666666666666,0.8,0.9166666666666666
chb07,5,1,5,0,0,3,chb07_12.edf,225,102,37,17,6,79,0,1.0,17,6,79,0,0.85,1.0,1.0,0.9294117647058824,0.7391304347826086,0.85,0.9411764705882353
chb07,5,1,5,1,0,3,chb07_12.edf,225,102,36,17,5,80,0,1.0,17,6,79,0,0.85,1.0,1.0,0.9411764705882353,0.7727272727272727,0.8717948717948718,0.9509803921568627
chb07,5,1,5,2,0,3,chb07_12.edf,225,102,27,17,4,81,0,0.9986159169550173,17,3,82,0,0.918918918918919,0.9979238754325259,1.0,0.9529411764705882,0.8095238095238095,0.8947368421052632,0.9607843137254902
chb07,5,1,5,3,0,3,chb07_12.edf,225,102,26,17,4,81,0,1.0,17,4,81,0,0.8947368421052632,0.9979238754325259,1.0,0.9529411764705882,0.8095238095238095,0.8947368421052632,0.9607843137254902
chb07,5,1,5,0,1,3,chb07_13.edf,216,114,29,17,0,95,2,0.9994459833795013,17,0,95,2,0.9444444444444444,0.9994459833795013,0.8947368421052632,1.0,1.0,0.9444444444444444,0.9824561403508771
chb07,5,1,5,1,1,3,chb07_13.edf,216,114,18,17,0,95,2,0.997229916897507,15,0,95,4,0.8823529411764706,0.997229916897507,0.8947368421052632,1.0,1.0,0.9444444444444444,0.9824561403508771
chb07,5,1,5,2,1,3,chb07_13.edf,216,114,20,16,0,95,3,0.9966759002770084,15,0,95,4,0.8823529411764706,0.9983379501385042,0.8421052631578947,1.0,1.0,0.9142857142857143,0.9736842105263158
chb07,5,1,5,3,1,3,chb07_13.edf,216,114,34,17,0,95,2,0.9955678670360111,17,0,95,2,0.9444444444444444,0.997229916897507,0.8947368421052632,1.0,1.0,0.9444444444444444,0.9824561403508771
chb07,5,1,5,0,2,3,chb07_19.edf,172,168,86,16,3,137,12,0.9566326530612245,16,3,137,12,0.6808510638297872,0.9566326530612245,0.5714285714285714,0.9785714285714285,0.8421052631578947,0.6808510638297872,0.9107142857142857
chb07,5,1,5,1,2,3,chb07_19.edf,172,168,39,12,5,135,16,0.9323979591836735,12,4,136,16,0.5454545454545454,0.935204081632653,0.42857142857142855,0.9642857142857143,0.7058823529411765,0.5333333333333333,0.875
chb07,5,1,5,2,2,3,chb07_19.edf,172,168,33,13,5,135,15,0.9459183673469388,16,4,136,12,0.6666666666666666,0.9492346938775511,0.4642857142857143,0.9642857142857143,0.7222222222222222,0.5652173913043478,0.8809523809523809
chb07,5,1,5,3,2,3,chb07_19.edf,172,168,36,12,5,135,16,0.939795918367347,14,5,135,14,0.5957446808510638,0.9510204081632653,0.42857142857142855,0.9642857142857143,0.7058823529411765,0.5333333333333333,0.875
chb08,5,1,5,0,0,5,chb08_02.edf,710,204,11,33,24,146,1,0.9811418685121107,33,24,146,1,0.7252747252747253,0.9811418685121107,0.9705882352941176,0.8588235294117647,0.5789473684210527,0.7252747252747253,0.8774509803921569
chb08,5,1,5,1,0,5,chb08_02.edf,710,204,12,32,15,155,2,0.979757785467128,32,17,153,2,0.7710843373493976,0.9816608996539793,0.9411764705882353,0.9117647058823529,0.6808510638297872,0.7901234567901234,0.9166666666666666
chb08,5,1,5,2,0,5,chb08_02.edf,710,204,16,32,23,147,2,0.9832179930795848,33,23,147,1,0.7333333333333333,0.9842560553633217,0.9411764705882353,0.8647058823529412,0.5818181818181818,0.7191011235955056,0.8774509803921569
chb08,5,1,5,3,0,5,chb08_02.edf,710,204,7,32,19,151,2,0.9809688581314879,33,19,151,1,0.7674418604651163,0.9818339100346021,0.9411764705882353,0.888235294117647,0.6274509803921569,0.7529411764705882,0.8970588235294118
chb08,5,1,5,0,1,5,chb08_05.edf,691,228,41,31,42,148,7,0.9389196675900277,31,42,148,7,0.5585585585585585,0.9389196675900277,0.8157894736842105,0.7789473684210526,0.4246575342465753,0.5585585585585585,0.7850877192982456
chb08,5,1,5,1,1,5,chb08_05.edf,691,228,34,32,37,153,6,0.9217451523545707,30,40,150,8,0.5555555555555556,0.9167590027700832,0.8421052631578947,0.8052631578947368,0.463768115942029,0.5981308411214953,0.8114035087719298
chb08,5,1,5,2,1,5,chb08_05.edf,691,228,39,29,24,166,9,0.9270083102493074,30,22,168,8,0.6666666666666666,0.9234072022160664,0.7631578947368421,0.8736842105263158,0.5471698113207547,0.6373626373626373,0.8552631578947368
chb08,5,1,5,3,1,5,chb08_05.edf,691,228,29,31,32,158,7,0.9249307479224377,31,32,158,7,0.6138613861386139,0.9203601108033241,0.8157894736842105,0.8315789473684211,0.49206349206349204,0.6138613861386139,0.8289473684210527
chb08,5,1,5,0,2,5,chb08_11.edf,748,156,34,24,2,128,2,0.9923076923076923,24,2,128,2,0.9230769230769231,0.9923076923076923,0.9230769230769231,0.9846153846153847,0.9230769230769231,0.9230769230769231,0.9743589743589743
chb08,5,1,5,1,2,5,chb08_11.edf,748,156,18,24,4,126,2,0.9905325443786983,24,5,125,2,0.8727272727272727,0.9914201183431952,0.9230769230769231,0.9692307692307692,0.8571428571428571,0.8888888888888888,0.9615384615384616
chb08,5,1,5,2,2,5,chb08_11.edf,748,156,4,24,10,120,2,0.9834319526627219,24,12,118,2,0.7741935483870968,0.985207100591716,0.9230769230769231,0.9230769230769231,0.7058823529411765,0.8,0.9230769230769231
chb08,5,1,5,3,2,5,chb08_11.edf,748,156,7,24,7,123,2,0.98698224852071,24,8,122,2,0.8275862068965517,0.9866863905325444,0.9230769230769231,0.9461538461538461,0.7741935483870968,0.8421052631578947,0.9423076923076923
chb08,5,1,5,0,3,5,chb08_13.edf,720,192,45,30,2,158,2,0.9978515625000001,30,2,158,2,0.9375,0.9978515625000001,0.9375,0.9875,0.9375,0.9375,0.9791666666666666
chb08,5,1,5,1,3,5,chb08_13.edf,720,192,22,29,3,157,3,0.9943359375,30,2,158,2,0.9375,0.9962890625,0.90625,0.98125,0.90625,0.90625,0.96875
chb08,5,1,5,2,3,5,chb08_13.edf,720,192,20,29,3,157,3,0.9931640625,30,2,158,2,0.9375,0.993359375,0.90625,0.98125,0.90625,0.90625,0.96875
chb08,5,1,5,3,3,5,chb08_13.edf,720,192,20,29,6,154,3,0.9919921875000001,29,7,153,3,0.8529411764705882,0.9923828125,0.90625,0.9625,0.8285714285714286,0.8656716417910447,0.953125
chb08,5,1,5,0,4,5,chb08_21.edf,624,312,25,48,23,237,4,0.9669378698224853,48,23,237,4,0.7804878048780488,0.9669378698224853,0.9230769230769231,0.9115384615384615,0.676056338028169,0.7804878048780488,0.9134615384615384
chb08,5,1,5,1,4,5,chb08_21.edf,624,312,8,48,39,221,4,0.9618343195266272,48,41,219,4,0.6808510638297872,0.9607988165680474,0.9230769230769231,0.85,0.5517241379310345,0.6906474820143885,0.8621794871794872
chb08,5,1,5,2,4,5,chb08_21.edf,624,312,20,46,22,238,6,0.956360946745562,47,22,238,5,0.7768595041322314,0.9553994082840237,0.8846153846153846,0.9153846153846154,0.6764705882352942,0.7666666666666667,0.9102564102564102
chb08,5,1,5,3,4,5,chb08_21.edf,624,312,9,47,21,239,5,0.9651627218934912,47,20,240,5,0.7899159663865546,0.9644230769230769,0.9038461538461539,0.9192307692307692,0.6911764705882353,0.7833333333333333,0.9166666666666666
chb09,5,1,5,0,0,3,chb09_06.edf,196,72,62,10,5,55,2,0.9750000000000001,10,5,55,2,0.7407407407407407,0.9750000000000001,0.8333333333333334,0.9166666666666666,0.6666666666666666,0.7407407407407407,0.9027777777777778
chb09,5,1,5,1,0,3,chb09_06.edf,196,72,55,10,5,55,2,0.9777777777777779,10,4,56,2,0.7692307692307693,0.9805555555555555,0.8333333333333334,0.9166666666666666,0.6666666666666666,0.7407407407407407,0.9027777777777778
chb09,5,1,5,2,0,3,chb09_06.edf,196,72,66,10,7,53,2,0.9569444444444444,10,7,53,2,0.6896551724137931,0.9583333333333333,0.8333333333333334,0.8833333333333333,0.5882352941176471,0.6896551724137931,0.875
chb09,5,1,5,3,0,3,chb09_06.edf,196,72,44,10,5,55,2,0.9680555555555556,10,5,55,2,0.7407407407407407,0.9680555555555556,0.8333333333333334,0.9166666666666666,0.6666666666666666,0.7407407407407407,0.9027777777777778
chb09,5,1,5,0,1,3,chb09_08.edf,115,174,73,27,1,144,2,0.9985731272294887,27,1,144,2,0.9473684210526315,0.9985731272294887,0.9310344827586207,0.993103448275862,0.9642857142857143,0.9473684210526315,0.9827586206896551
chb09,5,1,5,1,1,3,chb09_08.edf,115,174,44,29,28,117,0,0.9954815695600475,29,26,119,0,0.6904761904761905,0.9961950059453033,1.0,0.8068965517241379,0.5087719298245614,0.6744186046511628,0.8390804597701149
chb09,5,1,5,2,1,3,chb09_08.edf,115,174,37,29,22,123,0,0.9992865636147443,29,25,120,0,0.6987951807228916,0.9992865636147443,1.0,0.8482758620689655,0.5686274509803921,0.725,0.8735632183908046
chb09,5,1,5,3,1,3,chb09_08.edf,115,174,42,29,21,124,0,0.9938168846611177,29,21,124,0,0.7341772151898734,0.997384066587396,1.0,0.8551724137931035,0.58,0.7341772151898734,0.8793103448275862
chb09,5,1,5,0,2,3,chb09_19.edf,196,72,91,11,1,59,1,0.9472222222222222,11,1,59,1,0.9166666666666666,0.9472222222222222,0.9166666666666666,0.9833333333333333,0.9166666666666666,0.9166666666666666,0.9722222222222222
chb09,5,1,5,1,2,3,chb09_19.edf,196,72,66,11,2,58,1,0.9166666666666666,11,2,58,1,0.88,0.9138888888888889,0.9166666666666666,0.9666666666666667,0.8461538461538461,0.88,0.9583333333333334
chb09,5,1,5,2,2,3,chb09_19.edf,196,72,53,11,3,57,1,0.9138888888888889,11,3,57,1,0.8461538461538461,0.9138888888888889,0.9166666666666666,0.95,0.7857142857142857,0.8461538461538461,0.9444444444444444
chb09,5,1,5,3,2,3,chb09_19.edf,196,72,38,8,0,60,4,0.9166666666666666,8,0,60,4,0.8,0.9152777777777776,0.6666666666666666,1.0,1.0,0.8,0.9444444444444444
chb10,5,1,5,0,0,5,chb10_38.edf,336,102,28,17,0,85,0,1.0,17,0,85,0,1.0,1.0,1.0,1.0,1.0,1.0,1.0
chb10,5,1,5,1,0,5,chb10_38.edf,336,102,28,15,0,85,2,0.9979238754325259,16,0,85,1,0.9696969696969697,0.9972318339100346,0.8823529411764706,1.0,1.0,0.9375,0.9803921568627451
chb10,5,1,5,2,0,5,chb10_38.edf,336,102,21,15,1,84,2,0.9958477508650518,16,1,84,1,0.9411764705882353,0.9951557093425606,0.8823529411764706,0.9882352941176471,0.9375,0.9090909090909091,0.9705882352941176
chb10,5,1,5,3,0,5,chb10_38.edf,336,102,20,12,0,85,5,0.9965397923875432,14,0,85,3,0.9032258064516129,0.995847750865052,0.7058823529411765,1.0,1.0,0.8275862068965517,0.9509803921568627
chb10,5,1,5,0,1,5,chb10_27.edf,355,78,30,13,0,65,0,1.0,13,0,65,0,1.0,1.0,1.0,1.0,1.0,1.0,1.0
chb10,5,1,5,1,1,5,chb10_27.edf,355,78,18,13,0,65,0,1.0,13,0,65,0,1.0,1.0,1.0,1.0,1.0,1.0,1.0
chb10,5,1,5,2,1,5,chb10_27.edf,355,78,19,13,0,65,0,1.0,13,0,65,0,1.0,1.0,1.0,1.0,1.0,1.0,1.0
chb10,5,1,5,3,1,5,chb10_27.edf,355,78,45,13,0,65,0,1.0,13,0,65,0,1.0,1.0,1.0,1.0,1.0,1.0,1.0
chb10,5,1,5,0,2,5,chb10_89.edf,369,60,27,10,0,50,0,1.0,10,0,50,0,1.0,1.0,1.0,1.0,1.0,1.0,1.0
chb10,5,1,5,1,2,5,chb10_89.edf,369,60,13,10,3,47,0,0.996,10,2,48,0,0.9090909090909091,0.996,1.0,0.94,0.7692307692307693,0.8695652173913043,0.95
chb10,5,1,5,2,2,5,chb10_89.edf,369,60,13,10,1,49,0,1.0,10,0,50,0,1.0,1.0,1.0,0.98,0.9090909090909091,0.9523809523809523,0.9833333333333333
chb10,5,1,5,3,2,5,chb10_89.edf,369,60,13,10,2,48,0,1.0,10,1,49,0,0.9523809523809523,1.0,1.0,0.96,0.8333333333333334,0.9090909090909091,0.9666666666666667
chb10,5,1,5,0,3,5,chb10_20.edf;chb10_31.edf,278,174,24,28,17,128,1,0.9869203329369798,28,17,128,1,0.7567567567567568,0.9869203329369798,0.9655172413793104,0.8827586206896552,0.6222222222222222,0.7567567567567568,0.896551724137931
chb10,5,1,5,1,3,5,chb10_20.edf;chb10_31.edf,278,174,19,29,26,119,0,0.9957193816884661,29,24,121,0,0.7073170731707317,0.9959571938168846,1.0,0.8206896551724138,0.5272727272727272,0.6904761904761905,0.8505747126436781
chb10,5,1,5,2,3,5,chb10_20.edf;chb10_31.edf,278,174,22,29,14,131,0,0.9964328180737217,29,12,133,0,0.8285714285714286,0.9957193816884661,1.0,0.903448275862069,0.6744186046511628,0.8055555555555556,0.9195402298850575
chb10,5,1,5,3,3,5,chb10_20.edf;chb10_31.edf,278,174,14,29,13,132,0,0.9983353151010701,29,11,134,0,0.8405797101449275,0.9969084423305589,1.0,0.9103448275862069,0.6904761904761905,0.8169014084507042,0.9252873563218391
chb10,5,1,5,0,4,5,chb10_12.edf;chb10_30.edf,331,108,32,18,0,90,0,1.0,18,0,90,0,1.0,1.0,1.0,1.0,1.0,1.0,1.0
chb10,5,1,5,1,4,5,chb10_12.edf;chb10_30.edf,331,108,23,17,0,90,1,1.0,17,0,90,1,0.9714285714285714,1.0,0.9444444444444444,1.0,1.0,0.9714285714285714,0.9907407407407407
chb10,5,1,5,2,4,5,chb10_12.edf;chb10_30.edf,331,108,21,18,0,90,0,1.0,17,1,89,1,0.9444444444444444,0.9993827160493828,1.0,1.0,1.0,1.0,1.0
chb10,5,1,5,3,4,5,chb10_12.edf;chb10_30.edf,331,108,33,17,0,90,1,1.0,16,0,90,2,0.9411764705882353,1.0,0.9444444444444444,1.0,1.0,0.9714285714285714,0.9907407407407407
chb11,5,1,5,0,0,3,chb11_82.edf,484,24,59,4,0,20,0,1.0,4,0,20,0,1.0,1.0,1.0,1.0,1.0,1.0,1.0
chb11,5,1,5,1,0,3,chb11_82.edf,484,24,29,4,0,20,0,1.0,4,0,20,0,1.0,1.0,1.0,1.0,1.0,1.0,1.0
chb11,5,1,5,2,0,3,chb11_82.edf,484,24,38,4,0,20,0,1.0,4,0,20,0,1.0,1.0,1.0,1.0,1.0,1.0,1.0
chb11,5,1,5,3,0,3,chb11_82.edf,484,24,27,4,0,20,0,1.0,4,0,20,0,1.0,1.0,1.0,1.0,1.0,1.0,1.0
chb11,5,1,5,0,1,3,chb11_92.edf,475,36,20,6,0,30,0,1.0,6,0,30,0,1.0,1.0,1.0,1.0,1.0,1.0,1.0
chb11,5,1,5,1,1,3,chb11_92.edf,475,36,14,6,0,30,0,1.0,6,0,30,0,1.0,1.0,1.0,1.0,1.0,1.0,1.0
chb11,5,1,5,2,1,3,chb11_92.edf,475,36,16,6,0,30,0,1.0,6,0,30,0,1.0,1.0,1.0,1.0,1.0,1.0,1.0
chb11,5,1,5,3,1,3,chb11_92.edf,475,36,14,6,0,30,0,1.0,6,0,30,0,1.0,1.0,1.0,1.0,1.0,1.0,1.0
chb11,5,1,5,0,2,3,chb11_99.edf,48,570,99,117,30,390,33,0.9511111111111111,117,30,390,33,0.7878787878787878,0.9511111111111111,0.78,0.9285714285714286,0.7959183673469388,0.7878787878787878,0.8894736842105263
chb11,5,1,5,1,2,3,chb11_99.edf,48,570,80,108,26,394,42,0.9367777777777779,107,25,395,43,0.7588652482269503,0.936015873015873,0.72,0.9380952380952381,0.8059701492537313,0.7605633802816901,0.8807017543859649
chb11,5,1,5,2,2,3,chb11_99.edf,48,570,50,112,36,384,38,0.9398253968253969,110,34,386,40,0.7482993197278912,0.9395714285714285,0.7466666666666667,0.9142857142857143,0.7567567567567568,0.7516778523489933,0.8701754385964913
chb11,5,1,5,3,2,3,chb11_99.edf,48,570,52,131,70,350,19,0.9397619047619048,131,72,348,19,0.7422096317280453,0.9395555555555556,0.8733333333333333,0.8333333333333334,0.6517412935323383,0.7464387464387464,0.843859649122807
chb12,5,1,5,0,0,5,chb12_08.edf,835,90,98,13,0,75,2,0.992,13,0,75,2,0.9285714285714286,0.992,0.8666666666666667,1.0,1.0,0.9285714285714286,0.9777777777777777
chb12,5,1,5,1,0,5,chb12_08.edf,835,90,38,13,1,74,2,0.9662222222222223,13,0,75,2,0.9285714285714286,0.9635555555555555,0.8666666666666667,0.9866666666666667,0.9285714285714286,0.896551724137931,0.9666666666666667
chb12,5,1,5,2,0,5,chb12_08.edf,835,90,21,12,0,75,3,0.9546666666666666,10,0,75,5,0.8,0.9546666666666667,0.8,1.0,1.0,0.8888888888888888,0.9666666666666667
chb12,5,1,5,3,0,5,chb12_08.edf,835,90,49,13,0,75,2,0.9431111111111111,12,0,75,3,0.8888888888888888,0.9351111111111111,0.8666666666666667,1.0,1.0,0.9285714285714286,0.9777777777777777
chb12,5,1,5,0,1,5,chb12_10.edf;chb12_23.edf,628,348,51,39,1,289,19,0.9530915576694412,39,1,289,19,0.7959183673469388,0.9530915576694412,0.6724137931034483,0.996551724137931,0.975,0.7959183673469388,0.9425287356321839
chb12,5,1,5,1,1,5,chb12_10.edf;chb12_23.edf,628,348,22,47,24,266,11,0.9425683709869204,47,24,266,11,0.7286821705426356,0.9407847800237812,0.8103448275862069,0.9172413793103448,0.6619718309859155,0.7286821705426356,0.8994252873563219
chb12,5,1,5,2,1,5,chb12_10.edf;chb12_23.edf,628,348,38,43,9,281,15,0.9381093935790725,43,9,281,15,0.7818181818181819,0.9372770511296077,0.7413793103448276,0.9689655172413794,0.8269230769230769,0.7818181818181819,0.9310344827586207
chb12,5,1,5,3,1,5,chb12_10.edf;chb12_23.edf,628,348,27,47,14,276,11,0.9412604042806183,45,12,278,13,0.782608695652174,0.939833531510107,0.8103448275862069,0.9517241379310345,0.7704918032786885,0.7899159663865546,0.9281609195402298
chb12,5,1,5,0,2,5,chb12_42.edf,768,174,32,28,5,140,1,0.9885850178359097,28,5,140,1,0.9032258064516129,0.9885850178359097,0.9655172413793104,0.9655172413793104,0.8484848484848485,0.9032258064516129,0.9655172413793104
chb12,5,1,5,1,2,5,chb12_42.edf,768,174,24,27,8,137,2,0.9816884661117717,28,5,140,1,0.9032258064516129,0.9864447086801427,0.9310344827586207,0.9448275862068966,0.7714285714285715,0.84375,0.9425287356321839
chb12,5,1,5,2,2,5,chb12_42.edf,768,174,30,26,8,137,3,0.9814506539833532,25,7,138,4,0.819672131147541,0.9809750297265161,0.896551724137931,0.9448275862068966,0.7647058823529411,0.8253968253968254,0.9367816091954023
chb12,5,1,5,3,2,5,chb12_42.edf,768,174,17,25,16,129,4,0.9697978596908442,25,13,132,4,0.746268656716418,0.9676575505350773,0.8620689655172413,0.8896551724137931,0.6097560975609756,0.7142857142857143,0.8850574712643678
chb12,5,1,5,0,3,5,chb12_06.edf;chb12_09.edf;chb12_38.edf,585,402,77,59,8,327,8,0.9798173312541769,59,8,327,8,0.8805970149253731,0.9798173312541769,0.8805970149253731,0.9761194029850746,0.8805970149253731,0.8805970149253731,0.9601990049751243
chb12,5,1,5,1,3,5,chb12_06.edf;chb12_09.edf;chb12_38.edf,585,402,49,55,11,324,12,0.9666295388728001,55,10,325,12,0.8333333333333334,0.9625751837825797,0.8208955223880597,0.9671641791044776,0.8333333333333334,0.8270676691729323,0.9427860696517413
chb12,5,1,5,2,3,5,chb12_06.edf;chb12_09.edf;chb12_38.edf,585,402,48,57,13,322,10,0.9666295388728001,56,10,325,11,0.8421052631578947,0.9655157050568056,0.8507462686567164,0.9611940298507463,0.8142857142857143,0.8321167883211679,0.9427860696517413
chb12,5,1,5,3,3,5,chb12_06.edf;chb12_09.edf;chb12_38.edf,585,402,50,58,19,316,9,0.9627088438404989,57,20,315,10,0.7916666666666666,0.9581198485186011,0.8656716417910447,0.9432835820895522,0.7532467532467533,0.8055555555555556,0.9303482587064676
chb12,5,1,5,0,4,5,chb12_11.edf;chb12_33.edf;chb12_36.edf,811,120,60,17,0,100,3,0.965,17,0,100,3,0.918918918918919,0.965,0.85,1.0,1.0,0.918918918918919,0.975
chb12,5,1,5,1,4,5,chb12_11.edf;chb12_33.edf;chb12_36.edf,811,120,33,17,3,97,3,0.9215,15,2,98,5,0.8108108108108109,0.909,0.85,0.97,0.85,0.85,0.95
chb12,5,1,5,2,4,5,chb12_11.edf;chb12_33.edf;chb12_36.edf,811,120,38,15,2,98,5,0.914,15,3,97,5,0.7894736842105263,0.903,0.75,0.98,0.8823529411764706,0.8108108108108109,0.9416666666666667
chb12,5,1,5,3,4,5,chb12_11.edf;chb12_33.edf;chb12_36.edf,811,120,38,15,2,98,5,0.9105,15,2,98,5,0.8108108108108109,0.9,0.75,0.98,0.8823529411764706,0.8108108108108109,0.9416666666666667
chb13,5,1,5,0,0,5,chb13_19.edf,369,48,29,8,0,40,0,1.0,8,0,40,0,1.0,1.0,1.0,1.0,1.0,1.0,1.0
chb13,5,1,5,1,0,5,chb13_19.edf,369,48,28,8,2,38,0,1.0,8,1,39,0,0.9411764705882353,1.0,1.0,0.95,0.8,0.8888888888888888,0.9583333333333334
chb13,5,1,5,2,0,5,chb13_19.edf,369,48,13,8,1,39,0,1.0,8,1,39,0,0.9411764705882353,1.0,1.0,0.975,0.8888888888888888,0.9411764705882353,0.9791666666666666
chb13,5,1,5,3,0,5,chb13_19.edf,369,48,26,8,5,35,0,1.0,8,3,37,0,0.8421052631578947,1.0,1.0,0.875,0.6153846153846154,0.7619047619047619,0.8958333333333334
chb13,5,1,5,0,1,5,chb13_55.edf,374,42,29,3,1,34,4,0.946938775510204,3,1,34,4,0.5454545454545454,0.946938775510204,0.42857142857142855,0.9714285714285714,0.75,0.5454545454545454,0.8809523809523809
chb13,5,1,5,1,1,5,chb13_55.edf,374,42,38,4,2,33,3,0.9714285714285714,5,1,34,2,0.7692307692307693,0.9714285714285714,0.5714285714285714,0.9428571428571428,0.6666666666666666,0.6153846153846154,0.8809523809523809
chb13,5,1,5,2,1,5,chb13_55.edf,374,42,32,5,2,33,2,0.9673469387755101,5,2,33,2,0.7142857142857143,0.9591836734693877,0.7142857142857143,0.9428571428571428,0.7142857142857143,0.7142857142857143,0.9047619047619048
chb13,5,1,5,3,1,5,chb13_55.edf,374,42,24,5,2,33,2,0.963265306122449,5,2,33,2,0.7142857142857143,0.9551020408163265,0.7142857142857143,0.9428571428571428,0.7142857142857143,0.7142857142857143,0.9047619047619048
chb13,5,1,5,0,2,5,chb13_62.edf,230,222,25,23,9,176,14,0.6848794740686632,23,9,176,14,0.6666666666666666,0.6848794740686632,0.6216216216216216,0.9513513513513514,0.71875,0.6666666666666666,0.8963963963963963
chb13,5,1,5,1,2,5,chb13_62.edf,230,222,16,23,11,174,14,0.6968590211833455,23,12,173,14,0.6388888888888888,0.6986121256391526,0.6216216216216216,0.9405405405405406,0.6764705882352942,0.647887323943662,0.8873873873873874
chb13,5,1,5,2,2,5,chb13_62.edf,230,222,23,23,14,171,14,0.685609934258583,23,15,170,14,0.6133333333333333,0.6823959094229365,0.6216216216216216,0.9243243243243243,0.6216216216216216,0.6216216216216216,0.8738738738738738
chb13,5,1,5,3,2,5,chb13_62.edf,230,222,27,23,13,172,14,0.6879474068663258,23,11,174,14,0.647887323943662,0.6870708546384223,0.6216216216216216,0.9297297297297298,0.6388888888888888,0.6301369863013698,0.8783783783783784
chb13,5,1,5,0,3,5,chb13_58.edf;chb13_59.edf,336,90,21,14,6,69,1,0.9777777777777777,14,6,69,1,0.8,0.9777777777777777,0.9333333333333333,0.92,0.7,0.8,0.9222222222222223
chb13,5,1,5,1,3,5,chb13_58.edf;chb13_59.edf,336,90,17,14,14,61,1,0.976,14,15,60,1,0.6363636363636364,0.976,0.9333333333333333,0.8133333333333334,0.5,0.6511627906976745,0.8333333333333334
chb13,5,1,5,2,3,5,chb13_58.edf;chb13_59.edf,336,90,26,14,9,66,1,0.9786666666666667,14,10,65,1,0.717948717948718,0.9742222222222223,0.9333333333333333,0.88,0.6086956521739131,0.7368421052631579,0.8888888888888888
chb13,5,1,5,3,3,5,chb13_58.edf;chb13_59.edf,336,90,16,14,8,67,1,0.9768888888888889,14,9,66,1,0.7368421052631579,0.976,0.9333333333333333,0.8933333333333333,0.6363636363636364,0.7567567567567568,0.9
chb13,5,1,5,0,4,5,chb13_21.edf;chb13_60.edf,321,108,44,12,2,88,6,0.9783950617283951,12,2,88,6,0.75,0.9783950617283951,0.6666666666666666,0.9777777777777777,0.8571428571428571,0.75,0.9259259259259259
chb13,5,1,5,1,4,5,chb13_21.edf;chb13_60.edf,321,108,30,11,1,89,7,0.9679012345679012,11,1,89,7,0.7333333333333333,0.9654320987654321,0.6111111111111112,0.9888888888888889,0.9166666666666666,0.7333333333333333,0.9259259259259259
chb13,5,1,5,2,4,5,chb13_21.edf;chb13_60.edf,321,108,58,11,1,89,7,0.971604938271605,11,0,90,7,0.7586206896551724,0.9648148148148148,0.6111111111111112,0.9888888888888889,0.9166666666666666,0.7333333333333333,0.9259259259259259
chb13,5,1,5,3,4,5,chb13_21.edf;chb13_60.edf,321,108,79,11,1,89,7,0.9777777777777777,11,0,90,7,0.7586206896551724,0.9734567901234568,0.6111111111111112,0.9888888888888889,0.9166666666666666,0.7333333333333333,0.9259259259259259
chb14,5,1,5,0,0,5,chb14_11.edf,110,48,22,3,0,40,5,1.0,3,0,40,5,0.5454545454545454,1.0,0.375,1.0,1.0,0.5454545454545454,0.8958333333333334
chb14,5,1,5,1,0,5,chb14_11.edf,110,48,46,7,0,40,1,1.0,7,0,40,1,0.9333333333333333,1.0,0.875,1.0,1.0,0.9333333333333333,0.9791666666666666
chb14,5,1,5,2,0,5,chb14_11.edf,110,48,62,4,0,40,4,1.0,4,0,40,4,0.6666666666666666,1.0,0.5,1.0,1.0,0.6666666666666666,0.9166666666666666
chb14,5,1,5,3,0,5,chb14_11.edf,110,48,53,4,0,40,4,1.0,5,0,40,3,0.7692307692307693,1.0,0.5,1.0,1.0,0.6666666666666666,0.9166666666666666
chb14,5,1,5,0,1,5,chb14_18.edf,129,24,54,4,1,19,0,1.0,4,1,19,0,0.8888888888888888,1.0,1.0,0.95,0.8,0.8888888888888888,0.9583333333333334
chb14,5,1,5,1,1,5,chb14_18.edf,129,24,26,4,1,19,0,1.0,4,1,19,0,0.8888888888888888,1.0,1.0,0.95,0.8,0.8888888888888888,0.9583333333333334
chb14,5,1,5,2,1,5,chb14_18.edf,129,24,19,4,0,20,0,1.0,4,0,20,0,1.0,1.0,1.0,1.0,1.0,1.0,1.0
chb14,5,1,5,3,1,5,chb14_18.edf,129,24,39,4,0,20,0,1.0,4,0,20,0,1.0,1.0,1.0,1.0,1.0,1.0,1.0
chb14,5,1,5,0,2,5,chb14_06.edf,139,12,20,2,3,7,0,0.9500000000000001,2,3,7,0,0.5714285714285714,0.9500000000000001,1.0,0.7,0.4,0.5714285714285714,0.75
chb14,5,1,5,1,2,5,chb14_06.edf,139,12,22,2,3,7,0,0.9500000000000001,2,3,7,0,0.5714285714285714,0.9500000000000001,1.0,0.7,0.4,0.5714285714285714,0.75
chb14,5,1,5,2,2,5,chb14_06.edf,139,12,34,2,4,6,0,0.9500000000000001,2,4,6,0,0.5,0.9500000000000001,1.0,0.6,0.3333333333333333,0.5,0.6666666666666666
chb14,5,1,5,3,2,5,chb14_06.edf,139,12,18,2,4,6,0,1.0,2,4,6,0,0.5,1.0,1.0,0.6,0.3333333333333333,0.5,0.6666666666666666
chb14,5,1,5,0,3,5,chb14_17.edf;chb14_27.edf,115,42,46,5,0,35,2,0.9795918367346939,5,0,35,2,0.8333333333333334,0.9795918367346939,0.7142857142857143,1.0,1.0,0.8333333333333334,0.9523809523809523
chb14,5,1,5,1,3,5,chb14_17.edf;chb14_27.edf,115,42,39,5,1,34,2,0.9795918367346939,5,1,34,2,0.7692307692307693,0.9836734693877551,0.7142857142857143,0.9714285714285714,0.8333333333333334,0.7692307692307693,0.9285714285714286
chb14,5,1,5,2,3,5,chb14_17.edf;chb14_27.edf,115,42,31,6,1,34,1,0.9836734693877551,6,1,34,1,0.8571428571428571,0.9877551020408163,0.8571428571428571,0.9714285714285714,0.8571428571428571,0.8571428571428571,0.9523809523809523
chb14,5,1,5,3,3,5,chb14_17.edf;chb14_27.edf,115,42,43,5,1,34,2,0.9877551020408163,6,1,34,1,0.8571428571428571,0.9918367346938776,0.7142857142857143,0.9714285714285714,0.8333333333333334,0.7692307692307693,0.9285714285714286
chb14,5,1,5,0,4,5,chb14_03.edf;chb14_04.edf,100,60,41,10,0,50,0,1.0,10,0,50,0,1.0,1.0,1.0,1.0,1.0,1.0,1.0
chb14,5,1,5,1,4,5,chb14_03.edf;chb14_04.edf,100,60,30,10,1,49,0,1.0,10,0,50,0,1.0,1.0,1.0,0.98,0.9090909090909091,0.9523809523809523,0.9833333333333333
chb14,5,1,5,2,4,5,chb14_03.edf;chb14_04.edf,100,60,74,10,0,50,0,1.0,10,0,50,0,1.0,1.0,1.0,1.0,1.0,1.0,1.0
chb14,5,1,5,3,4,5,chb14_03.edf;chb14_04.edf,100,60,51,10,0,50,0,1.0,10,0,50,0,1.0,1.0,1.0,1.0,1.0,1.0,1.0
chb15,5,1,5,0,0,5,chb15_62.edf,1790,126,60,21,0,105,0,1.0,21,0,105,0,1.0,1.0,1.0,1.0,1.0,1.0,1.0
chb15,5,1,5,1,0,5,chb15_62.edf,1790,126,20,21,2,103,0,1.0,21,1,104,0,0.9767441860465116,1.0,1.0,0.9809523809523809,0.9130434782608695,0.9545454545454546,0.9841269841269841
chb15,5,1,5,2,0,5,chb15_62.edf,1790,126,28,21,1,104,0,1.0,21,0,105,0,1.0,1.0,1.0,0.9904761904761905,0.9545454545454546,0.9767441860465116,0.9920634920634921
chb15,5,1,5,3,0,5,chb15_62.edf,1790,126,15,21,0,105,0,1.0,20,1,104,1,0.9523809523809523,0.9995464852607711,1.0,1.0,1.0,1.0,1.0
chb15,5,1,5,0,1,5,chb15_15.edf;chb15_40.edf;chb15_54.edf,1132,948,37,147,17,773,11,0.9952731933984938,147,17,773,11,0.9130434782608695,0.9952731933984938,0.930379746835443,0.9784810126582278,0.8963414634146342,0.9130434782608695,0.9704641350210971
chb15,5,1,5,1,1,5,chb15_15.edf;chb15_40.edf;chb15_54.edf,1132,948,26,149,22,768,9,0.9942076590290018,148,23,767,10,0.8996960486322189,0.9946162473962505,0.9430379746835443,0.9721518987341772,0.8713450292397661,0.9057750759878419,0.9672995780590717
chb15,5,1,5,2,1,5,chb15_15.edf;chb15_40.edf;chb15_54.edf,1132,948,6,148,18,772,10,0.9926053517064574,149,21,769,9,0.9085365853658537,0.9929418362441916,0.9367088607594937,0.9772151898734177,0.891566265060241,0.9135802469135802,0.9704641350210971
chb15,5,1,5,3,1,5,chb15_15.edf;chb15_40.edf;chb15_54.edf,1132,948,13,150,26,764,8,0.9916359557763179,150,26,764,8,0.8982035928143712,0.9923569940714629,0.9493670886075949,0.9670886075949368,0.8522727272727273,0.8982035928143712,0.9641350210970464
chb15,5,1,5,0,2,5,chb15_10.edf;chb15_17.edf;chb15_52.edf,1761,162,62,27,0,135,0,1.0,27,0,135,0,1.0,1.0,1.0,1.0,1.0,1.0,1.0
chb15,5,1,5,1,2,5,chb15_10.edf;chb15_17.edf;chb15_52.edf,1761,162,21,26,4,131,1,0.9958847736625515,26,3,132,1,0.9285714285714286,0.9975308641975309,0.9629629629629629,0.9703703703703703,0.8666666666666667,0.9122807017543859,0.9691358024691358
chb15,5,1,5,2,2,5,chb15_10.edf;chb15_17.edf;chb15_52.edf,1761,162,11,26,2,133,1,0.9989026063100137,26,2,133,1,0.9454545454545454,0.9983539094650207,0.9629629629629629,0.9851851851851852,0.9285714285714286,0.9454545454545454,0.9814814814814815
chb15,5,1,5,3,2,5,chb15_10.edf;chb15_17.edf;chb15_52.edf,1761,162,24,26,2,133,1,0.9958847736625513,26,2,133,1,0.9454545454545454,0.9969821673525378,0.9629629629629629,0.9851851851851852,0.9285714285714286,0.9454545454545454,0.9814814814814815
chb15,5,1,5,0,3,5,chb15_20.edf;chb15_28.edf;chb15_46.edf,1555,420,54,68,2,348,2,0.9987755102040816,68,2,348,2,0.9714285714285714,0.9987755102040816,0.9714285714285714,0.9942857142857143,0.9714285714285714,0.9714285714285714,0.9904761904761905
chb15,5,1,5,1,3,5,chb15_20.edf;chb15_28.edf;chb15_46.edf,1555,420,19,67,7,343,3,0.9944897959183674,68,8,342,2,0.9315068493150684,0.992408163265306,0.9571428571428572,0.98,0.9054054054054054,0.9305555555555556,0.9761904761904762
chb15,5,1,5,2,3,5,chb15_20.edf;chb15_28.edf;chb15_46.edf,1555,420,30,68,6,344,2,0.9930204081632653,67,5,345,3,0.9436619718309859,0.9922448979591837,0.9714285714285714,0.9828571428571429,0.918918918918919,0.9444444444444444,0.9809523809523809
chb15,5,1,5,3,3,5,chb15_20.edf;chb15_28.edf;chb15_46.edf,1555,420,18,65,7,343,5,0.9899183673469387,64,7,343,6,0.9078014184397163,0.9897959183673468,0.9285714285714286,0.98,0.9027777777777778,0.9154929577464789,0.9714285714285714
chb15,5,1,5,0,4,5,chb15_06.edf;chb15_22.edf;chb15_31.edf;chb15_49.edf,1324,708,49,101,0,590,17,0.997515081873025,101,0,590,17,0.9223744292237442,0.997515081873025,0.8559322033898306,1.0,1.0,0.9223744292237442,0.9759887005649718
chb15,5,1,5,1,4,5,chb15_06.edf;chb15_22.edf;chb15_31.edf;chb15_49.edf,1324,708,38,108,3,587,10,0.9943694340706692,109,1,589,9,0.956140350877193,0.9952168916977879,0.9152542372881356,0.9949152542372881,0.972972972972973,0.9432314410480349,0.981638418079096
chb15,5,1,5,2,4,5,chb15_06.edf;chb15_22.edf;chb15_31.edf;chb15_49.edf,1324,708,10,109,6,584,9,0.9889112324044815,110,9,581,8,0.9282700421940928,0.9904768744613617,0.923728813559322,0.9898305084745763,0.9478260869565217,0.9356223175965666,0.9788135593220338
chb15,5,1,5,3,4,5,chb15_06.edf;chb15_22.edf;chb15_31.edf;chb15_49.edf,1324,708,31,110,3,587,8,0.9950301637460499,112,3,587,6,0.9613733905579399,0.9946710715311693,0.9322033898305084,0.9949152542372881,0.9734513274336283,0.9523809523809523,0.9844632768361582
chb16,5,1,5,0,0,5,chb16_10.edf,38,6,4,0,0,5,1,1.0,0,0,5,1,0.0,1.0,0.0,1.0,,0.0,0.8333333333333334
chb16,5,1,5,1,0,5,chb16_10.edf,38,6,1,0,0,5,1,0.19999999999999996,0,0,5,1,0.0,0.19999999999999996,0.0,1.0,,0.0,0.8333333333333334
chb16,5,1,5,2,0,5,chb16_10.edf,38,6,6,0,0,5,1,1.0,0,0,5,1,0.0,1.0,0.0,1.0,,0.0,0.8333333333333334
chb16,5,1,5,3,0,5,chb16_10.edf,38,6,0,0,0,5,1,0.8,0,0,5,1,0.0,0.4,0.0,1.0,,0.0,0.8333333333333334
chb16,5,1,5,0,1,5,chb16_11.edf,38,6,46,1,0,5,0,1.0,1,0,5,0,1.0,1.0,1.0,1.0,1.0,1.0,1.0
chb16,5,1,5,1,1,5,chb16_11.edf,38,6,77,1,0,5,0,1.0,1,0,5,0,1.0,1.0,1.0,1.0,1.0,1.0,1.0
chb16,5,1,5,2,1,5,chb16_11.edf,38,6,38,1,0,5,0,1.0,1,0,5,0,1.0,1.0,1.0,1.0,1.0,1.0,1.0
chb16,5,1,5,3,1,5,chb16_11.edf,38,6,61,1,0,5,0,1.0,1,0,5,0,1.0,1.0,1.0,1.0,1.0,1.0,1.0
chb16,5,1,5,0,2,5,chb16_14.edf,33,12,71,0,2,8,2,0.4,0,2,8,2,0.0,0.4,0.0,0.8,0.0,0.0,0.6666666666666666
chb16,5,1,5,1,2,5,chb16_14.edf,33,12,56,0,3,7,2,0.15000000000000002,0,4,6,2,0.0,0.2,0.0,0.7,0.0,0.0,0.5833333333333334
chb16,5,1,5,2,2,5,chb16_14.edf,33,12,63,0,5,5,2,0.25,1,5,5,1,0.25,0.35,0.0,0.5,0.0,0.0,0.4166666666666667
chb16,5,1,5,3,2,5,chb16_14.edf,33,12,64,0,2,8,2,0.2,0,2,8,2,0.0,0.4,0.0,0.8,0.0,0.0,0.6666666666666666
chb16,5,1,5,0,3,5,chb16_16.edf,38,6,24,0,0,5,1,0.8,0,0,5,1,0.0,0.8,0.0,1.0,,0.0,0.8333333333333334
chb16,5,1,5,1,3,5,chb16_16.edf,38,6,45,1,1,4,0,1.0,1,1,4,0,0.6666666666666666,1.0,1.0,0.8,0.5,0.6666666666666666,0.8333333333333334
chb16,5,1,5,2,3,5,chb16_16.edf,38,6,31,1,0,5,0,1.0,1,0,5,0,1.0,1.0,1.0,1.0,1.0,1.0,1.0
chb16,5,1,5,3,3,5,chb16_16.edf,38,6,48,1,1,4,0,1.0,1,1,4,0,0.6666666666666666,1.0,1.0,0.8,0.5,0.6666666666666666,0.8333333333333334
chb16,5,1,5,0,4,5,chb16_17.edf,24,24,10,0,0,20,4,0.675,0,0,20,4,0.0,0.675,0.0,1.0,,0.0,0.8333333333333334
chb16,5,1,5,1,4,5,chb16_17.edf,24,24,26,0,1,19,4,0.5625,0,1,19,4,0.0,0.5875,0.0,0.95,0.0,0.0,0.7916666666666666
chb16,5,1,5,2,4,5,chb16_17.edf,24,24,11,0,0,20,4,0.8500000000000001,0,0,20,4,0.0,0.8625,0.0,1.0,,0.0,0.8333333333333334
chb16,5,1,5,3,4,5,chb16_17.edf,24,24,15,0,0,20,4,0.6625,0,0,20,4,0.0,0.5875,0.0,1.0,,0.0,0.8333333333333334
chb17,5,1,5,0,0,3,chb17a_03.edf,192,108,35,16,2,88,2,0.9919753086419753,16,2,88,2,0.8888888888888888,0.9919753086419753,0.8888888888888888,0.9777777777777777,0.8888888888888888,0.8888888888888888,0.9629629629629629
chb17,5,1,5,1,0,3,chb17a_03.edf,192,108,61,15,2,88,3,0.9864197530864197,15,3,87,3,0.8333333333333334,0.9858024691358024,0.8333333333333334,0.9777777777777777,0.8823529411764706,0.8571428571428571,0.9537037037037037
chb17,5,1,5,2,0,3,chb17a_03.edf,192,108,61,15,1,89,3,0.9981481481481482,15,0,90,3,0.9090909090909091,0.9962962962962962,0.8333333333333334,0.9888888888888889,0.9375,0.8823529411764706,0.9629629629629629
chb17,5,1,5,3,0,3,chb17a_03.edf,192,108,94,17,1,89,1,0.9981481481481482,15,1,89,3,0.8823529411764706,0.9981481481481482,0.9444444444444444,0.9888888888888889,0.9444444444444444,0.9444444444444444,0.9814814814814815
chb17,5,1,5,0,1,3,chb17a_04.edf,168,138,34,23,1,114,0,0.9996219281663516,23,1,114,0,0.9787234042553191,0.9996219281663516,1.0,0.991304347826087,0.9583333333333334,0.9787234042553191,0.9927536231884058
chb17,5,1,5,1,1,3,chb17a_04.edf,168,138,33,23,1,114,0,0.9996219281663516,23,1,114,0,0.9787234042553191,0.9992438563327033,1.0,0.991304347826087,0.9583333333333334,0.9787234042553191,0.9927536231884058
chb17,5,1,5,2,1,3,chb17a_04.edf,168,138,26,23,1,114,0,0.9988657844990548,23,1,114,0,0.9787234042553191,0.9981096408317581,1.0,0.991304347826087,0.9583333333333334,0.9787234042553191,0.9927536231884058
chb17,5,1,5,3,1,3,chb17a_04.edf,168,138,34,23,1,114,0,0.9996219281663516,23,1,114,0,0.9787234042553191,0.9988657844990548,1.0,0.991304347826087,0.9583333333333334,0.9787234042553191,0.9927536231884058
chb17,5,1,5,0,2,3,chb17b_63.edf,196,102,87,15,1,84,2,0.9923875432525952,15,1,84,2,0.9090909090909091,0.9923875432525952,0.8823529411764706,0.9882352941176471,0.9375,0.9090909090909091,0.9705882352941176
chb17,5,1,5,1,2,3,chb17b_63.edf,196,102,78,15,1,84,2,0.9903114186851212,15,1,84,2,0.9090909090909091,0.9910034602076124,0.8823529411764706,0.9882352941176471,0.9375,0.9090909090909091,0.9705882352941176
chb17,5,1,5,2,2,3,chb17b_63.edf,196,102,83,12,1,84,5,0.9889273356401385,13,1,84,4,0.8387096774193549,0.9889273356401385,0.7058823529411765,0.9882352941176471,0.9230769230769231,0.8,0.9411764705882353
chb17,5,1,5,3,2,3,chb17b_63.edf,196,102,57,15,1,84,2,0.9896193771626298,15,1,84,2,0.9090909090909091,0.9868512110726644,0.8823529411764706,0.9882352941176471,0.9375,0.9090909090909091,0.9705882352941176
chb18,5,1,5,0,0,5,chb18_36.edf,254,54,65,9,3,42,0,1.0,9,3,42,0,0.8571428571428571,1.0,1.0,0.9333333333333333,0.75,0.8571428571428571,0.9444444444444444
chb18,5,1,5,1,0,5,chb18_36.edf,254,54,49,9,7,38,0,1.0,9,8,37,0,0.6923076923076923,1.0,1.0,0.8444444444444444,0.5625,0.72,0.8703703703703703
chb18,5,1,5,2,0,5,chb18_36.edf,254,54,45,9,5,40,0,0.9975308641975308,9,4,41,0,0.8181818181818182,1.0,1.0,0.8888888888888888,0.6428571428571429,0.782608695652174,0.9074074074074074
chb18,5,1,5,3,0,5,chb18_36.edf,254,54,57,9,6,39,0,1.0,9,5,40,0,0.782608695652174,1.0,1.0,0.8666666666666667,0.6,0.75,0.8888888888888888
chb18,5,1,5,0,1,5,chb18_32.edf,244,66,28,11,0,55,0,1.0,11,0,55,0,1.0,1.0,1.0,1.0,1.0,1.0,1.0
chb18,5,1,5,1,1,5,chb18_32.edf,244,66,23,11,0,55,0,1.0,11,0,55,0,1.0,1.0,1.0,1.0,1.0,1.0,1.0
chb18,5,1,5,2,1,5,chb18_32.edf,244,66,16,11,0,55,0,1.0,11,0,55,0,1.0,1.0,1.0,1.0,1.0,1.0,1.0
chb18,5,1,5,3,1,5,chb18_32.edf,244,66,15,11,0,55,0,1.0,11,0,55,0,1.0,1.0,1.0,1.0,1.0,1.0,1.0
chb18,5,1,5,0,2,5,chb18_35.edf,235,78,31,12,1,64,1,0.9988165680473373,12,1,64,1,0.9230769230769231,0.9988165680473373,0.9230769230769231,0.9846153846153847,0.9230769230769231,0.9230769230769231,0.9743589743589743
chb18,5,1,5,1,2,5,chb18_35.edf,235,78,24,13,1,64,0,0.9988165680473373,12,1,64,1,0.9230769230769231,0.9988165680473373,1.0,0.9846153846153847,0.9285714285714286,0.9629629629629629,0.9871794871794872
chb18,5,1,5,2,2,5,chb18_35.edf,235,78,13,12,1,64,1,0.9988165680473373,12,0,65,1,0.96,0.9988165680473373,0.9230769230769231,0.9846153846153847,0.9230769230769231,0.9230769230769231,0.9743589743589743
chb18,5,1,5,3,2,5,chb18_35.edf,235,78,16,12,0,65,1,0.9988165680473373,12,1,64,1,0.9230769230769231,0.9988165680473373,0.9230769230769231,1.0,1.0,0.96,0.9871794871794872
chb18,5,1,5,0,3,5,chb18_30.edf,268,36,70,2,0,30,4,0.7166666666666667,2,0,30,4,0.5,0.7166666666666667,0.3333333333333333,1.0,1.0,0.5,0.8888888888888888
chb18,5,1,5,1,3,5,chb18_30.edf,268,36,39,2,0,30,4,0.6944444444444444,2,0,30,4,0.5,0.7,0.3333333333333333,1.0,1.0,0.5,0.8888888888888888
chb18,5,1,5,2,3,5,chb18_30.edf,268,36,33,2,1,29,4,0.7277777777777777,2,1,29,4,0.4444444444444444,0.7111111111111111,0.3333333333333333,0.9666666666666667,0.6666666666666666,0.4444444444444444,0.8611111111111112
chb18,5,1,5,3,3,5,chb18_30.edf,268,36,29,2,0,30,4,0.65,2,0,30,4,0.5,0.6722222222222223,0.3333333333333333,1.0,1.0,0.5,0.8888888888888888
chb18,5,1,5,0,4,5,chb18_29.edf;chb18_31.edf,187,138,51,23,0,115,0,1.0,23,0,115,0,1.0,1.0,1.0,1.0,1.0,1.0,1.0
chb18,5,1,5,1,4,5,chb18_29.edf;chb18_31.edf,187,138,30,23,0,115,0,1.0,23,0,115,0,1.0,1.0,1.0,1.0,1.0,1.0,1.0
chb18,5,1,5,2,4,5,chb18_29.edf;chb18_31.edf,187,138,40,23,1,114,0,1.0,23,1,114,0,0.9787234042553191,1.0,1.0,0.991304347826087,0.9583333333333334,0.9787234042553191,0.9927536231884058
chb18,5,1,5,3,4,5,chb18_29.edf;chb18_31.edf,187,138,37,23,0,115,0,1.0,23,0,115,0,1.0,1.0,1.0,1.0,1.0,1.0,1.0
chb19,5,1,5,0,0,3,chb19_28.edf,148,90,85,9,2,73,6,0.9173333333333333,9,2,73,6,0.6923076923076923,0.9173333333333333,0.6,0.9733333333333334,0.8181818181818182,0.6923076923076923,0.9111111111111111
chb19,5,1,5,1,0,3,chb19_28.edf,148,90,66,10,2,73,5,0.9093333333333333,10,0,75,5,0.8,0.9093333333333334,0.6666666666666666,0.9733333333333334,0.8333333333333334,0.7407407407407407,0.9222222222222223
chb19,5,1,5,2,0,3,chb19_28.edf,148,90,38,13,4,71,2,0.9262222222222222,12,4,71,3,0.7741935483870968,0.9253333333333335,0.8666666666666667,0.9466666666666667,0.7647058823529411,0.8125,0.9333333333333333
chb19,5,1,5,3,0,3,chb19_28.edf,148,90,70,9,2,73,6,0.9102222222222223,9,0,75,6,0.75,0.8995555555555554,0.6,0.9733333333333334,0.8181818181818182,0.6923076923076923,0.9111111111111111
chb19,5,1,5,0,1,3,chb19_29.edf,148,90,75,15,3,72,0,0.9955555555555556,15,3,72,0,0.9090909090909091,0.9955555555555556,1.0,0.96,0.8333333333333334,0.9090909090909091,0.9666666666666667
chb19,5,1,5,1,1,3,chb19_29.edf,148,90,17,14,3,72,1,0.9733333333333334,14,3,72,1,0.875,0.9706666666666667,0.9333333333333333,0.96,0.8235294117647058,0.875,0.9555555555555556
chb19,5,1,5,2,1,3,chb19_29.edf,148,90,15,14,4,71,1,0.9653333333333334,14,4,71,1,0.8484848484848485,0.9644444444444444,0.9333333333333333,0.9466666666666667,0.7777777777777778,0.8484848484848485,0.9444444444444444
chb19,5,1,5,3,1,3,chb19_29.edf,148,90,15,14,4,71,1,0.9688888888888889,14,4,71,1,0.8484848484848485,0.9671111111111111,0.9333333333333333,0.9466666666666667,0.7777777777777778,0.8484848484848485,0.9444444444444444
chb19,5,1,5,0,2,3,chb19_30.edf,144,96,68,15,2,78,1,0.9874999999999999,15,2,78,1,0.9090909090909091,0.9874999999999999,0.9375,0.975,0.8823529411764706,0.9090909090909091,0.96875
chb19,5,1,5,1,2,3,chb19_30.edf,144,96,38,13,2,78,3,0.9828125,13,2,78,3,0.8387096774193549,0.9859375,0.8125,0.975,0.8666666666666667,0.8387096774193549,0.9479166666666666
chb19,5,1,5,2,2,3,chb19_30.edf,144,96,46,14,2,78,2,0.9828125,13,2,78,3,0.8387096774193549,0.9874999999999999,0.875,0.975,0.875,0.875,0.9583333333333334
chb19,5,1,5,3,2,3,chb19_30.edf,144,96,70,14,2,78,2,0.9890625,13,1,79,3,0.8666666666666667,0.990625,0.875,0.975,0.875,0.875,0.9583333333333334
chb20,5,1,5,0,0,5,chb20_15.edf,187,96,41,15,1,79,1,0.99765625,15,1,79,1,0.9375,0.99765625,0.9375,0.9875,0.9375,0.9375,0.9791666666666666
chb20,5,1,5,1,0,5,chb20_15.edf,187,96,21,14,1,79,2,0.9953125,14,1,79,2,0.9032258064516129,0.9953125,0.875,0.9875,0.9333333333333333,0.9032258064516129,0.96875
chb20,5,1,5,2,0,5,chb20_15.edf,187,96,23,14,1,79,2,0.99609375,14,1,79,2,0.9032258064516129,0.9968750000000001,0.875,0.9875,0.9333333333333333,0.9032258064516129,0.96875
chb20,5,1,5,3,0,5,chb20_15.edf,187,96,24,15,1,79,1,0.9921875,15,1,79,1,0.9375,0.9945312500000001,0.9375,0.9875,0.9375,0.9375,0.9791666666666666
chb20,5,1,5,0,1,5,chb20_14.edf,230,42,72,7,0,35,0,1.0,7,0,35,0,1.0,1.0,1.0,1.0,1.0,1.0,1.0
chb20,5,1,5,1,1,5,chb20_14.edf,230,42,47,7,0,35,0,1.0,7,0,35,0,1.0,1.0,1.0,1.0,1.0,1.0,1.0
chb20,5,1,5,2,1,5,chb20_14.edf,230,42,66,7,0,35,0,1.0,7,0,35,0,1.0,1.0,1.0,1.0,1.0,1.0,1.0
chb20,5,1,5,3,1,5,chb20_14.edf,230,42,24,7,0,35,0,1.0,7,0,35,0,1.0,1.0,1.0,1.0,1.0,1.0,1.0
chb20,5,1,5,0,2,5,chb20_12.edf;chb20_16.edf,206,72,35,12,5,55,0,1.0,12,5,55,0,0.8275862068965517,1.0,1.0,0.9166666666666666,0.7058823529411765,0.8275862068965517,0.9305555555555556
chb20,5,1,5,1,2,5,chb20_12.edf;chb20_16.edf,206,72,15,12,7,53,0,0.9805555555555555,12,8,52,0,0.75,0.9791666666666666,1.0,0.8833333333333333,0.631578947368421,0.7741935483870968,0.9027777777777778
chb20,5,1,5,2,2,5,chb20_12.edf;chb20_16.edf,206,72,32,12,4,56,0,0.9819444444444444,12,4,56,0,0.8571428571428571,0.9875,1.0,0.9333333333333333,0.75,0.8571428571428571,0.9444444444444444
chb20,5,1,5,3,2,5,chb20_12.edf;chb20_16.edf,206,72,14,12,4,56,0,0.975,12,6,54,0,0.8,0.9777777777777777,1.0,0.9333333333333333,0.75,0.8571428571428571,0.9444444444444444
chb20,5,1,5,0,3,5,chb20_13.edf,201,78,43,13,2,63,0,0.9988165680473373,13,2,63,0,0.9285714285714286,0.9988165680473373,1.0,0.9692307692307692,0.8666666666666667,0.9285714285714286,0.9743589743589743
chb20,5,1,5,1,3,5,chb20_13.edf,201,78,37,13,2,63,0,0.9964497041420118,13,2,63,0,0.9285714285714286,0.9952662721893492,1.0,0.9692307692307692,0.8666666666666667,0.9285714285714286,0.9743589743589743
chb20,5,1,5,2,3,5,chb20_13.edf,201,78,20,12,2,63,1,0.9928994082840237,11,2,63,2,0.8461538461538461,0.9928994082840237,0.9230769230769231,0.9692307692307692,0.8571428571428571,0.8888888888888888,0.9615384615384616
chb20,5,1,5,3,3,5,chb20_13.edf,201,78,34,11,2,63,2,0.9952662721893492,11,2,63,2,0.8461538461538461,0.9952662721893492,0.8461538461538461,0.9692307692307692,0.8461538461538461,0.8461538461538461,0.9487179487179487
chb20,5,1,5,0,4,5,chb20_68.edf,230,42,43,4,0,35,3,0.9877551020408163,4,0,35,3,0.7272727272727273,0.9877551020408163,0.5714285714285714,1.0,1.0,0.7272727272727273,0.9285714285714286
chb20,5,1,5,1,4,5,chb20_68.edf,230,42,50,4,0,35,3,0.8979591836734694,4,0,35,3,0.7272727272727273,0.8612244897959184,0.5714285714285714,1.0,1.0,0.7272727272727273,0.9285714285714286
chb20,5,1,5,2,4,5,chb20_68.edf,230,42,80,3,0,35,4,0.9224489795918367,3,0,35,4,0.6,0.9428571428571428,0.42857142857142855,1.0,1.0,0.6,0.9047619047619048
chb20,5,1,5,3,4,5,chb20_68.edf,230,42,88,2,1,34,5,0.8938775510204081,3,1,34,4,0.5454545454545454,0.9183673469387754,0.2857142857142857,0.9714285714285714,0.6666666666666666,0.4,0.8571428571428571
chb21,5,1,5,0,0,4,chb21_19.edf,134,66,98,11,0,55,0,1.0,11,0,55,0,1.0,1.0,1.0,1.0,1.0,1.0,1.0
chb21,5,1,5,1,0,4,chb21_19.edf,134,66,76,11,1,54,0,1.0,11,0,55,0,1.0,1.0,1.0,0.9818181818181818,0.9166666666666666,0.9565217391304348,0.9848484848484849
chb21,5,1,5,2,0,4,chb21_19.edf,134,66,51,11,3,52,0,0.9983471074380165,11,3,52,0,0.88,0.9950413223140495,1.0,0.9454545454545454,0.7857142857142857,0.88,0.9545454545454546
chb21,5,1,5,3,0,4,chb21_19.edf,134,66,42,11,1,54,0,0.9950413223140496,11,1,54,0,0.9565217391304348,0.9950413223140496,1.0,0.9818181818181818,0.9166666666666666,0.9565217391304348,0.9848484848484849
chb21,5,1,5,0,1,4,chb21_20.edf,139,60,61,10,0,50,0,1.0,10,0,50,0,1.0,1.0,1.0,1.0,1.0,1.0,1.0
chb21,5,1,5,1,1,4,chb21_20.edf,139,60,97,9,0,50,1,1.0,10,0,50,0,1.0,1.0,0.9,1.0,1.0,0.9473684210526315,0.9833333333333333
chb21,5,1,5,2,1,4,chb21_20.edf,139,60,34,10,0,50,0,1.0,9,0,50,1,0.9473684210526315,1.0,1.0,1.0,1.0,1.0,1.0
chb21,5,1,5,3,1,4,chb21_20.edf,139,60,61,8,0,50,2,1.0,9,0,50,1,0.9473684210526315,1.0,0.8,1.0,1.0,0.8888888888888888,0.9666666666666667
chb21,5,1,5,0,2,4,chb21_21.edf,110,96,42,16,5,75,0,0.98984375,16,5,75,0,0.8648648648648649,0.98984375,1.0,0.9375,0.7619047619047619,0.8648648648648649,0.9479166666666666
chb21,5,1,5,1,2,4,chb21_21.edf,110,96,49,15,5,75,1,0.9921875,16,4,76,0,0.8888888888888888,0.9929687500000001,0.9375,0.9375,0.75,0.8333333333333334,0.9375
chb21,5,1,5,2,2,4,chb21_21.edf,110,96,60,15,3,77,1,0.99609375,16,2,78,0,0.9411764705882353,0.99765625,0.9375,0.9625,0.8333333333333334,0.8823529411764706,0.9583333333333334
chb21,5,1,5,3,2,4,chb21_21.edf,110,96,65,16,2,78,0,0.9953124999999999,16,2,78,0,0.9411764705882353,0.996875,1.0,0.975,0.8888888888888888,0.9411764705882353,0.9791666666666666
chb21,5,1,5,0,3,4,chb21_22.edf,177,12,47,2,0,10,0,1.0,2,0,10,0,1.0,1.0,1.0,1.0,1.0,1.0,1.0
chb21,5,1,5,1,3,4,chb21_22.edf,177,12,38,2,0,10,0,1.0,2,0,10,0,1.0,1.0,1.0,1.0,1.0,1.0,1.0
chb21,5,1,5,2,3,4,chb21_22.edf,177,12,78,2,0,10,0,1.0,2,0,10,0,1.0,1.0,1.0,1.0,1.0,1.0,1.0
chb21,5,1,5,3,3,4,chb21_22.edf,177,12,50,2,0,10,0,1.0,2,0,10,0,1.0,1.0,1.0,1.0,1.0,1.0,1.0
chb22,5,1,5,0,0,3,chb22_20.edf,134,66,79,11,1,54,0,1.0,11,1,54,0,0.9565217391304348,1.0,1.0,0.9818181818181818,0.9166666666666666,0.9565217391304348,0.9848484848484849
chb22,5,1,5,1,0,3,chb22_20.edf,134,66,53,11,1,54,0,1.0,11,1,54,0,0.9565217391304348,1.0,1.0,0.9818181818181818,0.9166666666666666,0.9565217391304348,0.9848484848484849
chb22,5,1,5,2,0,3,chb22_20.edf,134,66,42,11,1,54,0,1.0,11,1,54,0,0.9565217391304348,1.0,1.0,0.9818181818181818,0.9166666666666666,0.9565217391304348,0.9848484848484849
chb22,5,1,5,3,0,3,chb22_20.edf,134,66,47,11,1,54,0,1.0,11,1,54,0,0.9565217391304348,1.0,1.0,0.9818181818181818,0.9166666666666666,0.9565217391304348,0.9848484848484849
chb22,5,1,5,0,1,3,chb22_25.edf,120,84,42,13,0,70,1,1.0,13,0,70,1,0.9629629629629629,1.0,0.9285714285714286,1.0,1.0,0.9629629629629629,0.9880952380952381
chb22,5,1,5,1,1,3,chb22_25.edf,120,84,51,14,1,69,0,1.0,14,1,69,0,0.9655172413793104,1.0,1.0,0.9857142857142858,0.9333333333333333,0.9655172413793104,0.9880952380952381
chb22,5,1,5,2,1,3,chb22_25.edf,120,84,43,13,0,70,1,0.9918367346938775,13,0,70,1,0.9629629629629629,0.9938775510204081,0.9285714285714286,1.0,1.0,0.9629629629629629,0.9880952380952381
chb22,5,1,5,3,1,3,chb22_25.edf,120,84,80,13,0,70,1,0.9979591836734694,13,0,70,1,0.9629629629629629,0.9989795918367348,0.9285714285714286,1.0,1.0,0.9629629629629629,0.9880952380952381
chb22,5,1,5,0,2,3,chb22_38.edf,120,84,58,12,0,70,2,0.9989795918367348,12,0,70,2,0.9230769230769231,0.9989795918367348,0.8571428571428571,1.0,1.0,0.9230769230769231,0.9761904761904762
chb22,5,1,5,1,2,3,chb22_38.edf,120,84,41,12,1,69,2,0.9897959183673469,12,0,70,2,0.9230769230769231,0.9928571428571429,0.8571428571428571,0.9857142857142858,0.9230769230769231,0.8888888888888888,0.9642857142857143
chb22,5,1,5,2,2,3,chb22_38.edf,120,84,33,12,1,69,2,0.9846938775510204,12,1,69,2,0.8888888888888888,0.9928571428571429,0.8571428571428571,0.9857142857142858,0.9230769230769231,0.8888888888888888,0.9642857142857143
chb22,5,1,5,3,2,3,chb22_38.edf,120,84,32,13,3,67,1,0.9908163265306122,12,2,68,2,0.8571428571428571,0.9928571428571429,0.9285714285714286,0.9571428571428572,0.8125,0.8666666666666667,0.9523809523809523
chb23,5,1,5,0,0,3,chb23_06.edf,288,132,43,22,4,106,0,0.9979338842975206,22,4,106,0,0.9166666666666666,0.9979338842975206,1.0,0.9636363636363636,0.8461538461538461,0.9166666666666666,0.9696969696969697
chb23,5,1,5,1,0,3,chb23_06.edf,288,132,28,21,7,103,1,0.9958677685950413,21,8,102,1,0.8235294117647058,0.9954545454545454,0.9545454545454546,0.9363636363636364,0.75,0.84,0.9393939393939394
chb23,5,1,5,2,0,3,chb23_06.edf,288,132,23,22,10,100,0,0.9946280991735537,22,10,100,0,0.8148148148148148,0.9954545454545455,1.0,0.9090909090909091,0.6875,0.8148148148148148,0.9242424242424242
chb23,5,1,5,3,0,3,chb23_06.edf,288,132,24,21,7,103,1,0.9946280991735537,21,7,103,1,0.84,0.9950413223140495,0.9545454545454546,0.9363636363636364,0.75,0.84,0.9393939393939394
chb23,5,1,5,0,1,3,chb23_08.edf,331,78,27,13,2,63,0,0.9798816568047337,13,2,63,0,0.9285714285714286,0.9798816568047337,1.0,0.9692307692307692,0.8666666666666667,0.9285714285714286,0.9743589743589743
chb23,5,1,5,1,1,3,chb23_08.edf,331,78,24,11,2,63,2,0.9893491124260355,12,2,63,1,0.8888888888888888,0.9893491124260355,0.8461538461538461,0.9692307692307692,0.8461538461538461,0.8461538461538461,0.9487179487179487
chb23,5,1,5,2,1,3,chb23_08.edf,331,78,25,11,2,63,2,0.9857988165680474,12,2,63,1,0.8888888888888888,0.9857988165680474,0.8461538461538461,0.9692307692307692,0.8461538461538461,0.8461538461538461,0.9487179487179487
chb23,5,1,5,3,1,3,chb23_08.edf,331,78,14,10,2,63,3,0.9846153846153847,11,2,63,2,0.8461538461538461,0.9846153846153847,0.7692307692307693,0.9692307692307692,0.8333333333333334,0.8,0.9358974358974359
chb23,5,1,5,0,2,3,chb23_09.edf,168,282,64,44,2,233,3,0.9980081484834766,44,2,233,3,0.946236559139785,0.9980081484834766,0.9361702127659575,0.9914893617021276,0.9565217391304348,0.946236559139785,0.9822695035460993
chb23,5,1,5,1,2,3,chb23_09.edf,168,282,35,40,1,234,7,0.9970122227252151,39,1,234,8,0.896551724137931,0.9972838388411046,0.851063829787234,0.9957446808510638,0.975609756097561,0.9090909090909091,0.9716312056737588
chb23,5,1,5,2,2,3,chb23_09.edf,168,282,34,34,1,234,13,0.9969216840199185,36,1,234,11,0.8571428571428571,0.9972838388411046,0.723404255319149,0.9957446808510638,0.9714285714285714,0.8292682926829268,0.950354609929078
chb23,5,1,5,3,2,3,chb23_09.edf,168,282,46,33,1,234,14,0.9917609778180172,33,2,233,14,0.8048780487804879,0.9932095971027615,0.7021276595744681,0.9957446808510638,0.9705882352941176,0.8148148148148148,0.9468085106382979
chb24,5,1,5,0,0,5,chb24_01.edf;chb24_15.edf,398,78,46,10,1,64,3,0.9940828402366865,10,1,64,3,0.8333333333333334,0.9940828402366865,0.7692307692307693,0.9846153846153847,0.9090909090909091,0.8333333333333334,0.9487179487179487
chb24,5,1,5,1,0,5,chb24_01.edf;chb24_15.edf,398,78,40,11,1,64,2,0.9893491124260355,11,1,64,2,0.88,0.9846153846153847,0.8461538461538461,0.9846153846153847,0.9166666666666666,0.88,0.9615384615384616
chb24,5,1,5,2,0,5,chb24_01.edf;chb24_15.edf,398,78,17,12,1,64,1,0.9905325443786982,11,3,62,2,0.8148148148148148,0.98698224852071,0.9230769230769231,0.9846153846153847,0.9230769230769231,0.9230769230769231,0.9743589743589743
chb24,5,1,5,3,0,5,chb24_01.edf;chb24_15.edf,398,78,23,11,1,64,2,0.9928994082840237,11,1,64,2,0.88,0.9881656804733728,0.8461538461538461,0.9846153846153847,0.9166666666666666,0.88,0.9615384615384616
chb24,5,1,5,0,1,5,chb24_07.edf;chb24_13.edf;chb24_14.edf,403,72,14,10,7,53,2,0.9208333333333334,10,7,53,2,0.6896551724137931,0.9208333333333334,0.8333333333333334,0.8833333333333333,0.5882352941176471,0.6896551724137931,0.875
chb24,5,1,5,1,1,5,chb24_07.edf;chb24_13.edf;chb24_14.edf,403,72,13,10,12,48,2,0.9277777777777778,10,13,47,2,0.5714285714285714,0.9222222222222223,0.8333333333333334,0.8,0.45454545454545453,0.5882352941176471,0.8055555555555556
chb24,5,1,5,2,1,5,chb24_07.edf;chb24_13.edf;chb24_14.edf,403,72,22,11,6,54,1,0.9416666666666665,10,6,54,2,0.7142857142857143,0.9388888888888889,0.9166666666666666,0.9,0.6470588235294118,0.7586206896551724,0.9027777777777778
chb24,5,1,5,3,1,5,chb24_07.edf;chb24_13.edf;chb24_14.edf,403,72,20,11,3,57,1,0.9430555555555554,10,4,56,2,0.7692307692307693,0.9402777777777778,0.9166666666666666,0.95,0.7857142857142857,0.8461538461538461,0.9444444444444444
chb24,5,1,5,0,2,5,chb24_03.edf;chb24_09.edf,398,78,30,10,0,65,3,0.9988165680473373,10,0,65,3,0.8695652173913043,0.9988165680473373,0.7692307692307693,1.0,1.0,0.8695652173913043,0.9615384615384616
chb24,5,1,5,1,2,5,chb24_03.edf;chb24_09.edf,398,78,24,13,0,65,0,1.0,13,0,65,0,1.0,1.0,1.0,1.0,1.0,1.0,1.0
chb24,5,1,5,2,2,5,chb24_03.edf;chb24_09.edf,398,78,17,13,0,65,0,1.0,12,0,65,1,0.96,1.0,1.0,1.0,1.0,1.0,1.0
chb24,5,1,5,3,2,5,chb24_03.edf;chb24_09.edf,398,78,47,12,0,65,1,1.0,11,0,65,2,0.9166666666666666,0.9988165680473373,0.9230769230769231,1.0,1.0,0.96,0.9871794871794872
chb24,5,1,5,0,3,5,chb24_04.edf;chb24_06.edf;chb24_21.edf,312,186,34,29,14,141,2,0.9831425598335068,29,14,141,2,0.7837837837837838,0.9831425598335068,0.9354838709677419,0.9096774193548387,0.6744186046511628,0.7837837837837838,0.9139784946236559
chb24,5,1,5,1,3,5,chb24_04.edf;chb24_06.edf;chb24_21.edf,312,186,58,30,12,143,1,0.9848074921956296,29,12,143,2,0.8055555555555556,0.9781477627471384,0.967741935483871,0.9225806451612903,0.7142857142857143,0.821917808219178,0.9301075268817204
chb24,5,1,5,2,3,5,chb24_04.edf;chb24_06.edf;chb24_21.edf,312,186,31,30,18,137,1,0.9889698231009365,29,18,137,2,0.7435897435897436,0.9729448491155047,0.967741935483871,0.8838709677419355,0.625,0.759493670886076,0.8978494623655914
chb24,5,1,5,3,3,5,chb24_04.edf;chb24_06.edf;chb24_21.edf,312,186,28,27,7,148,4,0.9833506763787722,26,7,148,5,0.8125,0.9729448491155046,0.8709677419354839,0.9548387096774194,0.7941176470588235,0.8307692307692308,0.9408602150537635
chb24,5,1,5,0,4,5,chb24_11.edf;chb24_17.edf,331,162,39,15,0,135,12,0.8252400548696844,15,0,135,12,0.7142857142857143,0.8252400548696844,0.5555555555555556,1.0,1.0,0.7142857142857143,0.9259259259259259
chb24,5,1,5,1,4,5,chb24_11.edf;chb24_17.edf,331,162,44,16,3,132,11,0.8087791495198903,15,3,132,12,0.6666666666666666,0.8288065843621398,0.5925925925925926,0.9777777777777777,0.8421052631578947,0.6956521739130435,0.9135802469135802
chb24,5,1,5,2,4,5,chb24_11.edf;chb24_17.edf,331,162,38,17,1,134,10,0.8430727023319615,15,0,135,12,0.7142857142857143,0.8537722908093279,0.6296296296296297,0.9925925925925926,0.9444444444444444,0.7555555555555555,0.9320987654320988
chb24,5,1,5,3,4,5,chb24_11.edf;chb24_17.edf,331,162,27,16,1,134,11,0.8052126200274348,15,1,134,12,0.6976744186046512,0.8106995884773661,0.5925925925925926,0.9925925925925926,0.9411764705882353,0.7272727272727273,0.9259259259259259
chb01,8,1,8,0,0,5,chb01_03.edf,230,30,82,5,0,25,0,1.0,5,0,25,0,1.0,1.0,1.0,1.0,1.0,1.0,1.0
chb01,8,1,8,1,0,5,chb01_03.edf,230,30,27,5,0,25,0,1.0,5,0,25,0,1.0,1.0,1.0,1.0,1.0,1.0,1.0
chb01,8,1,8,2,0,5,chb01_03.edf,230,30,11,5,0,25,0,1.0,5,0,25,0,1.0,1.0,1.0,1.0,1.0,1.0,1.0
chb01,8,1,8,3,0,5,chb01_03.edf,230,30,19,5,0,25,0,1.0,5,0,25,0,1.0,1.0,1.0,1.0,1.0,1.0,1.0
chb01,8,2,4,0,0,5,chb01_03.edf,230,30,62,4,0,25,1,1.0,4,0,25,1,0.8888888888888888,1.0,0.8,1.0,1.0,0.8888888888888888,0.9666666666666667
chb01,8,2,4,1,0,5,chb01_03.edf,230,30,16,5,0,25,0,1.0,5,0,25,0,1.0,1.0,1.0,1.0,1.0,1.0,1.0
chb01,8,2,4,2,0,5,chb01_03.edf,230,30,15,5,0,25,0,1.0,5,0,25,0,1.0,1.0,1.0,1.0,1.0,1.0,1.0
chb01,8,2,4,3,0,5,chb01_03.edf,230,30,25,5,0,25,0,1.0,5,0,25,0,1.0,1.0,1.0,1.0,1.0,1.0,1.0
chb01,8,1,8,0,1,5,chb01_21.edf,201,66,59,11,2,53,0,1.0,11,2,53,0,0.9166666666666666,1.0,1.0,0.9636363636363636,0.8461538461538461,0.9166666666666666,0.9696969696969697
chb01,8,1,8,1,1,5,chb01_21.edf,201,66,37,11,2,53,0,1.0,11,2,53,0,0.9166666666666666,1.0,1.0,0.9636363636363636,0.8461538461538461,0.9166666666666666,0.9696969696969697
chb01,8,1,8,2,1,5,chb01_21.edf,201,66,37,11,2,53,0,1.0,11,1,54,0,0.9565217391304348,1.0,1.0,0.9636363636363636,0.8461538461538461,0.9166666666666666,0.9696969696969697
chb01,8,1,8,3,1,5,chb01_21.edf,201,66,30,11,2,53,0,1.0,11,1,54,0,0.9565217391304348,1.0,1.0,0.9636363636363636,0.8461538461538461,0.9166666666666666,0.9696969696969697
chb01,8,2,4,0,1,5,chb01_21.edf,201,66,61,11,2,53,0,1.0,11,2,53,0,0.9166666666666666,1.0,1.0,0.9636363636363636,0.8461538461538461,0.9166666666666666,0.9696969696969697
chb01,8,2,4,1,1,5,chb01_21.edf,201,66,41,11,1,54,0,1.0,11,1,54,0,0.9565217391304348,1.0,1.0,0.9818181818181818,0.9166666666666666,0.9565217391304348,0.9848484848484849
chb01,8,2,4,2,1,5,chb01_21.edf,201,66,22,11,1,54,0,1.0,11,1,54,0,0.9565217391304348,1.0,1.0,0.9818181818181818,0.9166666666666666,0.9565217391304348,0.9848484848484849
chb01,8,2,4,3,1,5,chb01_21.edf,201,66,33,11,2,53,0,1.0,11,2,53,0,0.9166666666666666,1.0,1.0,0.9636363636363636,0.8461538461538461,0.9166666666666666,0.9696969696969697
chb01,8,1,8,0,2,5,chb01_26.edf,196,72,94,12,0,60,0,1.0,12,0,60,0,1.0,1.0,1.0,1.0,1.0,1.0,1.0
chb01,8,1,8,1,2,5,chb01_26.edf,196,72,95,12,0,60,0,1.0,12,0,60,0,1.0,1.0,1.0,1.0,1.0,1.0,1.0
chb01,8,1,8,2,2,5,chb01_26.edf,196,72,94,12,0,60,0,1.0,12,0,60,0,1.0,1.0,1.0,1.0,1.0,1.0,1.0
chb01,8,1,8,3,2,5,chb01_26.edf,196,72,88,12,1,59,0,1.0,12,1,59,0,0.96,0.998611111111111,1.0,0.9833333333333333,0.9230769230769231,0.96,0.9861111111111112
chb01,8,2,4,0,2,5,chb01_26.edf,196,72,99,12,1,59,0,1.0,12,1,59,0,0.96,1.0,1.0,0.9833333333333333,0.9230769230769231,0.96,0.9861111111111112
chb01,8,2,4,1,2,5,chb01_26.edf,196,72,99,12,1,59,0,1.0,12,2,58,0,0.9230769230769231,1.0,1.0,0.9833333333333333,0.9230769230769231,0.96,0.9861111111111112
chb01,8,2,4,2,2,5,chb01_26.edf,196,72,99,12,1,59,0,1.0,12,1,59,0,0.96,1.0,1.0,0.9833333333333333,0.9230769230769231,0.96,0.9861111111111112
chb01,8,2,4,3,2,5,chb01_26.edf,196,72,98,12,1,59,0,1.0,12,1,59,0,0.96,1.0,1.0,0.9833333333333333,0.9230769230769231,0.96,0.9861111111111112
chb01,8,1,8,0,3,5,chb01_15.edf;chb01_16.edf,201,66,82,11,0,55,0,1.0,11,0,55,0,1.0,1.0,1.0,1.0,1.0,1.0,1.0
chb01,8,1,8,1,3,5,chb01_15.edf;chb01_16.edf,201,66,32,11,0,55,0,1.0,11,0,55,0,1.0,1.0,1.0,1.0,1.0,1.0,1.0
chb01,8,1,8,2,3,5,chb01_15.edf;chb01_16.edf,201,66,63,11,0,55,0,1.0,11,0,55,0,1.0,1.0,1.0,1.0,1.0,1.0,1.0
chb01,8,1,8,3,3,5,chb01_15.edf;chb01_16.edf,201,66,72,10,0,55,1,1.0,10,0,55,1,0.9523809523809523,1.0,0.9090909090909091,1.0,1.0,0.9523809523809523,0.9848484848484849
chb01,8,2,4,0,3,5,chb01_15.edf;chb01_16.edf,201,66,73,11,0,55,0,1.0,11,0,55,0,1.0,1.0,1.0,1.0,1.0,1.0,1.0
chb01,8,2,4,1,3,5,chb01_15.edf;chb01_16.edf,201,66,71,10,0,55,1,1.0,11,0,55,0,1.0,1.0,0.9090909090909091,1.0,1.0,0.9523809523809523,0.9848484848484849
chb01,8,2,4,2,3,5,chb01_15.edf;chb01_16.edf,201,66,36,10,0,55,1,1.0,11,0,55,0,1.0,1.0,0.9090909090909091,1.0,1.0,0.9523809523809523,0.9848484848484849
chb01,8,2,4,3,3,5,chb01_15.edf;chb01_16.edf,201,66,21,10,0,55,1,1.0,11,0,55,0,1.0,1.0,0.9090909090909091,1.0,1.0,0.9523809523809523,0.9848484848484849
chb01,8,1,8,0,4,5,chb01_04.edf;chb01_18.edf,187,84,97,14,0,70,0,1.0,14,0,70,0,1.0,1.0,1.0,1.0,1.0,1.0,1.0
chb01,8,1,8,1,4,5,chb01_04.edf;chb01_18.edf,187,84,31,14,0,70,0,1.0,14,0,70,0,1.0,1.0,1.0,1.0,1.0,1.0,1.0
chb01,8,1,8,2,4,5,chb01_04.edf;chb01_18.edf,187,84,42,14,0,70,0,1.0,14,0,70,0,1.0,1.0,1.0,1.0,1.0,1.0,1.0
chb01,8,1,8,3,4,5,chb01_04.edf;chb01_18.edf,187,84,41,14,0,70,0,1.0,14,0,70,0,1.0,1.0,1.0,1.0,1.0,1.0,1.0
chb01,8,2,4,0,4,5,chb01_04.edf;chb01_18.edf,187,84,54,14,0,70,0,1.0,14,0,70,0,1.0,1.0,1.0,1.0,1.0,1.0,1.0
chb01,8,2,4,1,4,5,chb01_04.edf;chb01_18.edf,187,84,63,14,0,70,0,1.0,14,0,70,0,1.0,1.0,1.0,1.0,1.0,1.0,1.0
chb01,8,2,4,2,4,5,chb01_04.edf;chb01_18.edf,187,84,29,14,0,70,0,1.0,14,0,70,0,1.0,1.0,1.0,1.0,1.0,1.0,1.0
chb01,8,2,4,3,4,5,chb01_04.edf;chb01_18.edf,187,84,66,14,0,70,0,1.0,14,0,70,0,1.0,1.0,1.0,1.0,1.0,1.0,1.0
chb02,8,1,8,0,0,3,chb02_16+.edf,52,60,59,5,0,50,5,1.0,5,0,50,5,0.6666666666666666,1.0,0.5,1.0,1.0,0.6666666666666666,0.9166666666666666
chb02,8,1,8,1,0,3,chb02_16+.edf,52,60,50,7,0,50,3,0.994,7,0,50,3,0.8235294117647058,0.996,0.7,1.0,1.0,0.8235294117647058,0.95
chb02,8,1,8,2,0,3,chb02_16+.edf,52,60,29,7,0,50,3,0.994,7,0,50,3,0.8235294117647058,0.996,0.7,1.0,1.0,0.8235294117647058,0.95
chb02,8,1,8,3,0,3,chb02_16+.edf,52,60,45,8,0,50,2,0.99,8,0,50,2,0.8888888888888888,0.99,0.8,1.0,1.0,0.8888888888888888,0.9666666666666667
chb02,8,2,4,0,0,3,chb02_16+.edf,52,60,54,4,0,50,6,0.998,4,0,50,6,0.5714285714285714,0.998,0.4,1.0,1.0,0.5714285714285714,0.9
chb02,8,2,4,1,0,3,chb02_16+.edf,52,60,73,4,0,50,6,0.988,6,0,50,4,0.75,0.988,0.4,1.0,1.0,0.5714285714285714,0.9
chb02,8,2,4,2,0,3,chb02_16+.edf,52,60,38,7,0,50,3,0.994,7,0,50,3,0.8235294117647058,0.996,0.7,1.0,1.0,0.8235294117647058,0.95
chb02,8,2,4,3,0,3,chb02_16+.edf,52,60,33,8,0,50,2,0.994,8,0,50,2,0.8888888888888888,0.994,0.8,1.0,1.0,0.8888888888888888,0.9666666666666667
chb02,8,1,8,0,1,3,chb02_16.edf,52,60,71,9,3,47,1,0.986,9,3,47,1,0.8181818181818182,0.986,0.9,0.94,0.75,0.8181818181818182,0.9333333333333333
chb02,8,1,8,1,1,3,chb02_16.edf,52,60,99,9,3,47,1,0.984,9,4,46,1,0.782608695652174,0.984,0.9,0.94,0.75,0.8181818181818182,0.9333333333333333
chb02,8,1,8,2,1,3,chb02_16.edf,52,60,46,9,6,44,1,0.962,9,6,44,1,0.72,0.958,0.9,0.88,0.6,0.72,0.8833333333333333
chb02,8,1,8,3,1,3,chb02_16.edf,52,60,67,9,6,44,1,0.966,9,10,40,1,0.6206896551724138,0.962,0.9,0.88,0.6,0.72,0.8833333333333333
chb02,8,2,4,0,1,3,chb02_16.edf,52,60,99,9,1,49,1,0.998,9,1,49,1,0.9,0.998,0.9,0.98,0.9,0.9,0.9666666666666667
chb02,8,2,4,1,1,3,chb02_16.edf,52,60,64,9,3,47,1,0.97,9,4,46,1,0.782608695652174,0.98,0.9,0.94,0.75,0.8181818181818182,0.9333333333333333
chb02,8,2,4,2,1,3,chb02_16.edf,52,60,62,10,9,41,0,0.984,10,8,42,0,0.7142857142857143,0.984,1.0,0.82,0.5263157894736842,0.6896551724137931,0.85
chb02,8,2,4,3,1,3,chb02_16.edf,52,60,87,10,12,38,0,0.972,10,12,38,0,0.625,0.972,1.0,0.76,0.45454545454545453,0.625,0.8
chb02,8,1,8,0,2,3,chb02_19.edf,96,6,99,1,0,5,0,1.0,1,0,5,0,1.0,1.0,1.0,1.0,1.0,1.0,1.0
chb02,8,1,8,1,2,3,chb02_19.edf,96,6,61,1,0,5,0,1.0,1,0,5,0,1.0,1.0,1.0,1.0,1.0,1.0,1.0
chb02,8,1,8,2,2,3,chb02_19.edf,96,6,99,1,0,5,0,1.0,1,0,5,0,1.0,1.0,1.0,1.0,1.0,1.0,1.0
chb02,8,1,8,3,2,3,chb02_19.edf,96,6,93,1,0,5,0,1.0,1,0,5,0,1.0,1.0,1.0,1.0,1.0,1.0,1.0
chb02,8,2,4,0,2,3,chb02_19.edf,96,6,98,1,0,5,0,1.0,1,0,5,0,1.0,1.0,1.0,1.0,1.0,1.0,1.0
chb02,8,2,4,1,2,3,chb02_19.edf,96,6,44,1,0,5,0,1.0,1,0,5,0,1.0,1.0,1.0,1.0,1.0,1.0,1.0
chb02,8,2,4,2,2,3,chb02_19.edf,96,6,98,1,0,5,0,1.0,1,0,5,0,1.0,1.0,1.0,1.0,1.0,1.0,1.0
chb02,8,2,4,3,2,3,chb02_19.edf,96,6,95,1,0,5,0,1.0,1,0,5,0,1.0,1.0,1.0,1.0,1.0,1.0,1.0
chb03,8,1,8,0,0,5,chb03_02.edf,187,48,96,8,0,40,0,1.0,8,0,40,0,1.0,1.0,1.0,1.0,1.0,1.0,1.0
chb03,8,1,8,1,0,5,chb03_02.edf,187,48,39,8,0,40,0,1.0,7,0,40,1,0.9333333333333333,1.0,1.0,1.0,1.0,1.0,1.0
chb03,8,1,8,2,0,5,chb03_02.edf,187,48,35,7,0,40,1,1.0,7,0,40,1,0.9333333333333333,1.0,0.875,1.0,1.0,0.9333333333333333,0.9791666666666666
chb03,8,1,8,3,0,5,chb03_02.edf,187,48,42,8,0,40,0,1.0,7,0,40,1,0.9333333333333333,1.0,1.0,1.0,1.0,1.0,1.0
chb03,8,2,4,0,0,5,chb03_02.edf,187,48,98,8,0,40,0,1.0,8,0,40,0,1.0,1.0,1.0,1.0,1.0,1.0,1.0
chb03,8,2,4,1,0,5,chb03_02.edf,187,48,83,8,0,40,0,1.0,8,0,40,0,1.0,1.0,1.0,1.0,1.0,1.0,1.0
chb03,8,2,4,2,0,5,chb03_02.edf,187,48,21,8,0,40,0,1.0,7,0,40,1,0.9333333333333333,1.0,1.0,1.0,1.0,1.0,1.0
chb03,8,2,4,3,0,5,chb03_02.edf,187,48,42,8,0,40,0,1.0,7,0,40,1,0.9333333333333333,1.0,1.0,1.0,1.0,1.0,1.0
chb03,8,1,8,0,1,5,chb03_03.edf,187,48,79,8,1,39,0,1.0,8,1,39,0,0.9411764705882353,1.0,1.0,0.975,0.8888888888888888,0.9411764705882353,0.9791666666666666
chb03,8,1,8,1,1,5,chb03_03.edf,187,48,39,8,0,40,0,1.0,8,0,40,0,1.0,1.0,1.0,1.0,1.0,1.0,1.0
chb03,8,1,8,2,1,5,chb03_03.edf,187,48,73,8,0,40,0,1.0,8,0,40,0,1.0,1.0,1.0,1.0,1.0,1.0,1.0
chb03,8,1,8,3,1,5,chb03_03.edf,187,48,47,8,1,39,0,1.0,8,1,39,0,0.9411764705882353,1.0,1.0,0.975,0.8888888888888888,0.9411764705882353,0.9791666666666666
chb03,8,2,4,0,1,5,chb03_03.edf,187,48,74,8,1,39,0,1.0,8,1,39,0,0.9411764705882353,1.0,1.0,0.975,0.8888888888888888,0.9411764705882353,0.9791666666666666
chb03,8,2,4,1,1,5,chb03_03.edf,187,48,51,8,0,40,0,1.0,8,0,40,0,1.0,1.0,1.0,1.0,1.0,1.0,1.0
chb03,8,2,4,2,1,5,chb03_03.edf,187,48,46,8,0,40,0,1.0,8,0,40,0,1.0,1.0,1.0,1.0,1.0,1.0,1.0
chb03,8,2,4,3,1,5,chb03_03.edf,187,48,56,8,1,39,0,1.0,8,1,39,0,0.9411764705882353,1.0,1.0,0.975,0.8888888888888888,0.9411764705882353,0.9791666666666666
chb03,8,1,8,0,2,5,chb03_35.edf,187,48,53,8,0,40,0,1.0,8,0,40,0,1.0,1.0,1.0,1.0,1.0,1.0,1.0
chb03,8,1,8,1,2,5,chb03_35.edf,187,48,50,8,0,40,0,1.0,8,0,40,0,1.0,1.0,1.0,1.0,1.0,1.0,1.0
chb03,8,1,8,2,2,5,chb03_35.edf,187,48,44,8,0,40,0,1.0,8,0,40,0,1.0,1.0,1.0,1.0,1.0,1.0,1.0
chb03,8,1,8,3,2,5,chb03_35.edf,187,48,24,8,0,40,0,1.0,8,0,40,0,1.0,1.0,1.0,1.0,1.0,1.0,1.0
chb03,8,2,4,0,2,5,chb03_35.edf,187,48,54,8,0,40,0,1.0,8,0,40,0,1.0,1.0,1.0,1.0,1.0,1.0,1.0
chb03,8,2,4,1,2,5,chb03_35.edf,187,48,77,8,0,40,0,1.0,8,0,40,0,1.0,1.0,1.0,1.0,1.0,1.0,1.0
chb03,8,2,4,2,2,5,chb03_35.edf,187,48,34,8,0,40,0,1.0,8,0,40,0,1.0,1.0,1.0,1.0,1.0,1.0,1.0
chb03,8,2,4,3,2,5,chb03_35.edf,187,48,32,8,0,40,0,1.0,8,0,40,0,1.0,1.0,1.0,1.0,1.0,1.0,1.0
chb03,8,1,8,0,3,5,chb03_01.edf;chb03_34.edf,172,66,85,11,0,55,0,1.0,11,0,55,0,1.0,1.0,1.0,1.0,1.0,1.0,1.0
chb03,8,1,8,1,3,5,chb03_01.edf;chb03_34.edf,172,66,42,11,0,55,0,1.0,11,0,55,0,1.0,1.0,1.0,1.0,1.0,1.0,1.0
chb03,8,1,8,2,3,5,chb03_01.edf;chb03_34.edf,172,66,46,11,0,55,0,1.0,11,0,55,0,1.0,1.0,1.0,1.0,1.0,1.0,1.0
chb03,8,1,8,3,3,5,chb03_01.edf;chb03_34.edf,172,66,28,11,0,55,0,1.0,11,0,55,0,1.0,1.0,1.0,1.0,1.0,1.0,1.0
chb03,8,2,4,0,3,5,chb03_01.edf;chb03_34.edf,172,66,55,11,0,55,0,1.0,11,0,55,0,1.0,1.0,1.0,1.0,1.0,1.0,1.0
chb03,8,2,4,1,3,5,chb03_01.edf;chb03_34.edf,172,66,51,11,0,55,0,1.0,11,0,55,0,1.0,1.0,1.0,1.0,1.0,1.0,1.0
chb03,8,2,4,2,3,5,chb03_01.edf;chb03_34.edf,172,66,50,11,0,55,0,1.0,11,0,55,0,1.0,1.0,1.0,1.0,1.0,1.0,1.0
chb03,8,2,4,3,3,5,chb03_01.edf;chb03_34.edf,172,66,31,11,0,55,0,1.0,11,0,55,0,1.0,1.0,1.0,1.0,1.0,1.0,1.0
chb03,8,1,8,0,4,5,chb03_04.edf;chb03_36.edf,168,72,34,11,1,59,1,0.998611111111111,11,1,59,1,0.9166666666666666,0.998611111111111,0.9166666666666666,0.9833333333333333,0.9166666666666666,0.9166666666666666,0.9722222222222222
chb03,8,1,8,1,4,5,chb03_04.edf;chb03_36.edf,168,72,29,11,3,57,1,0.9958333333333333,12,2,58,0,0.9230769230769231,0.9972222222222222,0.9166666666666666,0.95,0.7857142857142857,0.8461538461538461,0.9444444444444444
chb03,8,1,8,2,4,5,chb03_04.edf;chb03_36.edf,168,72,39,11,0,60,1,1.0,12,1,59,0,0.96,1.0,0.9166666666666666,1.0,1.0,0.9565217391304348,0.9861111111111112
chb03,8,1,8,3,4,5,chb03_04.edf;chb03_36.edf,168,72,22,11,2,58,1,0.9930555555555555,11,2,58,1,0.88,0.9930555555555555,0.9166666666666666,0.9666666666666667,0.8461538461538461,0.88,0.9583333333333334
chb03,8,2,4,0,4,5,chb03_04.edf;chb03_36.edf,168,72,36,11,1,59,1,0.998611111111111,11,1,59,1,0.9166666666666666,0.998611111111111,0.9166666666666666,0.9833333333333333,0.9166666666666666,0.9166666666666666,0.9722222222222222
chb03,8,2,4,1,4,5,chb03_04.edf;chb03_36.edf,168,72,25,11,2,58,1,0.9958333333333333,11,2,58,1,0.88,0.9944444444444445,0.9166666666666666,0.9666666666666667,0.8461538461538461,0.88,0.9583333333333334
chb03,8,2,4,2,4,5,chb03_04.edf;chb03_36.edf,168,72,42,11,0,60,1,0.9972222222222222,11,1,59,1,0.9166666666666666,0.998611111111111,0.9166666666666666,1.0,1.0,0.9565217391304348,0.9861111111111112
chb03,8,2,4,3,4,5,chb03_04.edf;chb03_36.edf,168,72,18,11,2,58,1,0.9916666666666667,10,2,58,2,0.8333333333333334,0.9916666666666667,0.9166666666666666,0.9666666666666667,0.8461538461538461,0.88,0.9583333333333334
chb04,8,1,8,0,0,3,chb04_05.edf,187,36,57,6,19,11,0,0.3777777777777778,6,19,11,0,0.3870967741935484,0.3777777777777778,1.0,0.36666666666666664,0.24,0.3870967741935484,0.4722222222222222
chb04,8,1,8,1,0,3,chb04_05.edf,187,36,22,6,20,10,0,0.3666666666666667,6,20,10,0,0.375,0.3666666666666667,1.0,0.3333333333333333,0.23076923076923078,0.375,0.4444444444444444
chb04,8,1,8,2,0,3,chb04_05.edf,187,36,18,6,21,9,0,0.35000000000000003,6,21,9,0,0.36363636363636365,0.35000000000000003,1.0,0.3,0.2222222222222222,0.36363636363636365,0.4166666666666667
chb04,8,1,8,3,0,3,chb04_05.edf,187,36,14,6,20,10,0,0.3666666666666667,6,20,10,0,0.375,0.3666666666666667,1.0,0.3333333333333333,0.23076923076923078,0.375,0.4444444444444444
chb04,8,2,4,0,0,3,chb04_05.edf,187,36,30,6,19,11,0,0.3666666666666667,6,19,11,0,0.3870967741935484,0.3666666666666667,1.0,0.36666666666666664,0.24,0.3870967741935484,0.4722222222222222
chb04,8,2,4,1,0,3,chb04_05.edf,187,36,20,6,20,10,0,0.3666666666666667,6,20,10,0,0.375,0.3666666666666667,1.0,0.3333333333333333,0.23076923076923078,0.375,0.4444444444444444
chb04,8,2,4,2,0,3,chb04_05.edf,187,36,20,6,20,10,0,0.36111111111111116,6,20,10,0,0.375,0.36111111111111116,1.0,0.3333333333333333,0.23076923076923078,0.375,0.4444444444444444
chb04,8,2,4,3,0,3,chb04_05.edf,187,36,16,6,20,10,0,0.3666666666666667,6,20,10,0,0.375,0.3666666666666667,1.0,0.3333333333333333,0.23076923076923078,0.375,0.4444444444444444
chb04,8,1,8,0,1,3,chb04_08.edf,153,78,82,13,2,63,0,1.0,13,2,63,0,0.9285714285714286,1.0,1.0,0.9692307692307692,0.8666666666666667,0.9285714285714286,0.9743589743589743
chb04,8,1,8,1,1,3,chb04_08.edf,153,78,32,12,1,64,1,0.9988165680473373,12,1,64,1,0.9230769230769231,0.9988165680473373,0.9230769230769231,0.9846153846153847,0.9230769230769231,0.9230769230769231,0.9743589743589743
chb04,8,1,8,2,1,3,chb04_08.edf,153,78,26,12,1,64,1,0.9964497041420117,12,2,63,1,0.8888888888888888,0.9964497041420117,0.9230769230769231,0.9846153846153847,0.9230769230769231,0.9230769230769231,0.9743589743589743
chb04,8,1,8,3,1,3,chb04_08.edf,153,78,26,12,0,65,1,0.9964497041420117,12,0,65,1,0.96,0.9976331360946745,0.9230769230769231,1.0,1.0,0.96,0.9871794871794872
chb04,8,2,4,0,1,3,chb04_08.edf,153,78,65,12,1,64,1,0.9988165680473373,12,1,64,1,0.9230769230769231,0.9988165680473373,0.9230769230769231,0.9846153846153847,0.9230769230769231,0.9230769230769231,0.9743589743589743
chb04,8,2,4,1,1,3,chb04_08.edf,153,78,39,12,0,65,1,0.9976331360946745,12,0,65,1,0.96,0.9988165680473373,0.9230769230769231,1.0,1.0,0.96,0.9871794871794872
chb04,8,2,4,2,1,3,chb04_08.edf,153,78,37,12,1,64,1,0.9976331360946745,12,1,64,1,0.9230769230769231,0.9988165680473373,0.9230769230769231,0.9846153846153847,0.9230769230769231,0.9230769230769231,0.9743589743589743
chb04,8,2,4,3,1,3,chb04_08.edf,153,78,34,12,0,65,1,0.9976331360946745,12,1,64,1,0.9230769230769231,0.9976331360946745,0.9230769230769231,1.0,1.0,0.96,0.9871794871794872
chb04,8,1,8,0,2,3,chb04_28.edf,91,156,97,4,1,129,22,0.7479289940828403,4,1,129,22,0.25806451612903225,0.7479289940828403,0.15384615384615385,0.9923076923076923,0.8,0.25806451612903225,0.8525641025641025
chb04,8,1,8,1,2,3,chb04_28.edf,91,156,90,3,1,129,23,0.4017751479289941,3,1,129,23,0.2,0.38491124260355025,0.11538461538461539,0.9923076923076923,0.75,0.2,0.8461538461538461
chb04,8,1,8,2,2,3,chb04_28.edf,91,156,99,3,3,127,23,0.33727810650887574,3,3,127,23,0.1875,0.32573964497041424,0.11538461538461539,0.9769230769230769,0.5,0.1875,0.8333333333333334
chb04,8,1,8,3,2,3,chb04_28.edf,91,156,46,4,5,125,22,0.3038461538461539,4,6,124,22,0.2222222222222222,0.3017751479289941,0.15384615384615385,0.9615384615384616,0.4444444444444444,0.22857142857142856,0.8269230769230769
chb04,8,2,4,0,2,3,chb04_28.edf,91,156,74,2,2,128,24,0.506508875739645,2,2,128,24,0.13333333333333333,0.506508875739645,0.07692307692307693,0.9846153846153847,0.5,0.13333333333333333,0.8333333333333334
chb04,8,2,4,1,2,3,chb04_28.edf,91,156,95,3,3,127,23,0.3150887573964497,3,3,127,23,0.1875,0.30562130177514796,0.11538461538461539,0.9769230769230769,0.5,0.1875,0.8333333333333334
chb04,8,2,4,2,2,3,chb04_28.edf,91,156,95,4,7,123,22,0.2988165680473373,4,5,125,22,0.22857142857142856,0.3002958579881657,0.15384615384615385,0.9461538461538461,0.36363636363636365,0.21621621621621623,0.8141025641025641
chb04,8,2,4,3,2,3,chb04_28.edf,91,156,99,4,4,126,22,0.28431952662721893,4,6,124,22,0.2222222222222222,0.2822485207100592,0.15384615384615385,0.9692307692307692,0.5,0.23529411764705882,0.8333333333333334
chb05,8,1,8,0,0,5,chb05_06.edf,259,84,77,12,0,70,2,1.0,12,0,70,2,0.9230769230769231,1.0,0.8571428571428571,1.0,1.0,0.9230769230769231,0.9761904761904762
chb05,8,1,8,1,0,5,chb05_06.edf,259,84,91,14,0,70,0,1.0,13,0,70,1,0.9629629629629629,1.0,1.0,1.0,1.0,1.0,1.0
chb05,8,1,8,2,0,5,chb05_06.edf,259,84,72,14,0,70,0,1.0,14,0,70,0,1.0,1.0,1.0,1.0,1.0,1.0,1.0
chb05,8,1,8,3,0,5,chb05_06.edf,259,84,53,14,0,70,0,1.0,14,0,70,0,1.0,1.0,1.0,1.0,1.0,1.0,1.0
chb05,8,2,4,0,0,5,chb05_06.edf,259,84,88,12,0,70,2,1.0,12,0,70,2,0.9230769230769231,1.0,0.8571428571428571,1.0,1.0,0.9230769230769231,0.9761904761904762
chb05,8,2,4,1,0,5,chb05_06.edf,259,84,90,14,0,70,0,1.0,14,0,70,0,1.0,1.0,1.0,1.0,1.0,1.0,1.0
chb05,8,2,4,2,0,5,chb05_06.edf,259,84,43,14,0,70,0,1.0,14,0,70,0,1.0,1.0,1.0,1.0,1.0,1.0,1.0
chb05,8,2,4,3,0,5,chb05_06.edf,259,84,34,13,0,70,1,1.0,13,0,70,1,0.9629629629629629,1.0,0.9285714285714286,1.0,1.0,0.9629629629629629,0.9880952380952381
chb05,8,1,8,0,1,5,chb05_13.edf,264,78,96,13,0,65,0,1.0,13,0,65,0,1.0,1.0,1.0,1.0,1.0,1.0,1.0
chb05,8,1,8,1,1,5,chb05_13.edf,264,78,45,13,0,65,0,1.0,12,0,65,1,0.96,1.0,1.0,1.0,1.0,1.0,1.0
chb05,8,1,8,2,1,5,chb05_13.edf,264,78,35,13,0,65,0,1.0,13,0,65,0,1.0,1.0,1.0,1.0,1.0,1.0,1.0
chb05,8,1,8,3,1,5,chb05_13.edf,264,78,49,13,0,65,0,1.0,12,0,65,1,0.96,1.0,1.0,1.0,1.0,1.0,1.0
chb05,8,2,4,0,1,5,chb05_13.edf,264,78,58,13,0,65,0,1.0,13,0,65,0,1.0,1.0,1.0,1.0,1.0,1.0,1.0
chb05,8,2,4,1,1,5,chb05_13.edf,264,78,44,13,1,64,0,1.0,13,0,65,0,1.0,1.0,1.0,0.9846153846153847,0.9285714285714286,0.9629629629629629,0.9871794871794872
chb05,8,2,4,2,1,5,chb05_13.edf,264,78,35,13,1,64,0,0.9988165680473373,13,1,64,0,0.9629629629629629,1.0,1.0,0.9846153846153847,0.9285714285714286,0.9629629629629629,0.9871794871794872
chb05,8,2,4,3,1,5,chb05_13.edf,264,78,42,13,1,64,0,1.0,13,1,64,0,0.9629629629629629,1.0,1.0,0.9846153846153847,0.9285714285714286,0.9629629629629629,0.9871794871794872
chb05,8,1,8,0,2,5,chb05_16.edf,268,72,56,10,0,60,2,1.0,10,0,60,2,0.9090909090909091,1.0,0.8333333333333334,1.0,1.0,0.9090909090909091,0.9722222222222222
chb05,8,1,8,1,2,5,chb05_16.edf,268,72,41,11,0,60,1,1.0,11,0,60,1,0.9565217391304348,1.0,0.9166666666666666,1.0,1.0,0.9565217391304348,0.9861111111111112
chb05,8,1,8,2,2,5,chb05_16.edf,268,72,40,10,0,60,2,1.0,11,0,60,1,0.9565217391304348,1.0,0.8333333333333334,1.0,1.0,0.9090909090909091,0.9722222222222222
chb05,8,1,8,3,2,5,chb05_16.edf,268,72,97,10,0,60,2,0.998611111111111,10,0,60,2,0.9090909090909091,0.998611111111111,0.8333333333333334,1.0,1.0,0.9090909090909091,0.9722222222222222
chb05,8,2,4,0,2,5,chb05_16.edf,268,72,51,10,0,60,2,1.0,10,0,60,2,0.9090909090909091,1.0,0.8333333333333334,1.0,1.0,0.9090909090909091,0.9722222222222222
chb05,8,2,4,1,2,5,chb05_16.edf,268,72,52,10,0,60,2,1.0,11,0,60,1,0.9565217391304348,1.0,0.8333333333333334,1.0,1.0,0.9090909090909091,0.9722222222222222
chb05,8,2,4,2,2,5,chb05_16.edf,268,72,26,11,0,60,1,1.0,11,0,60,1,0.9565217391304348,1.0,0.9166666666666666,1.0,1.0,0.9565217391304348,0.9861111111111112
chb05,8,2,4,3,2,5,chb05_16.edf,268,72,29,10,0,60,2,1.0,10,0,60,2,0.9090909090909091,1.0,0.8333333333333334,1.0,1.0,0.9090909090909091,0.9722222222222222
chb05,8,1,8,0,3,5,chb05_17.edf,254,90,60,14,2,73,1,0.9920000000000001,14,2,73,1,0.9032258064516129,0.9920000000000001,0.9333333333333333,0.9733333333333334,0.875,0.9032258064516129,0.9666666666666667
chb05,8,1,8,1,3,5,chb05_17.edf,254,90,39,11,2,73,4,0.9804444444444445,12,2,73,3,0.8275862068965517,0.9786666666666667,0.7333333333333333,0.9733333333333334,0.8461538461538461,0.7857142857142857,0.9333333333333333
chb05,8,1,8,2,3,5,chb05_17.edf,254,90,51,11,1,74,4,0.9822222222222222,12,2,73,3,0.8275862068965517,0.9795555555555555,0.7333333333333333,0.9866666666666667,0.9166666666666666,0.8148148148148148,0.9444444444444444
chb05,8,1,8,3,3,5,chb05_17.edf,254,90,40,12,3,72,3,0.9768888888888889,13,4,71,2,0.8125,0.9751111111111112,0.8,0.96,0.8,0.8,0.9333333333333333
chb05,8,2,4,0,3,5,chb05_17.edf,254,90,86,13,2,73,2,0.9911111111111112,13,2,73,2,0.8666666666666667,0.9911111111111112,0.8666666666666667,0.9733333333333334,0.8666666666666667,0.8666666666666667,0.9555555555555556
chb05,8,2,4,1,3,5,chb05_17.edf,254,90,50,12,1,74,3,0.9786666666666667,12,2,73,3,0.8275862068965517,0.9777777777777777,0.8,0.9866666666666667,0.9230769230769231,0.8571428571428571,0.9555555555555556
chb05,8,2,4,2,3,5,chb05_17.edf,254,90,41,7,1,74,8,0.9831111111111112,8,1,74,7,0.6666666666666666,0.9831111111111112,0.4666666666666667,0.9866666666666667,0.875,0.6086956521739131,0.9
chb05,8,2,4,3,3,5,chb05_17.edf,254,90,25,12,4,71,3,0.9751111111111112,12,4,71,3,0.7741935483870968,0.9742222222222222,0.8,0.9466666666666667,0.75,0.7741935483870968,0.9222222222222223
chb05,8,1,8,0,4,5,chb05_22.edf,259,84,77,14,4,66,0,0.9979591836734695,14,4,66,0,0.875,0.9979591836734695,1.0,0.9428571428571428,0.7777777777777778,0.875,0.9523809523809523
chb05,8,1,8,1,4,5,chb05_22.edf,259,84,52,14,2,68,0,1.0,14,1,69,0,0.9655172413793104,1.0,1.0,0.9714285714285714,0.875,0.9333333333333333,0.9761904761904762
chb05,8,1,8,2,4,5,chb05_22.edf,259,84,39,14,11,59,0,1.0,14,11,59,0,0.717948717948718,1.0,1.0,0.8428571428571429,0.56,0.717948717948718,0.8690476190476191
chb05,8,1,8,3,4,5,chb05_22.edf,259,84,34,14,15,55,0,1.0,14,14,56,0,0.6666666666666666,1.0,1.0,0.7857142857142857,0.4827586206896552,0.6511627906976745,0.8214285714285714
chb05,8,2,4,0,4,5,chb05_22.edf,259,84,80,14,4,66,0,0.9979591836734695,14,4,66,0,0.875,0.9979591836734695,1.0,0.9428571428571428,0.7777777777777778,0.875,0.9523809523809523
chb05,8,2,4,1,4,5,chb05_22.edf,259,84,38,14,9,61,0,1.0,14,10,60,0,0.7368421052631579,1.0,1.0,0.8714285714285714,0.6086956521739131,0.7567567567567568,0.8928571428571429
chb05,8,2,4,2,4,5,chb05_22.edf,259,84,32,14,8,62,0,1.0,14,11,59,0,0.717948717948718,1.0,1.0,0.8857142857142857,0.6363636363636364,0.7777777777777778,0.9047619047619048
chb05,8,2,4,3,4,5,chb05_22.edf,259,84,45,14,1,69,0,1.0,14,3,67,0,0.9032258064516129,1.0,1.0,0.9857142857142858,0.9333333333333333,0.9655172413793104,0.9880952380952381
chb06,8,1,8,0,0,5,chb06_09.edf,57,12,54,2,0,10,0,1.0,2,0,10,0,1.0,1.0,1.0,1.0,1.0,1.0,1.0
chb06,8,1,8,1,0,5,chb06_09.edf,57,12,31,0,0,10,2,1.0,0,0,10,2,0.0,1.0,0.0,1.0,,0.0,0.8333333333333334
chb06,8,1,8,2,0,5,chb06_09.edf,57,12,31,1,0,10,1,1.0,0,0,10,2,0.0,1.0,0.5,1.0,1.0,0.6666666666666666,0.9166666666666666
chb06,8,1,8,3,0,5,chb06_09.edf,57,12,24,1,0,10,1,1.0,1,0,10,1,0.6666666666666666,1.0,0.5,1.0,1.0,0.6666666666666666,0.9166666666666666
chb06,8,2,4,0,0,5,chb06_09.edf,57,12,58,1,0,10,1,1.0,1,0,10,1,0.6666666666666666,1.0,0.5,1.0,1.0,0.6666666666666666,0.9166666666666666
chb06,8,2,4,1,0,5,chb06_09.edf,57,12,44,1,0,10,1,1.0,0,0,10,2,0.0,1.0,0.5,1.0,1.0,0.6666666666666666,0.9166666666666666
chb06,8,2,4,2,0,5,chb06_09.edf,57,12,36,2,0,10,0,1.0,2,0,10,0,1.0,1.0,1.0,1.0,1.0,1.0,1.0
chb06,8,2,4,3,0,5,chb06_09.edf,57,12,31,2,0,10,0,1.0,2,0,10,0,1.0,1.0,1.0,1.0,1.0,1.0,1.0
chb06,8,1,8,0,1,5,chb06_13.edf,62,6,45,1,0,5,0,1.0,1,0,5,0,1.0,1.0,1.0,1.0,1.0,1.0,1.0
chb06,8,1,8,1,1,5,chb06_13.edf,62,6,39,1,0,5,0,1.0,0,0,5,1,0.0,1.0,1.0,1.0,1.0,1.0,1.0
chb06,8,1,8,2,1,5,chb06_13.edf,62,6,26,1,0,5,0,1.0,1,0,5,0,1.0,1.0,1.0,1.0,1.0,1.0,1.0
chb06,8,1,8,3,1,5,chb06_13.edf,62,6,43,1,0,5,0,1.0,1,0,5,0,1.0,1.0,1.0,1.0,1.0,1.0,1.0
chb06,8,2,4,0,1,5,chb06_13.edf,62,6,38,0,0,5,1,1.0,0,0,5,1,0.0,1.0,0.0,1.0,,0.0,0.8333333333333334
chb06,8,2,4,1,1,5,chb06_13.edf,62,6,48,1,0,5,0,1.0,1,0,5,0,1.0,1.0,1.0,1.0,1.0,1.0,1.0
chb06,8,2,4,2,1,5,chb06_13.edf,62,6,34,1,0,5,0,1.0,1,0,5,0,1.0,1.0,1.0,1.0,1.0,1.0,1.0
chb06,8,2,4,3,1,5,chb06_13.edf,62,6,49,1,0,5,0,1.0,1,0,5,0,1.0,1.0,1.0,1.0,1.0,1.0,1.0
chb06,8,1,8,0,2,5,chb06_01.edf;chb06_24.edf,43,30,40,5,0,25,0,1.0,5,0,25,0,1.0,1.0,1.0,1.0,1.0,1.0,1.0
chb06,8,1,8,1,2,5,chb06_01.edf;chb06_24.edf,43,30,44,5,1,24,0,1.0,5,1,24,0,0.9090909090909091,1.0,1.0,0.96,0.8333333333333334,0.9090909090909091,0.9666666666666667
chb06,8,1,8,2,2,5,chb06_01.edf;chb06_24.edf,43,30,62,5,1,24,0,0.984,5,1,24,0,0.9090909090909091,0.992,1.0,0.96,0.8333333333333334,0.9090909090909091,0.9666666666666667
chb06,8,1,8,3,2,5,chb06_01.edf;chb06_24.edf,43,30,62,5,3,22,0,0.992,5,3,22,0,0.7692307692307693,0.984,1.0,0.88,0.625,0.7692307692307693,0.9
chb06,8,2,4,0,2,5,chb06_01.edf;chb06_24.edf,43,30,38,5,0,25,0,1.0,5,0,25,0,1.0,1.0,1.0,1.0,1.0,1.0,1.0
chb06,8,2,4,1,2,5,chb06_01.edf;chb06_24.edf,43,30,57,5,2,23,0,0.984,5,2,23,0,0.8333333333333334,1.0,1.0,0.92,0.7142857142857143,0.8333333333333334,0.9333333333333333
chb06,8,2,4,2,2,5,chb06_01.edf;chb06_24.edf,43,30,58,5,1,24,0,0.992,5,0,25,0,1.0,1.0,1.0,0.96,0.8333333333333334,0.9090909090909091,0.9666666666666667
chb06,8,2,4,3,2,5,chb06_01.edf;chb06_24.edf,43,30,67,5,2,23,0,0.984,5,2,23,0,0.8333333333333334,1.0,1.0,0.92,0.7142857142857143,0.8333333333333334,0.9333333333333333
chb06,8,1,8,0,3,5,chb06_04.edf,48,24,47,2,6,14,2,0.7,2,6,14,2,0.3333333333333333,0.7,0.5,0.7,0.25,0.3333333333333333,0.6666666666666666
chb06,8,1,8,1,3,5,chb06_04.edf,48,24,62,3,6,14,1,0.7,3,6,14,1,0.46153846153846156,0.7,0.75,0.7,0.3333333333333333,0.46153846153846156,0.7083333333333334
chb06,8,1,8,2,3,5,chb06_04.edf,48,24,86,3,6,14,1,0.7,3,6,14,1,0.46153846153846156,0.7,0.75,0.7,0.3333333333333333,0.46153846153846156,0.7083333333333334
chb06,8,1,8,3,3,5,chb06_04.edf,48,24,66,3,6,14,1,0.7,3,6,14,1,0.46153846153846156,0.7,0.75,0.7,0.3333333333333333,0.46153846153846156,0.7083333333333334
chb06,8,2,4,0,3,5,chb06_04.edf,48,24,50,2,6,14,2,0.7,2,6,14,2,0.3333333333333333,0.7,0.5,0.7,0.25,0.3333333333333333,0.6666666666666666
chb06,8,2,4,1,3,5,chb06_04.edf,48,24,69,3,6,14,1,0.7,3,6,14,1,0.46153846153846156,0.7,0.75,0.7,0.3333333333333333,0.46153846153846156,0.7083333333333334
chb06,8,2,4,2,3,5,chb06_04.edf,48,24,71,3,6,14,1,0.7,2,6,14,2,0.3333333333333333,0.7,0.75,0.7,0.3333333333333333,0.46153846153846156,0.7083333333333334
chb06,8,2,4,3,3,5,chb06_04.edf,48,24,83,4,6,14,0,0.7,3,6,14,1,0.46153846153846156,0.7,1.0,0.7,0.4,0.5714285714285714,0.75
chb06,8,1,8,0,4,5,chb06_10.edf;chb06_18.edf,57,12,67,2,0,10,0,1.0,2,0,10,0,1.0,1.0,1.0,1.0,1.0,1.0,1.0
chb06,8,1,8,1,4,5,chb06_10.edf;chb06_18.edf,57,12,61,2,0,10,0,1.0,2,0,10,0,1.0,1.0,1.0,1.0,1.0,1.0,1.0
chb06,8,1,8,2,4,5,chb06_10.edf;chb06_18.edf,57,12,30,2,0,10,0,1.0,2,0,10,0,1.0,1.0,1.0,1.0,1.0,1.0,1.0
chb06,8,1,8,3,4,5,chb06_10.edf;chb06_18.edf,57,12,42,2,0,10,0,1.0,2,1,9,0,0.8,1.0,1.0,1.0,1.0,1.0,1.0
chb06,8,2,4,0,4,5,chb06_10.edf;chb06_18.edf,57,12,54,2,0,10,0,1.0,2,0,10,0,1.0,1.0,1.0,1.0,1.0,1.0,1.0
chb06,8,2,4,1,4,5,chb06_10.edf;chb06_18.edf,57,12,71,2,0,10,0,1.0,2,0,10,0,1.0,1.0,1.0,1.0,1.0,1.0,1.0
chb06,8,2,4,2,4,5,chb06_10.edf;chb06_18.edf,57,12,34,2,1,9,0,1.0,2,1,9,0,0.8,1.0,1.0,0.9,0.6666666666666666,0.8,0.9166666666666666
chb06,8,2,4,3,4,5,chb06_10.edf;chb06_18.edf,57,12,35,2,0,10,0,1.0,2,0,10,0,1.0,1.0,1.0,1.0,1.0,1.0,1.0
chb07,8,1,8,0,0,3,chb07_12.edf,139,60,76,10,2,48,0,1.0,10,2,48,0,0.9090909090909091,1.0,1.0,0.96,0.8333333333333334,0.9090909090909091,0.9666666666666667
chb07,8,1,8,1,0,3,chb07_12.edf,139,60,84,10,2,48,0,1.0,10,3,47,0,0.8695652173913043,1.0,1.0,0.96,0.8333333333333334,0.9090909090909091,0.9666666666666667
chb07,8,1,8,2,0,3,chb07_12.edf,139,60,77,10,2,48,0,1.0,10,2,48,0,0.9090909090909091,1.0,1.0,0.96,0.8333333333333334,0.9090909090909091,0.9666666666666667
chb07,8,1,8,3,0,3,chb07_12.edf,139,60,57,10,4,46,0,1.0,10,4,46,0,0.8333333333333334,1.0,1.0,0.92,0.7142857142857143,0.8333333333333334,0.9333333333333333
chb07,8,2,4,0,0,3,chb07_12.edf,139,60,61,10,4,46,0,1.0,10,4,46,0,0.8333333333333334,1.0,1.0,0.92,0.7142857142857143,0.8333333333333334,0.9333333333333333
chb07,8,2,4,1,0,3,chb07_12.edf,139,60,93,10,2,48,0,1.0,10,2,48,0,0.9090909090909091,1.0,1.0,0.96,0.8333333333333334,0.9090909090909091,0.9666666666666667
chb07,8,2,4,2,0,3,chb07_12.edf,139,60,99,10,2,48,0,1.0,10,2,48,0,0.9090909090909091,1.0,1.0,0.96,0.8333333333333334,0.9090909090909091,0.9666666666666667
chb07,8,2,4,3,0,3,chb07_12.edf,139,60,60,10,3,47,0,1.0,10,3,47,0,0.8695652173913043,1.0,1.0,0.94,0.7692307692307693,0.8695652173913043,0.95
chb07,8,1,8,0,1,3,chb07_13.edf,129,72,19,1,0,60,11,0.8888888888888888,1,0,60,11,0.15384615384615385,0.8888888888888888,0.08333333333333333,1.0,1.0,0.15384615384615385,0.8472222222222222
chb07,8,1,8,1,1,3,chb07_13.edf,129,72,99,10,1,59,2,0.9833333333333334,11,1,59,1,0.9166666666666666,0.9833333333333334,0.8333333333333334,0.9833333333333333,0.9090909090909091,0.8695652173913043,0.9583333333333334
chb07,8,1,8,2,1,3,chb07_13.edf,129,72,70,10,2,58,2,0.9847222222222222,10,2,58,2,0.8333333333333334,0.986111111111111,0.8333333333333334,0.9666666666666667,0.8333333333333334,0.8333333333333334,0.9444444444444444
chb07,8,1,8,3,1,3,chb07_13.edf,129,72,90,10,1,59,2,0.9791666666666667,10,1,59,2,0.8695652173913043,0.9819444444444444,0.8333333333333334,0.9833333333333333,0.9090909090909091,0.8695652173913043,0.9583333333333334
chb07,8,2,4,0,1,3,chb07_13.edf,129,72,64,11,1,59,1,0.9722222222222223,11,1,59,1,0.9166666666666666,0.9722222222222223,0.9166666666666666,0.9833333333333333,0.9166666666666666,0.9166666666666666,0.9722222222222222
chb07,8,2,4,1,1,3,chb07_13.edf,129,72,99,10,1,59,2,0.9833333333333334,10,1,59,2,0.8695652173913043,0.9819444444444444,0.8333333333333334,0.9833333333333333,0.9090909090909091,0.8695652173913043,0.9583333333333334
chb07,8,2,4,2,1,3,chb07_13.edf,129,72,99,11,2,58,1,0.9833333333333333,11,3,57,1,0.8461538461538461,0.9777777777777777,0.9166666666666666,0.9666666666666667,0.8461538461538461,0.88,0.9583333333333334
chb07,8,2,4,3,1,3,chb07_13.edf,129,72,99,10,1,59,2,0.9722222222222222,10,2,58,2,0.8333333333333334,0.9680555555555556,0.8333333333333334,0.9833333333333333,0.9090909090909091,0.8695652173913043,0.9583333333333334
chb07,8,1,8,0,2,3,chb07_19.edf,105,102,76,12,0,85,5,0.9854671280276817,12,0,85,5,0.8275862068965517,0.9854671280276817,0.7058823529411765,1.0,1.0,0.8275862068965517,0.9509803921568627
chb07,8,1,8,1,2,3,chb07_19.edf,105,102,41,12,0,85,5,0.9633217993079586,13,1,84,4,0.8387096774193549,0.9605536332179931,0.7058823529411765,1.0,1.0,0.8275862068965517,0.9509803921568627
chb07,8,1,8,2,2,3,chb07_19.edf,105,102,48,13,0,85,4,0.9750865051903115,13,0,85,4,0.8666666666666667,0.9723183391003459,0.7647058823529411,1.0,1.0,0.8666666666666667,0.9607843137254902
chb07,8,1,8,3,2,3,chb07_19.edf,105,102,55,9,1,84,8,0.9826989619377163,9,1,84,8,0.6666666666666666,0.9854671280276817,0.5294117647058824,0.9882352941176471,0.9,0.6666666666666666,0.9117647058823529
chb07,8,2,4,0,2,3,chb07_19.edf,105,102,44,6,1,84,11,0.9363321799307958,6,1,84,11,0.5,0.9363321799307958,0.35294117647058826,0.9882352941176471,0.8571428571428571,0.5,0.8823529411764706
chb07,8,2,4,1,2,3,chb07_19.edf,105,102,55,12,1,84,5,0.9591695501730103,12,1,84,5,0.8,0.9557093425605536,0.7058823529411765,0.9882352941176471,0.9230769230769231,0.8,0.9411764705882353
chb07,8,2,4,2,2,3,chb07_19.edf,105,102,46,10,0,85,7,0.9612456747404844,9,0,85,8,0.6923076923076923,0.9653979238754326,0.5882352941176471,1.0,1.0,0.7407407407407407,0.9313725490196079
chb07,8,2,4,3,2,3,chb07_19.edf,105,102,32,5,1,84,12,0.928719723183391,5,1,84,12,0.43478260869565216,0.9321799307958476,0.29411764705882354,0.9882352941176471,0.8333333333333334,0.43478260869565216,0.8725490196078431
chb08,8,1,8,0,0,5,chb08_02.edf,441,126,84,21,5,100,0,0.9959183673469388,21,5,100,0,0.8936170212765957,0.9959183673469388,1.0,0.9523809523809523,0.8076923076923077,0.8936170212765957,0.9603174603174603
chb08,8,1,8,1,0,5,chb08_02.edf,441,126,36,20,10,95,1,0.983673469387755,20,9,96,1,0.8,0.9836734693877551,0.9523809523809523,0.9047619047619048,0.6666666666666666,0.7843137254901961,0.9126984126984127
chb08,8,1,8,2,0,5,chb08_02.edf,441,126,38,20,5,100,1,0.9773242630385487,20,6,99,1,0.851063829787234,0.9773242630385488,0.9523809523809523,0.9523809523809523,0.8,0.8695652173913043,0.9523809523809523
chb08,8,1,8,3,0,5,chb08_02.edf,441,126,32,20,5,100,1,0.9746031746031746,20,7,98,1,0.8333333333333334,0.9741496598639456,0.9523809523809523,0.9523809523809523,0.8,0.8695652173913043,0.9523809523809523
chb08,8,2,4,0,0,5,chb08_02.edf,441,126,81,21,8,97,0,0.9863945578231292,21,8,97,0,0.84,0.9863945578231292,1.0,0.9238095238095239,0.7241379310344828,0.84,0.9365079365079365
chb08,8,2,4,1,0,5,chb08_02.edf,441,126,35,19,8,97,2,0.9678004535147392,19,8,97,2,0.7916666666666666,0.9650793650793651,0.9047619047619048,0.9238095238095239,0.7037037037037037,0.7916666666666666,0.9206349206349206
chb08,8,2,4,2,0,5,chb08_02.edf,441,126,33,19,7,98,2,0.9673469387755103,19,8,97,2,0.7916666666666666,0.9659863945578231,0.9047619047619048,0.9333333333333333,0.7307692307692307,0.8085106382978723,0.9285714285714286
chb08,8,2,4,3,0,5,chb08_02.edf,441,126,15,20,5,100,1,0.9705215419501134,20,5,100,1,0.8695652173913043,0.9696145124716553,0.9523809523809523,0.9523809523809523,0.8,0.8695652173913043,0.9523809523809523
chb08,8,1,8,0,1,5,chb08_05.edf,432,138,16,19,24,91,4,0.9224952741020793,19,24,91,4,0.5757575757575758,0.9224952741020793,0.8260869565217391,0.7913043478260869,0.4418604651162791,0.5757575757575758,0.7971014492753623
chb08,8,1,8,1,1,5,chb08_05.edf,432,138,27,19,23,92,4,0.9274102079395086,19,23,92,4,0.5846153846153846,0.9266540642722116,0.8260869565217391,0.8,0.4523809523809524,0.5846153846153846,0.8043478260869565
chb08,8,1,8,2,1,5,chb08_05.edf,432,138,20,18,16,99,5,0.9206049149338373,17,18,97,6,0.5862068965517241,0.9187145557655954,0.782608695652174,0.8608695652173913,0.5294117647058824,0.631578947368421,0.8478260869565217
chb08,8,1,8,3,1,5,chb08_05.edf,432,138,18,17,12,103,6,0.9228733459357279,17,12,103,6,0.6538461538461539,0.9228733459357277,0.7391304347826086,0.8956521739130435,0.5862068965517241,0.6538461538461539,0.8695652173913043
chb08,8,2,4,0,1,5,chb08_05.edf,432,138,37,18,20,95,5,0.9368620037807183,18,20,95,5,0.5901639344262295,0.9368620037807183,0.782608695652174,0.8260869565217391,0.47368421052631576,0.5901639344262295,0.8188405797101449
chb08,8,2,4,1,1,5,chb08_05.edf,432,138,36,18,17,98,5,0.922117202268431,18,15,100,5,0.6428571428571429,0.9274102079395085,0.782608695652174,0.8521739130434782,0.5142857142857142,0.6206896551724138,0.8405797101449275
chb08,8,2,4,2,1,5,chb08_05.edf,432,138,48,19,12,103,4,0.9368620037807183,19,10,105,4,0.7307692307692307,0.9387523629489603,0.8260869565217391,0.8956521739130435,0.6129032258064516,0.7037037037037037,0.8840579710144928
chb08,8,2,4,3,1,5,chb08_05.edf,432,138,27,19,23,92,4,0.9293005671077504,19,19,96,4,0.6229508196721312,0.9311909262759924,0.8260869565217391,0.8,0.4523809523809524,0.5846153846153846,0.8043478260869565
chb08,8,1,8,0,2,5,chb08_11.edf,465,96,80,15,1,79,1,0.9953125,15,1,79,1,0.9375,0.9953125,0.9375,0.9875,0.9375,0.9375,0.9791666666666666
chb08,8,1,8,1,2,5,chb08_11.edf,465,96,36,15,1,79,1,0.99296875,15,1,79,1,0.9375,0.99453125,0.9375,0.9875,0.9375,0.9375,0.9791666666666666
chb08,8,1,8,2,2,5,chb08_11.edf,465,96,45,15,2,78,1,0.99296875,15,2,78,1,0.9090909090909091,0.99375,0.9375,0.975,0.8823529411764706,0.9090909090909091,0.96875
chb08,8,1,8,3,2,5,chb08_11.edf,465,96,46,15,1,79,1,0.9921875,15,2,78,1,0.9090909090909091,0.99296875,0.9375,0.9875,0.9375,0.9375,0.9791666666666666
chb08,8,2,4,0,2,5,chb08_11.edf,465,96,63,15,1,79,1,0.9953125,15,1,79,1,0.9375,0.9953125,0.9375,0.9875,0.9375,0.9375,0.9791666666666666
chb08,8,2,4,1,2,5,chb08_11.edf,465,96,72,15,2,78,1,0.99609375,15,2,78,1,0.9090909090909091,0.9984375,0.9375,0.975,0.8823529411764706,0.9090909090909091,0.96875
chb08,8,2,4,2,2,5,chb08_11.edf,465,96,53,15,2,78,1,0.9953125,15,2,78,1,0.9090909090909091,0.9953124999999999,0.9375,0.975,0.8823529411764706,0.9090909090909091,0.96875
chb08,8,2,4,3,2,5,chb08_11.edf,465,96,13,15,1,79,1,0.9898437499999999,15,1,79,1,0.9375,0.99140625,0.9375,0.9875,0.9375,0.9375,0.9791666666666666
chb08,8,1,8,0,3,5,chb08_13.edf,446,120,78,20,1,99,0,1.0,20,1,99,0,0.975609756097561,1.0,1.0,0.99,0.9523809523809523,0.975609756097561,0.9916666666666667
chb08,8,1,8,1,3,5,chb08_13.edf,446,120,36,19,3,97,1,0.997,19,2,98,1,0.926829268292683,0.997,0.95,0.97,0.8636363636363636,0.9047619047619048,0.9666666666666667
chb08,8,1,8,2,3,5,chb08_13.edf,446,120,39,19,3,97,1,0.997,19,2,98,1,0.926829268292683,0.9974999999999999,0.95,0.97,0.8636363636363636,0.9047619047619048,0.9666666666666667
chb08,8,1,8,3,3,5,chb08_13.edf,446,120,37,19,2,98,1,0.9964999999999999,19,3,97,1,0.9047619047619048,0.9964999999999999,0.95,0.98,0.9047619047619048,0.926829268292683,0.975
chb08,8,2,4,0,3,5,chb08_13.edf,446,120,72,20,3,97,0,0.997,20,3,97,0,0.9302325581395349,0.997,1.0,0.97,0.8695652173913043,0.9302325581395349,0.975
chb08,8,2,4,1,3,5,chb08_13.edf,446,120,29,19,2,98,1,0.996,19,2,98,1,0.926829268292683,0.9964999999999999,0.95,0.98,0.9047619047619048,0.926829268292683,0.975
chb08,8,2,4,2,3,5,chb08_13.edf,446,120,25,19,2,98,1,0.997,19,2,98,1,0.926829268292683,0.997,0.95,0.98,0.9047619047619048,0.926829268292683,0.975
chb08,8,2,4,3,3,5,chb08_13.edf,446,120,21,19,2,98,1,0.997,19,2,98,1,0.926829268292683,0.997,0.95,0.98,0.9047619047619048,0.926829268292683,0.975
chb08,8,1,8,0,4,5,chb08_21.edf,384,198,10,28,5,160,5,0.9808999081726355,28,5,160,5,0.8484848484848485,0.9808999081726355,0.8484848484848485,0.9696969696969697,0.8484848484848485,0.8484848484848485,0.9494949494949495
chb08,8,1,8,1,4,5,chb08_21.edf,384,198,19,30,18,147,3,0.9801652892561984,30,18,147,3,0.7407407407407407,0.9808999081726355,0.9090909090909091,0.8909090909090909,0.625,0.7407407407407407,0.8939393939393939
chb08,8,1,8,2,4,5,chb08_21.edf,384,198,8,30,15,150,3,0.9816345270890725,30,13,152,3,0.7894736842105263,0.9801652892561984,0.9090909090909091,0.9090909090909091,0.6666666666666666,0.7692307692307693,0.9090909090909091
chb08,8,1,8,3,4,5,chb08_21.edf,384,198,11,31,24,141,2,0.9832874196510559,31,26,139,2,0.6888888888888889,0.9829201101928374,0.9393939393939394,0.8545454545454545,0.5636363636363636,0.7045454545454546,0.8686868686868687
chb08,8,2,4,0,4,5,chb08_21.edf,384,198,12,30,8,157,3,0.9808999081726355,30,8,157,3,0.8450704225352113,0.9808999081726355,0.9090909090909091,0.9515151515151515,0.7894736842105263,0.8450704225352113,0.9444444444444444
chb08,8,2,4,1,4,5,chb08_21.edf,384,198,18,30,14,151,3,0.9823691460055096,30,18,147,3,0.7407407407407407,0.9832874196510559,0.9090909090909091,0.9151515151515152,0.6818181818181818,0.7792207792207793,0.9141414141414141
chb08,8,2,4,2,4,5,chb08_21.edf,384,198,13,31,20,145,2,0.9843893480257118,31,22,143,2,0.7209302325581395,0.9834710743801653,0.9393939393939394,0.8787878787878788,0.6078431372549019,0.7380952380952381,0.8888888888888888
chb08,8,2,4,3,4,5,chb08_21.edf,384,198,14,30,11,154,3,0.9829201101928375,30,12,153,3,0.8,0.9821854912764003,0.9090909090909091,0.9333333333333333,0.7317073170731707,0.8108108108108109,0.9292929292929293
chb09,8,1,8,0,0,3,chb09_06.edf,115,48,49,7,1,39,1,0.9874999999999999,7,1,39,1,0.875,0.9874999999999999,0.875,0.975,0.875,0.875,0.9583333333333334
chb09,8,1,8,1,0,3,chb09_06.edf,115,48,45,7,1,39,1,0.984375,8,1,39,0,0.9411764705882353,0.984375,0.875,0.975,0.875,0.875,0.9583333333333334
chb09,8,1,8,2,0,3,chb09_06.edf,115,48,32,7,3,37,1,0.9656250000000001,7,3,37,1,0.7777777777777778,0.9656250000000001,0.875,0.925,0.7,0.7777777777777778,0.9166666666666666
chb09,8,1,8,3,0,3,chb09_06.edf,115,48,25,7,1,39,1,0.975,7,1,39,1,0.875,0.978125,0.875,0.975,0.875,0.875,0.9583333333333334
chb09,8,2,4,0,0,3,chb09_06.edf,115,48,49,7,1,39,1,0.96875,7,1,39,1,0.875,0.96875,0.875,0.975,0.875,0.875,0.9583333333333334
chb09,8,2,4,1,0,3,chb09_06.edf,115,48,42,7,1,39,1,0.984375,7,1,39,1,0.875,0.9874999999999999,0.875,0.975,0.875,0.875,0.9583333333333334
chb09,8,2,4,2,0,3,chb09_06.edf,115,48,52,7,2,38,1,0.959375,7,2,38,1,0.8235294117647058,0.9562499999999999,0.875,0.95,0.7777777777777778,0.8235294117647058,0.9375
chb09,8,2,4,3,0,3,chb09_06.edf,115,48,33,7,1,39,1,0.9625,7,1,39,1,0.875,0.9625,0.875,0.975,0.875,0.875,0.9583333333333334
chb09,8,1,8,0,1,3,chb09_08.edf,72,102,67,17,1,84,0,1.0,17,1,84,0,0.9714285714285714,1.0,1.0,0.9882352941176471,0.9444444444444444,0.9714285714285714,0.9901960784313726
chb09,8,1,8,1,1,3,chb09_08.edf,72,102,53,17,6,79,0,1.0,17,6,79,0,0.85,1.0,1.0,0.9294117647058824,0.7391304347826086,0.85,0.9411764705882353
chb09,8,1,8,2,1,3,chb09_08.edf,72,102,54,17,4,81,0,0.9993079584775086,17,5,80,0,0.8717948717948718,1.0,1.0,0.9529411764705882,0.8095238095238095,0.8947368421052632,0.9607843137254902
chb09,8,1,8,3,1,3,chb09_08.edf,72,102,42,17,7,78,0,0.9986159169550173,17,7,78,0,0.8292682926829268,1.0,1.0,0.9176470588235294,0.7083333333333334,0.8292682926829268,0.9313725490196079
chb09,8,2,4,0,1,3,chb09_08.edf,72,102,74,17,0,85,0,1.0,17,0,85,0,1.0,1.0,1.0,1.0,1.0,1.0,1.0
chb09,8,2,4,1,1,3,chb09_08.edf,72,102,56,17,1,84,0,1.0,17,3,82,0,0.918918918918919,1.0,1.0,0.9882352941176471,0.9444444444444444,0.9714285714285714,0.9901960784313726
chb09,8,2,4,2,1,3,chb09_08.edf,72,102,53,17,0,85,0,1.0,17,0,85,0,1.0,1.0,1.0,1.0,1.0,1.0,1.0
chb09,8,2,4,3,1,3,chb09_08.edf,72,102,61,17,6,79,0,1.0,17,6,79,0,0.85,1.0,1.0,0.9294117647058824,0.7391304347826086,0.85,0.9411764705882353
chb09,8,1,8,0,2,3,chb09_19.edf,120,42,47,7,0,35,0,1.0,7,0,35,0,1.0,1.0,1.0,1.0,1.0,1.0,1.0
chb09,8,1,8,1,2,3,chb09_19.edf,120,42,50,6,0,35,1,1.0,7,1,34,0,0.9333333333333333,1.0,0.8571428571428571,1.0,1.0,0.9230769230769231,0.9761904761904762
chb09,8,1,8,2,2,3,chb09_19.edf,120,42,32,7,2,33,0,1.0,7,2,33,0,0.875,1.0,1.0,0.9428571428571428,0.7777777777777778,0.875,0.9523809523809523
chb09,8,1,8,3,2,3,chb09_19.edf,120,42,53,7,1,34,0,1.0,7,1,34,0,0.9333333333333333,1.0,1.0,0.9714285714285714,0.875,0.9333333333333333,0.9761904761904762
chb09,8,2,4,0,2,3,chb09_19.edf,120,42,47,7,0,35,0,1.0,7,0,35,0,1.0,1.0,1.0,1.0,1.0,1.0,1.0
chb09,8,2,4,1,2,3,chb09_19.edf,120,42,43,7,2,33,0,0.9959183673469387,7,3,32,0,0.8235294117647058,0.9918367346938776,1.0,0.9428571428571428,0.7777777777777778,0.875,0.9523809523809523
chb09,8,2,4,2,2,3,chb09_19.edf,120,42,29,7,2,33,0,0.9959183673469387,7,2,33,0,0.875,1.0,1.0,0.9428571428571428,0.7777777777777778,0.875,0.9523809523809523
chb09,8,2,4,3,2,3,chb09_19.edf,120,42,29,7,1,34,0,1.0,7,1,34,0,0.9333333333333333,1.0,1.0,0.9714285714285714,0.875,0.9333333333333333,0.9761904761904762
chb10,8,1,8,0,0,5,chb10_38.edf,201,66,76,10,0,55,1,1.0,10,0,55,1,0.9523809523809523,1.0,0.9090909090909091,1.0,1.0,0.9523809523809523,0.9848484848484849
chb10,8,1,8,1,0,5,chb10_38.edf,201,66,52,8,0,55,3,1.0,9,0,55,2,0.9,1.0,0.7272727272727273,1.0,1.0,0.8421052631578947,0.9545454545454546
chb10,8,1,8,2,0,5,chb10_38.edf,201,66,21,9,0,55,2,1.0,9,0,55,2,0.9,1.0,0.8181818181818182,1.0,1.0,0.9,0.9696969696969697
chb10,8,1,8,3,0,5,chb10_38.edf,201,66,25,9,0,55,2,1.0,9,0,55,2,0.9,1.0,0.8181818181818182,1.0,1.0,0.9,0.9696969696969697
chb10,8,2,4,0,0,5,chb10_38.edf,201,66,70,10,0,55,1,1.0,10,0,55,1,0.9523809523809523,1.0,0.9090909090909091,1.0,1.0,0.9523809523809523,0.9848484848484849
chb10,8,2,4,1,0,5,chb10_38.edf,201,66,27,8,0,55,3,1.0,8,0,55,3,0.8421052631578947,1.0,0.7272727272727273,1.0,1.0,0.8421052631578947,0.9545454545454546
chb10,8,2,4,2,0,5,chb10_38.edf,201,66,22,9,0,55,2,1.0,9,0,55,2,0.9,1.0,0.8181818181818182,1.0,1.0,0.9,0.9696969696969697
chb10,8,2,4,3,0,5,chb10_38.edf,201,66,31,8,0,55,3,1.0,8,0,55,3,0.8421052631578947,1.0,0.7272727272727273,1.0,1.0,0.8421052631578947,0.9545454545454546
chb10,8,1,8,0,1,5,chb10_89.edf,225,36,47,6,0,30,0,1.0,6,0,30,0,1.0,1.0,1.0,1.0,1.0,1.0,1.0
chb10,8,1,8,1,1,5,chb10_89.edf,225,36,15,6,1,29,0,1.0,6,1,29,0,0.9230769230769231,0.9944444444444445,1.0,0.9666666666666667,0.8571428571428571,0.9230769230769231,0.9722222222222222
chb10,8,1,8,2,1,5,chb10_89.edf,225,36,11,6,1,29,0,0.9944444444444445,6,1,29,0,0.9230769230769231,1.0,1.0,0.9666666666666667,0.8571428571428571,0.9230769230769231,0.9722222222222222
chb10,8,1,8,3,1,5,chb10_89.edf,225,36,24,6,1,29,0,1.0,6,1,29,0,0.9230769230769231,1.0,1.0,0.9666666666666667,0.8571428571428571,0.9230769230769231,0.9722222222222222
chb10,8,2,4,0,1,5,chb10_89.edf,225,36,34,6,0,30,0,1.0,6,0,30,0,1.0,1.0,1.0,1.0,1.0,1.0,1.0
chb10,8,2,4,1,1,5,chb10_89.edf,225,36,27,6,0,30,0,1.0,6,0,30,0,1.0,1.0,1.0,1.0,1.0,1.0,1.0
chb10,8,2,4,2,1,5,chb10_89.edf,225,36,32,6,0,30,0,1.0,6,0,30,0,1.0,1.0,1.0,1.0,1.0,1.0,1.0
chb10,8,2,4,3,1,5,chb10_89.edf,225,36,26,6,1,29,0,1.0,6,1,29,0,0.9230769230769231,1.0,1.0,0.9666666666666667,0.8571428571428571,0.9230769230769231,0.9722222222222222
chb10,8,1,8,0,2,5,chb10_20.edf;chb10_31.edf,172,102,66,17,2,83,0,1.0,17,2,83,0,0.9444444444444444,1.0,1.0,0.9764705882352941,0.8947368421052632,0.9444444444444444,0.9803921568627451
chb10,8,1,8,1,2,5,chb10_20.edf;chb10_31.edf,172,102,46,17,5,80,0,1.0,17,5,80,0,0.8717948717948718,1.0,1.0,0.9411764705882353,0.7727272727272727,0.8717948717948718,0.9509803921568627
chb10,8,1,8,2,2,5,chb10_20.edf;chb10_31.edf,172,102,57,17,4,81,0,0.9972318339100346,17,6,79,0,0.85,0.9965397923875432,1.0,0.9529411764705882,0.8095238095238095,0.8947368421052632,0.9607843137254902
chb10,8,1,8,3,2,5,chb10_20.edf;chb10_31.edf,172,102,19,17,4,81,0,0.9958477508650518,17,5,80,0,0.8717948717948718,0.9965397923875432,1.0,0.9529411764705882,0.8095238095238095,0.8947368421052632,0.9607843137254902
chb10,8,2,4,0,2,5,chb10_20.edf;chb10_31.edf,172,102,64,17,6,79,0,1.0,17,6,79,0,0.85,1.0,1.0,0.9294117647058824,0.7391304347826086,0.85,0.9411764705882353
chb10,8,2,4,1,2,5,chb10_20.edf;chb10_31.edf,172,102,78,17,5,80,0,0.9993079584775086,17,5,80,0,0.8717948717948718,1.0,1.0,0.9411764705882353,0.7727272727272727,0.8717948717948718,0.9509803921568627
chb10,8,2,4,2,2,5,chb10_20.edf;chb10_31.edf,172,102,61,17,5,80,0,0.9972318339100346,17,4,81,0,0.8947368421052632,0.9972318339100346,1.0,0.9411764705882353,0.7727272727272727,0.8717948717948718,0.9509803921568627
chb10,8,2,4,3,2,5,chb10_20.edf;chb10_31.edf,172,102,45,17,6,79,0,0.9958477508650518,17,6,79,0,0.85,0.9965397923875432,1.0,0.9294117647058824,0.7391304347826086,0.85,0.9411764705882353
chb10,8,1,8,0,3,5,chb10_27.edf,216,48,62,8,0,40,0,1.0,8,0,40,0,1.0,1.0,1.0,1.0,1.0,1.0,1.0
chb10,8,1,8,1,3,5,chb10_27.edf,216,48,29,7,0,40,1,1.0,8,0,40,0,1.0,1.0,0.875,1.0,1.0,0.9333333333333333,0.9791666666666666
chb10,8,1,8,2,3,5,chb10_27.edf,216,48,14,6,0,40,2,1.0,7,0,40,1,0.9333333333333333,1.0,0.75,1.0,1.0,0.8571428571428571,0.9583333333333334
chb10,8,1,8,3,3,5,chb10_27.edf,216,48,28,8,0,40,0,1.0,8,0,40,0,1.0,1.0,1.0,1.0,1.0,1.0,1.0
chb10,8,2,4,0,3,5,chb10_27.edf,216,48,62,8,0,40,0,1.0,8,0,40,0,1.0,1.0,1.0,1.0,1.0,1.0,1.0
chb10,8,2,4,1,3,5,chb10_27.edf,216,48,29,8,0,40,0,1.0,8,0,40,0,1.0,1.0,1.0,1.0,1.0,1.0,1.0
chb10,8,2,4,2,3,5,chb10_27.edf,216,48,26,6,0,40,2,1.0,7,0,40,1,0.9333333333333333,1.0,0.75,1.0,1.0,0.8571428571428571,0.9583333333333334
chb10,8,2,4,3,3,5,chb10_27.edf,216,48,25,8,0,40,0,1.0,8,0,40,0,1.0,1.0,1.0,1.0,1.0,1.0,1.0
chb10,8,1,8,0,4,5,chb10_12.edf;chb10_30.edf,201,66,72,10,0,55,1,1.0,10,0,55,1,0.9523809523809523,1.0,0.9090909090909091,1.0,1.0,0.9523809523809523,0.9848484848484849
chb10,8,1,8,1,4,5,chb10_12.edf;chb10_30.edf,201,66,47,11,0,55,0,1.0,9,0,55,2,0.9,1.0,1.0,1.0,1.0,1.0,1.0
chb10,8,1,8,2,4,5,chb10_12.edf;chb10_30.edf,201,66,68,10,0,55,1,1.0,10,0,55,1,0.9523809523809523,1.0,0.9090909090909091,1.0,1.0,0.9523809523809523,0.9848484848484849
chb10,8,1,8,3,4,5,chb10_12.edf;chb10_30.edf,201,66,50,9,0,55,2,1.0,9,0,55,2,0.9,0.9983471074380165,0.8181818181818182,1.0,1.0,0.9,0.9696969696969697
chb10,8,2,4,0,4,5,chb10_12.edf;chb10_30.edf,201,66,51,11,0,55,0,1.0,11,0,55,0,1.0,1.0,1.0,1.0,1.0,1.0,1.0
chb10,8,2,4,1,4,5,chb10_12.edf;chb10_30.edf,201,66,45,11,0,55,0,1.0,11,0,55,0,1.0,1.0,1.0,1.0,1.0,1.0,1.0
chb10,8,2,4,2,4,5,chb10_12.edf;chb10_30.edf,201,66,39,10,0,55,1,1.0,10,0,55,1,0.9523809523809523,1.0,0.9090909090909091,1.0,1.0,0.9523809523809523,0.9848484848484849
chb10,8,2,4,3,4,5,chb10_12.edf;chb10_30.edf,201,66,45,10,0,55,1,1.0,10,0,55,1,0.9523809523809523,1.0,0.9090909090909091,1.0,1.0,0.9523809523809523,0.9848484848484849
chb11,8,1,8,0,0,3,chb11_82.edf,304,12,34,2,0,10,0,1.0,2,0,10,0,1.0,1.0,1.0,1.0,1.0,1.0,1.0
chb11,8,1,8,1,0,3,chb11_82.edf,304,12,56,2,0,10,0,1.0,2,0,10,0,1.0,1.0,1.0,1.0,1.0,1.0,1.0
chb11,8,1,8,2,0,3,chb11_82.edf,304,12,25,2,0,10,0,1.0,2,0,10,0,1.0,1.0,1.0,1.0,1.0,1.0,1.0
chb11,8,1,8,3,0,3,chb11_82.edf,304,12,40,2,0,10,0,1.0,2,0,10,0,1.0,1.0,1.0,1.0,1.0,1.0,1.0
chb11,8,2,4,0,0,3,chb11_82.edf,304,12,33,2,0,10,0,1.0,2,0,10,0,1.0,1.0,1.0,1.0,1.0,1.0,1.0
chb11,8,2,4,1,0,3,chb11_82.edf,304,12,94,2,0,10,0,1.0,2,0,10,0,1.0,1.0,1.0,1.0,1.0,1.0,1.0
chb11,8,2,4,2,0,3,chb11_82.edf,304,12,29,2,0,10,0,1.0,2,0,10,0,1.0,1.0,1.0,1.0,1.0,1.0,1.0
chb11,8,2,4,3,0,3,chb11_82.edf,304,12,57,2,0,10,0,1.0,2,0,10,0,1.0,1.0,1.0,1.0,1.0,1.0,1.0
chb11,8,1,8,0,1,3,chb11_92.edf,294,24,40,4,0,20,0,1.0,4,0,20,0,1.0,1.0,1.0,1.0,1.0,1.0,1.0
chb11,8,1,8,1,1,3,chb11_92.edf,294,24,68,4,0,20,0,1.0,4,0,20,0,1.0,1.0,1.0,1.0,1.0,1.0,1.0
chb11,8,1,8,2,1,3,chb11_92.edf,294,24,37,4,0,20,0,1.0,4,0,20,0,1.0,1.0,1.0,1.0,1.0,1.0,1.0
chb11,8,1,8,3,1,3,chb11_92.edf,294,24,49,4,0,20,0,1.0,4,0,20,0,1.0,1.0,1.0,1.0,1.0,1.0,1.0
chb11,8,2,4,0,1,3,chb11_92.edf,294,24,40,4,0,20,0,1.0,4,0,20,0,1.0,1.0,1.0,1.0,1.0,1.0,1.0
chb11,8,2,4,1,1,3,chb11_92.edf,294,24,44,4,0,20,0,1.0,4,0,20,0,1.0,1.0,1.0,1.0,1.0,1.0,1.0
chb11,8,2,4,2,1,3,chb11_92.edf,294,24,16,3,0,20,1,1.0,4,0,20,0,1.0,1.0,0.75,1.0,1.0,0.8571428571428571,0.9583333333333334
chb11,8,2,4,3,1,3,chb11_92.edf,294,24,43,4,0,20,0,1.0,4,0,20,0,1.0,1.0,1.0,1.0,1.0,1.0,1.0
chb11,8,1,8,0,2,3,chb11_99.edf,28,356,76,83,42,220,11,0.9470521357804126,83,42,220,11,0.7579908675799086,0.9470521357804126,0.8829787234042553,0.8396946564885496,0.664,0.7579908675799086,0.851123595505618
chb11,8,1,8,1,2,3,chb11_99.edf,28,356,92,65,11,251,29,0.9382816306642846,66,11,251,28,0.7719298245614035,0.9356017541010232,0.6914893617021277,0.9580152671755725,0.8552631578947368,0.7647058823529411,0.8876404494382022
chb11,8,1,8,2,2,3,chb11_99.edf,28,356,63,63,15,247,31,0.9286990417411076,63,17,245,31,0.7241379310344828,0.9268718531752477,0.6702127659574468,0.9427480916030534,0.8076923076923077,0.7325581395348837,0.8707865168539326
chb11,8,1,8,3,2,3,chb11_99.edf,28,356,69,75,23,239,19,0.9415299658924802,75,23,239,19,0.78125,0.9397027773266201,0.7978723404255319,0.9122137404580153,0.7653061224489796,0.78125,0.8820224719101124
chb11,8,2,4,0,2,3,chb11_99.edf,28,356,99,81,47,215,13,0.9270342699366575,81,47,215,13,0.7297297297297297,0.9270342699366575,0.8617021276595744,0.8206106870229007,0.6328125,0.7297297297297297,0.8314606741573034
chb11,8,2,4,1,2,3,chb11_99.edf,28,356,94,66,21,241,28,0.923055059282118,64,22,240,30,0.7111111111111111,0.9209436413837908,0.7021276595744681,0.9198473282442748,0.7586206896551724,0.7292817679558011,0.8623595505617978
chb11,8,2,4,2,2,3,chb11_99.edf,28,356,82,73,47,215,21,0.9143251583563423,73,48,214,21,0.6790697674418604,0.9112392398895566,0.776595744680851,0.8206106870229007,0.6083333333333333,0.6822429906542056,0.8089887640449438
chb11,8,2,4,3,2,3,chb11_99.edf,28,356,74,79,45,217,15,0.9306886470683775,80,42,220,14,0.7407407407407407,0.9299171674516811,0.8404255319148937,0.8282442748091603,0.6370967741935484,0.7247706422018348,0.8314606741573034
chb12,8,1,8,0,0,5,chb12_08.edf,499,48,59,6,0,40,2,0.9906250000000001,6,0,40,2,0.8571428571428571,0.9906250000000001,0.75,1.0,1.0,0.8571428571428571,0.9583333333333334
chb12,8,1,8,1,0,5,chb12_08.edf,499,48,38,6,0,40,2,0.9750000000000001,6,0,40,2,0.8571428571428571,0.996875,0.75,1.0,1.0,0.8571428571428571,0.9583333333333334
chb12,8,1,8,2,0,5,chb12_08.edf,499,48,51,6,0,40,2,0.984375,6,0,40,2,0.8571428571428571,0.9906250000000001,0.75,1.0,1.0,0.8571428571428571,0.9583333333333334
chb12,8,1,8,3,0,5,chb12_08.edf,499,48,53,6,0,40,2,0.984375,6,0,40,2,0.8571428571428571,0.9593750000000001,0.75,1.0,1.0,0.8571428571428571,0.9583333333333334
chb12,8,2,4,0,0,5,chb12_08.edf,499,48,49,6,0,40,2,0.99375,6,0,40,2,0.8571428571428571,0.99375,0.75,1.0,1.0,0.8571428571428571,0.9583333333333334
chb12,8,2,4,1,0,5,chb12_08.edf,499,48,36,6,1,39,2,0.99375,6,0,40,2,0.8571428571428571,0.984375,0.75,0.975,0.8571428571428571,0.8,0.9375
chb12,8,2,4,2,0,5,chb12_08.edf,499,48,36,6,1,39,2,0.99375,6,0,40,2,0.8571428571428571,0.975,0.75,0.975,0.8571428571428571,0.8,0.9375
chb12,8,2,4,3,0,5,chb12_08.edf,499,48,48,6,0,40,2,0.99375,6,0,40,2,0.8571428571428571,0.98125,0.75,1.0,1.0,0.8571428571428571,0.9583333333333334
chb12,8,1,8,0,1,5,chb12_09.edf;chb12_10.edf,456,102,83,17,0,85,0,1.0,17,0,85,0,1.0,1.0,1.0,1.0,1.0,1.0,1.0
chb12,8,1,8,1,1,5,chb12_09.edf;chb12_10.edf,456,102,29,16,0,85,1,0.9979238754325259,16,0,85,1,0.9696969696969697,0.9993079584775086,0.9411764705882353,1.0,1.0,0.9696969696969697,0.9901960784313726
chb12,8,1,8,2,1,5,chb12_09.edf;chb12_10.edf,456,102,37,17,1,84,0,1.0,17,3,82,0,0.918918918918919,1.0,1.0,0.9882352941176471,0.9444444444444444,0.9714285714285714,0.9901960784313726
chb12,8,1,8,3,1,5,chb12_09.edf;chb12_10.edf,456,102,22,16,0,85,1,0.9965397923875432,16,0,85,1,0.9696969696969697,0.9965397923875432,0.9411764705882353,1.0,1.0,0.9696969696969697,0.9901960784313726
chb12,8,2,4,0,1,5,chb12_09.edf;chb12_10.edf,456,102,91,17,0,85,0,1.0,17,0,85,0,1.0,1.0,1.0,1.0,1.0,1.0,1.0
chb12,8,2,4,1,1,5,chb12_09.edf;chb12_10.edf,456,102,50,17,0,85,0,1.0,17,0,85,0,1.0,1.0,1.0,1.0,1.0,1.0,1.0
chb12,8,2,4,2,1,5,chb12_09.edf;chb12_10.edf,456,102,38,17,1,84,0,0.9993079584775086,17,2,83,0,0.9444444444444444,1.0,1.0,0.9882352941176471,0.9444444444444444,0.9714285714285714,0.9901960784313726
chb12,8,2,4,3,1,5,chb12_09.edf;chb12_10.edf,456,102,34,17,4,81,0,0.9986159169550173,17,3,82,0,0.918918918918919,0.9986159169550173,1.0,0.9529411764705882,0.8095238095238095,0.8947368421052632,0.9607843137254902
chb12,8,1,8,0,2,5,chb12_11.edf;chb12_33.edf;chb12_38.edf,398,174,68,22,2,143,7,0.9438763376932224,22,2,143,7,0.8301886792452831,0.9438763376932224,0.7586206896551724,0.9862068965517241,0.9166666666666666,0.8301886792452831,0.9482758620689655
chb12,8,1,8,1,2,5,chb12_11.edf;chb12_33.edf;chb12_38.edf,398,174,30,21,2,143,8,0.9236623067776456,21,2,143,8,0.8076923076923077,0.9210463733650416,0.7241379310344828,0.9862068965517241,0.9130434782608695,0.8076923076923077,0.9425287356321839
chb12,8,1,8,2,2,5,chb12_11.edf;chb12_33.edf;chb12_38.edf,398,174,54,23,11,134,6,0.9193816884661118,23,15,130,6,0.6865671641791045,0.9151010701545779,0.7931034482758621,0.9241379310344827,0.6764705882352942,0.7301587301587301,0.9022988505747126
chb12,8,1,8,3,2,5,chb12_11.edf;chb12_33.edf;chb12_38.edf,398,174,46,20,7,138,9,0.9029726516052319,21,9,136,8,0.711864406779661,0.8910820451843043,0.6896551724137931,0.9517241379310345,0.7407407407407407,0.7142857142857143,0.9080459770114943
chb12,8,2,4,0,2,5,chb12_11.edf;chb12_33.edf;chb12_38.edf,398,174,29,23,6,139,6,0.9331747919143877,23,6,139,6,0.7931034482758621,0.9331747919143877,0.7931034482758621,0.9586206896551724,0.7931034482758621,0.7931034482758621,0.9310344827586207
chb12,8,2,4,1,2,5,chb12_11.edf;chb12_33.edf;chb12_38.edf,398,174,26,23,14,131,6,0.9181926278240191,23,14,131,6,0.696969696969697,0.9115338882282996,0.7931034482758621,0.903448275862069,0.6216216216216216,0.696969696969697,0.8850574712643678
chb12,8,2,4,2,2,5,chb12_11.edf;chb12_33.edf;chb12_38.edf,398,174,50,23,9,136,6,0.9350772889417359,23,10,135,6,0.7419354838709677,0.9338882282996434,0.7931034482758621,0.9379310344827586,0.71875,0.7540983606557377,0.9137931034482759
chb12,8,2,4,3,2,5,chb12_11.edf;chb12_33.edf;chb12_38.edf,398,174,42,21,13,132,8,0.9010701545778834,20,16,129,9,0.6153846153846154,0.8963139120095125,0.7241379310344828,0.9103448275862069,0.6176470588235294,0.6666666666666666,0.8793103448275862
chb12,8,1,8,0,3,5,chb12_42.edf,456,102,98,16,3,82,1,0.9979238754325259,16,3,82,1,0.8888888888888888,0.9979238754325259,0.9411764705882353,0.9647058823529412,0.8421052631578947,0.8888888888888888,0.9607843137254902
chb12,8,1,8,1,3,5,chb12_42.edf,456,102,60,16,3,82,1,0.9972318339100346,16,3,82,1,0.8888888888888888,0.9944636678200691,0.9411764705882353,0.9647058823529412,0.8421052631578947,0.8888888888888888,0.9607843137254902
chb12,8,1,8,2,3,5,chb12_42.edf,456,102,21,15,5,80,2,0.986159169550173,15,6,79,2,0.7894736842105263,0.9826989619377162,0.8823529411764706,0.9411764705882353,0.75,0.8108108108108109,0.9313725490196079
chb12,8,1,8,3,3,5,chb12_42.edf,456,102,60,17,2,83,0,0.9965397923875433,17,4,81,0,0.8947368421052632,0.9951557093425605,1.0,0.9764705882352941,0.8947368421052632,0.9444444444444444,0.9803921568627451
chb12,8,2,4,0,3,5,chb12_42.edf,456,102,42,17,4,81,0,0.9972318339100346,17,4,81,0,0.8947368421052632,0.9972318339100346,1.0,0.9529411764705882,0.8095238095238095,0.8947368421052632,0.9607843137254902
chb12,8,2,4,1,3,5,chb12_42.edf,456,102,76,17,6,79,0,0.9986159169550173,16,6,79,1,0.8205128205128205,0.9937716262975779,1.0,0.9294117647058824,0.7391304347826086,0.85,0.9411764705882353
chb12,8,2,4,2,3,5,chb12_42.edf,456,102,77,17,3,82,0,0.9979238754325259,16,5,80,1,0.8421052631578947,0.9840830449826989,1.0,0.9647058823529412,0.85,0.918918918918919,0.9705882352941176
chb12,8,2,4,3,3,5,chb12_42.edf,456,102,34,17,3,82,0,0.997923875432526,17,4,81,0,0.8947368421052632,0.995847750865052,1.0,0.9647058823529412,0.85,0.918918918918919,0.9705882352941176
chb12,8,1,8,0,4,5,chb12_06.edf;chb12_23.edf;chb12_36.edf,340,246,69,25,8,197,16,0.8663890541344438,25,8,197,16,0.6756756756756757,0.8663890541344438,0.6097560975609756,0.9609756097560975,0.7575757575757576,0.6756756756756757,0.9024390243902439
chb12,8,1,8,1,4,5,chb12_06.edf;chb12_23.edf;chb12_36.edf,340,246,40,28,29,176,13,0.8999405116002379,28,25,180,13,0.5957446808510638,0.8976799524092801,0.6829268292682927,0.8585365853658536,0.49122807017543857,0.5714285714285714,0.8292682926829268
chb12,8,1,8,2,4,5,chb12_06.edf;chb12_23.edf;chb12_36.edf,340,246,36,29,17,188,12,0.9092207019631171,29,23,182,12,0.6236559139784946,0.9042236763831053,0.7073170731707317,0.9170731707317074,0.6304347826086957,0.6666666666666666,0.8821138211382114
chb12,8,1,8,3,4,5,chb12_06.edf;chb12_23.edf;chb12_36.edf,340,246,14,30,70,135,11,0.8211778703152885,30,70,135,11,0.425531914893617,0.8080904223676383,0.7317073170731707,0.6585365853658537,0.3,0.425531914893617,0.6707317073170732
chb12,8,2,4,0,4,5,chb12_06.edf;chb12_23.edf;chb12_36.edf,340,246,47,28,13,192,13,0.8710291493158834,28,13,192,13,0.6829268292682927,0.8710291493158834,0.6829268292682927,0.9365853658536586,0.6829268292682927,0.6829268292682927,0.8943089430894309
chb12,8,2,4,1,4,5,chb12_06.edf;chb12_23.edf;chb12_36.edf,340,246,30,34,60,145,7,0.8805472932778108,35,63,142,6,0.5035971223021583,0.8839976204640095,0.8292682926829268,0.7073170731707317,0.3617021276595745,0.5037037037037037,0.7276422764227642
chb12,8,2,4,2,4,5,chb12_06.edf;chb12_23.edf;chb12_36.edf,340,246,33,33,37,168,8,0.8995835812016657,33,42,163,8,0.5689655172413793,0.8999405116002379,0.8048780487804879,0.8195121951219512,0.4714285714285714,0.5945945945945946,0.8170731707317073
chb12,8,2,4,3,4,5,chb12_06.edf;chb12_23.edf;chb12_36.edf,340,246,15,22,18,187,19,0.8343842950624627,23,17,188,18,0.5679012345679012,0.8370017846519928,0.5365853658536586,0.9121951219512195,0.55,0.5432098765432098,0.8495934959349594
chb13,8,1,8,0,0,5,chb13_19.edf,220,30,48,5,0,25,0,1.0,5,0,25,0,1.0,1.0,1.0,1.0,1.0,1.0,1.0
chb13,8,1,8,1,0,5,chb13_19.edf,220,30,77,5,1,24,0,1.0,5,1,24,0,0.9090909090909091,1.0,1.0,0.96,0.8333333333333334,0.9090909090909091,0.9666666666666667
chb13,8,1,8,2,0,5,chb13_19.edf,220,30,91,5,0,25,0,1.0,5,0,25,0,1.0,1.0,1.0,1.0,1.0,1.0,1.0
chb13,8,1,8,3,0,5,chb13_19.edf,220,30,33,5,1,24,0,1.0,5,1,24,0,0.9090909090909091,1.0,1.0,0.96,0.8333333333333334,0.9090909090909091,0.9666666666666667
chb13,8,2,4,0,0,5,chb13_19.edf,220,30,44,5,0,25,0,1.0,5,0,25,0,1.0,1.0,1.0,1.0,1.0,1.0,1.0
chb13,8,2,4,1,0,5,chb13_19.edf,220,30,67,5,1,24,0,1.0,5,0,25,0,1.0,1.0,1.0,0.96,0.8333333333333334,0.9090909090909091,0.9666666666666667
chb13,8,2,4,2,0,5,chb13_19.edf,220,30,44,5,0,25,0,1.0,5,0,25,0,1.0,1.0,1.0,1.0,1.0,1.0,1.0
chb13,8,2,4,3,0,5,chb13_19.edf,220,30,59,5,0,25,0,1.0,5,0,25,0,1.0,1.0,1.0,1.0,1.0,1.0,1.0
chb13,8,1,8,0,1,5,chb13_55.edf,225,24,45,3,2,18,1,0.9375,3,2,18,1,0.6666666666666666,0.9375,0.75,0.9,0.6,0.6666666666666666,0.875
chb13,8,1,8,1,1,5,chb13_55.edf,225,24,23,3,3,17,1,0.9375,3,3,17,1,0.6,0.9375,0.75,0.85,0.5,0.6,0.8333333333333334
chb13,8,1,8,2,1,5,chb13_55.edf,225,24,27,4,5,15,0,0.9624999999999999,4,5,15,0,0.6153846153846154,0.9500000000000001,1.0,0.75,0.4444444444444444,0.6153846153846154,0.7916666666666666
chb13,8,1,8,3,1,5,chb13_55.edf,225,24,29,4,4,16,0,0.9624999999999999,4,5,15,0,0.6153846153846154,0.9624999999999999,1.0,0.8,0.5,0.6666666666666666,0.8333333333333334
chb13,8,2,4,0,1,5,chb13_55.edf,225,24,51,3,3,17,1,0.9375,3,3,17,1,0.6,0.9375,0.75,0.85,0.5,0.6,0.8333333333333334
chb13,8,2,4,1,1,5,chb13_55.edf,225,24,38,3,3,17,1,0.9500000000000001,3,4,16,1,0.5454545454545454,0.9500000000000001,0.75,0.85,0.5,0.6,0.8333333333333334
chb13,8,2,4,2,1,5,chb13_55.edf,225,24,19,3,3,17,1,0.9500000000000001,3,3,17,1,0.6,0.9375,0.75,0.85,0.5,0.6,0.8333333333333334
chb13,8,2,4,3,1,5,chb13_55.edf,225,24,37,4,3,17,0,0.9750000000000001,4,3,17,0,0.7272727272727273,0.95,1.0,0.85,0.5714285714285714,0.7272727272727273,0.875
chb13,8,1,8,0,2,5,chb13_62.edf,134,138,46,15,5,110,8,0.7054820415879017,15,5,110,8,0.6976744186046512,0.7054820415879017,0.6521739130434783,0.9565217391304348,0.75,0.6976744186046512,0.9057971014492754
chb13,8,1,8,1,2,5,chb13_62.edf,134,138,29,14,6,109,9,0.7100189035916825,14,6,109,9,0.6511627906976745,0.7085066162570889,0.6086956521739131,0.9478260869565217,0.7,0.6511627906976745,0.8913043478260869
chb13,8,1,8,2,2,5,chb13_62.edf,134,138,53,15,5,110,8,0.6831758034026465,14,6,109,9,0.6511627906976745,0.6782608695652173,0.6521739130434783,0.9565217391304348,0.75,0.6976744186046512,0.9057971014492754
chb13,8,1,8,3,2,5,chb13_62.edf,134,138,59,15,6,109,8,0.6827977315689981,14,4,111,9,0.6829268292682927,0.6786389413988658,0.6521739130434783,0.9478260869565217,0.7142857142857143,0.6818181818181818,0.8985507246376812
chb13,8,2,4,0,2,5,chb13_62.edf,134,138,46,15,4,111,8,0.7266540642722116,15,4,111,8,0.7142857142857143,0.7266540642722116,0.6521739130434783,0.9652173913043478,0.7894736842105263,0.7142857142857143,0.9130434782608695
chb13,8,2,4,1,2,5,chb13_62.edf,134,138,44,15,5,110,8,0.7164461247637052,14,4,111,9,0.6829268292682927,0.7179584120982986,0.6521739130434783,0.9565217391304348,0.75,0.6976744186046512,0.9057971014492754
chb13,8,2,4,2,2,5,chb13_62.edf,134,138,56,15,4,111,8,0.6680529300567108,14,6,109,9,0.6511627906976745,0.6691871455576559,0.6521739130434783,0.9652173913043478,0.7894736842105263,0.7142857142857143,0.9130434782608695
chb13,8,2,4,3,2,5,chb13_62.edf,134,138,61,14,4,111,9,0.6888468809073723,14,5,110,9,0.6666666666666666,0.6835538752362947,0.6086956521739131,0.9652173913043478,0.7777777777777778,0.6829268292682927,0.9057971014492754
chb13,8,1,8,0,3,5,chb13_59.edf;chb13_60.edf,201,54,23,7,2,43,2,0.980246913580247,7,2,43,2,0.7777777777777778,0.980246913580247,0.7777777777777778,0.9555555555555556,0.7777777777777778,0.7777777777777778,0.9259259259259259
chb13,8,1,8,1,3,5,chb13_59.edf;chb13_60.edf,201,54,29,7,2,43,2,0.980246913580247,7,2,43,2,0.7777777777777778,0.9827160493827161,0.7777777777777778,0.9555555555555556,0.7777777777777778,0.7777777777777778,0.9259259259259259
chb13,8,1,8,2,3,5,chb13_59.edf;chb13_60.edf,201,54,32,9,4,41,0,0.980246913580247,9,5,40,0,0.782608695652174,0.980246913580247,1.0,0.9111111111111111,0.6923076923076923,0.8181818181818182,0.9259259259259259
chb13,8,1,8,3,3,5,chb13_59.edf;chb13_60.edf,201,54,29,9,3,42,0,0.980246913580247,7,3,42,2,0.7368421052631579,0.9753086419753086,1.0,0.9333333333333333,0.75,0.8571428571428571,0.9444444444444444
chb13,8,2,4,0,3,5,chb13_59.edf;chb13_60.edf,201,54,25,7,3,42,2,0.980246913580247,7,3,42,2,0.7368421052631579,0.980246913580247,0.7777777777777778,0.9333333333333333,0.7,0.7368421052631579,0.9074074074074074
chb13,8,2,4,1,3,5,chb13_59.edf;chb13_60.edf,201,54,28,7,3,42,2,0.980246913580247,7,3,42,2,0.7368421052631579,0.9753086419753085,0.7777777777777778,0.9333333333333333,0.7,0.7368421052631579,0.9074074074074074
chb13,8,2,4,2,3,5,chb13_59.edf;chb13_60.edf,201,54,19,8,3,42,1,0.980246913580247,7,3,42,2,0.7368421052631579,0.9777777777777777,0.8888888888888888,0.9333333333333333,0.7272727272727273,0.8,0.9259259259259259
chb13,8,2,4,3,3,5,chb13_59.edf;chb13_60.edf,201,54,29,8,3,42,1,0.980246913580247,7,3,42,2,0.7368421052631579,0.9703703703703703,0.8888888888888888,0.9333333333333333,0.7272727272727273,0.8,0.9259259259259259
chb13,8,1,8,0,4,5,chb13_21.edf;chb13_58.edf,196,60,98,4,0,50,6,1.0,4,0,50,6,0.5714285714285714,1.0,0.4,1.0,1.0,0.5714285714285714,0.9
chb13,8,1,8,1,4,5,chb13_21.edf;chb13_58.edf,196,60,90,3,0,50,7,1.0,3,0,50,7,0.46153846153846156,1.0,0.3,1.0,1.0,0.46153846153846156,0.8833333333333333
chb13,8,1,8,2,4,5,chb13_21.edf;chb13_58.edf,196,60,60,5,0,50,5,1.0,4,0,50,6,0.5714285714285714,1.0,0.5,1.0,1.0,0.6666666666666666,0.9166666666666666
chb13,8,1,8,3,4,5,chb13_21.edf;chb13_58.edf,196,60,52,5,0,50,5,1.0,5,0,50,5,0.6666666666666666,1.0,0.5,1.0,1.0,0.6666666666666666,0.9166666666666666
chb13,8,2,4,0,4,5,chb13_21.edf;chb13_58.edf,196,60,96,4,0,50,6,0.998,4,0,50,6,0.5714285714285714,0.998,0.4,1.0,1.0,0.5714285714285714,0.9
chb13,8,2,4,1,4,5,chb13_21.edf;chb13_58.edf,196,60,90,4,0,50,6,1.0,3,0,50,7,0.46153846153846156,1.0,0.4,1.0,1.0,0.5714285714285714,0.9
chb13,8,2,4,2,4,5,chb13_21.edf;chb13_58.edf,196,60,55,4,0,50,6,1.0,4,0,50,6,0.5714285714285714,1.0,0.4,1.0,1.0,0.5714285714285714,0.9
chb13,8,2,4,3,4,5,chb13_21.edf;chb13_58.edf,196,60,31,6,0,50,4,1.0,6,0,50,4,0.75,1.0,0.6,1.0,1.0,0.75,0.9333333333333333
chb14,8,1,8,0,0,5,chb14_11.edf,57,30,97,4,0,25,1,1.0,4,0,25,1,0.8888888888888888,1.0,0.8,1.0,1.0,0.8888888888888888,0.9666666666666667
chb14,8,1,8,1,0,5,chb14_11.edf,57,30,92,3,0,25,2,1.0,3,0,25,2,0.75,1.0,0.6,1.0,1.0,0.75,0.9333333333333333
chb14,8,1,8,2,0,5,chb14_11.edf,57,30,70,3,0,25,2,1.0,3,0,25,2,0.75,1.0,0.6,1.0,1.0,0.75,0.9333333333333333
chb14,8,1,8,3,0,5,chb14_11.edf,57,30,61,3,0,25,2,1.0,3,0,25,2,0.75,1.0,0.6,1.0,1.0,0.75,0.9333333333333333
chb14,8,2,4,0,0,5,chb14_11.edf,57,30,78,3,0,25,2,1.0,3,0,25,2,0.75,1.0,0.6,1.0,1.0,0.75,0.9333333333333333
chb14,8,2,4,1,0,5,chb14_11.edf,57,30,91,3,0,25,2,1.0,3,0,25,2,0.75,1.0,0.6,1.0,1.0,0.75,0.9333333333333333
chb14,8,2,4,2,0,5,chb14_11.edf,57,30,50,3,0,25,2,1.0,3,0,25,2,0.75,1.0,0.6,1.0,1.0,0.75,0.9333333333333333
chb14,8,2,4,3,0,5,chb14_11.edf,57,30,70,3,0,25,2,1.0,3,0,25,2,0.75,1.0,0.6,1.0,1.0,0.75,0.9333333333333333
chb14,8,1,8,0,1,5,chb14_06.edf,76,6,41,1,0,5,0,1.0,1,0,5,0,1.0,1.0,1.0,1.0,1.0,1.0,1.0
chb14,8,1,8,1,1,5,chb14_06.edf,76,6,82,1,0,5,0,1.0,1,0,5,0,1.0,1.0,1.0,1.0,1.0,1.0,1.0
chb14,8,1,8,2,1,5,chb14_06.edf,76,6,99,1,0,5,0,1.0,1,0,5,0,1.0,1.0,1.0,1.0,1.0,1.0,1.0
chb14,8,1,8,3,1,5,chb14_06.edf,76,6,58,1,0,5,0,1.0,1,0,5,0,1.0,1.0,1.0,1.0,1.0,1.0,1.0
chb14,8,2,4,0,1,5,chb14_06.edf,76,6,55,1,0,5,0,1.0,1,0,5,0,1.0,1.0,1.0,1.0,1.0,1.0,1.0
chb14,8,2,4,1,1,5,chb14_06.edf,76,6,95,1,0,5,0,1.0,1,0,5,0,1.0,1.0,1.0,1.0,1.0,1.0,1.0
chb14,8,2,4,2,1,5,chb14_06.edf,76,6,39,1,0,5,0,1.0,1,0,5,0,1.0,1.0,1.0,1.0,1.0,1.0,1.0
chb14,8,2,4,3,1,5,chb14_06.edf,76,6,61,1,0,5,0,1.0,1,0,5,0,1.0,1.0,1.0,1.0,1.0,1.0,1.0
chb14,8,1,8,0,2,5,chb14_03.edf;chb14_04.edf,57,30,22,5,0,25,0,1.0,5,0,25,0,1.0,1.0,1.0,1.0,1.0,1.0,1.0
chb14,8,1,8,1,2,5,chb14_03.edf;chb14_04.edf,57,30,20,5,0,25,0,1.0,5,0,25,0,1.0,1.0,1.0,1.0,1.0,1.0,1.0
chb14,8,1,8,2,2,5,chb14_03.edf;chb14_04.edf,57,30,15,5,0,25,0,1.0,5,0,25,0,1.0,1.0,1.0,1.0,1.0,1.0,1.0
chb14,8,1,8,3,2,5,chb14_03.edf;chb14_04.edf,57,30,18,5,0,25,0,1.0,5,0,25,0,1.0,1.0,1.0,1.0,1.0,1.0,1.0
chb14,8,2,4,0,2,5,chb14_03.edf;chb14_04.edf,57,30,23,5,0,25,0,1.0,5,0,25,0,1.0,1.0,1.0,1.0,1.0,1.0,1.0
chb14,8,2,4,1,2,5,chb14_03.edf;chb14_04.edf,57,30,21,5,0,25,0,1.0,5,0,25,0,1.0,1.0,1.0,1.0,1.0,1.0,1.0
chb14,8,2,4,2,2,5,chb14_03.edf;chb14_04.edf,57,30,21,5,0,25,0,1.0,5,0,25,0,1.0,1.0,1.0,1.0,1.0,1.0,1.0
chb14,8,2,4,3,2,5,chb14_03.edf;chb14_04.edf,57,30,19,5,0,25,0,1.0,5,0,25,0,1.0,1.0,1.0,1.0,1.0,1.0,1.0
chb14,8,1,8,0,3,5,chb14_17.edf;chb14_18.edf,62,24,26,4,1,19,0,1.0,4,1,19,0,0.8888888888888888,1.0,1.0,0.95,0.8,0.8888888888888888,0.9583333333333334
chb14,8,1,8,1,3,5,chb14_17.edf;chb14_18.edf,62,24,25,4,1,19,0,1.0,4,1,19,0,0.8888888888888888,1.0,1.0,0.95,0.8,0.8888888888888888,0.9583333333333334
chb14,8,1,8,2,3,5,chb14_17.edf;chb14_18.edf,62,24,23,4,2,18,0,1.0,4,2,18,0,0.8,1.0,1.0,0.9,0.6666666666666666,0.8,0.9166666666666666
chb14,8,1,8,3,3,5,chb14_17.edf;chb14_18.edf,62,24,28,4,1,19,0,1.0,4,1,19,0,0.8888888888888888,1.0,1.0,0.95,0.8,0.8888888888888888,0.9583333333333334
chb14,8,2,4,0,3,5,chb14_17.edf;chb14_18.edf,62,24,27,4,1,19,0,1.0,4,1,19,0,0.8888888888888888,1.0,1.0,0.95,0.8,0.8888888888888888,0.9583333333333334
chb14,8,2,4,1,3,5,chb14_17.edf;chb14_18.edf,62,24,30,4,1,19,0,1.0,4,1,19,0,0.8888888888888888,1.0,1.0,0.95,0.8,0.8888888888888888,0.9583333333333334
chb14,8,2,4,2,3,5,chb14_17.edf;chb14_18.edf,62,24,57,4,1,19,0,1.0,4,1,19,0,0.8888888888888888,1.0,1.0,0.95,0.8,0.8888888888888888,0.9583333333333334
chb14,8,2,4,3,3,5,chb14_17.edf;chb14_18.edf,62,24,39,4,1,19,0,1.0,4,1,19,0,0.8888888888888888,1.0,1.0,0.95,0.8,0.8888888888888888,0.9583333333333334
chb14,8,1,8,0,4,5,chb14_27.edf,72,12,76,2,0,10,0,1.0,2,0,10,0,1.0,1.0,1.0,1.0,1.0,1.0,1.0
chb14,8,1,8,1,4,5,chb14_27.edf,72,12,65,2,0,10,0,1.0,2,0,10,0,1.0,1.0,1.0,1.0,1.0,1.0,1.0
chb14,8,1,8,2,4,5,chb14_27.edf,72,12,94,1,0,10,1,1.0,2,0,10,0,1.0,1.0,0.5,1.0,1.0,0.6666666666666666,0.9166666666666666
chb14,8,1,8,3,4,5,chb14_27.edf,72,12,99,1,0,10,1,1.0,2,0,10,0,1.0,1.0,0.5,1.0,1.0,0.6666666666666666,0.9166666666666666
chb14,8,2,4,0,4,5,chb14_27.edf,72,12,99,2,0,10,0,1.0,2,0,10,0,1.0,1.0,1.0,1.0,1.0,1.0,1.0
chb14,8,2,4,1,4,5,chb14_27.edf,72,12,89,2,0,10,0,1.0,1,0,10,1,0.6666666666666666,1.0,1.0,1.0,1.0,1.0,1.0
chb14,8,2,4,2,4,5,chb14_27.edf,72,12,99,1,0,10,1,1.0,1,0,10,1,0.6666666666666666,1.0,0.5,1.0,1.0,0.6666666666666666,0.9166666666666666
chb14,8,2,4,3,4,5,chb14_27.edf,72,12,69,2,0,10,0,1.0,2,0,10,0,1.0,1.0,1.0,1.0,1.0,1.0,1.0
chb15,8,1,8,0,0,5,chb15_62.edf,1075,78,99,13,0,65,0,1.0,13,0,65,0,1.0,1.0,1.0,1.0,1.0,1.0,1.0
chb15,8,1,8,1,0,5,chb15_62.edf,1075,78,44,13,0,65,0,1.0,13,0,65,0,1.0,1.0,1.0,1.0,1.0,1.0,1.0
chb15,8,1,8,2,0,5,chb15_62.edf,1075,78,24,13,1,64,0,1.0,13,1,64,0,0.9629629629629629,1.0,1.0,0.9846153846153847,0.9285714285714286,0.9629629629629629,0.9871794871794872
chb15,8,1,8,3,0,5,chb15_62.edf,1075,78,23,13,0,65,0,1.0,13,0,65,0,1.0,1.0,1.0,1.0,1.0,1.0,1.0
chb15,8,2,4,0,0,5,chb15_62.edf,1075,78,61,13,0,65,0,1.0,13,0,65,0,1.0,1.0,1.0,1.0,1.0,1.0,1.0
chb15,8,2,4,1,0,5,chb15_62.edf,1075,78,28,13,0,65,0,1.0,13,0,65,0,1.0,1.0,1.0,1.0,1.0,1.0,1.0
chb15,8,2,4,2,0,5,chb15_62.edf,1075,78,24,13,0,65,0,1.0,13,0,65,0,1.0,1.0,1.0,1.0,1.0,1.0,1.0
chb15,8,2,4,3,0,5,chb15_62.edf,1075,78,39,13,0,65,0,1.0,13,0,65,0,1.0,1.0,1.0,1.0,1.0,1.0,1.0
chb15,8,1,8,0,1,5,chb15_06.edf;chb15_22.edf;chb15_31.edf;chb15_49.edf,792,432,44,68,1,359,4,0.9993055555555556,68,1,359,4,0.9645390070921985,0.9993055555555556,0.9444444444444444,0.9972222222222222,0.9855072463768116,0.9645390070921985,0.9884259259259259
chb15,8,1,8,1,1,5,chb15_06.edf;chb15_22.edf;chb15_31.edf;chb15_49.edf,792,432,19,69,8,352,3,0.9982638888888888,70,6,354,2,0.9459459459459459,0.9983796296296297,0.9583333333333334,0.9777777777777777,0.8961038961038961,0.9261744966442953,0.9745370370370371
chb15,8,1,8,2,1,5,chb15_06.edf;chb15_22.edf;chb15_31.edf;chb15_49.edf,792,432,21,70,11,349,2,0.9971450617283951,71,10,350,1,0.9281045751633987,0.9968750000000001,0.9722222222222222,0.9694444444444444,0.8641975308641975,0.9150326797385621,0.9699074074074074
chb15,8,1,8,3,1,5,chb15_06.edf;chb15_22.edf;chb15_31.edf;chb15_49.edf,792,432,27,71,9,351,1,0.9988811728395062,71,8,352,1,0.9403973509933775,0.9986496913580246,0.9861111111111112,0.975,0.8875,0.9342105263157895,0.9768518518518519
chb15,8,2,4,0,1,5,chb15_06.edf;chb15_22.edf;chb15_31.edf;chb15_49.edf,792,432,37,69,1,359,3,0.9995756172839506,69,1,359,3,0.971830985915493,0.9995756172839506,0.9583333333333334,0.9972222222222222,0.9857142857142858,0.971830985915493,0.9907407407407407
chb15,8,2,4,1,1,5,chb15_06.edf;chb15_22.edf;chb15_31.edf;chb15_49.edf,792,432,30,71,15,345,1,0.9974537037037037,71,14,346,1,0.9044585987261147,0.9975694444444444,0.9861111111111112,0.9583333333333334,0.8255813953488372,0.8987341772151899,0.9629629629629629
chb15,8,2,4,2,1,5,chb15_06.edf;chb15_22.edf;chb15_31.edf;chb15_49.edf,792,432,14,69,12,348,3,0.9957175925925925,69,12,348,3,0.9019607843137255,0.995871913580247,0.9583333333333334,0.9666666666666667,0.8518518518518519,0.9019607843137255,0.9652777777777778
chb15,8,2,4,3,1,5,chb15_06.edf;chb15_22.edf;chb15_31.edf;chb15_49.edf,792,432,27,71,9,351,1,0.9986111111111111,71,9,351,1,0.9342105263157895,0.9987268518518518,0.9861111111111112,0.975,0.8875,0.9342105263157895,0.9768518518518519
chb15,8,1,8,0,2,5,chb15_15.edf;chb15_52.edf;chb15_54.edf,777,450,59,71,3,372,4,0.9981511111111111,71,3,372,4,0.9530201342281879,0.9981511111111111,0.9466666666666667,0.992,0.9594594594594594,0.9530201342281879,0.9844444444444445
chb15,8,1,8,1,2,5,chb15_15.edf;chb15_52.edf;chb15_54.edf,777,450,43,72,7,368,3,0.99744,71,7,368,4,0.9281045751633987,0.9970488888888889,0.96,0.9813333333333333,0.9113924050632911,0.935064935064935,0.9777777777777777
chb15,8,1,8,2,2,5,chb15_15.edf;chb15_52.edf;chb15_54.edf,777,450,38,72,5,370,3,0.9988266666666666,73,6,369,2,0.948051948051948,0.9988977777777778,0.96,0.9866666666666667,0.935064935064935,0.9473684210526315,0.9822222222222222
chb15,8,1,8,3,2,5,chb15_15.edf;chb15_52.edf;chb15_54.edf,777,450,30,70,4,371,5,0.9982222222222222,69,4,371,6,0.9324324324324325,0.9982222222222222,0.9333333333333333,0.9893333333333333,0.9459459459459459,0.9395973154362416,0.98
chb15,8,2,4,0,2,5,chb15_15.edf;chb15_52.edf;chb15_54.edf,777,450,75,71,6,369,4,0.9981155555555555,71,6,369,4,0.9342105263157895,0.9981155555555555,0.9466666666666667,0.984,0.922077922077922,0.9342105263157895,0.9777777777777777
chb15,8,2,4,1,2,5,chb15_15.edf;chb15_52.edf;chb15_54.edf,777,450,25,73,16,359,2,0.9976177777777777,73,14,361,2,0.9012345679012346,0.99712,0.9733333333333334,0.9573333333333334,0.8202247191011236,0.8902439024390244,0.96
chb15,8,2,4,2,2,5,chb15_15.edf;chb15_52.edf;chb15_54.edf,777,450,35,73,9,366,2,0.9986133333333334,73,8,367,2,0.9358974358974359,0.9983288888888888,0.9733333333333334,0.976,0.8902439024390244,0.9299363057324841,0.9755555555555555
chb15,8,2,4,3,2,5,chb15_15.edf;chb15_52.edf;chb15_54.edf,777,450,22,72,8,367,3,0.9981155555555556,72,7,368,3,0.935064935064935,0.9975466666666666,0.96,0.9786666666666667,0.9,0.9290322580645162,0.9755555555555555
chb15,8,1,8,0,3,5,chb15_10.edf;chb15_17.edf;chb15_40.edf,969,210,74,33,0,175,2,0.999673469387755,33,0,175,2,0.9705882352941176,0.999673469387755,0.9428571428571428,1.0,1.0,0.9705882352941176,0.9904761904761905
chb15,8,1,8,1,3,5,chb15_10.edf;chb15_17.edf;chb15_40.edf,969,210,31,33,0,175,2,0.9995102040816327,33,0,175,2,0.9705882352941176,0.9995102040816327,0.9428571428571428,1.0,1.0,0.9705882352941176,0.9904761904761905
chb15,8,1,8,2,3,5,chb15_10.edf;chb15_17.edf;chb15_40.edf,969,210,51,33,0,175,2,0.9993469387755102,33,0,175,2,0.9705882352941176,0.9993469387755102,0.9428571428571428,1.0,1.0,0.9705882352941176,0.9904761904761905
chb15,8,1,8,3,3,5,chb15_10.edf;chb15_17.edf;chb15_40.edf,969,210,33,34,0,175,1,1.0,33,0,175,2,0.9705882352941176,1.0,0.9714285714285714,1.0,1.0,0.9855072463768116,0.9952380952380953
chb15,8,2,4,0,3,5,chb15_10.edf;chb15_17.edf;chb15_40.edf,969,210,81,33,0,175,2,0.9995102040816327,33,0,175,2,0.9705882352941176,0.9995102040816327,0.9428571428571428,1.0,1.0,0.9705882352941176,0.9904761904761905
chb15,8,2,4,1,3,5,chb15_10.edf;chb15_17.edf;chb15_40.edf,969,210,50,33,0,175,2,0.9993469387755102,32,0,175,3,0.9552238805970149,0.9993469387755102,0.9428571428571428,1.0,1.0,0.9705882352941176,0.9904761904761905
chb15,8,2,4,2,3,5,chb15_10.edf;chb15_17.edf;chb15_40.edf,969,210,32,32,0,175,3,0.9991836734693877,31,0,175,4,0.9393939393939394,0.9995102040816326,0.9142857142857143,1.0,1.0,0.9552238805970149,0.9857142857142858
chb15,8,2,4,3,3,5,chb15_10.edf;chb15_17.edf;chb15_40.edf,969,210,19,33,0,175,2,1.0,33,0,175,2,0.9705882352941176,1.0,0.9428571428571428,1.0,1.0,0.9705882352941176,0.9904761904761905
chb15,8,1,8,0,4,5,chb15_20.edf;chb15_28.edf;chb15_46.edf,936,252,51,41,0,210,1,0.9994331065759637,41,0,210,1,0.9879518072289156,0.9994331065759637,0.9761904761904762,1.0,1.0,0.9879518072289156,0.996031746031746
chb15,8,1,8,1,4,5,chb15_20.edf;chb15_28.edf;chb15_46.edf,936,252,30,40,1,209,2,0.9980725623582767,41,1,209,1,0.9761904761904762,0.996031746031746,0.9523809523809523,0.9952380952380953,0.975609756097561,0.963855421686747,0.9880952380952381
chb15,8,1,8,2,4,5,chb15_20.edf;chb15_28.edf;chb15_46.edf,936,252,15,36,1,209,6,0.9969387755102042,36,1,209,6,0.9113924050632911,0.9942176870748298,0.8571428571428571,0.9952380952380953,0.972972972972973,0.9113924050632911,0.9722222222222222
chb15,8,1,8,3,4,5,chb15_20.edf;chb15_28.edf;chb15_46.edf,936,252,20,37,1,209,5,0.9951247165532879,37,1,209,5,0.925,0.9925170068027211,0.8809523809523809,0.9952380952380953,0.9736842105263158,0.925,0.9761904761904762
chb15,8,2,4,0,4,5,chb15_20.edf;chb15_28.edf;chb15_46.edf,936,252,44,41,1,209,1,0.9982993197278911,41,1,209,1,0.9761904761904762,0.9982993197278911,0.9761904761904762,0.9952380952380953,0.9761904761904762,0.9761904761904762,0.9920634920634921
chb15,8,2,4,1,4,5,chb15_20.edf;chb15_28.edf;chb15_46.edf,936,252,37,38,1,209,4,0.9973922902494331,38,1,209,4,0.9382716049382716,0.9962585034013606,0.9047619047619048,0.9952380952380953,0.9743589743589743,0.9382716049382716,0.9801587301587301
chb15,8,2,4,2,4,5,chb15_20.edf;chb15_28.edf;chb15_46.edf,936,252,23,39,1,209,3,0.9951247165532879,39,1,209,3,0.9512195121951219,0.9943310657596371,0.9285714285714286,0.9952380952380953,0.975,0.9512195121951219,0.9841269841269841
chb15,8,2,4,3,4,5,chb15_20.edf;chb15_28.edf;chb15_46.edf,936,252,15,36,0,210,6,0.9961451247165533,36,0,210,6,0.9230769230769231,0.9953514739229025,0.8571428571428571,1.0,1.0,0.9230769230769231,0.9761904761904762
chb16,8,1,8,0,0,4,chb16_10.edf,24,6,41,0,0,5,1,1.0,0,0,5,1,0.0,1.0,0.0,1.0,,0.0,0.8333333333333334
chb16,8,1,8,1,0,4,chb16_10.edf,24,6,35,0,0,5,1,1.0,0,0,5,1,0.0,1.0,0.0,1.0,,0.0,0.8333333333333334
chb16,8,1,8,2,0,4,chb16_10.edf,24,6,36,0,0,5,1,1.0,0,0,5,1,0.0,1.0,0.0,1.0,,0.0,0.8333333333333334
chb16,8,1,8,3,0,4,chb16_10.edf,24,6,11,0,0,5,1,1.0,0,0,5,1,0.0,1.0,0.0,1.0,,0.0,0.8333333333333334
chb16,8,2,4,0,0,4,chb16_10.edf,24,6,44,0,0,5,1,1.0,0,0,5,1,0.0,1.0,0.0,1.0,,0.0,0.8333333333333334
chb16,8,2,4,1,0,4,chb16_10.edf,24,6,72,0,0,5,1,1.0,1,0,5,0,1.0,1.0,0.0,1.0,,0.0,0.8333333333333334
chb16,8,2,4,2,0,4,chb16_10.edf,24,6,51,0,0,5,1,1.0,0,0,5,1,0.0,1.0,0.0,1.0,,0.0,0.8333333333333334
chb16,8,2,4,3,0,4,chb16_10.edf,24,6,43,0,0,5,1,1.0,0,0,5,1,0.0,1.0,0.0,1.0,,0.0,0.8333333333333334
chb16,8,1,8,0,1,4,chb16_11.edf,24,6,32,1,0,5,0,1.0,1,0,5,0,1.0,1.0,1.0,1.0,1.0,1.0,1.0
chb16,8,1,8,1,1,4,chb16_11.edf,24,6,43,1,0,5,0,1.0,1,1,4,0,0.6666666666666666,1.0,1.0,1.0,1.0,1.0,1.0
chb16,8,1,8,2,1,4,chb16_11.edf,24,6,38,1,1,4,0,1.0,1,1,4,0,0.6666666666666666,1.0,1.0,0.8,0.5,0.6666666666666666,0.8333333333333334
chb16,8,1,8,3,1,4,chb16_11.edf,24,6,53,1,2,3,0,1.0,1,2,3,0,0.5,1.0,1.0,0.6,0.3333333333333333,0.5,0.6666666666666666
chb16,8,2,4,0,1,4,chb16_11.edf,24,6,38,1,0,5,0,1.0,1,0,5,0,1.0,1.0,1.0,1.0,1.0,1.0,1.0
chb16,8,2,4,1,1,4,chb16_11.edf,24,6,61,1,0,5,0,1.0,1,0,5,0,1.0,1.0,1.0,1.0,1.0,1.0,1.0
chb16,8,2,4,2,1,4,chb16_11.edf,24,6,40,1,1,4,0,1.0,1,1,4,0,0.6666666666666666,1.0,1.0,0.8,0.5,0.6666666666666666,0.8333333333333334
chb16,8,2,4,3,1,4,chb16_11.edf,24,6,60,1,1,4,0,1.0,1,0,5,0,1.0,1.0,1.0,0.8,0.5,0.6666666666666666,0.8333333333333334
chb16,8,1,8,0,2,4,chb16_14.edf,24,6,40,0,1,4,1,0.6,0,1,4,1,0.0,0.6,0.0,0.8,0.0,0.0,0.6666666666666666
chb16,8,1,8,1,2,4,chb16_14.edf,24,6,51,0,0,5,1,0.8,0,0,5,1,0.0,0.8,0.0,1.0,,0.0,0.8333333333333334
chb16,8,1,8,2,2,4,chb16_14.edf,24,6,69,1,1,4,0,0.8,0,1,4,1,0.0,0.8,1.0,0.8,0.5,0.6666666666666666,0.8333333333333334
chb16,8,1,8,3,2,4,chb16_14.edf,24,6,65,1,1,4,0,0.8,0,0,5,1,0.0,0.8,1.0,0.8,0.5,0.6666666666666666,0.8333333333333334
chb16,8,2,4,0,2,4,chb16_14.edf,24,6,57,1,1,4,0,1.0,1,1,4,0,0.6666666666666666,1.0,1.0,0.8,0.5,0.6666666666666666,0.8333333333333334
chb16,8,2,4,1,2,4,chb16_14.edf,24,6,96,1,1,4,0,0.8,0,1,4,1,0.0,0.8,1.0,0.8,0.5,0.6666666666666666,0.8333333333333334
chb16,8,2,4,2,2,4,chb16_14.edf,24,6,59,1,2,3,0,0.8,1,2,3,0,0.5,0.6,1.0,0.6,0.3333333333333333,0.5,0.6666666666666666
chb16,8,2,4,3,2,4,chb16_14.edf,24,6,85,0,1,4,1,0.8,0,1,4,1,0.0,0.6,0.0,0.8,0.0,0.0,0.6666666666666666
chb16,8,1,8,0,3,4,chb16_17.edf,14,18,14,0,0,15,3,0.9555555555555556,0,0,15,3,0.0,0.9555555555555556,0.0,1.0,,0.0,0.8333333333333334
chb16,8,1,8,1,3,4,chb16_17.edf,14,18,0,0,0,15,3,0.5555555555555556,0,0,15,3,0.0,0.6222222222222222,0.0,1.0,,0.0,0.8333333333333334
chb16,8,1,8,2,3,4,chb16_17.edf,14,18,3,0,0,15,3,0.8222222222222222,0,0,15,3,0.0,0.888888888888889,0.0,1.0,,0.0,0.8333333333333334
chb16,8,1,8,3,3,4,chb16_17.edf,14,18,0,0,0,15,3,0.5555555555555556,0,0,15,3,0.0,0.5777777777777777,0.0,1.0,,0.0,0.8333333333333334
chb16,8,2,4,0,3,4,chb16_17.edf,14,18,12,0,0,15,3,0.888888888888889,0,0,15,3,0.0,0.888888888888889,0.0,1.0,,0.0,0.8333333333333334
chb16,8,2,4,1,3,4,chb16_17.edf,14,18,0,0,0,15,3,0.5111111111111111,0,0,15,3,0.0,0.5555555555555556,0.0,1.0,,0.0,0.8333333333333334
chb16,8,2,4,2,3,4,chb16_17.edf,14,18,10,0,0,15,3,1.0,0,0,15,3,0.0,0.9777777777777777,0.0,1.0,,0.0,0.8333333333333334
chb16,8,2,4,3,3,4,chb16_17.edf,14,18,0,0,0,15,3,0.5111111111111112,0,0,15,3,0.0,0.48888888888888893,0.0,1.0,,0.0,0.8333333333333334
chb17,8,1,8,0,0,3,chb17a_03.edf,120,66,41,11,3,52,0,0.9933884297520661,11,3,52,0,0.88,0.9933884297520661,1.0,0.9454545454545454,0.7857142857142857,0.88,0.9545454545454546
chb17,8,1,8,1,0,3,chb17a_03.edf,120,66,61,10,1,54,1,0.9933884297520661,10,1,54,1,0.9090909090909091,0.9950413223140495,0.9090909090909091,0.9818181818181818,0.9090909090909091,0.9090909090909091,0.9696969696969697
chb17,8,1,8,2,0,3,chb17a_03.edf,120,66,40,11,5,50,0,0.9983471074380165,11,4,51,0,0.8461538461538461,0.9983471074380165,1.0,0.9090909090909091,0.6875,0.8148148148148148,0.9242424242424242
chb17,8,1,8,3,0,3,chb17a_03.edf,120,66,24,11,2,53,0,0.9950413223140495,11,2,53,0,0.9166666666666666,0.996694214876033,1.0,0.9636363636363636,0.8461538461538461,0.9166666666666666,0.9696969696969697
chb17,8,2,4,0,0,3,chb17a_03.edf,120,66,48,10,3,52,1,0.9933884297520661,10,3,52,1,0.8333333333333334,0.9933884297520661,0.9090909090909091,0.9454545454545454,0.7692307692307693,0.8333333333333334,0.9393939393939394
chb17,8,2,4,1,0,3,chb17a_03.edf,120,66,34,10,2,53,1,0.9950413223140495,11,2,53,0,0.9166666666666666,0.9950413223140495,0.9090909090909091,0.9636363636363636,0.8333333333333334,0.8695652173913043,0.9545454545454546
chb17,8,2,4,2,0,3,chb17a_03.edf,120,66,42,11,6,49,0,0.996694214876033,11,8,47,0,0.7333333333333333,0.9950413223140495,1.0,0.8909090909090909,0.6470588235294118,0.7857142857142857,0.9090909090909091
chb17,8,2,4,3,0,3,chb17a_03.edf,120,66,33,11,8,47,0,0.9950413223140495,11,8,47,0,0.7333333333333333,0.9950413223140495,1.0,0.8545454545454545,0.5789473684210527,0.7333333333333333,0.8787878787878788
chb17,8,1,8,0,1,3,chb17a_04.edf,105,84,95,14,0,70,0,1.0,14,0,70,0,1.0,1.0,1.0,1.0,1.0,1.0,1.0
chb17,8,1,8,1,1,3,chb17a_04.edf,105,84,61,14,0,70,0,1.0,14,0,70,0,1.0,1.0,1.0,1.0,1.0,1.0,1.0
chb17,8,1,8,2,1,3,chb17a_04.edf,105,84,70,14,0,70,0,1.0,14,0,70,0,1.0,1.0,1.0,1.0,1.0,1.0,1.0
chb17,8,1,8,3,1,3,chb17a_04.edf,105,84,47,14,0,70,0,1.0,14,0,70,0,1.0,1.0,1.0,1.0,1.0,1.0,1.0
chb17,8,2,4,0,1,3,chb17a_04.edf,105,84,62,14,0,70,0,1.0,14,0,70,0,1.0,1.0,1.0,1.0,1.0,1.0,1.0
chb17,8,2,4,1,1,3,chb17a_04.edf,105,84,49,14,0,70,0,1.0,14,0,70,0,1.0,1.0,1.0,1.0,1.0,1.0,1.0
chb17,8,2,4,2,1,3,chb17a_04.edf,105,84,90,14,0,70,0,1.0,13,0,70,1,0.9629629629629629,1.0,1.0,1.0,1.0,1.0,1.0
chb17,8,2,4,3,1,3,chb17a_04.edf,105,84,70,14,0,70,0,1.0,14,0,70,0,1.0,1.0,1.0,1.0,1.0,1.0,1.0
chb17,8,1,8,0,2,3,chb17b_63.edf,120,66,96,9,0,55,2,0.996694214876033,9,0,55,2,0.9,0.996694214876033,0.8181818181818182,1.0,1.0,0.9,0.9696969696969697
chb17,8,1,8,1,2,3,chb17b_63.edf,120,66,99,6,1,54,5,0.9884297520661157,6,1,54,5,0.6666666666666666,0.9900826446280991,0.5454545454545454,0.9818181818181818,0.8571428571428571,0.6666666666666666,0.9090909090909091
chb17,8,1,8,2,2,3,chb17b_63.edf,120,66,98,7,1,54,4,0.9834710743801652,7,1,54,4,0.7368421052631579,0.9851239669421488,0.6363636363636364,0.9818181818181818,0.875,0.7368421052631579,0.9242424242424242
chb17,8,1,8,3,2,3,chb17b_63.edf,120,66,89,7,1,54,4,0.9884297520661157,6,1,54,5,0.6666666666666666,0.9900826446280991,0.6363636363636364,0.9818181818181818,0.875,0.7368421052631579,0.9242424242424242
chb17,8,2,4,0,2,3,chb17b_63.edf,120,66,97,7,1,54,4,0.9851239669421488,7,1,54,4,0.7368421052631579,0.9851239669421488,0.6363636363636364,0.9818181818181818,0.875,0.7368421052631579,0.9242424242424242
chb17,8,2,4,1,2,3,chb17b_63.edf,120,66,95,7,1,54,4,0.9867768595041322,7,1,54,4,0.7368421052631579,0.9851239669421488,0.6363636363636364,0.9818181818181818,0.875,0.7368421052631579,0.9242424242424242
chb17,8,2,4,2,2,3,chb17b_63.edf,120,66,93,7,1,54,4,0.9801652892561983,7,1,54,4,0.7368421052631579,0.9818181818181818,0.6363636363636364,0.9818181818181818,0.875,0.7368421052631579,0.9242424242424242
chb17,8,2,4,3,2,3,chb17b_63.edf,120,66,98,6,1,54,5,0.9818181818181818,6,1,54,5,0.6666666666666666,0.9884297520661157,0.5454545454545454,0.9818181818181818,0.8571428571428571,0.6666666666666666,0.9090909090909091
chb18,8,1,8,0,0,5,chb18_30.edf,158,18,32,1,0,15,2,0.7333333333333333,1,0,15,2,0.5,0.7333333333333333,0.3333333333333333,1.0,1.0,0.5,0.8888888888888888
chb18,8,1,8,1,0,5,chb18_30.edf,158,18,46,1,0,15,2,0.7777777777777778,1,0,15,2,0.5,0.7555555555555555,0.3333333333333333,1.0,1.0,0.5,0.8888888888888888
chb18,8,1,8,2,0,5,chb18_30.edf,158,18,36,1,0,15,2,0.8,1,0,15,2,0.5,0.8,0.3333333333333333,1.0,1.0,0.5,0.8888888888888888
chb18,8,1,8,3,0,5,chb18_30.edf,158,18,17,1,0,15,2,0.7333333333333334,1,0,15,2,0.5,0.7111111111111111,0.3333333333333333,1.0,1.0,0.5,0.8888888888888888
chb18,8,2,4,0,0,5,chb18_30.edf,158,18,49,1,0,15,2,0.7333333333333334,1,0,15,2,0.5,0.7333333333333334,0.3333333333333333,1.0,1.0,0.5,0.8888888888888888
chb18,8,2,4,1,0,5,chb18_30.edf,158,18,35,1,0,15,2,0.7777777777777777,1,0,15,2,0.5,0.7555555555555555,0.3333333333333333,1.0,1.0,0.5,0.8888888888888888
chb18,8,2,4,2,0,5,chb18_30.edf,158,18,23,1,0,15,2,0.8,1,0,15,2,0.5,0.7555555555555555,0.3333333333333333,1.0,1.0,0.5,0.8888888888888888
chb18,8,2,4,3,0,5,chb18_30.edf,158,18,32,1,0,15,2,0.7333333333333334,1,0,15,2,0.5,0.7333333333333334,0.3333333333333333,1.0,1.0,0.5,0.8888888888888888
chb18,8,1,8,0,1,5,chb18_36.edf,148,30,38,5,2,23,0,1.0,5,2,23,0,0.8333333333333334,1.0,1.0,0.92,0.7142857142857143,0.8333333333333334,0.9333333333333333
chb18,8,1,8,1,1,5,chb18_36.edf,148,30,34,5,8,17,0,1.0,5,8,17,0,0.5555555555555556,1.0,1.0,0.68,0.38461538461538464,0.5555555555555556,0.7333333333333333
chb18,8,1,8,2,1,5,chb18_36.edf,148,30,44,5,6,19,0,1.0,5,6,19,0,0.625,1.0,1.0,0.76,0.45454545454545453,0.625,0.8
chb18,8,1,8,3,1,5,chb18_36.edf,148,30,21,5,6,19,0,1.0,5,7,18,0,0.5882352941176471,1.0,1.0,0.76,0.45454545454545453,0.625,0.8
chb18,8,2,4,0,1,5,chb18_36.edf,148,30,38,5,4,21,0,1.0,5,4,21,0,0.7142857142857143,1.0,1.0,0.84,0.5555555555555556,0.7142857142857143,0.8666666666666667
chb18,8,2,4,1,1,5,chb18_36.edf,148,30,29,5,7,18,0,1.0,5,6,19,0,0.625,1.0,1.0,0.72,0.4166666666666667,0.5882352941176471,0.7666666666666667
chb18,8,2,4,2,1,5,chb18_36.edf,148,30,17,5,5,20,0,1.0,5,4,21,0,0.7142857142857143,1.0,1.0,0.8,0.5,0.6666666666666666,0.8333333333333334
chb18,8,2,4,3,1,5,chb18_36.edf,148,30,32,5,15,10,0,1.0,5,14,11,0,0.4166666666666667,1.0,1.0,0.4,0.25,0.4,0.5
chb18,8,1,8,0,2,5,chb18_32.edf,144,36,62,6,0,30,0,1.0,6,0,30,0,1.0,1.0,1.0,1.0,1.0,1.0,1.0
chb18,8,1,8,1,2,5,chb18_32.edf,144,36,49,6,2,28,0,1.0,6,2,28,0,0.8571428571428571,1.0,1.0,0.9333333333333333,0.75,0.8571428571428571,0.9444444444444444
chb18,8,1,8,2,2,5,chb18_32.edf,144,36,41,6,1,29,0,1.0,6,0,30,0,1.0,1.0,1.0,0.9666666666666667,0.8571428571428571,0.9230769230769231,0.9722222222222222
chb18,8,1,8,3,2,5,chb18_32.edf,144,36,39,6,0,30,0,1.0,6,0,30,0,1.0,1.0,1.0,1.0,1.0,1.0,1.0
chb18,8,2,4,0,2,5,chb18_32.edf,144,36,46,6,2,28,0,1.0,6,2,28,0,0.8571428571428571,1.0,1.0,0.9333333333333333,0.75,0.8571428571428571,0.9444444444444444
chb18,8,2,4,1,2,5,chb18_32.edf,144,36,51,6,1,29,0,1.0,6,1,29,0,0.9230769230769231,1.0,1.0,0.9666666666666667,0.8571428571428571,0.9230769230769231,0.9722222222222222
chb18,8,2,4,2,2,5,chb18_32.edf,144,36,41,6,2,28,0,1.0,6,1,29,0,0.9230769230769231,1.0,1.0,0.9333333333333333,0.75,0.8571428571428571,0.9444444444444444
chb18,8,2,4,3,2,5,chb18_32.edf,144,36,40,6,1,29,0,1.0,6,1,29,0,0.9230769230769231,1.0,1.0,0.9666666666666667,0.8571428571428571,0.9230769230769231,0.9722222222222222
chb18,8,1,8,0,3,5,chb18_35.edf,134,48,98,7,0,40,1,1.0,7,0,40,1,0.9333333333333333,1.0,0.875,1.0,1.0,0.9333333333333333,0.9791666666666666
chb18,8,1,8,1,3,5,chb18_35.edf,134,48,52,7,0,40,1,1.0,7,0,40,1,0.9333333333333333,1.0,0.875,1.0,1.0,0.9333333333333333,0.9791666666666666
chb18,8,1,8,2,3,5,chb18_35.edf,134,48,42,5,0,40,3,1.0,6,0,40,2,0.8571428571428571,1.0,0.625,1.0,1.0,0.7692307692307693,0.9375
chb18,8,1,8,3,3,5,chb18_35.edf,134,48,59,6,0,40,2,1.0,6,0,40,2,0.8571428571428571,1.0,0.75,1.0,1.0,0.8571428571428571,0.9583333333333334
chb18,8,2,4,0,3,5,chb18_35.edf,134,48,98,7,0,40,1,1.0,7,0,40,1,0.9333333333333333,1.0,0.875,1.0,1.0,0.9333333333333333,0.9791666666666666
chb18,8,2,4,1,3,5,chb18_35.edf,134,48,57,7,0,40,1,1.0,7,0,40,1,0.9333333333333333,0.996875,0.875,1.0,1.0,0.9333333333333333,0.9791666666666666
chb18,8,2,4,2,3,5,chb18_35.edf,134,48,74,7,0,40,1,1.0,7,0,40,1,0.9333333333333333,0.996875,0.875,1.0,1.0,0.9333333333333333,0.9791666666666666
chb18,8,2,4,3,3,5,chb18_35.edf,134,48,59,6,0,40,2,1.0,7,0,40,1,0.9333333333333333,1.0,0.75,1.0,1.0,0.8571428571428571,0.9583333333333334
chb18,8,1,8,0,4,5,chb18_29.edf;chb18_31.edf,105,84,61,14,1,69,0,0.9989795918367348,14,1,69,0,0.9655172413793104,0.9989795918367348,1.0,0.9857142857142858,0.9333333333333333,0.9655172413793104,0.9880952380952381
chb18,8,1,8,1,4,5,chb18_29.edf;chb18_31.edf,105,84,60,14,1,69,0,0.9989795918367348,14,1,69,0,0.9655172413793104,0.9989795918367348,1.0,0.9857142857142858,0.9333333333333333,0.9655172413793104,0.9880952380952381
chb18,8,1,8,2,4,5,chb18_29.edf;chb18_31.edf,105,84,33,14,3,67,0,0.9979591836734695,14,3,67,0,0.9032258064516129,0.9979591836734695,1.0,0.9571428571428572,0.8235294117647058,0.9032258064516129,0.9642857142857143
chb18,8,1,8,3,4,5,chb18_29.edf;chb18_31.edf,105,84,51,14,7,63,0,1.0,14,5,65,0,0.8484848484848485,0.9979591836734694,1.0,0.9,0.6666666666666666,0.8,0.9166666666666666
chb18,8,2,4,0,4,5,chb18_29.edf;chb18_31.edf,105,84,64,14,1,69,0,0.9989795918367348,14,1,69,0,0.9655172413793104,0.9989795918367348,1.0,0.9857142857142858,0.9333333333333333,0.9655172413793104,0.9880952380952381
chb18,8,2,4,1,4,5,chb18_29.edf;chb18_31.edf,105,84,54,14,1,69,0,0.9989795918367348,14,1,69,0,0.9655172413793104,0.9989795918367348,1.0,0.9857142857142858,0.9333333333333333,0.9655172413793104,0.9880952380952381
chb18,8,2,4,2,4,5,chb18_29.edf;chb18_31.edf,105,84,34,14,1,69,0,0.9979591836734695,14,1,69,0,0.9655172413793104,0.9979591836734695,1.0,0.9857142857142858,0.9333333333333333,0.9655172413793104,0.9880952380952381
chb18,8,2,4,3,4,5,chb18_29.edf;chb18_31.edf,105,84,41,14,4,66,0,0.9979591836734695,14,4,66,0,0.875,0.9979591836734695,1.0,0.9428571428571428,0.7777777777777778,0.875,0.9523809523809523
chb19,8,1,8,0,0,3,chb19_28.edf,91,54,51,7,0,45,2,0.9703703703703704,7,0,45,2,0.875,0.9703703703703704,0.7777777777777778,1.0,1.0,0.875,0.9629629629629629
chb19,8,1,8,1,0,3,chb19_28.edf,91,54,57,7,1,44,2,0.9851851851851852,7,0,45,2,0.875,0.980246913580247,0.7777777777777778,0.9777777777777777,0.875,0.8235294117647058,0.9444444444444444
chb19,8,1,8,2,0,3,chb19_28.edf,91,54,71,7,4,41,2,0.9580246913580246,7,5,40,2,0.6666666666666666,0.9530864197530864,0.7777777777777778,0.9111111111111111,0.6363636363636364,0.7,0.8888888888888888
chb19,8,1,8,3,0,3,chb19_28.edf,91,54,40,7,2,43,2,0.980246913580247,8,2,43,1,0.8421052631578947,0.9851851851851852,0.7777777777777778,0.9555555555555556,0.7777777777777778,0.7777777777777778,0.9259259259259259
chb19,8,2,4,0,0,3,chb19_28.edf,91,54,46,7,4,41,2,0.9728395061728395,7,4,41,2,0.7,0.9728395061728395,0.7777777777777778,0.9111111111111111,0.6363636363636364,0.7,0.8888888888888888
chb19,8,2,4,1,0,3,chb19_28.edf,91,54,98,7,3,42,2,0.9506172839506173,7,4,41,2,0.7,0.9308641975308642,0.7777777777777778,0.9333333333333333,0.7,0.7368421052631579,0.9074074074074074
chb19,8,2,4,2,0,3,chb19_28.edf,91,54,27,8,2,43,1,0.9728395061728395,8,2,43,1,0.8421052631578947,0.9753086419753085,0.8888888888888888,0.9555555555555556,0.8,0.8421052631578947,0.9444444444444444
chb19,8,2,4,3,0,3,chb19_28.edf,91,54,32,7,1,44,2,0.9679012345679012,7,1,44,2,0.8235294117647058,0.9777777777777779,0.7777777777777778,0.9777777777777777,0.875,0.8235294117647058,0.9444444444444444
chb19,8,1,8,0,1,3,chb19_29.edf,91,54,54,9,2,43,0,0.9827160493827161,9,2,43,0,0.9,0.9827160493827161,1.0,0.9555555555555556,0.8181818181818182,0.9,0.9629629629629629
chb19,8,1,8,1,1,3,chb19_29.edf,91,54,50,8,2,43,1,0.980246913580247,8,2,43,1,0.8421052631578947,0.980246913580247,0.8888888888888888,0.9555555555555556,0.8,0.8421052631578947,0.9444444444444444
chb19,8,1,8,2,1,3,chb19_29.edf,91,54,28,8,2,43,1,0.9753086419753086,9,3,42,0,0.8571428571428571,0.9728395061728395,0.8888888888888888,0.9555555555555556,0.8,0.8421052631578947,0.9444444444444444
chb19,8,1,8,3,1,3,chb19_29.edf,91,54,38,8,1,44,1,0.9753086419753086,8,1,44,1,0.8888888888888888,0.9753086419753086,0.8888888888888888,0.9777777777777777,0.8888888888888888,0.8888888888888888,0.9629629629629629
chb19,8,2,4,0,1,3,chb19_29.edf,91,54,92,9,2,43,0,0.9851851851851853,9,2,43,0,0.9,0.9851851851851853,1.0,0.9555555555555556,0.8181818181818182,0.9,0.9629629629629629
chb19,8,2,4,1,1,3,chb19_29.edf,91,54,35,9,3,42,0,0.9777777777777779,9,3,42,0,0.8571428571428571,0.9753086419753086,1.0,0.9333333333333333,0.75,0.8571428571428571,0.9444444444444444
chb19,8,2,4,2,1,3,chb19_29.edf,91,54,21,9,3,42,0,0.962962962962963,8,3,42,1,0.8,0.9604938271604938,1.0,0.9333333333333333,0.75,0.8571428571428571,0.9444444444444444
chb19,8,2,4,3,1,3,chb19_29.edf,91,54,57,9,3,42,0,0.9777777777777777,9,3,42,0,0.8571428571428571,0.9753086419753086,1.0,0.9333333333333333,0.75,0.8571428571428571,0.9444444444444444
chb19,8,1,8,0,2,3,chb19_30.edf,86,60,39,6,0,50,4,0.9800000000000001,6,0,50,4,0.75,0.9800000000000001,0.6,1.0,1.0,0.75,0.9333333333333333
chb19,8,1,8,1,2,3,chb19_30.edf,86,60,25,6,2,48,4,0.984,6,2,48,4,0.6666666666666666,0.984,0.6,0.96,0.75,0.6666666666666666,0.9
chb19,8,1,8,2,2,3,chb19_30.edf,86,60,17,6,2,48,4,0.984,6,2,48,4,0.6666666666666666,0.984,0.6,0.96,0.75,0.6666666666666666,0.9
chb19,8,1,8,3,2,3,chb19_30.edf,86,60,19,6,2,48,4,0.97,6,2,48,4,0.6666666666666666,0.97,0.6,0.96,0.75,0.6666666666666666,0.9
chb19,8,2,4,0,2,3,chb19_30.edf,86,60,40,6,1,49,4,0.974,6,1,49,4,0.7058823529411765,0.974,0.6,0.98,0.8571428571428571,0.7058823529411765,0.9166666666666666
chb19,8,2,4,1,2,3,chb19_30.edf,86,60,25,6,2,48,4,0.984,6,2,48,4,0.6666666666666666,0.984,0.6,0.96,0.75,0.6666666666666666,0.9
chb19,8,2,4,2,2,3,chb19_30.edf,86,60,20,6,2,48,4,0.984,6,2,48,4,0.6666666666666666,0.984,0.6,0.96,0.75,0.6666666666666666,0.9
chb19,8,2,4,3,2,3,chb19_30.edf,86,60,22,6,2,48,4,0.9620000000000001,6,2,48,4,0.6666666666666666,0.964,0.6,0.96,0.75,0.6666666666666666,0.9
chb20,8,1,8,0,0,5,chb20_15.edf,105,60,39,8,0,50,2,1.0,8,0,50,2,0.8888888888888888,1.0,0.8,1.0,1.0,0.8888888888888888,0.9666666666666667
chb20,8,1,8,1,0,5,chb20_15.edf,105,60,23,8,0,50,2,1.0,8,0,50,2,0.8888888888888888,1.0,0.8,1.0,1.0,0.8888888888888888,0.9666666666666667
chb20,8,1,8,2,0,5,chb20_15.edf,105,60,24,8,0,50,2,1.0,8,0,50,2,0.8888888888888888,1.0,0.8,1.0,1.0,0.8888888888888888,0.9666666666666667
chb20,8,1,8,3,0,5,chb20_15.edf,105,60,16,8,0,50,2,1.0,8,0,50,2,0.8888888888888888,1.0,0.8,1.0,1.0,0.8888888888888888,0.9666666666666667
chb20,8,2,4,0,0,5,chb20_15.edf,105,60,35,8,0,50,2,1.0,8,0,50,2,0.8888888888888888,1.0,0.8,1.0,1.0,0.8888888888888888,0.9666666666666667
chb20,8,2,4,1,0,5,chb20_15.edf,105,60,26,8,0,50,2,1.0,8,0,50,2,0.8888888888888888,1.0,0.8,1.0,1.0,0.8888888888888888,0.9666666666666667
chb20,8,2,4,2,0,5,chb20_15.edf,105,60,26,8,0,50,2,1.0,8,0,50,2,0.8888888888888888,1.0,0.8,1.0,1.0,0.8888888888888888,0.9666666666666667
chb20,8,2,4,3,0,5,chb20_15.edf,105,60,19,8,0,50,2,1.0,9,0,50,1,0.9473684210526315,1.0,0.8,1.0,1.0,0.8888888888888888,0.9666666666666667
chb20,8,1,8,0,1,5,chb20_14.edf,134,24,66,4,0,20,0,1.0,4,0,20,0,1.0,1.0,1.0,1.0,1.0,1.0,1.0
chb20,8,1,8,1,1,5,chb20_14.edf,134,24,47,4,0,20,0,1.0,4,0,20,0,1.0,1.0,1.0,1.0,1.0,1.0,1.0
chb20,8,1,8,2,1,5,chb20_14.edf,134,24,49,3,0,20,1,1.0,3,0,20,1,0.8571428571428571,1.0,0.75,1.0,1.0,0.8571428571428571,0.9583333333333334
chb20,8,1,8,3,1,5,chb20_14.edf,134,24,87,3,0,20,1,1.0,3,0,20,1,0.8571428571428571,1.0,0.75,1.0,1.0,0.8571428571428571,0.9583333333333334
chb20,8,2,4,0,1,5,chb20_14.edf,134,24,68,4,0,20,0,1.0,4,0,20,0,1.0,1.0,1.0,1.0,1.0,1.0,1.0
chb20,8,2,4,1,1,5,chb20_14.edf,134,24,95,4,0,20,0,1.0,4,0,20,0,1.0,1.0,1.0,1.0,1.0,1.0,1.0
chb20,8,2,4,2,1,5,chb20_14.edf,134,24,25,3,0,20,1,1.0,3,0,20,1,0.8571428571428571,1.0,0.75,1.0,1.0,0.8571428571428571,0.9583333333333334
chb20,8,2,4,3,1,5,chb20_14.edf,134,24,41,4,0,20,0,1.0,3,0,20,1,0.8571428571428571,1.0,1.0,1.0,1.0,1.0,1.0
chb20,8,1,8,0,2,5,chb20_12.edf;chb20_16.edf,120,42,53,7,6,29,0,0.9877551020408163,7,6,29,0,0.7,0.9877551020408163,1.0,0.8285714285714286,0.5384615384615384,0.7,0.8571428571428571
chb20,8,1,8,1,2,5,chb20_12.edf;chb20_16.edf,120,42,38,7,7,28,0,0.9877551020408163,7,7,28,0,0.6666666666666666,0.9877551020408163,1.0,0.8,0.5,0.6666666666666666,0.8333333333333334
chb20,8,1,8,2,2,5,chb20_12.edf;chb20_16.edf,120,42,30,7,7,28,0,0.9877551020408163,7,7,28,0,0.6666666666666666,0.9918367346938776,1.0,0.8,0.5,0.6666666666666666,0.8333333333333334
chb20,8,1,8,3,2,5,chb20_12.edf;chb20_16.edf,120,42,28,7,8,27,0,0.9755102040816326,7,7,28,0,0.6666666666666666,0.963265306122449,1.0,0.7714285714285715,0.4666666666666667,0.6363636363636364,0.8095238095238095
chb20,8,2,4,0,2,5,chb20_12.edf;chb20_16.edf,120,42,68,7,5,30,0,0.9918367346938776,7,5,30,0,0.7368421052631579,0.9918367346938776,1.0,0.8571428571428571,0.5833333333333334,0.7368421052631579,0.8809523809523809
chb20,8,2,4,1,2,5,chb20_12.edf;chb20_16.edf,120,42,42,7,8,27,0,0.9755102040816326,7,8,27,0,0.6363636363636364,0.9714285714285714,1.0,0.7714285714285715,0.4666666666666667,0.6363636363636364,0.8095238095238095
chb20,8,2,4,2,2,5,chb20_12.edf;chb20_16.edf,120,42,43,7,8,27,0,0.9836734693877551,7,8,27,0,0.6363636363636364,0.9755102040816326,1.0,0.7714285714285715,0.4666666666666667,0.6363636363636364,0.8095238095238095
chb20,8,2,4,3,2,5,chb20_12.edf;chb20_16.edf,120,42,30,7,8,27,0,0.963265306122449,7,8,27,0,0.6363636363636364,0.9714285714285714,1.0,0.7714285714285715,0.4666666666666667,0.6363636363636364,0.8095238095238095
chb20,8,1,8,0,3,5,chb20_13.edf,120,42,28,7,0,35,0,1.0,7,0,35,0,1.0,1.0,1.0,1.0,1.0,1.0,1.0
chb20,8,1,8,1,3,5,chb20_13.edf,120,42,27,7,0,35,0,1.0,7,0,35,0,1.0,1.0,1.0,1.0,1.0,1.0,1.0
chb20,8,1,8,2,3,5,chb20_13.edf,120,42,21,7,0,35,0,1.0,7,0,35,0,1.0,1.0,1.0,1.0,1.0,1.0,1.0
chb20,8,1,8,3,3,5,chb20_13.edf,120,42,28,7,0,35,0,1.0,7,0,35,0,1.0,1.0,1.0,1.0,1.0,1.0,1.0
chb20,8,2,4,0,3,5,chb20_13.edf,120,42,33,7,0,35,0,1.0,7,0,35,0,1.0,1.0,1.0,1.0,1.0,1.0,1.0
chb20,8,2,4,1,3,5,chb20_13.edf,120,42,27,7,0,35,0,1.0,7,0,35,0,1.0,1.0,1.0,1.0,1.0,1.0,1.0
chb20,8,2,4,2,3,5,chb20_13.edf,120,42,22,7,0,35,0,1.0,7,0,35,0,1.0,1.0,1.0,1.0,1.0,1.0,1.0
chb20,8,2,4,3,3,5,chb20_13.edf,120,42,30,7,0,35,0,1.0,7,0,35,0,1.0,1.0,1.0,1.0,1.0,1.0,1.0
chb20,8,1,8,0,4,5,chb20_68.edf,134,24,72,1,0,20,3,0.9874999999999999,1,0,20,3,0.4,0.9874999999999999,0.25,1.0,1.0,0.4,0.875
chb20,8,1,8,1,4,5,chb20_68.edf,134,24,46,1,0,20,3,0.9874999999999999,1,0,20,3,0.4,0.9874999999999999,0.25,1.0,1.0,0.4,0.875
chb20,8,1,8,2,4,5,chb20_68.edf,134,24,26,1,0,20,3,0.9874999999999999,1,0,20,3,0.4,0.9874999999999999,0.25,1.0,1.0,0.4,0.875
chb20,8,1,8,3,4,5,chb20_68.edf,134,24,24,1,0,20,3,0.975,1,0,20,3,0.4,0.975,0.25,1.0,1.0,0.4,0.875
chb20,8,2,4,0,4,5,chb20_68.edf,134,24,93,2,0,20,2,1.0,2,0,20,2,0.6666666666666666,1.0,0.5,1.0,1.0,0.6666666666666666,0.9166666666666666
chb20,8,2,4,1,4,5,chb20_68.edf,134,24,79,1,0,20,3,0.975,1,0,20,3,0.4,0.975,0.25,1.0,1.0,0.4,0.875
chb20,8,2,4,2,4,5,chb20_68.edf,134,24,26,1,0,20,3,1.0,1,0,20,3,0.4,1.0,0.25,1.0,1.0,0.4,0.875
chb20,8,2,4,3,4,5,chb20_68.edf,134,24,65,1,0,20,3,0.975,1,0,20,3,0.4,0.9624999999999999,0.25,1.0,1.0,0.4,0.875
chb21,8,1,8,0,0,4,chb21_19.edf,81,42,55,7,0,35,0,1.0,7,0,35,0,1.0,1.0,1.0,1.0,1.0,1.0,1.0
chb21,8,1,8,1,0,4,chb21_19.edf,81,42,69,7,0,35,0,1.0,7,0,35,0,1.0,1.0,1.0,1.0,1.0,1.0,1.0
chb21,8,1,8,2,0,4,chb21_19.edf,81,42,70,6,0,35,1,0.9959183673469387,6,0,35,1,0.9230769230769231,1.0,0.8571428571428571,1.0,1.0,0.9230769230769231,0.9761904761904762
chb21,8,1,8,3,0,4,chb21_19.edf,81,42,66,7,1,34,0,1.0,7,1,34,0,0.9333333333333333,1.0,1.0,0.9714285714285714,0.875,0.9333333333333333,0.9761904761904762
chb21,8,2,4,0,0,4,chb21_19.edf,81,42,85,7,0,35,0,1.0,7,0,35,0,1.0,1.0,1.0,1.0,1.0,1.0,1.0
chb21,8,2,4,1,0,4,chb21_19.edf,81,42,97,7,1,34,0,0.9959183673469387,7,0,35,0,1.0,1.0,1.0,0.9714285714285714,0.875,0.9333333333333333,0.9761904761904762
chb21,8,2,4,2,0,4,chb21_19.edf,81,42,62,6,1,34,1,0.9959183673469387,6,2,33,1,0.8,0.9918367346938776,0.8571428571428571,0.9714285714285714,0.8571428571428571,0.8571428571428571,0.9523809523809523
chb21,8,2,4,3,0,4,chb21_19.edf,81,42,57,7,1,34,0,1.0,7,1,34,0,0.9333333333333333,1.0,1.0,0.9714285714285714,0.875,0.9333333333333333,0.9761904761904762
chb21,8,1,8,0,1,4,chb21_20.edf,86,36,48,6,1,29,0,1.0,6,1,29,0,0.9230769230769231,1.0,1.0,0.9666666666666667,0.8571428571428571,0.9230769230769231,0.9722222222222222
chb21,8,1,8,1,1,4,chb21_20.edf,86,36,54,6,1,29,0,1.0,6,1,29,0,0.9230769230769231,1.0,1.0,0.9666666666666667,0.8571428571428571,0.9230769230769231,0.9722222222222222
chb21,8,1,8,2,1,4,chb21_20.edf,86,36,32,6,2,28,0,1.0,6,2,28,0,0.8571428571428571,1.0,1.0,0.9333333333333333,0.75,0.8571428571428571,0.9444444444444444
chb21,8,1,8,3,1,4,chb21_20.edf,86,36,36,6,1,29,0,1.0,6,1,29,0,0.9230769230769231,1.0,1.0,0.9666666666666667,0.8571428571428571,0.9230769230769231,0.9722222222222222
chb21,8,2,4,0,1,4,chb21_20.edf,86,36,51,6,0,30,0,1.0,6,0,30,0,1.0,1.0,1.0,1.0,1.0,1.0,1.0
chb21,8,2,4,1,1,4,chb21_20.edf,86,36,51,6,1,29,0,1.0,6,1,29,0,0.9230769230769231,1.0,1.0,0.9666666666666667,0.8571428571428571,0.9230769230769231,0.9722222222222222
chb21,8,2,4,2,1,4,chb21_20.edf,86,36,25,6,4,26,0,0.9722222222222222,6,4,26,0,0.75,0.9611111111111111,1.0,0.8666666666666667,0.6,0.75,0.8888888888888888
chb21,8,2,4,3,1,4,chb21_20.edf,86,36,29,6,4,26,0,0.9888888888888889,6,4,26,0,0.75,0.9888888888888889,1.0,0.8666666666666667,0.6,0.75,0.8888888888888888
chb21,8,1,8,0,2,4,chb21_21.edf,67,60,99,10,5,45,0,0.992,10,5,45,0,0.8,0.992,1.0,0.9,0.6666666666666666,0.8,0.9166666666666666
chb21,8,1,8,1,2,4,chb21_21.edf,67,60,1,0,0,50,10,0.8739999999999999,0,0,50,10,0.0,0.882,0.0,1.0,,0.0,0.8333333333333334
chb21,8,1,8,2,2,4,chb21_21.edf,67,60,94,10,3,47,0,0.998,10,4,46,0,0.8333333333333334,1.0,1.0,0.94,0.7692307692307693,0.8695652173913043,0.95
chb21,8,1,8,3,2,4,chb21_21.edf,67,60,98,10,2,48,0,0.998,10,2,48,0,0.9090909090909091,1.0,1.0,0.96,0.8333333333333334,0.9090909090909091,0.9666666666666667
chb21,8,2,4,0,2,4,chb21_21.edf,67,60,97,10,5,45,0,0.998,10,5,45,0,0.8,0.998,1.0,0.9,0.6666666666666666,0.8,0.9166666666666666
chb21,8,2,4,1,2,4,chb21_21.edf,67,60,1,0,0,50,10,0.846,0,0,50,10,0.0,0.8660000000000001,0.0,1.0,,0.0,0.8333333333333334
chb21,8,2,4,2,2,4,chb21_21.edf,67,60,88,10,6,44,0,0.998,10,7,43,0,0.7407407407407407,0.996,1.0,0.88,0.625,0.7692307692307693,0.9
chb21,8,2,4,3,2,4,chb21_21.edf,67,60,97,9,0,50,1,0.998,9,0,50,1,0.9473684210526315,1.0,0.9,1.0,1.0,0.9473684210526315,0.9833333333333333
chb21,8,1,8,0,3,4,chb21_22.edf,110,6,80,1,0,5,0,1.0,1,0,5,0,1.0,1.0,1.0,1.0,1.0,1.0,1.0
chb21,8,1,8,1,3,4,chb21_22.edf,110,6,62,1,0,5,0,1.0,1,0,5,0,1.0,1.0,1.0,1.0,1.0,1.0,1.0
chb21,8,1,8,2,3,4,chb21_22.edf,110,6,49,1,0,5,0,1.0,1,0,5,0,1.0,1.0,1.0,1.0,1.0,1.0,1.0
chb21,8,1,8,3,3,4,chb21_22.edf,110,6,48,1,0,5,0,1.0,1,0,5,0,1.0,1.0,1.0,1.0,1.0,1.0,1.0
chb21,8,2,4,0,3,4,chb21_22.edf,110,6,64,1,0,5,0,1.0,1,0,5,0,1.0,1.0,1.0,1.0,1.0,1.0,1.0
chb21,8,2,4,1,3,4,chb21_22.edf,110,6,77,1,0,5,0,1.0,1,0,5,0,1.0,1.0,1.0,1.0,1.0,1.0,1.0
chb21,8,2,4,2,3,4,chb21_22.edf,110,6,48,1,0,5,0,1.0,1,0,5,0,1.0,1.0,1.0,1.0,1.0,1.0,1.0
chb21,8,2,4,3,3,4,chb21_22.edf,110,6,74,1,0,5,0,1.0,1,0,5,0,1.0,1.0,1.0,1.0,1.0,1.0,1.0
chb22,8,1,8,0,0,3,chb22_20.edf,86,42,52,7,0,35,0,1.0,7,0,35,0,1.0,1.0,1.0,1.0,1.0,1.0,1.0
chb22,8,1,8,1,0,3,chb22_20.edf,86,42,46,7,0,35,0,1.0,7,0,35,0,1.0,1.0,1.0,1.0,1.0,1.0,1.0
chb22,8,1,8,2,0,3,chb22_20.edf,86,42,41,7,0,35,0,1.0,7,0,35,0,1.0,1.0,1.0,1.0,1.0,1.0,1.0
chb22,8,1,8,3,0,3,chb22_20.edf,86,42,40,7,0,35,0,1.0,7,0,35,0,1.0,1.0,1.0,1.0,1.0,1.0,1.0
chb22,8,2,4,0,0,3,chb22_20.edf,86,42,52,7,0,35,0,1.0,7,0,35,0,1.0,1.0,1.0,1.0,1.0,1.0,1.0
chb22,8,2,4,1,0,3,chb22_20.edf,86,42,42,7,0,35,0,1.0,7,0,35,0,1.0,1.0,1.0,1.0,1.0,1.0,1.0
chb22,8,2,4,2,0,3,chb22_20.edf,86,42,36,7,0,35,0,1.0,7,0,35,0,1.0,1.0,1.0,1.0,1.0,1.0,1.0
chb22,8,2,4,3,0,3,chb22_20.edf,86,42,29,7,0,35,0,1.0,7,0,35,0,1.0,1.0,1.0,1.0,1.0,1.0,1.0
chb22,8,1,8,0,1,3,chb22_25.edf,76,54,95,9,0,45,0,1.0,9,0,45,0,1.0,1.0,1.0,1.0,1.0,1.0,1.0
chb22,8,1,8,1,1,3,chb22_25.edf,76,54,81,9,1,44,0,1.0,9,0,45,0,1.0,1.0,1.0,0.9777777777777777,0.9,0.9473684210526315,0.9814814814814815
chb22,8,1,8,2,1,3,chb22_25.edf,76,54,99,9,0,45,0,1.0,9,0,45,0,1.0,1.0,1.0,1.0,1.0,1.0,1.0
chb22,8,1,8,3,1,3,chb22_25.edf,76,54,42,9,1,44,0,0.9975308641975308,9,1,44,0,0.9473684210526315,1.0,1.0,0.9777777777777777,0.9,0.9473684210526315,0.9814814814814815
chb22,8,2,4,0,1,3,chb22_25.edf,76,54,58,9,2,43,0,1.0,9,2,43,0,0.9,1.0,1.0,0.9555555555555556,0.8181818181818182,0.9,0.9629629629629629
chb22,8,2,4,1,1,3,chb22_25.edf,76,54,99,9,1,44,0,0.9975308641975308,8,1,44,1,0.8888888888888888,0.9975308641975308,1.0,0.9777777777777777,0.9,0.9473684210526315,0.9814814814814815
chb22,8,2,4,2,1,3,chb22_25.edf,76,54,99,9,1,44,0,0.9975308641975308,8,1,44,1,0.8888888888888888,0.9975308641975308,1.0,0.9777777777777777,0.9,0.9473684210526315,0.9814814814814815
chb22,8,2,4,3,1,3,chb22_25.edf,76,54,87,9,1,44,0,0.9975308641975308,8,1,44,1,0.8888888888888888,0.9975308641975308,1.0,0.9777777777777777,0.9,0.9473684210526315,0.9814814814814815
chb22,8,1,8,0,2,3,chb22_38.edf,76,54,98,8,0,45,1,1.0,8,0,45,1,0.9411764705882353,1.0,0.8888888888888888,1.0,1.0,0.9411764705882353,0.9814814814814815
chb22,8,1,8,1,2,3,chb22_38.edf,76,54,93,8,0,45,1,1.0,7,0,45,2,0.875,0.9975308641975308,0.8888888888888888,1.0,1.0,0.9411764705882353,0.9814814814814815
chb22,8,1,8,2,2,3,chb22_38.edf,76,54,99,8,0,45,1,1.0,7,0,45,2,0.875,0.9975308641975308,0.8888888888888888,1.0,1.0,0.9411764705882353,0.9814814814814815
chb22,8,1,8,3,2,3,chb22_38.edf,76,54,73,6,0,45,3,1.0,6,0,45,3,0.8,1.0,0.6666666666666666,1.0,1.0,0.8,0.9444444444444444
chb22,8,2,4,0,2,3,chb22_38.edf,76,54,94,8,0,45,1,1.0,8,0,45,1,0.9411764705882353,1.0,0.8888888888888888,1.0,1.0,0.9411764705882353,0.9814814814814815
chb22,8,2,4,1,2,3,chb22_38.edf,76,54,75,6,0,45,3,1.0,7,0,45,2,0.875,1.0,0.6666666666666666,1.0,1.0,0.8,0.9444444444444444
chb22,8,2,4,2,2,3,chb22_38.edf,76,54,62,7,0,45,2,0.9950617283950618,7,0,45,2,0.875,1.0,0.7777777777777778,1.0,1.0,0.875,0.9629629629629629
chb22,8,2,4,3,2,3,chb22_38.edf,76,54,76,6,0,45,3,1.0,6,0,45,3,0.8,1.0,0.6666666666666666,1.0,1.0,0.8,0.9444444444444444
chb23,8,1,8,0,0,3,chb23_06.edf,168,84,50,14,2,68,0,1.0,14,2,68,0,0.9333333333333333,1.0,1.0,0.9714285714285714,0.875,0.9333333333333333,0.9761904761904762
chb23,8,1,8,1,0,3,chb23_06.edf,168,84,70,14,2,68,0,1.0,14,1,69,0,0.9655172413793104,1.0,1.0,0.9714285714285714,0.875,0.9333333333333333,0.9761904761904762
chb23,8,1,8,2,0,3,chb23_06.edf,168,84,78,14,2,68,0,1.0,14,1,69,0,0.9655172413793104,1.0,1.0,0.9714285714285714,0.875,0.9333333333333333,0.9761904761904762
chb23,8,1,8,3,0,3,chb23_06.edf,168,84,23,14,5,65,0,0.9979591836734694,14,3,67,0,0.9032258064516129,0.9989795918367348,1.0,0.9285714285714286,0.7368421052631579,0.8484848484848485,0.9404761904761905
chb23,8,2,4,0,0,3,chb23_06.edf,168,84,89,14,2,68,0,1.0,14,2,68,0,0.9333333333333333,1.0,1.0,0.9714285714285714,0.875,0.9333333333333333,0.9761904761904762
chb23,8,2,4,1,0,3,chb23_06.edf,168,84,40,14,2,68,0,1.0,14,2,68,0,0.9333333333333333,0.9989795918367348,1.0,0.9714285714285714,0.875,0.9333333333333333,0.9761904761904762
chb23,8,2,4,2,0,3,chb23_06.edf,168,84,33,14,3,67,0,0.9979591836734694,14,3,67,0,0.9032258064516129,0.9979591836734694,1.0,0.9571428571428572,0.8235294117647058,0.9032258064516129,0.9642857142857143
chb23,8,2,4,3,0,3,chb23_06.edf,168,84,36,14,3,67,0,1.0,14,4,66,0,0.875,0.9979591836734694,1.0,0.9571428571428572,0.8235294117647058,0.9032258064516129,0.9642857142857143
chb23,8,1,8,0,1,3,chb23_08.edf,201,42,53,7,0,35,0,1.0,7,0,35,0,1.0,1.0,1.0,1.0,1.0,1.0,1.0
chb23,8,1,8,1,1,3,chb23_08.edf,201,42,79,7,0,35,0,1.0,7,0,35,0,1.0,1.0,1.0,1.0,1.0,1.0,1.0
chb23,8,1,8,2,1,3,chb23_08.edf,201,42,60,7,0,35,0,1.0,7,0,35,0,1.0,1.0,1.0,1.0,1.0,1.0,1.0
chb23,8,1,8,3,1,3,chb23_08.edf,201,42,63,7,0,35,0,1.0,7,0,35,0,1.0,1.0,1.0,1.0,1.0,1.0,1.0
chb23,8,2,4,0,1,3,chb23_08.edf,201,42,89,7,0,35,0,1.0,7,0,35,0,1.0,1.0,1.0,1.0,1.0,1.0,1.0
chb23,8,2,4,1,1,3,chb23_08.edf,201,42,73,7,0,35,0,1.0,7,0,35,0,1.0,1.0,1.0,1.0,1.0,1.0,1.0
chb23,8,2,4,2,1,3,chb23_08.edf,201,42,97,7,0,35,0,1.0,7,0,35,0,1.0,1.0,1.0,1.0,1.0,1.0,1.0
chb23,8,2,4,3,1,3,chb23_08.edf,201,42,96,7,0,35,0,1.0,7,0,35,0,1.0,1.0,1.0,1.0,1.0,1.0,1.0
chb23,8,1,8,0,2,3,chb23_09.edf,100,168,66,24,1,139,4,0.9977040816326531,24,1,139,4,0.9056603773584906,0.9977040816326531,0.8571428571428571,0.9928571428571429,0.96,0.9056603773584906,0.9702380952380952
chb23,8,1,8,1,2,3,chb23_09.edf,100,168,57,25,1,139,3,0.9979591836734694,24,1,139,4,0.9056603773584906,0.9982142857142857,0.8928571428571429,0.9928571428571429,0.9615384615384616,0.9259259259259259,0.9761904761904762
chb23,8,1,8,2,2,3,chb23_09.edf,100,168,53,23,1,139,5,0.9971938775510204,23,1,139,5,0.8846153846153846,0.9974489795918368,0.8214285714285714,0.9928571428571429,0.9583333333333334,0.8846153846153846,0.9642857142857143
chb23,8,1,8,3,2,3,chb23_09.edf,100,168,49,24,1,139,4,0.9982142857142857,23,1,139,5,0.8846153846153846,0.9979591836734694,0.8571428571428571,0.9928571428571429,0.96,0.9056603773584906,0.9702380952380952
chb23,8,2,4,0,2,3,chb23_09.edf,100,168,69,24,1,139,4,0.9974489795918368,24,1,139,4,0.9056603773584906,0.9974489795918368,0.8571428571428571,0.9928571428571429,0.96,0.9056603773584906,0.9702380952380952
chb23,8,2,4,1,2,3,chb23_09.edf,100,168,55,23,1,139,5,0.9982142857142857,23,1,139,5,0.8846153846153846,0.9977040816326531,0.8214285714285714,0.9928571428571429,0.9583333333333334,0.8846153846153846,0.9642857142857143
chb23,8,2,4,2,2,3,chb23_09.edf,100,168,80,24,1,139,4,0.9969387755102042,24,1,139,4,0.9056603773584906,0.9966836734693878,0.8571428571428571,0.9928571428571429,0.96,0.9056603773584906,0.9702380952380952
chb23,8,2,4,3,2,3,chb23_09.edf,100,168,52,23,1,139,5,0.9984693877551021,24,1,139,4,0.9056603773584906,0.9982142857142857,0.8214285714285714,0.9928571428571429,0.9583333333333334,0.8846153846153846,0.9642857142857143
chb24,8,1,8,0,0,5,chb24_07.edf;chb24_13.edf;chb24_21.edf,225,72,21,11,0,60,1,0.9944444444444445,11,0,60,1,0.9565217391304348,0.9944444444444445,0.9166666666666666,1.0,1.0,0.9565217391304348,0.9861111111111112
chb24,8,1,8,1,0,5,chb24_07.edf;chb24_13.edf;chb24_21.edf,225,72,42,12,2,58,0,1.0,12,0,60,0,1.0,1.0,1.0,0.9666666666666667,0.8571428571428571,0.9230769230769231,0.9722222222222222
chb24,8,1,8,2,0,5,chb24_07.edf;chb24_13.edf;chb24_21.edf,225,72,8,10,0,60,2,0.9777777777777779,10,0,60,2,0.9090909090909091,0.9819444444444445,0.8333333333333334,1.0,1.0,0.9090909090909091,0.9722222222222222
chb24,8,1,8,3,0,5,chb24_07.edf;chb24_13.edf;chb24_21.edf,225,72,21,11,1,59,1,0.9972222222222222,12,1,59,0,0.96,0.998611111111111,0.9166666666666666,0.9833333333333333,0.9166666666666666,0.9166666666666666,0.9722222222222222
chb24,8,2,4,0,0,5,chb24_07.edf;chb24_13.edf;chb24_21.edf,225,72,22,10,0,60,2,0.9930555555555555,10,0,60,2,0.9090909090909091,0.9930555555555555,0.8333333333333334,1.0,1.0,0.9090909090909091,0.9722222222222222
chb24,8,2,4,1,0,5,chb24_07.edf;chb24_13.edf;chb24_21.edf,225,72,12,10,0,60,2,0.9888888888888889,10,0,60,2,0.9090909090909091,0.9888888888888889,0.8333333333333334,1.0,1.0,0.9090909090909091,0.9722222222222222
chb24,8,2,4,2,0,5,chb24_07.edf;chb24_13.edf;chb24_21.edf,225,72,8,9,0,60,3,0.9708333333333333,9,0,60,3,0.8571428571428571,0.9791666666666667,0.75,1.0,1.0,0.8571428571428571,0.9583333333333334
chb24,8,2,4,3,0,5,chb24_07.edf;chb24_13.edf;chb24_21.edf,225,72,7,9,0,60,3,0.9694444444444443,9,0,60,3,0.8571428571428571,0.9736111111111112,0.75,1.0,1.0,0.8571428571428571,0.9583333333333334
chb24,8,1,8,0,1,5,chb24_01.edf;chb24_09.edf,244,48,23,7,0,40,1,1.0,7,0,40,1,0.9333333333333333,1.0,0.875,1.0,1.0,0.9333333333333333,0.9791666666666666
chb24,8,1,8,1,1,5,chb24_01.edf;chb24_09.edf,244,48,32,8,0,40,0,1.0,8,0,40,0,1.0,1.0,1.0,1.0,1.0,1.0,1.0
chb24,8,1,8,2,1,5,chb24_01.edf;chb24_09.edf,244,48,26,7,0,40,1,0.996875,8,0,40,0,1.0,1.0,0.875,1.0,1.0,0.9333333333333333,0.9791666666666666
chb24,8,1,8,3,1,5,chb24_01.edf;chb24_09.edf,244,48,24,7,0,40,1,1.0,8,0,40,0,1.0,1.0,0.875,1.0,1.0,0.9333333333333333,0.9791666666666666
chb24,8,2,4,0,1,5,chb24_01.edf;chb24_09.edf,244,48,15,7,0,40,1,1.0,7,0,40,1,0.9333333333333333,1.0,0.875,1.0,1.0,0.9333333333333333,0.9791666666666666
chb24,8,2,4,1,1,5,chb24_01.edf;chb24_09.edf,244,48,37,7,0,40,1,1.0,8,0,40,0,1.0,1.0,0.875,1.0,1.0,0.9333333333333333,0.9791666666666666
chb24,8,2,4,2,1,5,chb24_01.edf;chb24_09.edf,244,48,33,7,0,40,1,1.0,8,0,40,0,1.0,1.0,0.875,1.0,1.0,0.9333333333333333,0.9791666666666666
chb24,8,2,4,3,1,5,chb24_01.edf;chb24_09.edf,244,48,39,7,0,40,1,0.996875,7,0,40,1,0.9333333333333333,1.0,0.875,1.0,1.0,0.9333333333333333,0.9791666666666666
chb24,8,1,8,0,2,5,chb24_03.edf;chb24_15.edf,244,48,89,8,0,40,0,1.0,8,0,40,0,1.0,1.0,1.0,1.0,1.0,1.0,1.0
chb24,8,1,8,1,2,5,chb24_03.edf;chb24_15.edf,244,48,47,8,0,40,0,1.0,8,0,40,0,1.0,1.0,1.0,1.0,1.0,1.0,1.0
chb24,8,1,8,2,2,5,chb24_03.edf;chb24_15.edf,244,48,30,8,0,40,0,1.0,8,0,40,0,1.0,1.0,1.0,1.0,1.0,1.0,1.0
chb24,8,1,8,3,2,5,chb24_03.edf;chb24_15.edf,244,48,32,8,0,40,0,1.0,8,0,40,0,1.0,1.0,1.0,1.0,1.0,1.0,1.0
chb24,8,2,4,0,2,5,chb24_03.edf;chb24_15.edf,244,48,72,8,0,40,0,1.0,8,0,40,0,1.0,1.0,1.0,1.0,1.0,1.0,1.0
chb24,8,2,4,1,2,5,chb24_03.edf;chb24_15.edf,244,48,36,8,0,40,0,1.0,8,0,40,0,1.0,1.0,1.0,1.0,1.0,1.0,1.0
chb24,8,2,4,2,2,5,chb24_03.edf;chb24_15.edf,244,48,24,8,0,40,0,1.0,8,0,40,0,1.0,1.0,1.0,1.0,1.0,1.0,1.0
chb24,8,2,4,3,2,5,chb24_03.edf;chb24_15.edf,244,48,32,8,0,40,0,1.0,8,0,40,0,1.0,1.0,1.0,1.0,1.0,1.0,1.0
chb24,8,1,8,0,3,5,chb24_04.edf;chb24_06.edf;chb24_14.edf,211,90,34,13,3,72,2,0.9653333333333334,13,3,72,2,0.8387096774193549,0.9653333333333334,0.8666666666666667,0.96,0.8125,0.8387096774193549,0.9444444444444444
chb24,8,1,8,1,3,5,chb24_04.edf;chb24_06.edf;chb24_14.edf,211,90,62,13,10,65,2,0.9706666666666667,13,11,64,2,0.6666666666666666,0.9742222222222222,0.8666666666666667,0.8666666666666667,0.5652173913043478,0.6842105263157895,0.8666666666666667
chb24,8,1,8,2,3,5,chb24_04.edf;chb24_06.edf;chb24_14.edf,211,90,57,13,3,72,2,0.9724444444444444,13,5,70,2,0.7878787878787878,0.976,0.8666666666666667,0.96,0.8125,0.8387096774193549,0.9444444444444444
chb24,8,1,8,3,3,5,chb24_04.edf;chb24_06.edf;chb24_14.edf,211,90,32,13,5,70,2,0.9715555555555555,13,5,70,2,0.7878787878787878,0.9742222222222222,0.8666666666666667,0.9333333333333333,0.7222222222222222,0.7878787878787878,0.9222222222222223
chb24,8,2,4,0,3,5,chb24_04.edf;chb24_06.edf;chb24_14.edf,211,90,48,13,5,70,2,0.9715555555555555,13,5,70,2,0.7878787878787878,0.9715555555555555,0.8666666666666667,0.9333333333333333,0.7222222222222222,0.7878787878787878,0.9222222222222223
chb24,8,2,4,1,3,5,chb24_04.edf;chb24_06.edf;chb24_14.edf,211,90,92,13,5,70,2,0.9804444444444445,13,6,69,2,0.7647058823529411,0.976,0.8666666666666667,0.9333333333333333,0.7222222222222222,0.7878787878787878,0.9222222222222223
chb24,8,2,4,2,3,5,chb24_04.edf;chb24_06.edf;chb24_14.edf,211,90,87,13,3,72,2,0.9697777777777778,13,3,72,2,0.8387096774193549,0.9626666666666667,0.8666666666666667,0.96,0.8125,0.8387096774193549,0.9444444444444444
chb24,8,2,4,3,3,5,chb24_04.edf;chb24_06.edf;chb24_14.edf,211,90,83,13,0,75,2,0.9706666666666667,13,1,74,2,0.896551724137931,0.9688888888888889,0.8666666666666667,1.0,1.0,0.9285714285714286,0.9777777777777777
chb24,8,1,8,0,4,5,chb24_11.edf;chb24_17.edf,206,96,77,9,0,80,7,0.81796875,9,0,80,7,0.72,0.81796875,0.5625,1.0,1.0,0.72,0.9270833333333334
chb24,8,1,8,1,4,5,chb24_11.edf;chb24_17.edf,206,96,42,9,0,80,7,0.8375,10,1,79,6,0.7407407407407407,0.8437499999999999,0.5625,1.0,1.0,0.72,0.9270833333333334
chb24,8,1,8,2,4,5,chb24_11.edf;chb24_17.edf,206,96,41,9,1,79,7,0.8078125,9,3,77,7,0.6428571428571429,0.8132812500000001,0.5625,0.9875,0.9,0.6923076923076923,0.9166666666666666
chb24,8,1,8,3,4,5,chb24_11.edf;chb24_17.edf,206,96,40,9,1,79,7,0.78125,9,2,78,7,0.6666666666666666,0.7906249999999999,0.5625,0.9875,0.9,0.6923076923076923,0.9166666666666666
chb24,8,2,4,0,4,5,chb24_11.edf;chb24_17.edf,206,96,32,9,0,80,7,0.8226562500000001,9,0,80,7,0.72,0.8226562500000001,0.5625,1.0,1.0,0.72,0.9270833333333334
chb24,8,2,4,1,4,5,chb24_11.edf;chb24_17.edf,206,96,71,9,0,80,7,0.796875,9,1,79,7,0.6923076923076923,0.78359375,0.5625,1.0,1.0,0.72,0.9270833333333334
chb24,8,2,4,2,4,5,chb24_11.edf;chb24_17.edf,206,96,43,9,0,80,7,0.8046875,9,0,80,7,0.72,0.7976562500000001,0.5625,1.0,1.0,0.72,0.9270833333333334
chb24,8,2,4,3,4,5,chb24_11.edf;chb24_17.edf,206,96,63,9,0,80,7,0.7875,9,1,79,7,0.6923076923076923,0.7718750000000001,0.5625,1.0,1.0,0.72,0.9270833333333334
chb01,10,1,10,0,0,5,chb01_21.edf,163,54,34,9,0,45,0,1.0,9,0,45,0,1.0,1.0,1.0,1.0,1.0,1.0,1.0
chb01,10,1,10,1,0,5,chb01_21.edf,163,54,28,9,1,44,0,1.0,9,1,44,0,0.9473684210526315,1.0,1.0,0.9777777777777777,0.9,0.9473684210526315,0.9814814814814815
chb01,10,1,10,2,0,5,chb01_21.edf,163,54,41,9,0,45,0,1.0,9,0,45,0,1.0,1.0,1.0,1.0,1.0,1.0,1.0
chb01,10,1,10,3,0,5,chb01_21.edf,163,54,20,9,0,45,0,1.0,9,0,45,0,1.0,1.0,1.0,1.0,1.0,1.0,1.0
chb01,10,2,5,0,0,5,chb01_21.edf,163,54,34,9,1,44,0,1.0,9,1,44,0,0.9473684210526315,1.0,1.0,0.9777777777777777,0.9,0.9473684210526315,0.9814814814814815
chb01,10,2,5,1,0,5,chb01_21.edf,163,54,38,9,0,45,0,1.0,9,0,45,0,1.0,1.0,1.0,1.0,1.0,1.0,1.0
chb01,10,2,5,2,0,5,chb01_21.edf,163,54,28,9,0,45,0,1.0,9,0,45,0,1.0,1.0,1.0,1.0,1.0,1.0,1.0
chb01,10,2,5,3,0,5,chb01_21.edf,163,54,20,9,1,44,0,1.0,9,1,44,0,0.9473684210526315,1.0,1.0,0.9777777777777777,0.9,0.9473684210526315,0.9814814814814815
chb01,10,1,10,0,1,5,chb01_26.edf,158,60,84,10,1,49,0,1.0,10,1,49,0,0.9523809523809523,1.0,1.0,0.98,0.9090909090909091,0.9523809523809523,0.9833333333333333
chb01,10,1,10,1,1,5,chb01_26.edf,158,60,30,10,1,49,0,1.0,10,1,49,0,0.9523809523809523,1.0,1.0,0.98,0.9090909090909091,0.9523809523809523,0.9833333333333333
chb01,10,1,10,2,1,5,chb01_26.edf,158,60,30,10,1,49,0,1.0,10,1,49,0,0.9523809523809523,1.0,1.0,0.98,0.9090909090909091,0.9523809523809523,0.9833333333333333
chb01,10,1,10,3,1,5,chb01_26.edf,158,60,65,10,0,50,0,1.0,10,0,50,0,1.0,1.0,1.0,1.0,1.0,1.0,1.0
chb01,10,2,5,0,1,5,chb01_26.edf,158,60,73,10,1,49,0,1.0,10,1,49,0,0.9523809523809523,1.0,1.0,0.98,0.9090909090909091,0.9523809523809523,0.9833333333333333
chb01,10,2,5,1,1,5,chb01_26.edf,158,60,62,10,1,49,0,1.0,10,1,49,0,0.9523809523809523,1.0,1.0,0.98,0.9090909090909091,0.9523809523809523,0.9833333333333333
chb01,10,2,5,2,1,5,chb01_26.edf,158,60,57,10,1,49,0,1.0,10,1,49,0,0.9523809523809523,1.0,1.0,0.98,0.9090909090909091,0.9523809523809523,0.9833333333333333
chb01,10,2,5,3,1,5,chb01_26.edf,158,60,36,10,1,49,0,1.0,10,1,49,0,0.9523809523809523,1.0,1.0,0.98,0.9090909090909091,0.9523809523809523,0.9833333333333333
chb01,10,1,10,0,2,5,chb01_03.edf,187,24,96,4,0,20,0,1.0,4,0,20,0,1.0,1.0,1.0,1.0,1.0,1.0,1.0
chb01,10,1,10,1,2,5,chb01_03.edf,187,24,42,4,0,20,0,1.0,4,0,20,0,1.0,1.0,1.0,1.0,1.0,1.0,1.0
chb01,10,1,10,2,2,5,chb01_03.edf,187,24,94,4,0,20,0,1.0,4,1,19,0,0.8888888888888888,1.0,1.0,1.0,1.0,1.0,1.0
chb01,10,1,10,3,2,5,chb01_03.edf,187,24,55,4,0,20,0,1.0,4,0,20,0,1.0,1.0,1.0,1.0,1.0,1.0,1.0
chb01,10,2,5,0,2,5,chb01_03.edf,187,24,63,4,0,20,0,1.0,4,0,20,0,1.0,1.0,1.0,1.0,1.0,1.0,1.0
chb01,10,2,5,1,2,5,chb01_03.edf,187,24,89,4,0,20,0,1.0,4,0,20,0,1.0,1.0,1.0,1.0,1.0,1.0,1.0
chb01,10,2,5,2,2,5,chb01_03.edf,187,24,78,4,0,20,0,1.0,4,0,20,0,1.0,1.0,1.0,1.0,1.0,1.0,1.0
chb01,10,2,5,3,2,5,chb01_03.edf,187,24,91,4,0,20,0,1.0,4,0,20,0,1.0,1.0,1.0,1.0,1.0,1.0,1.0
chb01,10,1,10,0,3,5,chb01_15.edf;chb01_16.edf,163,54,38,9,0,45,0,1.0,9,0,45,0,1.0,1.0,1.0,1.0,1.0,1.0,1.0
chb01,10,1,10,1,3,5,chb01_15.edf;chb01_16.edf,163,54,31,9,0,45,0,1.0,9,0,45,0,1.0,1.0,1.0,1.0,1.0,1.0,1.0
chb01,10,1,10,2,3,5,chb01_15.edf;chb01_16.edf,163,54,45,9,0,45,0,1.0,9,0,45,0,1.0,1.0,1.0,1.0,1.0,1.0,1.0
chb01,10,1,10,3,3,5,chb01_15.edf;chb01_16.edf,163,54,36,8,0,45,1,1.0,8,0,45,1,0.9411764705882353,1.0,0.8888888888888888,1.0,1.0,0.9411764705882353,0.9814814814814815
chb01,10,2,5,0,3,5,chb01_15.edf;chb01_16.edf,163,54,38,9,0,45,0,1.0,9,0,45,0,1.0,1.0,1.0,1.0,1.0,1.0,1.0
chb01,10,2,5,1,3,5,chb01_15.edf;chb01_16.edf,163,54,45,9,0,45,0,1.0,9,0,45,0,1.0,1.0,1.0,1.0,1.0,1.0,1.0
chb01,10,2,5,2,3,5,chb01_15.edf;chb01_16.edf,163,54,37,9,0,45,0,1.0,9,0,45,0,1.0,1.0,1.0,1.0,1.0,1.0,1.0
chb01,10,2,5,3,3,5,chb01_15.edf;chb01_16.edf,163,54,35,8,0,45,1,1.0,8,0,45,1,0.9411764705882353,1.0,0.8888888888888888,1.0,1.0,0.9411764705882353,0.9814814814814815
chb01,10,1,10,0,4,5,chb01_04.edf;chb01_18.edf,153,66,79,11,0,55,0,1.0,11,0,55,0,1.0,1.0,1.0,1.0,1.0,1.0,1.0
chb01,10,1,10,1,4,5,chb01_04.edf;chb01_18.edf,153,66,29,11,1,54,0,1.0,11,1,54,0,0.9565217391304348,1.0,1.0,0.9818181818181818,0.9166666666666666,0.9565217391304348,0.9848484848484849
chb01,10,1,10,2,4,5,chb01_04.edf;chb01_18.edf,153,66,26,10,1,54,1,0.9983471074380165,11,1,54,0,0.9565217391304348,0.9983471074380165,0.9090909090909091,0.9818181818181818,0.9090909090909091,0.9090909090909091,0.9696969696969697
chb01,10,1,10,3,4,5,chb01_04.edf;chb01_18.edf,153,66,25,10,0,55,1,1.0,10,0,55,1,0.9523809523809523,1.0,0.9090909090909091,1.0,1.0,0.9523809523809523,0.9848484848484849
chb01,10,2,5,0,4,5,chb01_04.edf;chb01_18.edf,153,66,60,11,0,55,0,1.0,11,0,55,0,1.0,1.0,1.0,1.0,1.0,1.0,1.0
chb01,10,2,5,1,4,5,chb01_04.edf;chb01_18.edf,153,66,31,11,1,54,0,0.9983471074380165,11,1,54,0,0.9565217391304348,0.9983471074380165,1.0,0.9818181818181818,0.9166666666666666,0.9565217391304348,0.9848484848484849
chb01,10,2,5,2,4,5,chb01_04.edf;chb01_18.edf,153,66,24,11,0,55,0,1.0,11,1,54,0,0.9565217391304348,1.0,1.0,1.0,1.0,1.0,1.0
chb01,10,2,5,3,4,5,chb01_04.edf;chb01_18.edf,153,66,24,10,1,54,1,0.9983471074380165,10,1,54,1,0.9090909090909091,0.9983471074380165,0.9090909090909091,0.9818181818181818,0.9090909090909091,0.9090909090909091,0.9696969696969697
chb02,10,1,10,0,0,2,chb02_16+.edf,38,48,26,0,0,40,8,0.984375,0,0,40,8,0.0,0.984375,0.0,1.0,,0.0,0.8333333333333334
chb02,10,1,10,1,0,2,chb02_16+.edf,38,48,33,1,0,40,7,0.9812500000000001,1,0,40,7,0.2222222222222222,0.9812500000000001,0.125,1.0,1.0,0.2222222222222222,0.8541666666666666
chb02,10,1,10,2,0,2,chb02_16+.edf,38,48,23,0,0,40,8,0.9312500000000001,0,0,40,8,0.0,0.95,0.0,1.0,,0.0,0.8333333333333334
chb02,10,1,10,3,0,2,chb02_16+.edf,38,48,15,0,0,40,8,0.8749999999999999,1,0,40,7,0.2222222222222222,0.8749999999999999,0.0,1.0,,0.0,0.8333333333333334
chb02,10,2,5,0,0,2,chb02_16+.edf,38,48,25,0,0,40,8,0.984375,0,0,40,8,0.0,0.984375,0.0,1.0,,0.0,0.8333333333333334
chb02,10,2,5,1,0,2,chb02_16+.edf,38,48,35,1,0,40,7,0.984375,1,0,40,7,0.2222222222222222,0.984375,0.125,1.0,1.0,0.2222222222222222,0.8541666666666666
chb02,10,2,5,2,0,2,chb02_16+.edf,38,48,25,0,0,40,8,0.91875,0,0,40,8,0.0,0.934375,0.0,1.0,,0.0,0.8333333333333334
chb02,10,2,5,3,0,2,chb02_16+.edf,38,48,20,2,0,40,6,0.8937499999999999,2,0,40,6,0.4,0.896875,0.25,1.0,1.0,0.4,0.875
chb02,10,1,10,0,1,2,chb02_16.edf,38,48,68,8,33,7,0,0.9093749999999999,8,33,7,0,0.32653061224489793,0.9093749999999999,1.0,0.175,0.1951219512195122,0.32653061224489793,0.3125
chb02,10,1,10,1,1,2,chb02_16.edf,38,48,59,8,28,12,0,0.890625,8,29,11,0,0.35555555555555557,0.90625,1.0,0.3,0.2222222222222222,0.36363636363636365,0.4166666666666667
chb02,10,1,10,2,1,2,chb02_16.edf,38,48,73,8,27,13,0,0.896875,8,28,12,0,0.36363636363636365,0.9,1.0,0.325,0.22857142857142856,0.37209302325581395,0.4375
chb02,10,1,10,3,1,2,chb02_16.edf,38,48,56,8,33,7,0,0.8625,8,34,6,0,0.32,0.8562500000000001,1.0,0.175,0.1951219512195122,0.32653061224489793,0.3125
chb02,10,2,5,0,1,2,chb02_16.edf,38,48,99,8,33,7,0,0.890625,8,33,7,0,0.32653061224489793,0.890625,1.0,0.175,0.1951219512195122,0.32653061224489793,0.3125
chb02,10,2,5,1,1,2,chb02_16.edf,38,48,91,8,26,14,0,0.8999999999999999,8,26,14,0,0.38095238095238093,0.9,1.0,0.35,0.23529411764705882,0.38095238095238093,0.4583333333333333
chb02,10,2,5,2,1,2,chb02_16.edf,38,48,95,8,30,10,0,0.9031250000000001,8,29,11,0,0.35555555555555557,0.8875,1.0,0.25,0.21052631578947367,0.34782608695652173,0.375
chb02,10,2,5,3,1,2,chb02_16.edf,38,48,55,8,29,11,0,0.86875,8,30,10,0,0.34782608695652173,0.8531249999999999,1.0,0.275,0.21621621621621623,0.35555555555555557,0.3958333333333333
chb03,10,1,10,0,0,5,chb03_02.edf,148,36,48,6,0,30,0,1.0,6,0,30,0,1.0,1.0,1.0,1.0,1.0,1.0,1.0
chb03,10,1,10,1,0,5,chb03_02.edf,148,36,30,6,0,30,0,1.0,6,0,30,0,1.0,1.0,1.0,1.0,1.0,1.0,1.0
chb03,10,1,10,2,0,5,chb03_02.edf,148,36,25,6,0,30,0,1.0,6,0,30,0,1.0,1.0,1.0,1.0,1.0,1.0,1.0
chb03,10,1,10,3,0,5,chb03_02.edf,148,36,45,6,0,30,0,1.0,6,0,30,0,1.0,1.0,1.0,1.0,1.0,1.0,1.0
chb03,10,2,5,0,0,5,chb03_02.edf,148,36,38,6,0,30,0,1.0,6,0,30,0,1.0,1.0,1.0,1.0,1.0,1.0,1.0
chb03,10,2,5,1,0,5,chb03_02.edf,148,36,49,6,0,30,0,1.0,6,0,30,0,1.0,1.0,1.0,1.0,1.0,1.0,1.0
chb03,10,2,5,2,0,5,chb03_02.edf,148,36,27,6,0,30,0,1.0,6,1,29,0,0.9230769230769231,1.0,1.0,1.0,1.0,1.0,1.0
chb03,10,2,5,3,0,5,chb03_02.edf,148,36,37,6,0,30,0,1.0,6,0,30,0,1.0,1.0,1.0,1.0,1.0,1.0,1.0
chb03,10,1,10,0,1,5,chb03_03.edf,148,36,94,6,0,30,0,1.0,6,0,30,0,1.0,1.0,1.0,1.0,1.0,1.0,1.0
chb03,10,1,10,1,1,5,chb03_03.edf,148,36,52,6,0,30,0,1.0,6,0,30,0,1.0,1.0,1.0,1.0,1.0,1.0,1.0
chb03,10,1,10,2,1,5,chb03_03.edf,148,36,46,6,0,30,0,1.0,6,0,30,0,1.0,1.0,1.0,1.0,1.0,1.0,1.0
chb03,10,1,10,3,1,5,chb03_03.edf,148,36,42,6,0,30,0,1.0,6,0,30,0,1.0,1.0,1.0,1.0,1.0,1.0,1.0
chb03,10,2,5,0,1,5,chb03_03.edf,148,36,79,6,0,30,0,1.0,6,0,30,0,1.0,1.0,1.0,1.0,1.0,1.0,1.0
chb03,10,2,5,1,1,5,chb03_03.edf,148,36,54,6,0,30,0,1.0,6,0,30,0,1.0,1.0,1.0,1.0,1.0,1.0,1.0
chb03,10,2,5,2,1,5,chb03_03.edf,148,36,34,6,0,30,0,1.0,6,0,30,0,1.0,1.0,1.0,1.0,1.0,1.0,1.0
chb03,10,2,5,3,1,5,chb03_03.edf,148,36,37,6,0,30,0,1.0,6,0,30,0,1.0,1.0,1.0,1.0,1.0,1.0,1.0
chb03,10,1,10,0,2,5,chb03_01.edf;chb03_34.edf,134,54,90,9,1,44,0,0.9950617283950617,9,1,44,0,0.9473684210526315,0.9950617283950617,1.0,0.9777777777777777,0.9,0.9473684210526315,0.9814814814814815
chb03,10,1,10,1,2,5,chb03_01.edf;chb03_34.edf,134,54,91,9,1,44,0,0.9950617283950617,9,1,44,0,0.9473684210526315,0.9950617283950617,1.0,0.9777777777777777,0.9,0.9473684210526315,0.9814814814814815
chb03,10,1,10,2,2,5,chb03_01.edf;chb03_34.edf,134,54,59,9,1,44,0,0.9950617283950617,9,1,44,0,0.9473684210526315,0.9925925925925926,1.0,0.9777777777777777,0.9,0.9473684210526315,0.9814814814814815
chb03,10,1,10,3,2,5,chb03_01.edf;chb03_34.edf,134,54,27,9,1,44,0,0.9925925925925926,9,1,44,0,0.9473684210526315,0.9901234567901235,1.0,0.9777777777777777,0.9,0.9473684210526315,0.9814814814814815
chb03,10,2,5,0,2,5,chb03_01.edf;chb03_34.edf,134,54,96,9,1,44,0,0.9925925925925926,9,1,44,0,0.9473684210526315,0.9925925925925926,1.0,0.9777777777777777,0.9,0.9473684210526315,0.9814814814814815
chb03,10,2,5,1,2,5,chb03_01.edf;chb03_34.edf,134,54,44,9,3,42,0,0.9851851851851852,9,3,42,0,0.8571428571428571,0.980246913580247,1.0,0.9333333333333333,0.75,0.8571428571428571,0.9444444444444444
chb03,10,2,5,2,2,5,chb03_01.edf;chb03_34.edf,134,54,60,9,1,44,0,0.9925925925925926,9,1,44,0,0.9473684210526315,0.9901234567901235,1.0,0.9777777777777777,0.9,0.9473684210526315,0.9814814814814815
chb03,10,2,5,3,2,5,chb03_01.edf;chb03_34.edf,134,54,31,9,3,42,0,0.9876543209876543,9,3,42,0,0.8571428571428571,0.9901234567901235,1.0,0.9333333333333333,0.75,0.8571428571428571,0.9444444444444444
chb03,10,1,10,0,3,5,chb03_35.edf,148,36,49,6,0,30,0,1.0,6,0,30,0,1.0,1.0,1.0,1.0,1.0,1.0,1.0
chb03,10,1,10,1,3,5,chb03_35.edf,148,36,34,6,0,30,0,1.0,6,0,30,0,1.0,1.0,1.0,1.0,1.0,1.0,1.0
chb03,10,1,10,2,3,5,chb03_35.edf,148,36,37,5,0,30,1,1.0,5,0,30,1,0.9090909090909091,1.0,0.8333333333333334,1.0,1.0,0.9090909090909091,0.9722222222222222
chb03,10,1,10,3,3,5,chb03_35.edf,148,36,35,5,0,30,1,1.0,5,0,30,1,0.9090909090909091,1.0,0.8333333333333334,1.0,1.0,0.9090909090909091,0.9722222222222222
chb03,10,2,5,0,3,5,chb03_35.edf,148,36,33,6,0,30,0,1.0,6,0,30,0,1.0,1.0,1.0,1.0,1.0,1.0,1.0
chb03,10,2,5,1,3,5,chb03_35.edf,148,36,33,5,0,30,1,1.0,5,0,30,1,0.9090909090909091,1.0,0.8333333333333334,1.0,1.0,0.9090909090909091,0.9722222222222222
chb03,10,2,5,2,3,5,chb03_35.edf,148,36,45,5,0,30,1,1.0,5,0,30,1,0.9090909090909091,1.0,0.8333333333333334,1.0,1.0,0.9090909090909091,0.9722222222222222
chb03,10,2,5,3,3,5,chb03_35.edf,148,36,22,6,0,30,0,1.0,6,0,30,0,1.0,1.0,1.0,1.0,1.0,1.0,1.0
chb03,10,1,10,0,4,5,chb03_04.edf;chb03_36.edf,129,60,99,10,1,49,0,1.0,10,1,49,0,0.9523809523809523,1.0,1.0,0.98,0.9090909090909091,0.9523809523809523,0.9833333333333333
chb03,10,1,10,1,4,5,chb03_04.edf;chb03_36.edf,129,60,80,10,2,48,0,1.0,10,2,48,0,0.9090909090909091,1.0,1.0,0.96,0.8333333333333334,0.9090909090909091,0.9666666666666667
chb03,10,1,10,2,4,5,chb03_04.edf;chb03_36.edf,129,60,10,0,0,50,10,0.99,0,0,50,10,0.0,0.99,0.0,1.0,,0.0,0.8333333333333334
chb03,10,1,10,3,4,5,chb03_04.edf;chb03_36.edf,129,60,8,0,0,50,10,0.922,0,0,50,10,0.0,0.924,0.0,1.0,,0.0,0.8333333333333334
chb03,10,2,5,0,4,5,chb03_04.edf;chb03_36.edf,129,60,98,10,1,49,0,1.0,10,1,49,0,0.9523809523809523,1.0,1.0,0.98,0.9090909090909091,0.9523809523809523,0.9833333333333333
chb03,10,2,5,1,4,5,chb03_04.edf;chb03_36.edf,129,60,79,10,2,48,0,1.0,10,2,48,0,0.9090909090909091,0.996,1.0,0.96,0.8333333333333334,0.9090909090909091,0.9666666666666667
chb03,10,2,5,2,4,5,chb03_04.edf;chb03_36.edf,129,60,10,0,0,50,10,0.976,0,0,50,10,0.0,0.9760000000000001,0.0,1.0,,0.0,0.8333333333333334
chb03,10,2,5,3,4,5,chb03_04.edf;chb03_36.edf,129,60,8,0,0,50,10,0.9480000000000001,0,0,50,10,0.0,0.9460000000000001,0.0,1.0,,0.0,0.8333333333333334
chb04,10,1,10,0,0,3,chb04_05.edf,153,24,31,4,15,5,0,0.30000000000000004,4,15,5,0,0.34782608695652173,0.30000000000000004,1.0,0.25,0.21052631578947367,0.34782608695652173,0.375
chb04,10,1,10,1,0,3,chb04_05.edf,153,24,28,4,15,5,0,0.28750000000000003,4,15,5,0,0.34782608695652173,0.275,1.0,0.25,0.21052631578947367,0.34782608695652173,0.375
chb04,10,1,10,2,0,3,chb04_05.edf,153,24,33,4,15,5,0,0.30000000000000004,4,15,5,0,0.34782608695652173,0.28750000000000003,1.0,0.25,0.21052631578947367,0.34782608695652173,0.375
chb04,10,1,10,3,0,3,chb04_05.edf,153,24,15,4,15,5,0,0.28750000000000003,4,15,5,0,0.34782608695652173,0.275,1.0,0.25,0.21052631578947367,0.34782608695652173,0.375
chb04,10,2,5,0,0,3,chb04_05.edf,153,24,28,4,15,5,0,0.30000000000000004,4,15,5,0,0.34782608695652173,0.30000000000000004,1.0,0.25,0.21052631578947367,0.34782608695652173,0.375
chb04,10,2,5,1,0,3,chb04_05.edf,153,24,29,4,15,5,0,0.28750000000000003,4,15,5,0,0.34782608695652173,0.275,1.0,0.25,0.21052631578947367,0.34782608695652173,0.375
chb04,10,2,5,2,0,3,chb04_05.edf,153,24,30,4,15,5,0,0.30000000000000004,4,15,5,0,0.34782608695652173,0.30000000000000004,1.0,0.25,0.21052631578947367,0.34782608695652173,0.375
chb04,10,2,5,3,0,3,chb04_05.edf,153,24,27,4,15,5,0,0.28750000000000003,4,15,5,0,0.34782608695652173,0.30000000000000004,1.0,0.25,0.21052631578947367,0.34782608695652173,0.375
chb04,10,1,10,0,1,3,chb04_08.edf,120,66,26,10,4,51,1,0.9851239669421488,10,4,51,1,0.8,0.9851239669421488,0.9090909090909091,0.9272727272727272,0.7142857142857143,0.8,0.9242424242424242
chb04,10,1,10,1,1,3,chb04_08.edf,120,66,26,10,2,53,1,0.9884297520661157,10,3,52,1,0.8333333333333334,0.9917355371900827,0.9090909090909091,0.9636363636363636,0.8333333333333334,0.8695652173913043,0.9545454545454546
chb04,10,1,10,2,1,3,chb04_08.edf,120,66,19,6,4,51,5,0.9024793388429753,6,4,51,5,0.5714285714285714,0.8991735537190083,0.5454545454545454,0.9272727272727272,0.6,0.5714285714285714,0.8636363636363636
chb04,10,1,10,3,1,3,chb04_08.edf,120,66,31,11,6,49,0,0.9950413223140495,11,7,48,0,0.7586206896551724,0.9950413223140495,1.0,0.8909090909090909,0.6470588235294118,0.7857142857142857,0.9090909090909091
chb04,10,2,5,0,1,3,chb04_08.edf,120,66,26,10,3,52,1,0.9867768595041323,10,3,52,1,0.8333333333333334,0.9867768595041323,0.9090909090909091,0.9454545454545454,0.7692307692307693,0.8333333333333334,0.9393939393939394
chb04,10,2,5,1,1,3,chb04_08.edf,120,66,26,10,4,51,1,0.9785123966942149,10,4,51,1,0.8,0.9818181818181819,0.9090909090909091,0.9272727272727272,0.7142857142857143,0.8,0.9242424242424242
chb04,10,2,5,2,1,3,chb04_08.edf,120,66,25,11,11,44,0,0.9619834710743801,11,10,45,0,0.6875,0.9636363636363636,1.0,0.8,0.5,0.6666666666666666,0.8333333333333334
chb04,10,2,5,3,1,3,chb04_08.edf,120,66,31,11,11,44,0,0.9950413223140495,11,12,43,0,0.6470588235294118,0.9950413223140495,1.0,0.8,0.5,0.6666666666666666,0.8333333333333334
chb04,10,1,10,0,2,3,chb04_28.edf,72,126,97,4,0,105,17,0.6784580498866214,4,0,105,17,0.32,0.6784580498866214,0.19047619047619047,1.0,1.0,0.32,0.8650793650793651
chb04,10,1,10,1,2,3,chb04_28.edf,72,126,98,2,1,104,19,0.4167800453514739,2,1,104,19,0.16666666666666666,0.418140589569161,0.09523809523809523,0.9904761904761905,0.6666666666666666,0.16666666666666666,0.8412698412698413
chb04,10,1,10,2,2,3,chb04_28.edf,72,126,99,3,1,104,18,0.3954648526077097,3,2,103,18,0.23076923076923078,0.38911564625850337,0.14285714285714285,0.9904761904761905,0.75,0.24,0.8492063492063492
chb04,10,1,10,3,2,3,chb04_28.edf,72,126,69,4,4,101,17,0.3310657596371882,4,6,99,17,0.25806451612903225,0.33741496598639453,0.19047619047619047,0.9619047619047619,0.5,0.27586206896551724,0.8333333333333334
chb04,10,2,5,0,2,3,chb04_28.edf,72,126,98,2,0,105,19,0.48299319727891155,2,0,105,19,0.17391304347826086,0.48299319727891155,0.09523809523809523,1.0,1.0,0.17391304347826086,0.8492063492063492
chb04,10,2,5,1,2,3,chb04_28.edf,72,126,99,2,1,104,19,0.3650793650793651,2,0,105,19,0.17391304347826086,0.36417233560090706,0.09523809523809523,0.9904761904761905,0.6666666666666666,0.16666666666666666,0.8412698412698413
chb04,10,2,5,2,2,3,chb04_28.edf,72,126,99,3,7,98,18,0.38594104308390026,3,7,98,18,0.1935483870967742,0.38911564625850337,0.14285714285714285,0.9333333333333333,0.3,0.1935483870967742,0.8015873015873016
chb04,10,2,5,3,2,3,chb04_28.edf,72,126,41,3,3,102,18,0.2897959183673469,2,3,102,19,0.15384615384615385,0.28616780045351475,0.14285714285714285,0.9714285714285714,0.5,0.2222222222222222,0.8333333333333334
chb05,10,1,10,0,0,5,chb05_06.edf,206,66,46,9,0,55,2,1.0,9,0,55,2,0.9,1.0,0.8181818181818182,1.0,1.0,0.9,0.9696969696969697
chb05,10,1,10,1,0,5,chb05_06.edf,206,66,44,10,0,55,1,1.0,10,0,55,1,0.9523809523809523,1.0,0.9090909090909091,1.0,1.0,0.9523809523809523,0.9848484848484849
chb05,10,1,10,2,0,5,chb05_06.edf,206,66,44,11,0,55,0,1.0,10,0,55,1,0.9523809523809523,1.0,1.0,1.0,1.0,1.0,1.0
chb05,10,1,10,3,0,5,chb05_06.edf,206,66,56,11,0,55,0,1.0,11,0,55,0,1.0,1.0,1.0,1.0,1.0,1.0,1.0
chb05,10,2,5,0,0,5,chb05_06.edf,206,66,53,11,0,55,0,1.0,11,0,55,0,1.0,1.0,1.0,1.0,1.0,1.0,1.0
chb05,10,2,5,1,0,5,chb05_06.edf,206,66,51,10,0,55,1,1.0,10,0,55,1,0.9523809523809523,1.0,0.9090909090909091,1.0,1.0,0.9523809523809523,0.9848484848484849
chb05,10,2,5,2,0,5,chb05_06.edf,206,66,94,10,0,55,1,1.0,10,0,55,1,0.9523809523809523,1.0,0.9090909090909091,1.0,1.0,0.9523809523809523,0.9848484848484849
chb05,10,2,5,3,0,5,chb05_06.edf,206,66,38,11,0,55,0,1.0,11,0,55,0,1.0,1.0,1.0,1.0,1.0,1.0,1.0
chb05,10,1,10,0,1,5,chb05_13.edf,206,66,43,11,0,55,0,1.0,11,0,55,0,1.0,1.0,1.0,1.0,1.0,1.0,1.0
chb05,10,1,10,1,1,5,chb05_13.edf,206,66,29,11,0,55,0,1.0,11,0,55,0,1.0,1.0,1.0,1.0,1.0,1.0,1.0
chb05,10,1,10,2,1,5,chb05_13.edf,206,66,22,11,1,54,0,1.0,11,1,54,0,0.9565217391304348,1.0,1.0,0.9818181818181818,0.9166666666666666,0.9565217391304348,0.9848484848484849
chb05,10,1,10,3,1,5,chb05_13.edf,206,66,23,11,0,55,0,1.0,10,1,54,1,0.9090909090909091,0.9983471074380165,1.0,1.0,1.0,1.0,1.0
chb05,10,2,5,0,1,5,chb05_13.edf,206,66,38,11,0,55,0,1.0,11,0,55,0,1.0,1.0,1.0,1.0,1.0,1.0,1.0
chb05,10,2,5,1,1,5,chb05_13.edf,206,66,27,11,0,55,0,1.0,11,0,55,0,1.0,1.0,1.0,1.0,1.0,1.0,1.0
chb05,10,2,5,2,1,5,chb05_13.edf,206,66,21,11,0,55,0,1.0,11,0,55,0,1.0,1.0,1.0,1.0,1.0,1.0,1.0
chb05,10,2,5,3,1,5,chb05_13.edf,206,66,37,11,0,55,0,1.0,11,0,55,0,1.0,1.0,1.0,1.0,1.0,1.0,1.0
chb05,10,1,10,0,2,5,chb05_16.edf,216,54,93,8,0,45,1,1.0,8,0,45,1,0.9411764705882353,1.0,0.8888888888888888,1.0,1.0,0.9411764705882353,0.9814814814814815
chb05,10,1,10,1,2,5,chb05_16.edf,216,54,75,8,0,45,1,1.0,8,0,45,1,0.9411764705882353,1.0,0.8888888888888888,1.0,1.0,0.9411764705882353,0.9814814814814815
chb05,10,1,10,2,2,5,chb05_16.edf,216,54,89,8,0,45,1,1.0,8,0,45,1,0.9411764705882353,1.0,0.8888888888888888,1.0,1.0,0.9411764705882353,0.9814814814814815
chb05,10,1,10,3,2,5,chb05_16.edf,216,54,89,7,0,45,2,1.0,8,0,45,1,0.9411764705882353,1.0,0.7777777777777778,1.0,1.0,0.875,0.9629629629629629
chb05,10,2,5,0,2,5,chb05_16.edf,216,54,98,8,0,45,1,1.0,8,0,45,1,0.9411764705882353,1.0,0.8888888888888888,1.0,1.0,0.9411764705882353,0.9814814814814815
chb05,10,2,5,1,2,5,chb05_16.edf,216,54,48,8,0,45,1,1.0,8,0,45,1,0.9411764705882353,1.0,0.8888888888888888,1.0,1.0,0.9411764705882353,0.9814814814814815
chb05,10,2,5,2,2,5,chb05_16.edf,216,54,95,8,0,45,1,1.0,8,0,45,1,0.9411764705882353,1.0,0.8888888888888888,1.0,1.0,0.9411764705882353,0.9814814814814815
chb05,10,2,5,3,2,5,chb05_16.edf,216,54,56,8,0,45,1,1.0,8,0,45,1,0.9411764705882353,1.0,0.8888888888888888,1.0,1.0,0.9411764705882353,0.9814814814814815
chb05,10,1,10,0,3,5,chb05_17.edf,201,72,41,12,1,59,0,0.9958333333333332,12,1,59,0,0.96,0.9958333333333332,1.0,0.9833333333333333,0.9230769230769231,0.96,0.9861111111111112
chb05,10,1,10,1,3,5,chb05_17.edf,201,72,29,10,1,59,2,0.9888888888888889,10,1,59,2,0.8695652173913043,0.9875,0.8333333333333334,0.9833333333333333,0.9090909090909091,0.8695652173913043,0.9583333333333334
chb05,10,1,10,2,3,5,chb05_17.edf,201,72,28,11,2,58,1,0.9902777777777777,11,3,57,1,0.8461538461538461,0.9902777777777777,0.9166666666666666,0.9666666666666667,0.8461538461538461,0.88,0.9583333333333334
chb05,10,1,10,3,3,5,chb05_17.edf,201,72,37,12,3,57,0,0.9888888888888888,11,3,57,1,0.8461538461538461,0.9916666666666666,1.0,0.95,0.8,0.8888888888888888,0.9583333333333334
chb05,10,2,5,0,3,5,chb05_17.edf,201,72,54,11,1,59,1,0.9958333333333333,11,1,59,1,0.9166666666666666,0.9958333333333333,0.9166666666666666,0.9833333333333333,0.9166666666666666,0.9166666666666666,0.9722222222222222
chb05,10,2,5,1,3,5,chb05_17.edf,201,72,27,10,1,59,2,0.9847222222222222,10,1,59,2,0.8695652173913043,0.986111111111111,0.8333333333333334,0.9833333333333333,0.9090909090909091,0.8695652173913043,0.9583333333333334
chb05,10,2,5,2,3,5,chb05_17.edf,201,72,41,11,3,57,1,0.9874999999999999,11,2,58,1,0.88,0.9902777777777778,0.9166666666666666,0.95,0.7857142857142857,0.8461538461538461,0.9444444444444444
chb05,10,2,5,3,3,5,chb05_17.edf,201,72,36,12,4,56,0,0.9874999999999999,12,5,55,0,0.8275862068965517,0.9888888888888888,1.0,0.9333333333333333,0.75,0.8571428571428571,0.9444444444444444
chb05,10,1,10,0,4,5,chb05_22.edf,206,66,92,11,2,53,0,1.0,11,2,53,0,0.9166666666666666,1.0,1.0,0.9636363636363636,0.8461538461538461,0.9166666666666666,0.9696969696969697
chb05,10,1,10,1,4,5,chb05_22.edf,206,66,62,11,0,55,0,1.0,11,0,55,0,1.0,1.0,1.0,1.0,1.0,1.0,1.0
chb05,10,1,10,2,4,5,chb05_22.edf,206,66,67,11,0,55,0,1.0,11,0,55,0,1.0,1.0,1.0,1.0,1.0,1.0,1.0
chb05,10,1,10,3,4,5,chb05_22.edf,206,66,36,11,0,55,0,1.0,11,0,55,0,1.0,1.0,1.0,1.0,1.0,1.0,1.0
chb05,10,2,5,0,4,5,chb05_22.edf,206,66,97,11,1,54,0,1.0,11,1,54,0,0.9565217391304348,1.0,1.0,0.9818181818181818,0.9166666666666666,0.9565217391304348,0.9848484848484849
chb05,10,2,5,1,4,5,chb05_22.edf,206,66,69,11,0,55,0,1.0,11,0,55,0,1.0,1.0,1.0,1.0,1.0,1.0,1.0
chb05,10,2,5,2,4,5,chb05_22.edf,206,66,95,11,0,55,0,1.0,11,0,55,0,1.0,1.0,1.0,1.0,1.0,1.0,1.0
chb05,10,2,5,3,4,5,chb05_22.edf,206,66,96,11,0,55,0,1.0,11,0,55,0,1.0,1.0,1.0,1.0,1.0,1.0,1.0
chb06,10,1,10,0,0,5,chb06_09.edf,52,6,81,1,0,5,0,1.0,1,0,5,0,1.0,1.0,1.0,1.0,1.0,1.0,1.0
chb06,10,1,10,1,0,5,chb06_09.edf,52,6,57,1,0,5,0,1.0,1,0,5,0,1.0,1.0,1.0,1.0,1.0,1.0,1.0
chb06,10,1,10,2,0,5,chb06_09.edf,52,6,75,0,0,5,1,1.0,0,0,5,1,0.0,1.0,0.0,1.0,,0.0,0.8333333333333334
chb06,10,1,10,3,0,5,chb06_09.edf,52,6,98,1,0,5,0,1.0,1,0,5,0,1.0,1.0,1.0,1.0,1.0,1.0,1.0
chb06,10,2,5,0,0,5,chb06_09.edf,52,6,96,1,0,5,0,1.0,1,0,5,0,1.0,1.0,1.0,1.0,1.0,1.0,1.0
chb06,10,2,5,1,0,5,chb06_09.edf,52,6,98,0,0,5,1,1.0,0,0,5,1,0.0,1.0,0.0,1.0,,0.0,0.8333333333333334
chb06,10,2,5,2,0,5,chb06_09.edf,52,6,72,0,0,5,1,1.0,1,0,5,0,1.0,1.0,0.0,1.0,,0.0,0.8333333333333334
chb06,10,2,5,3,0,5,chb06_09.edf,52,6,68,0,0,5,1,1.0,1,0,5,0,1.0,1.0,0.0,1.0,,0.0,0.8333333333333334
chb06,10,1,10,0,1,5,chb06_13.edf,52,6,53,1,0,5,0,1.0,1,0,5,0,1.0,1.0,1.0,1.0,1.0,1.0,1.0
chb06,10,1,10,1,1,5,chb06_13.edf,52,6,56,1,0,5,0,1.0,1,0,5,0,1.0,1.0,1.0,1.0,1.0,1.0,1.0
chb06,10,1,10,2,1,5,chb06_13.edf,52,6,41,1,0,5,0,1.0,1,0,5,0,1.0,1.0,1.0,1.0,1.0,1.0,1.0
chb06,10,1,10,3,1,5,chb06_13.edf,52,6,47,1,0,5,0,1.0,1,0,5,0,1.0,1.0,1.0,1.0,1.0,1.0,1.0
chb06,10,2,5,0,1,5,chb06_13.edf,52,6,68,1,0,5,0,1.0,1,0,5,0,1.0,1.0,1.0,1.0,1.0,1.0,1.0
chb06,10,2,5,1,1,5,chb06_13.edf,52,6,61,1,0,5,0,1.0,1,0,5,0,1.0,1.0,1.0,1.0,1.0,1.0,1.0
chb06,10,2,5,2,1,5,chb06_13.edf,52,6,60,1,0,5,0,1.0,1,0,5,0,1.0,1.0,1.0,1.0,1.0,1.0,1.0
chb06,10,2,5,3,1,5,chb06_13.edf,52,6,56,1,0,5,0,1.0,1,0,5,0,1.0,1.0,1.0,1.0,1.0,1.0,1.0
chb06,10,1,10,0,2,5,chb06_01.edf;chb06_18.edf,38,24,40,4,2,18,0,1.0,4,2,18,0,0.8,1.0,1.0,0.9,0.6666666666666666,0.8,0.9166666666666666
chb06,10,1,10,1,2,5,chb06_01.edf;chb06_18.edf,38,24,38,4,1,19,0,1.0,4,1,19,0,0.8888888888888888,1.0,1.0,0.95,0.8,0.8888888888888888,0.9583333333333334
chb06,10,1,10,2,2,5,chb06_01.edf;chb06_18.edf,38,24,32,4,0,20,0,1.0,4,0,20,0,1.0,1.0,1.0,1.0,1.0,1.0,1.0
chb06,10,1,10,3,2,5,chb06_01.edf;chb06_18.edf,38,24,38,4,0,20,0,1.0,4,1,19,0,0.8888888888888888,1.0,1.0,1.0,1.0,1.0,1.0
chb06,10,2,5,0,2,5,chb06_01.edf;chb06_18.edf,38,24,36,4,0,20,0,1.0,4,0,20,0,1.0,1.0,1.0,1.0,1.0,1.0,1.0
chb06,10,2,5,1,2,5,chb06_01.edf;chb06_18.edf,38,24,53,4,3,17,0,1.0,4,3,17,0,0.7272727272727273,1.0,1.0,0.85,0.5714285714285714,0.7272727272727273,0.875
chb06,10,2,5,2,2,5,chb06_01.edf;chb06_18.edf,38,24,36,4,0,20,0,1.0,4,0,20,0,1.0,1.0,1.0,1.0,1.0,1.0,1.0
chb06,10,2,5,3,2,5,chb06_01.edf;chb06_18.edf,38,24,65,4,3,17,0,1.0,4,3,17,0,0.7272727272727273,1.0,1.0,0.85,0.5714285714285714,0.7272727272727273,0.875
chb06,10,1,10,0,3,5,chb06_04.edf;chb06_24.edf,33,30,49,3,10,15,2,0.6080000000000001,3,10,15,2,0.3333333333333333,0.6080000000000001,0.6,0.6,0.23076923076923078,0.3333333333333333,0.6
chb06,10,1,10,1,3,5,chb06_04.edf;chb06_24.edf,33,30,97,2,10,15,3,0.616,2,10,15,3,0.23529411764705882,0.616,0.4,0.6,0.16666666666666666,0.23529411764705882,0.5666666666666667
chb06,10,1,10,2,3,5,chb06_04.edf;chb06_24.edf,33,30,66,4,10,15,1,0.616,4,10,15,1,0.42105263157894735,0.632,0.8,0.6,0.2857142857142857,0.42105263157894735,0.6333333333333333
chb06,10,1,10,3,3,5,chb06_04.edf;chb06_24.edf,33,30,79,3,10,15,2,0.616,3,10,15,2,0.3333333333333333,0.624,0.6,0.6,0.23076923076923078,0.3333333333333333,0.6
chb06,10,2,5,0,3,5,chb06_04.edf;chb06_24.edf,33,30,99,2,10,15,3,0.6,2,10,15,3,0.23529411764705882,0.6,0.4,0.6,0.16666666666666666,0.23529411764705882,0.5666666666666667
chb06,10,2,5,1,3,5,chb06_04.edf;chb06_24.edf,33,30,97,3,10,15,2,0.6080000000000001,3,10,15,2,0.3333333333333333,0.6080000000000001,0.6,0.6,0.23076923076923078,0.3333333333333333,0.6
chb06,10,2,5,2,3,5,chb06_04.edf;chb06_24.edf,33,30,76,4,10,15,1,0.6160000000000001,4,10,15,1,0.42105263157894735,0.6160000000000001,0.8,0.6,0.2857142857142857,0.42105263157894735,0.6333333333333333
chb06,10,2,5,3,3,5,chb06_04.edf;chb06_24.edf,33,30,85,2,10,15,3,0.616,3,10,15,2,0.3333333333333333,0.6080000000000001,0.4,0.6,0.16666666666666666,0.23529411764705882,0.5666666666666667
chb06,10,1,10,0,4,5,chb06_10.edf,52,6,53,1,0,5,0,1.0,1,0,5,0,1.0,1.0,1.0,1.0,1.0,1.0,1.0
chb06,10,1,10,1,4,5,chb06_10.edf,52,6,79,1,0,5,0,1.0,1,0,5,0,1.0,1.0,1.0,1.0,1.0,1.0,1.0
chb06,10,1,10,2,4,5,chb06_10.edf,52,6,45,1,0,5,0,1.0,1,0,5,0,1.0,1.0,1.0,1.0,1.0,1.0,1.0
chb06,10,1,10,3,4,5,chb06_10.edf,52,6,39,1,0,5,0,1.0,1,0,5,0,1.0,1.0,1.0,1.0,1.0,1.0,1.0
chb06,10,2,5,0,4,5,chb06_10.edf,52,6,67,1,0,5,0,1.0,1,0,5,0,1.0,1.0,1.0,1.0,1.0,1.0,1.0
chb06,10,2,5,1,4,5,chb06_10.edf,52,6,82,1,0,5,0,1.0,1,0,5,0,1.0,1.0,1.0,1.0,1.0,1.0,1.0
chb06,10,2,5,2,4,5,chb06_10.edf,52,6,33,1,0,5,0,1.0,1,0,5,0,1.0,1.0,1.0,1.0,1.0,1.0,1.0
chb06,10,2,5,3,4,5,chb06_10.edf,52,6,40,1,0,5,0,1.0,1,0,5,0,1.0,1.0,1.0,1.0,1.0,1.0,1.0
chb07,10,1,10,0,0,3,chb07_12.edf,110,48,28,8,3,37,0,1.0,8,3,37,0,0.8421052631578947,1.0,1.0,0.925,0.7272727272727273,0.8421052631578947,0.9375
chb07,10,1,10,1,0,3,chb07_12.edf,110,48,34,8,4,36,0,0.996875,8,3,37,0,0.8421052631578947,0.996875,1.0,0.9,0.6666666666666666,0.8,0.9166666666666666
chb07,10,1,10,2,0,3,chb07_12.edf,110,48,21,8,7,33,0,0.9937499999999999,8,6,34,0,0.7272727272727273,0.9937499999999999,1.0,0.825,0.5333333333333333,0.6956521739130435,0.8541666666666666
chb07,10,1,10,3,0,3,chb07_12.edf,110,48,17,8,4,36,0,0.9906250000000001,8,5,35,0,0.7619047619047619,0.9906250000000001,1.0,0.9,0.6666666666666666,0.8,0.9166666666666666
chb07,10,2,5,0,0,3,chb07_12.edf,110,48,28,8,4,36,0,1.0,8,4,36,0,0.8,1.0,1.0,0.9,0.6666666666666666,0.8,0.9166666666666666
chb07,10,2,5,1,0,3,chb07_12.edf,110,48,25,8,4,36,0,1.0,8,3,37,0,0.8421052631578947,0.996875,1.0,0.9,0.6666666666666666,0.8,0.9166666666666666
chb07,10,2,5,2,0,3,chb07_12.edf,110,48,32,8,9,31,0,0.9937499999999999,8,10,30,0,0.6153846153846154,0.996875,1.0,0.775,0.47058823529411764,0.64,0.8125
chb07,10,2,5,3,0,3,chb07_12.edf,110,48,24,8,4,36,0,0.996875,8,5,35,0,0.7619047619047619,0.9937499999999999,1.0,0.9,0.6666666666666666,0.8,0.9166666666666666
chb07,10,1,10,0,1,3,chb07_13.edf,105,54,48,8,1,44,1,0.9950617283950617,8,1,44,1,0.8888888888888888,0.9950617283950617,0.8888888888888888,0.9777777777777777,0.8888888888888888,0.8888888888888888,0.9629629629629629
chb07,10,1,10,1,1,3,chb07_13.edf,105,54,43,9,1,44,0,1.0,9,1,44,0,0.9473684210526315,1.0,1.0,0.9777777777777777,0.9,0.9473684210526315,0.9814814814814815
chb07,10,1,10,2,1,3,chb07_13.edf,105,54,60,9,1,44,0,1.0,9,1,44,0,0.9473684210526315,1.0,1.0,0.9777777777777777,0.9,0.9473684210526315,0.9814814814814815
chb07,10,1,10,3,1,3,chb07_13.edf,105,54,43,8,1,44,1,0.9950617283950617,9,2,43,0,0.9,0.9950617283950617,0.8888888888888888,0.9777777777777777,0.8888888888888888,0.8888888888888888,0.9629629629629629
chb07,10,2,5,0,1,3,chb07_13.edf,105,54,68,8,1,44,1,0.9901234567901235,8,1,44,1,0.8888888888888888,0.9901234567901235,0.8888888888888888,0.9777777777777777,0.8888888888888888,0.8888888888888888,0.9629629629629629
chb07,10,2,5,1,1,3,chb07_13.edf,105,54,44,8,1,44,1,0.9950617283950618,8,1,44,1,0.8888888888888888,0.9950617283950618,0.8888888888888888,0.9777777777777777,0.8888888888888888,0.8888888888888888,0.9629629629629629
chb07,10,2,5,2,1,3,chb07_13.edf,105,54,55,8,0,45,1,0.9975308641975308,8,0,45,1,0.9411764705882353,0.9975308641975308,0.8888888888888888,1.0,1.0,0.9411764705882353,0.9814814814814815
chb07,10,2,5,3,1,3,chb07_13.edf,105,54,49,8,1,44,1,0.9950617283950618,8,1,44,1,0.8888888888888888,0.9950617283950618,0.8888888888888888,0.9777777777777777,0.8888888888888888,0.8888888888888888,0.9629629629629629
chb07,10,1,10,0,2,3,chb07_19.edf,81,84,91,11,1,69,3,0.9959183673469387,11,1,69,3,0.8461538461538461,0.9959183673469387,0.7857142857142857,0.9857142857142858,0.9166666666666666,0.8461538461538461,0.9523809523809523
chb07,10,1,10,1,2,3,chb07_19.edf,81,84,59,11,1,69,3,0.9938775510204082,11,1,69,3,0.8461538461538461,0.9938775510204082,0.7857142857142857,0.9857142857142858,0.9166666666666666,0.8461538461538461,0.9523809523809523
chb07,10,1,10,2,2,3,chb07_19.edf,81,84,50,10,1,69,4,0.9918367346938776,10,1,69,4,0.8,0.9928571428571429,0.7142857142857143,0.9857142857142858,0.9090909090909091,0.8,0.9404761904761905
chb07,10,1,10,3,2,3,chb07_19.edf,81,84,38,11,1,69,3,0.9826530612244898,11,1,69,3,0.8461538461538461,0.9836734693877551,0.7857142857142857,0.9857142857142858,0.9166666666666666,0.8461538461538461,0.9523809523809523
chb07,10,2,5,0,2,3,chb07_19.edf,81,84,72,11,1,69,3,0.9795918367346939,11,1,69,3,0.8461538461538461,0.9795918367346939,0.7857142857142857,0.9857142857142858,0.9166666666666666,0.8461538461538461,0.9523809523809523
chb07,10,2,5,1,2,3,chb07_19.edf,81,84,91,11,1,69,3,0.9918367346938776,11,1,69,3,0.8461538461538461,0.9908163265306122,0.7857142857142857,0.9857142857142858,0.9166666666666666,0.8461538461538461,0.9523809523809523
chb07,10,2,5,2,2,3,chb07_19.edf,81,84,65,11,1,69,3,0.9887755102040817,11,1,69,3,0.8461538461538461,0.9897959183673469,0.7857142857142857,0.9857142857142858,0.9166666666666666,0.8461538461538461,0.9523809523809523
chb07,10,2,5,3,2,3,chb07_19.edf,81,84,52,11,1,69,3,0.9846938775510204,11,1,69,3,0.8461538461538461,0.9836734693877551,0.7857142857142857,0.9857142857142858,0.9166666666666666,0.8461538461538461,0.9523809523809523
chb08,10,1,10,0,0,5,chb08_02.edf,355,102,43,17,4,81,0,0.9965397923875433,17,4,81,0,0.8947368421052632,0.9965397923875433,1.0,0.9529411764705882,0.8095238095238095,0.8947368421052632,0.9607843137254902
chb08,10,1,10,1,0,5,chb08_02.edf,355,102,38,17,3,82,0,0.9993079584775086,17,3,82,0,0.918918918918919,1.0,1.0,0.9647058823529412,0.85,0.918918918918919,0.9705882352941176
chb08,10,1,10,2,0,5,chb08_02.edf,355,102,44,17,3,82,0,0.9986159169550174,17,3,82,0,0.918918918918919,0.9972318339100346,1.0,0.9647058823529412,0.85,0.918918918918919,0.9705882352941176
chb08,10,1,10,3,0,5,chb08_02.edf,355,102,25,17,5,80,0,0.9979238754325259,17,6,79,0,0.85,0.9958477508650518,1.0,0.9411764705882353,0.7727272727272727,0.8717948717948718,0.9509803921568627
chb08,10,2,5,0,0,5,chb08_02.edf,355,102,43,17,5,80,0,0.9972318339100347,17,5,80,0,0.8717948717948718,0.9972318339100347,1.0,0.9411764705882353,0.7727272727272727,0.8717948717948718,0.9509803921568627
chb08,10,2,5,1,0,5,chb08_02.edf,355,102,31,17,3,82,0,0.997923875432526,17,2,83,0,0.9444444444444444,0.9958477508650518,1.0,0.9647058823529412,0.85,0.918918918918919,0.9705882352941176
chb08,10,2,5,2,0,5,chb08_02.edf,355,102,28,17,3,82,0,0.9951557093425605,16,2,83,1,0.9142857142857143,0.9916955017301038,1.0,0.9647058823529412,0.85,0.918918918918919,0.9705882352941176
chb08,10,2,5,3,0,5,chb08_02.edf,355,102,19,17,3,82,0,0.9986159169550173,16,2,83,1,0.9142857142857143,0.9965397923875433,1.0,0.9647058823529412,0.85,0.918918918918919,0.9705882352941176
chb08,10,1,10,0,1,5,chb08_05.edf,345,114,27,14,15,80,5,0.9318559556786703,14,15,80,5,0.5833333333333334,0.9318559556786703,0.7368421052631579,0.8421052631578947,0.4827586206896552,0.5833333333333334,0.8245614035087719
chb08,10,1,10,1,1,5,chb08_05.edf,345,114,24,14,3,92,5,0.935180055401662,14,3,92,5,0.7777777777777778,0.9301939058171745,0.7368421052631579,0.968421052631579,0.8235294117647058,0.7777777777777778,0.9298245614035088
chb08,10,1,10,2,1,5,chb08_05.edf,345,114,45,14,3,92,5,0.9473684210526316,15,4,91,4,0.7894736842105263,0.939612188365651,0.7368421052631579,0.968421052631579,0.8235294117647058,0.7777777777777778,0.9298245614035088
chb08,10,1,10,3,1,5,chb08_05.edf,345,114,26,14,3,92,5,0.9429362880886427,14,2,93,5,0.8,0.9385041551246538,0.7368421052631579,0.968421052631579,0.8235294117647058,0.7777777777777778,0.9298245614035088
chb08,10,2,5,0,1,5,chb08_05.edf,345,114,27,14,9,86,5,0.9313019390581717,14,9,86,5,0.6666666666666666,0.9313019390581717,0.7368421052631579,0.9052631578947369,0.6086956521739131,0.6666666666666666,0.8771929824561403
chb08,10,2,5,1,1,5,chb08_05.edf,345,114,63,14,9,86,5,0.9340720221606648,13,8,87,6,0.65,0.9268698060941829,0.7368421052631579,0.9052631578947369,0.6086956521739131,0.6666666666666666,0.8771929824561403
chb08,10,2,5,2,1,5,chb08_05.edf,345,114,71,13,4,91,6,0.9484764542936288,14,4,91,5,0.7567567567567568,0.942382271468144,0.6842105263157895,0.9578947368421052,0.7647058823529411,0.7222222222222222,0.9122807017543859
chb08,10,2,5,3,1,5,chb08_05.edf,345,114,53,14,4,91,5,0.9451523545706371,14,6,89,5,0.717948717948718,0.9412742382271468,0.7368421052631579,0.9578947368421052,0.7777777777777778,0.7567567567567568,0.9210526315789473
chb08,10,1,10,0,2,5,chb08_11.edf,374,78,88,12,0,65,1,0.9976331360946745,12,0,65,1,0.96,0.9976331360946745,0.9230769230769231,1.0,1.0,0.96,0.9871794871794872
chb08,10,1,10,1,2,5,chb08_11.edf,374,78,51,12,2,63,1,0.9976331360946745,12,2,63,1,0.8888888888888888,0.9976331360946745,0.9230769230769231,0.9692307692307692,0.8571428571428571,0.8888888888888888,0.9615384615384616
chb08,10,1,10,2,2,5,chb08_11.edf,374,78,20,12,1,64,1,0.9917159763313609,12,1,64,1,0.9230769230769231,0.9917159763313609,0.9230769230769231,0.9846153846153847,0.9230769230769231,0.9230769230769231,0.9743589743589743
chb08,10,1,10,3,2,5,chb08_11.edf,374,78,17,12,1,64,1,0.9917159763313609,12,1,64,1,0.9230769230769231,0.9928994082840237,0.9230769230769231,0.9846153846153847,0.9230769230769231,0.9230769230769231,0.9743589743589743
chb08,10,2,5,0,2,5,chb08_11.edf,374,78,57,12,1,64,1,0.9976331360946745,12,1,64,1,0.9230769230769231,0.9976331360946745,0.9230769230769231,0.9846153846153847,0.9230769230769231,0.9230769230769231,0.9743589743589743
chb08,10,2,5,1,2,5,chb08_11.edf,374,78,22,12,1,64,1,0.9928994082840237,12,1,64,1,0.9230769230769231,0.9928994082840237,0.9230769230769231,0.9846153846153847,0.9230769230769231,0.9230769230769231,0.9743589743589743
chb08,10,2,5,2,2,5,chb08_11.edf,374,78,21,12,1,64,1,0.9928994082840237,12,1,64,1,0.9230769230769231,0.9917159763313609,0.9230769230769231,0.9846153846153847,0.9230769230769231,0.9230769230769231,0.9743589743589743
chb08,10,2,5,3,2,5,chb08_11.edf,374,78,22,12,1,64,1,0.9940828402366865,12,1,64,1,0.9230769230769231,0.9940828402366865,0.9230769230769231,0.9846153846153847,0.9230769230769231,0.9230769230769231,0.9743589743589743
chb08,10,1,10,0,3,5,chb08_13.edf,360,96,53,16,4,76,0,0.99375,16,4,76,0,0.8888888888888888,0.99375,1.0,0.95,0.8,0.8888888888888888,0.9583333333333334
chb08,10,1,10,1,3,5,chb08_13.edf,360,96,45,16,5,75,0,0.9914062499999999,16,5,75,0,0.8648648648648649,0.99453125,1.0,0.9375,0.7619047619047619,0.8648648648648649,0.9479166666666666
chb08,10,1,10,2,3,5,chb08_13.edf,360,96,41,16,4,76,0,0.98984375,16,4,76,0,0.8888888888888888,0.9890625,1.0,0.95,0.8,0.8888888888888888,0.9583333333333334
chb08,10,1,10,3,3,5,chb08_13.edf,360,96,39,16,5,75,0,0.9890625000000001,16,4,76,0,0.8888888888888888,0.98984375,1.0,0.9375,0.7619047619047619,0.8648648648648649,0.9479166666666666
chb08,10,2,5,0,3,5,chb08_13.edf,360,96,41,16,4,76,0,0.9929687500000001,16,4,76,0,0.8888888888888888,0.9929687500000001,1.0,0.95,0.8,0.8888888888888888,0.9583333333333334
chb08,10,2,5,1,3,5,chb08_13.edf,360,96,49,16,4,76,0,0.98828125,16,4,76,0,0.8888888888888888,0.9914062499999999,1.0,0.95,0.8,0.8888888888888888,0.9583333333333334
chb08,10,2,5,2,3,5,chb08_13.edf,360,96,44,16,6,74,0,0.9890625,16,6,74,0,0.8421052631578947,0.9898437499999999,1.0,0.925,0.7272727272727273,0.8421052631578947,0.9375
chb08,10,2,5,3,3,5,chb08_13.edf,360,96,28,16,5,75,0,0.990625,16,6,74,0,0.8421052631578947,0.9890625,1.0,0.9375,0.7619047619047619,0.8648648648648649,0.9479166666666666
chb08,10,1,10,0,4,5,chb08_21.edf,312,156,40,22,5,125,4,0.9825443786982249,22,5,125,4,0.8301886792452831,0.9825443786982249,0.8461538461538461,0.9615384615384616,0.8148148148148148,0.8301886792452831,0.9423076923076923
chb08,10,1,10,1,4,5,chb08_21.edf,312,156,33,22,6,124,4,0.9801775147928995,22,6,124,4,0.8148148148148148,0.9807692307692308,0.8461538461538461,0.9538461538461539,0.7857142857142857,0.8148148148148148,0.9358974358974359
chb08,10,1,10,2,4,5,chb08_21.edf,312,156,28,24,6,124,2,0.986094674556213,24,6,124,2,0.8571428571428571,0.98698224852071,0.9230769230769231,0.9538461538461539,0.8,0.8571428571428571,0.9487179487179487
chb08,10,1,10,3,4,5,chb08_21.edf,312,156,34,23,8,122,3,0.9825443786982249,23,7,123,3,0.8214285714285714,0.9843195266272189,0.8846153846153846,0.9384615384615385,0.7419354838709677,0.8070175438596491,0.9294871794871795
chb08,10,2,5,0,4,5,chb08_21.edf,312,156,45,22,5,125,4,0.9822485207100591,22,5,125,4,0.8301886792452831,0.9822485207100591,0.8461538461538461,0.9615384615384616,0.8148148148148148,0.8301886792452831,0.9423076923076923
chb08,10,2,5,1,4,5,chb08_21.edf,312,156,35,22,8,122,4,0.9778106508875739,23,9,121,3,0.7931034482758621,0.9786982248520709,0.8461538461538461,0.9384615384615385,0.7333333333333333,0.7857142857142857,0.9230769230769231
chb08,10,2,5,2,4,5,chb08_21.edf,312,156,23,25,7,123,1,0.9857988165680474,24,8,122,2,0.8275862068965517,0.9840236686390532,0.9615384615384616,0.9461538461538461,0.78125,0.8620689655172413,0.9487179487179487
chb08,10,2,5,3,4,5,chb08_21.edf,312,156,27,23,6,124,3,0.9798816568047337,24,7,123,2,0.8421052631578947,0.9828402366863905,0.8846153846153846,0.9538461538461539,0.7931034482758621,0.8363636363636363,0.9423076923076923
chb09,10,1,10,0,0,3,chb09_06.edf,96,36,38,5,2,28,1,0.9888888888888889,5,2,28,1,0.7692307692307693,0.9888888888888889,0.8333333333333334,0.9333333333333333,0.7142857142857143,0.7692307692307693,0.9166666666666666
chb09,10,1,10,1,0,3,chb09_06.edf,96,36,34,6,3,27,0,0.9722222222222222,6,3,27,0,0.8,0.9722222222222222,1.0,0.9,0.6666666666666666,0.8,0.9166666666666666
chb09,10,1,10,2,0,3,chb09_06.edf,96,36,28,5,3,27,1,0.9555555555555556,6,3,27,0,0.8,0.9555555555555556,0.8333333333333334,0.9,0.625,0.7142857142857143,0.8888888888888888
chb09,10,1,10,3,0,3,chb09_06.edf,96,36,24,5,3,27,1,0.9555555555555556,6,3,27,0,0.8,0.9555555555555556,0.8333333333333334,0.9,0.625,0.7142857142857143,0.8888888888888888
chb09,10,2,5,0,0,3,chb09_06.edf,96,36,38,5,2,28,1,0.9777777777777779,5,2,28,1,0.7692307692307693,0.9777777777777779,0.8333333333333334,0.9333333333333333,0.7142857142857143,0.7692307692307693,0.9166666666666666
chb09,10,2,5,1,0,3,chb09_06.edf,96,36,34,5,3,27,1,0.9611111111111111,5,3,27,1,0.7142857142857143,0.9611111111111111,0.8333333333333334,0.9,0.625,0.7142857142857143,0.8888888888888888
chb09,10,2,5,2,0,3,chb09_06.edf,96,36,30,5,3,27,1,0.9444444444444444,5,3,27,1,0.7142857142857143,0.9444444444444444,0.8333333333333334,0.9,0.625,0.7142857142857143,0.8888888888888888
chb09,10,2,5,3,0,3,chb09_06.edf,96,36,23,5,3,27,1,0.9222222222222222,5,3,27,1,0.7142857142857143,0.9166666666666667,0.8333333333333334,0.9,0.625,0.7142857142857143,0.8888888888888888
chb09,10,1,10,0,1,3,chb09_08.edf,57,84,46,12,0,70,2,0.9989795918367348,12,0,70,2,0.9230769230769231,0.9989795918367348,0.8571428571428571,1.0,1.0,0.9230769230769231,0.9761904761904762
chb09,10,1,10,1,1,3,chb09_08.edf,57,84,0,0,0,70,14,0.55,0,0,70,14,0.0,0.5591836734693878,0.0,1.0,,0.0,0.8333333333333334
chb09,10,1,10,2,1,3,chb09_08.edf,57,84,72,14,12,58,0,1.0,14,16,54,0,0.6363636363636364,1.0,1.0,0.8285714285714286,0.5384615384615384,0.7,0.8571428571428571
chb09,10,1,10,3,1,3,chb09_08.edf,57,84,43,14,2,68,0,0.9979591836734695,14,2,68,0,0.9333333333333333,0.9969387755102042,1.0,0.9714285714285714,0.875,0.9333333333333333,0.9761904761904762
chb09,10,2,5,0,1,3,chb09_08.edf,57,84,52,12,0,70,2,1.0,12,0,70,2,0.9230769230769231,1.0,0.8571428571428571,1.0,1.0,0.9230769230769231,0.9761904761904762
chb09,10,2,5,1,1,3,chb09_08.edf,57,84,0,0,0,70,14,0.6193877551020408,0,0,70,14,0.0,0.6020408163265306,0.0,1.0,,0.0,0.8333333333333334
chb09,10,2,5,2,1,3,chb09_08.edf,57,84,35,14,0,70,0,1.0,14,0,70,0,1.0,1.0,1.0,1.0,1.0,1.0,1.0
chb09,10,2,5,3,1,3,chb09_08.edf,57,84,42,14,2,68,0,1.0,14,2,68,0,0.9333333333333333,1.0,1.0,0.9714285714285714,0.875,0.9333333333333333,0.9761904761904762
chb09,10,1,10,0,2,3,chb09_19.edf,96,36,90,5,0,30,1,0.9777777777777779,5,0,30,1,0.9090909090909091,0.9777777777777779,0.8333333333333334,1.0,1.0,0.9090909090909091,0.9722222222222222
chb09,10,1,10,1,2,3,chb09_19.edf,96,36,75,5,0,30,1,0.9944444444444445,5,1,29,1,0.8333333333333334,0.9,0.8333333333333334,1.0,1.0,0.9090909090909091,0.9722222222222222
chb09,10,1,10,2,2,3,chb09_19.edf,96,36,86,5,1,29,1,0.9944444444444445,5,1,29,1,0.8333333333333334,0.9055555555555556,0.8333333333333334,0.9666666666666667,0.8333333333333334,0.8333333333333334,0.9444444444444444
chb09,10,1,10,3,2,3,chb09_19.edf,96,36,88,5,3,27,1,0.95,5,2,28,1,0.7692307692307693,0.8611111111111112,0.8333333333333334,0.9,0.625,0.7142857142857143,0.8888888888888888
chb09,10,2,5,0,2,3,chb09_19.edf,96,36,99,5,1,29,1,0.9833333333333334,5,1,29,1,0.8333333333333334,0.9833333333333334,0.8333333333333334,0.9666666666666667,0.8333333333333334,0.8333333333333334,0.9444444444444444
chb09,10,2,5,1,2,3,chb09_19.edf,96,36,73,5,0,30,1,0.9777777777777779,5,0,30,1,0.9090909090909091,0.9222222222222223,0.8333333333333334,1.0,1.0,0.9090909090909091,0.9722222222222222
chb09,10,2,5,2,2,3,chb09_19.edf,96,36,57,5,1,29,1,0.9777777777777779,5,0,30,1,0.9090909090909091,0.8777777777777778,0.8333333333333334,0.9666666666666667,0.8333333333333334,0.8333333333333334,0.9444444444444444
chb09,10,2,5,3,2,3,chb09_19.edf,96,36,99,5,0,30,1,0.9111111111111112,5,0,30,1,0.9090909090909091,0.8444444444444444,0.8333333333333334,1.0,1.0,0.9090909090909091,0.9722222222222222
chb10,10,1,10,0,0,5,chb10_27.edf,168,36,85,6,0,30,0,1.0,6,0,30,0,1.0,1.0,1.0,1.0,1.0,1.0,1.0
chb10,10,1,10,1,0,5,chb10_27.edf,168,36,34,6,0,30,0,1.0,6,0,30,0,1.0,1.0,1.0,1.0,1.0,1.0,1.0
chb10,10,1,10,2,0,5,chb10_27.edf,168,36,30,6,0,30,0,1.0,6,0,30,0,1.0,1.0,1.0,1.0,1.0,1.0,1.0
chb10,10,1,10,3,0,5,chb10_27.edf,168,36,36,6,0,30,0,1.0,6,0,30,0,1.0,1.0,1.0,1.0,1.0,1.0,1.0
chb10,10,2,5,0,0,5,chb10_27.edf,168,36,97,6,0,30,0,1.0,6,0,30,0,1.0,1.0,1.0,1.0,1.0,1.0,1.0
chb10,10,2,5,1,0,5,chb10_27.edf,168,36,33,6,0,30,0,1.0,6,0,30,0,1.0,1.0,1.0,1.0,1.0,1.0,1.0
chb10,10,2,5,2,0,5,chb10_27.edf,168,36,29,6,0,30,0,1.0,6,0,30,0,1.0,1.0,1.0,1.0,1.0,1.0,1.0
chb10,10,2,5,3,0,5,chb10_27.edf,168,36,30,6,0,30,0,1.0,6,0,30,0,1.0,1.0,1.0,1.0,1.0,1.0,1.0
chb10,10,1,10,0,1,5,chb10_89.edf,172,30,77,5,0,25,0,1.0,5,0,25,0,1.0,1.0,1.0,1.0,1.0,1.0,1.0
chb10,10,1,10,1,1,5,chb10_89.edf,172,30,93,5,0,25,0,1.0,5,0,25,0,1.0,1.0,1.0,1.0,1.0,1.0,1.0
chb10,10,1,10,2,1,5,chb10_89.edf,172,30,67,5,0,25,0,1.0,5,0,25,0,1.0,1.0,1.0,1.0,1.0,1.0,1.0
chb10,10,1,10,3,1,5,chb10_89.edf,172,30,18,5,0,25,0,1.0,5,0,25,0,1.0,1.0,1.0,1.0,1.0,1.0,1.0
chb10,10,2,5,0,1,5,chb10_89.edf,172,30,99,5,0,25,0,1.0,5,0,25,0,1.0,1.0,1.0,1.0,1.0,1.0,1.0
chb10,10,2,5,1,1,5,chb10_89.edf,172,30,59,5,0,25,0,1.0,4,0,25,1,0.8888888888888888,1.0,1.0,1.0,1.0,1.0,1.0
chb10,10,2,5,2,1,5,chb10_89.edf,172,30,75,5,0,25,0,1.0,4,0,25,1,0.8888888888888888,1.0,1.0,1.0,1.0,1.0,1.0
chb10,10,2,5,3,1,5,chb10_89.edf,172,30,68,5,0,25,0,1.0,5,0,25,0,1.0,1.0,1.0,1.0,1.0,1.0,1.0
chb10,10,1,10,0,2,5,chb10_38.edf,158,48,38,8,0,40,0,1.0,8,0,40,0,1.0,1.0,1.0,1.0,1.0,1.0,1.0
chb10,10,1,10,1,2,5,chb10_38.edf,158,48,51,8,0,40,0,1.0,8,0,40,0,1.0,1.0,1.0,1.0,1.0,1.0,1.0
chb10,10,1,10,2,2,5,chb10_38.edf,158,48,30,8,0,40,0,1.0,8,0,40,0,1.0,1.0,1.0,1.0,1.0,1.0,1.0
chb10,10,1,10,3,2,5,chb10_38.edf,158,48,75,8,0,40,0,1.0,8,0,40,0,1.0,1.0,1.0,1.0,1.0,1.0,1.0
chb10,10,2,5,0,2,5,chb10_38.edf,158,48,47,8,0,40,0,1.0,8,0,40,0,1.0,1.0,1.0,1.0,1.0,1.0,1.0
chb10,10,2,5,1,2,5,chb10_38.edf,158,48,60,8,0,40,0,1.0,8,0,40,0,1.0,1.0,1.0,1.0,1.0,1.0,1.0
chb10,10,2,5,2,2,5,chb10_38.edf,158,48,39,8,0,40,0,1.0,8,0,40,0,1.0,1.0,1.0,1.0,1.0,1.0,1.0
chb10,10,2,5,3,2,5,chb10_38.edf,158,48,42,8,0,40,0,1.0,8,0,40,0,1.0,1.0,1.0,1.0,1.0,1.0,1.0
chb10,10,1,10,0,3,5,chb10_20.edf;chb10_31.edf,129,84,35,13,0,70,1,0.9989795918367348,13,0,70,1,0.9629629629629629,0.9989795918367348,0.9285714285714286,1.0,1.0,0.9629629629629629,0.9880952380952381
chb10,10,1,10,1,3,5,chb10_20.edf;chb10_31.edf,129,84,89,14,1,69,0,1.0,14,1,69,0,0.9655172413793104,1.0,1.0,0.9857142857142858,0.9333333333333333,0.9655172413793104,0.9880952380952381
chb10,10,1,10,2,3,5,chb10_20.edf;chb10_31.edf,129,84,64,13,2,68,1,0.9979591836734694,13,2,68,1,0.896551724137931,0.9969387755102042,0.9285714285714286,0.9714285714285714,0.8666666666666667,0.896551724137931,0.9642857142857143
chb10,10,1,10,3,3,5,chb10_20.edf;chb10_31.edf,129,84,6,0,0,70,14,0.9979591836734695,0,0,70,14,0.0,0.9959183673469387,0.0,1.0,,0.0,0.8333333333333334
chb10,10,2,5,0,3,5,chb10_20.edf;chb10_31.edf,129,84,92,13,1,69,1,0.9989795918367348,13,1,69,1,0.9285714285714286,0.9989795918367348,0.9285714285714286,0.9857142857142858,0.9285714285714286,0.9285714285714286,0.9761904761904762
chb10,10,2,5,1,3,5,chb10_20.edf;chb10_31.edf,129,84,91,14,2,68,0,1.0,14,2,68,0,0.9333333333333333,0.9989795918367348,1.0,0.9714285714285714,0.875,0.9333333333333333,0.9761904761904762
chb10,10,2,5,2,3,5,chb10_20.edf;chb10_31.edf,129,84,64,14,4,66,0,0.9989795918367348,14,3,67,0,0.9032258064516129,0.9989795918367348,1.0,0.9428571428571428,0.7777777777777778,0.875,0.9523809523809523
chb10,10,2,5,3,3,5,chb10_20.edf;chb10_31.edf,129,84,76,14,4,66,0,0.9989795918367348,14,5,65,0,0.8484848484848485,0.9979591836734694,1.0,0.9428571428571428,0.7777777777777778,0.875,0.9523809523809523
chb10,10,1,10,0,4,5,chb10_12.edf;chb10_30.edf,158,48,38,8,0,40,0,1.0,8,0,40,0,1.0,1.0,1.0,1.0,1.0,1.0,1.0
chb10,10,1,10,1,4,5,chb10_12.edf;chb10_30.edf,158,48,32,7,0,40,1,1.0,7,0,40,1,0.9333333333333333,1.0,0.875,1.0,1.0,0.9333333333333333,0.9791666666666666
chb10,10,1,10,2,4,5,chb10_12.edf;chb10_30.edf,158,48,37,7,0,40,1,1.0,7,0,40,1,0.9333333333333333,1.0,0.875,1.0,1.0,0.9333333333333333,0.9791666666666666
chb10,10,1,10,3,4,5,chb10_12.edf;chb10_30.edf,158,48,26,6,0,40,2,1.0,6,0,40,2,0.8571428571428571,1.0,0.75,1.0,1.0,0.8571428571428571,0.9583333333333334
chb10,10,2,5,0,4,5,chb10_12.edf;chb10_30.edf,158,48,92,8,0,40,0,1.0,8,0,40,0,1.0,1.0,1.0,1.0,1.0,1.0,1.0
chb10,10,2,5,1,4,5,chb10_12.edf;chb10_30.edf,158,48,32,7,0,40,1,1.0,7,0,40,1,0.9333333333333333,1.0,0.875,1.0,1.0,0.9333333333333333,0.9791666666666666
chb10,10,2,5,2,4,5,chb10_12.edf;chb10_30.edf,158,48,21,8,0,40,0,1.0,8,0,40,0,1.0,1.0,1.0,1.0,1.0,1.0,1.0
chb10,10,2,5,3,4,5,chb10_12.edf;chb10_30.edf,158,48,31,6,0,40,2,1.0,5,0,40,3,0.7692307692307693,1.0,0.75,1.0,1.0,0.8571428571428571,0.9583333333333334
chb11,10,1,10,0,0,3,chb11_82.edf,242,12,62,2,0,10,0,1.0,2,0,10,0,1.0,1.0,1.0,1.0,1.0,1.0,1.0
chb11,10,1,10,1,0,3,chb11_82.edf,242,12,33,2,0,10,0,1.0,2,0,10,0,1.0,1.0,1.0,1.0,1.0,1.0,1.0
chb11,10,1,10,2,0,3,chb11_82.edf,242,12,33,2,0,10,0,1.0,2,0,10,0,1.0,1.0,1.0,1.0,1.0,1.0,1.0
chb11,10,1,10,3,0,3,chb11_82.edf,242,12,24,2,0,10,0,1.0,2,0,10,0,1.0,1.0,1.0,1.0,1.0,1.0,1.0
chb11,10,2,5,0,0,3,chb11_82.edf,242,12,41,2,0,10,0,1.0,2,0,10,0,1.0,1.0,1.0,1.0,1.0,1.0,1.0
chb11,10,2,5,1,0,3,chb11_82.edf,242,12,39,2,0,10,0,1.0,2,0,10,0,1.0,1.0,1.0,1.0,1.0,1.0,1.0
chb11,10,2,5,2,0,3,chb11_82.edf,242,12,45,2,0,10,0,1.0,2,0,10,0,1.0,1.0,1.0,1.0,1.0,1.0,1.0
chb11,10,2,5,3,0,3,chb11_82.edf,242,12,28,2,0,10,0,1.0,2,0,10,0,1.0,1.0,1.0,1.0,1.0,1.0,1.0
chb11,10,1,10,0,1,3,chb11_92.edf,237,18,99,3,0,15,0,1.0,3,0,15,0,1.0,1.0,1.0,1.0,1.0,1.0,1.0
chb11,10,1,10,1,1,3,chb11_92.edf,237,18,89,3,0,15,0,1.0,3,0,15,0,1.0,1.0,1.0,1.0,1.0,1.0,1.0
chb11,10,1,10,2,1,3,chb11_92.edf,237,18,91,2,0,15,1,1.0,2,0,15,1,0.8,1.0,0.6666666666666666,1.0,1.0,0.8,0.9444444444444444
chb11,10,1,10,3,1,3,chb11_92.edf,237,18,67,3,0,15,0,1.0,2,0,15,1,0.8,1.0,1.0,1.0,1.0,1.0,1.0
chb11,10,2,5,0,1,3,chb11_92.edf,237,18,53,3,0,15,0,1.0,3,0,15,0,1.0,1.0,1.0,1.0,1.0,1.0,1.0
chb11,10,2,5,1,1,3,chb11_92.edf,237,18,99,3,0,15,0,1.0,3,0,15,0,1.0,1.0,1.0,1.0,1.0,1.0,1.0
chb11,10,2,5,2,1,3,chb11_92.edf,237,18,86,3,0,15,0,1.0,3,0,15,0,1.0,1.0,1.0,1.0,1.0,1.0,1.0
chb11,10,2,5,3,1,3,chb11_92.edf,237,18,21,3,0,15,0,1.0,3,0,15,0,1.0,1.0,1.0,1.0,1.0,1.0,1.0
chb11,10,1,10,0,2,3,chb11_99.edf,24,285,99,61,22,188,14,0.9505396825396826,61,22,188,14,0.7721518987341772,0.9505396825396826,0.8133333333333334,0.8952380952380953,0.7349397590361446,0.7721518987341772,0.8736842105263158
chb11,10,1,10,1,2,3,chb11_99.edf,24,285,78,43,8,202,32,0.9301587301587302,43,10,200,32,0.671875,0.9302222222222222,0.5733333333333334,0.9619047619047619,0.8431372549019608,0.6825396825396826,0.8596491228070176
chb11,10,1,10,2,2,3,chb11_99.edf,24,285,70,48,16,194,27,0.9203809523809523,46,21,189,29,0.647887323943662,0.9175873015873016,0.64,0.9238095238095239,0.75,0.6906474820143885,0.8491228070175438
chb11,10,1,10,3,2,3,chb11_99.edf,24,285,74,59,24,186,16,0.9368888888888889,59,24,186,16,0.7468354430379747,0.9333968253968254,0.7866666666666666,0.8857142857142857,0.7108433734939759,0.7468354430379747,0.8596491228070176
chb11,10,2,5,0,2,3,chb11_99.edf,24,285,99,55,27,183,20,0.9109206349206349,55,27,183,20,0.7006369426751592,0.9109206349206349,0.7333333333333333,0.8714285714285714,0.6707317073170732,0.7006369426751592,0.8350877192982457
chb11,10,2,5,1,2,3,chb11_99.edf,24,285,80,39,13,197,36,0.9041904761904762,39,14,196,36,0.609375,0.9012698412698412,0.52,0.9380952380952381,0.75,0.6141732283464567,0.8280701754385965
chb11,10,2,5,2,2,3,chb11_99.edf,24,285,67,44,20,190,31,0.9014603174603174,43,15,195,32,0.6466165413533834,0.8985396825396825,0.5866666666666667,0.9047619047619048,0.6875,0.6330935251798561,0.8210526315789474
chb11,10,2,5,3,2,3,chb11_99.edf,24,285,78,54,24,186,21,0.9206984126984127,55,22,188,20,0.7236842105263158,0.9210158730158731,0.72,0.8857142857142857,0.6923076923076923,0.7058823529411765,0.8421052631578947
chb12,10,1,10,0,0,5,chb12_42.edf,364,78,82,12,2,63,1,0.991715976331361,12,2,63,1,0.8888888888888888,0.991715976331361,0.9230769230769231,0.9692307692307692,0.8571428571428571,0.8888888888888888,0.9615384615384616
chb12,10,1,10,1,0,5,chb12_42.edf,364,78,34,11,4,61,2,0.9715976331360947,10,5,60,3,0.7142857142857143,0.9715976331360946,0.8461538461538461,0.9384615384615385,0.7333333333333333,0.7857142857142857,0.9230769230769231
chb12,10,1,10,2,0,5,chb12_42.edf,364,78,36,13,9,56,0,0.9751479289940829,12,8,57,1,0.7272727272727273,0.9704142011834319,1.0,0.8615384615384616,0.5909090909090909,0.7428571428571429,0.8846153846153846
chb12,10,1,10,3,0,5,chb12_42.edf,364,78,19,9,7,58,4,0.9396449704142011,9,7,58,4,0.6206896551724138,0.9337278106508876,0.6923076923076923,0.8923076923076924,0.5625,0.6206896551724138,0.8589743589743589
chb12,10,2,5,0,0,5,chb12_42.edf,364,78,55,13,3,62,0,0.9881656804733727,13,3,62,0,0.896551724137931,0.9881656804733727,1.0,0.9538461538461539,0.8125,0.896551724137931,0.9615384615384616
chb12,10,2,5,1,0,5,chb12_42.edf,364,78,27,13,6,59,0,0.9869822485207101,13,4,61,0,0.8666666666666667,0.98698224852071,1.0,0.9076923076923077,0.6842105263157895,0.8125,0.9230769230769231
chb12,10,2,5,2,0,5,chb12_42.edf,364,78,33,13,4,61,0,0.9857988165680474,12,4,61,1,0.8275862068965517,0.9834319526627219,1.0,0.9384615384615385,0.7647058823529411,0.8666666666666667,0.9487179487179487
chb12,10,2,5,3,0,5,chb12_42.edf,364,78,27,9,4,61,4,0.9692307692307692,10,4,61,3,0.7407407407407407,0.9633136094674556,0.6923076923076923,0.9384615384615385,0.6923076923076923,0.6923076923076923,0.8974358974358975
chb12,10,1,10,0,1,5,chb12_08.edf,393,42,94,5,0,35,2,1.0,5,0,35,2,0.8333333333333334,1.0,0.7142857142857143,1.0,1.0,0.8333333333333334,0.9523809523809523
chb12,10,1,10,1,1,5,chb12_08.edf,393,42,57,5,0,35,2,0.9836734693877551,5,0,35,2,0.8333333333333334,0.9673469387755103,0.7142857142857143,1.0,1.0,0.8333333333333334,0.9523809523809523
chb12,10,1,10,2,1,5,chb12_08.edf,393,42,66,5,1,34,2,0.9918367346938776,6,2,33,1,0.8,0.9795918367346939,0.7142857142857143,0.9714285714285714,0.8333333333333334,0.7692307692307693,0.9285714285714286
chb12,10,1,10,3,1,5,chb12_08.edf,393,42,70,5,0,35,2,1.0,5,1,34,2,0.7692307692307693,0.9877551020408163,0.7142857142857143,1.0,1.0,0.8333333333333334,0.9523809523809523
chb12,10,2,5,0,1,5,chb12_08.edf,393,42,94,5,0,35,2,0.9918367346938776,5,0,35,2,0.8333333333333334,0.9918367346938776,0.7142857142857143,1.0,1.0,0.8333333333333334,0.9523809523809523
chb12,10,2,5,1,1,5,chb12_08.edf,393,42,60,5,0,35,2,0.9836734693877551,5,1,34,2,0.7692307692307693,0.9714285714285715,0.7142857142857143,1.0,1.0,0.8333333333333334,0.9523809523809523
chb12,10,2,5,2,1,5,chb12_08.edf,393,42,71,6,0,35,1,0.9918367346938776,5,0,35,2,0.8333333333333334,0.9714285714285714,0.8571428571428571,1.0,1.0,0.9230769230769231,0.9761904761904762
chb12,10,2,5,3,1,5,chb12_08.edf,393,42,52,5,0,35,2,1.0,5,0,35,2,0.8333333333333334,0.9755102040816326,0.7142857142857143,1.0,1.0,0.8333333333333334,0.9523809523809523
chb12,10,1,10,0,2,5,chb12_10.edf;chb12_23.edf,292,168,45,18,4,136,10,0.9022959183673469,18,4,136,10,0.72,0.9022959183673469,0.6428571428571429,0.9714285714285714,0.8181818181818182,0.72,0.9166666666666666
chb12,10,1,10,1,2,5,chb12_10.edf;chb12_23.edf,292,168,47,21,11,129,7,0.9306122448979592,20,8,132,8,0.7142857142857143,0.9278061224489795,0.75,0.9214285714285714,0.65625,0.7,0.8928571428571429
chb12,10,1,10,2,2,5,chb12_10.edf;chb12_23.edf,292,168,46,23,16,124,5,0.9367346938775512,26,19,121,2,0.7123287671232876,0.9372448979591836,0.8214285714285714,0.8857142857142857,0.5897435897435898,0.6865671641791045,0.875
chb12,10,1,10,3,2,5,chb12_10.edf;chb12_23.edf,292,168,45,24,35,105,4,0.8989795918367347,24,36,104,4,0.5454545454545454,0.9114795918367347,0.8571428571428571,0.75,0.4067796610169492,0.5517241379310345,0.7678571428571429
chb12,10,2,5,0,2,5,chb12_10.edf;chb12_23.edf,292,168,58,21,9,131,7,0.9364795918367347,21,9,131,7,0.7241379310344828,0.9364795918367347,0.75,0.9357142857142857,0.7,0.7241379310344828,0.9047619047619048
chb12,10,2,5,1,2,5,chb12_10.edf;chb12_23.edf,292,168,31,23,29,111,5,0.9005102040816326,23,31,109,5,0.5609756097560976,0.9089285714285714,0.8214285714285714,0.7928571428571428,0.4423076923076923,0.575,0.7976190476190477
chb12,10,2,5,2,2,5,chb12_10.edf;chb12_23.edf,292,168,46,27,28,112,1,0.9579081632653061,26,31,109,2,0.611764705882353,0.9594387755102041,0.9642857142857143,0.8,0.4909090909090909,0.6506024096385542,0.8273809523809523
chb12,10,2,5,3,2,5,chb12_10.edf;chb12_23.edf,292,168,39,23,46,94,5,0.889795918367347,23,44,96,5,0.4842105263157895,0.9079081632653061,0.8214285714285714,0.6714285714285714,0.3333333333333333,0.4742268041237113,0.6964285714285714
chb12,10,1,10,0,3,5,chb12_06.edf;chb12_33.edf;chb12_38.edf,283,180,97,23,0,150,7,0.9775555555555555,23,0,150,7,0.8679245283018868,0.9775555555555555,0.7666666666666667,1.0,1.0,0.8679245283018868,0.9611111111111111
chb12,10,1,10,1,3,5,chb12_06.edf;chb12_33.edf;chb12_38.edf,283,180,45,25,1,149,5,0.974,23,1,149,7,0.8518518518518519,0.9662222222222222,0.8333333333333334,0.9933333333333333,0.9615384615384616,0.8928571428571429,0.9666666666666667
chb12,10,1,10,2,3,5,chb12_06.edf;chb12_33.edf;chb12_38.edf,283,180,37,26,3,147,4,0.9753333333333333,26,3,147,4,0.8813559322033898,0.9691111111111111,0.8666666666666667,0.98,0.896551724137931,0.8813559322033898,0.9611111111111111
chb12,10,1,10,3,3,5,chb12_06.edf;chb12_33.edf;chb12_38.edf,283,180,60,26,4,146,4,0.9571111111111111,25,9,141,5,0.78125,0.9500000000000001,0.8666666666666667,0.9733333333333334,0.8666666666666667,0.8666666666666667,0.9555555555555556
chb12,10,2,5,0,3,5,chb12_06.edf;chb12_33.edf;chb12_38.edf,283,180,88,26,1,149,4,0.9746666666666667,26,1,149,4,0.9122807017543859,0.9746666666666667,0.8666666666666667,0.9933333333333333,0.9629629629629629,0.9122807017543859,0.9722222222222222
chb12,10,2,5,1,3,5,chb12_06.edf;chb12_33.edf;chb12_38.edf,283,180,52,24,0,150,6,0.9793333333333334,24,4,146,6,0.8275862068965517,0.9724444444444443,0.8,1.0,1.0,0.8888888888888888,0.9666666666666667
chb12,10,2,5,2,3,5,chb12_06.edf;chb12_33.edf;chb12_38.edf,283,180,63,26,5,145,4,0.9762222222222222,26,6,144,4,0.8387096774193549,0.9713333333333334,0.8666666666666667,0.9666666666666667,0.8387096774193549,0.8524590163934426,0.95
chb12,10,2,5,3,3,5,chb12_06.edf;chb12_33.edf;chb12_38.edf,283,180,52,27,6,144,3,0.9668888888888888,26,7,143,4,0.8253968253968254,0.9644444444444444,0.9,0.96,0.8181818181818182,0.8571428571428571,0.95
chb12,10,1,10,0,4,5,chb12_09.edf;chb12_11.edf;chb12_36.edf,374,66,96,9,0,55,2,0.9851239669421488,9,0,55,2,0.9,0.9851239669421488,0.8181818181818182,1.0,1.0,0.9,0.9696969696969697
chb12,10,1,10,1,4,5,chb12_09.edf;chb12_11.edf;chb12_36.edf,374,66,61,9,1,54,2,0.9553719008264463,9,1,54,2,0.8571428571428571,0.9685950413223141,0.8181818181818182,0.9818181818181818,0.9,0.8571428571428571,0.9545454545454546
chb12,10,1,10,2,4,5,chb12_09.edf;chb12_11.edf;chb12_36.edf,374,66,58,10,1,54,1,0.9454545454545454,10,1,54,1,0.9090909090909091,0.9537190082644627,0.9090909090909091,0.9818181818181818,0.9090909090909091,0.9090909090909091,0.9696969696969697
chb12,10,1,10,3,4,5,chb12_09.edf;chb12_11.edf;chb12_36.edf,374,66,56,10,1,54,1,0.9603305785123968,10,1,54,1,0.9090909090909091,0.9570247933884297,0.9090909090909091,0.9818181818181818,0.9090909090909091,0.9090909090909091,0.9696969696969697
chb12,10,2,5,0,4,5,chb12_09.edf;chb12_11.edf;chb12_36.edf,374,66,96,10,0,55,1,0.9884297520661157,10,0,55,1,0.9523809523809523,0.9884297520661157,0.9090909090909091,1.0,1.0,0.9523809523809523,0.9848484848484849
chb12,10,2,5,1,4,5,chb12_09.edf;chb12_11.edf;chb12_36.edf,374,66,62,10,1,54,1,0.9586776859504132,9,1,54,2,0.8571428571428571,0.9636363636363636,0.9090909090909091,0.9818181818181818,0.9090909090909091,0.9090909090909091,0.9696969696969697
chb12,10,2,5,2,4,5,chb12_09.edf;chb12_11.edf;chb12_36.edf,374,66,40,10,0,55,1,0.9603305785123968,10,1,54,1,0.9090909090909091,0.9520661157024793,0.9090909090909091,1.0,1.0,0.9523809523809523,0.9848484848484849
chb12,10,2,5,3,4,5,chb12_09.edf;chb12_11.edf;chb12_36.edf,374,66,64,10,1,54,1,0.9619834710743801,10,1,54,1,0.9090909090909091,0.9454545454545454,0.9090909090909091,0.9818181818181818,0.9090909090909091,0.9090909090909091,0.9696969696969697
chb13,10,1,10,0,0,5,chb13_19.edf,172,24,24,4,0,20,0,1.0,4,0,20,0,1.0,1.0,1.0,1.0,1.0,1.0,1.0
chb13,10,1,10,1,0,5,chb13_19.edf,172,24,28,4,0,20,0,1.0,4,0,20,0,1.0,1.0,1.0,1.0,1.0,1.0,1.0
chb13,10,1,10,2,0,5,chb13_19.edf,172,24,23,4,0,20,0,1.0,4,0,20,0,1.0,1.0,1.0,1.0,1.0,1.0,1.0
chb13,10,1,10,3,0,5,chb13_19.edf,172,24,22,4,0,20,0,1.0,4,0,20,0,1.0,1.0,1.0,1.0,1.0,1.0,1.0
chb13,10,2,5,0,0,5,chb13_19.edf,172,24,40,4,0,20,0,1.0,4,0,20,0,1.0,1.0,1.0,1.0,1.0,1.0,1.0
chb13,10,2,5,1,0,5,chb13_19.edf,172,24,28,4,0,20,0,1.0,4,0,20,0,1.0,1.0,1.0,1.0,1.0,1.0,1.0
chb13,10,2,5,2,0,5,chb13_19.edf,172,24,23,4,0,20,0,1.0,4,0,20,0,1.0,1.0,1.0,1.0,1.0,1.0,1.0
chb13,10,2,5,3,0,5,chb13_19.edf,172,24,18,4,0,20,0,1.0,4,0,20,0,1.0,1.0,1.0,1.0,1.0,1.0,1.0
chb13,10,1,10,0,1,5,chb13_55.edf,177,18,93,2,2,13,1,0.9111111111111111,2,2,13,1,0.5714285714285714,0.9111111111111111,0.6666666666666666,0.8666666666666667,0.5,0.5714285714285714,0.8333333333333334
chb13,10,1,10,1,1,5,chb13_55.edf,177,18,95,2,2,13,1,0.9333333333333333,2,2,13,1,0.5714285714285714,0.9333333333333333,0.6666666666666666,0.8666666666666667,0.5,0.5714285714285714,0.8333333333333334
chb13,10,1,10,2,1,5,chb13_55.edf,177,18,99,2,2,13,1,0.9333333333333333,2,1,14,1,0.6666666666666666,0.9111111111111111,0.6666666666666666,0.8666666666666667,0.5,0.5714285714285714,0.8333333333333334
chb13,10,1,10,3,1,5,chb13_55.edf,177,18,59,2,1,14,1,0.9333333333333333,2,1,14,1,0.6666666666666666,0.9111111111111111,0.6666666666666666,0.9333333333333333,0.6666666666666666,0.6666666666666666,0.8888888888888888
chb13,10,2,5,0,1,5,chb13_55.edf,177,18,94,2,2,13,1,0.9111111111111111,2,2,13,1,0.5714285714285714,0.9111111111111111,0.6666666666666666,0.8666666666666667,0.5,0.5714285714285714,0.8333333333333334
chb13,10,2,5,1,1,5,chb13_55.edf,177,18,99,2,2,13,1,0.9333333333333333,2,2,13,1,0.5714285714285714,0.9333333333333333,0.6666666666666666,0.8666666666666667,0.5,0.5714285714285714,0.8333333333333334
chb13,10,2,5,2,1,5,chb13_55.edf,177,18,61,2,1,14,1,0.9333333333333333,2,1,14,1,0.6666666666666666,0.9111111111111111,0.6666666666666666,0.9333333333333333,0.6666666666666666,0.6666666666666666,0.8888888888888888
chb13,10,2,5,3,1,5,chb13_55.edf,177,18,77,2,1,14,1,0.9333333333333333,2,1,14,1,0.6666666666666666,0.9111111111111111,0.6666666666666666,0.9333333333333333,0.6666666666666666,0.6666666666666666,0.8888888888888888
chb13,10,1,10,0,2,5,chb13_62.edf,110,102,22,11,2,83,6,0.7619377162629758,11,2,83,6,0.7333333333333333,0.7619377162629758,0.6470588235294118,0.9764705882352941,0.8461538461538461,0.7333333333333333,0.9215686274509803
chb13,10,1,10,1,2,5,chb13_62.edf,110,102,16,11,2,83,6,0.7854671280276817,11,2,83,6,0.7333333333333333,0.788235294117647,0.6470588235294118,0.9764705882352941,0.8461538461538461,0.7333333333333333,0.9215686274509803
chb13,10,1,10,2,2,5,chb13_62.edf,110,102,27,11,2,83,6,0.7100346020761247,11,3,82,6,0.7096774193548387,0.7134948096885814,0.6470588235294118,0.9764705882352941,0.8461538461538461,0.7333333333333333,0.9215686274509803
chb13,10,1,10,3,2,5,chb13_62.edf,110,102,34,11,2,83,6,0.726643598615917,11,2,83,6,0.7333333333333333,0.7384083044982699,0.6470588235294118,0.9764705882352941,0.8461538461538461,0.7333333333333333,0.9215686274509803
chb13,10,2,5,0,2,5,chb13_62.edf,110,102,22,11,2,83,6,0.7730103806228373,11,2,83,6,0.7333333333333333,0.7730103806228373,0.6470588235294118,0.9764705882352941,0.8461538461538461,0.7333333333333333,0.9215686274509803
chb13,10,2,5,1,2,5,chb13_62.edf,110,102,22,11,2,83,6,0.7515570934256055,11,2,83,6,0.7333333333333333,0.7522491349480969,0.6470588235294118,0.9764705882352941,0.8461538461538461,0.7333333333333333,0.9215686274509803
chb13,10,2,5,2,2,5,chb13_62.edf,110,102,41,11,3,82,6,0.6996539792387543,11,3,82,6,0.7096774193548387,0.696885813148789,0.6470588235294118,0.9647058823529412,0.7857142857142857,0.7096774193548387,0.9117647058823529
chb13,10,2,5,3,2,5,chb13_62.edf,110,102,33,11,2,83,6,0.7252595155709343,11,2,83,6,0.7333333333333333,0.7238754325259515,0.6470588235294118,0.9764705882352941,0.8461538461538461,0.7333333333333333,0.9215686274509803
chb13,10,1,10,0,3,5,chb13_58.edf;chb13_59.edf,158,42,57,7,2,33,0,0.9959183673469387,7,2,33,0,0.875,0.9959183673469387,1.0,0.9428571428571428,0.7777777777777778,0.875,0.9523809523809523
chb13,10,1,10,1,3,5,chb13_58.edf;chb13_59.edf,158,42,64,7,2,33,0,0.9918367346938776,7,2,33,0,0.875,0.9918367346938776,1.0,0.9428571428571428,0.7777777777777778,0.875,0.9523809523809523
chb13,10,1,10,2,3,5,chb13_58.edf;chb13_59.edf,158,42,83,7,2,33,0,0.9959183673469387,7,2,33,0,0.875,0.9918367346938776,1.0,0.9428571428571428,0.7777777777777778,0.875,0.9523809523809523
chb13,10,1,10,3,3,5,chb13_58.edf;chb13_59.edf,158,42,28,7,3,32,0,0.9959183673469387,7,3,32,0,0.8235294117647058,0.9959183673469387,1.0,0.9142857142857143,0.7,0.8235294117647058,0.9285714285714286
chb13,10,2,5,0,3,5,chb13_58.edf;chb13_59.edf,158,42,57,7,2,33,0,0.9918367346938776,7,2,33,0,0.875,0.9918367346938776,1.0,0.9428571428571428,0.7777777777777778,0.875,0.9523809523809523
chb13,10,2,5,1,3,5,chb13_58.edf;chb13_59.edf,158,42,68,7,2,33,0,0.9918367346938776,6,2,33,1,0.8,0.9877551020408163,1.0,0.9428571428571428,0.7777777777777778,0.875,0.9523809523809523
chb13,10,2,5,2,3,5,chb13_58.edf;chb13_59.edf,158,42,90,7,1,34,0,1.0,6,1,34,1,0.8571428571428571,0.9918367346938776,1.0,0.9714285714285714,0.875,0.9333333333333333,0.9761904761904762
chb13,10,2,5,3,3,5,chb13_58.edf;chb13_59.edf,158,42,60,7,4,31,0,1.0,7,4,31,0,0.7777777777777778,0.983673469387755,1.0,0.8857142857142857,0.6363636363636364,0.7777777777777778,0.9047619047619048
chb13,10,1,10,0,4,5,chb13_21.edf;chb13_60.edf,148,54,32,6,0,45,3,1.0,6,0,45,3,0.8,1.0,0.6666666666666666,1.0,1.0,0.8,0.9444444444444444
chb13,10,1,10,1,4,5,chb13_21.edf;chb13_60.edf,148,54,26,7,0,45,2,1.0,7,0,45,2,0.875,1.0,0.7777777777777778,1.0,1.0,0.875,0.9629629629629629
chb13,10,1,10,2,4,5,chb13_21.edf;chb13_60.edf,148,54,22,7,0,45,2,1.0,7,0,45,2,0.875,1.0,0.7777777777777778,1.0,1.0,0.875,0.9629629629629629
chb13,10,1,10,3,4,5,chb13_21.edf;chb13_60.edf,148,54,29,9,0,45,0,1.0,9,0,45,0,1.0,1.0,1.0,1.0,1.0,1.0,1.0
chb13,10,2,5,0,4,5,chb13_21.edf;chb13_60.edf,148,54,23,7,0,45,2,1.0,7,0,45,2,0.875,1.0,0.7777777777777778,1.0,1.0,0.875,0.9629629629629629
chb13,10,2,5,1,4,5,chb13_21.edf;chb13_60.edf,148,54,19,8,0,45,1,1.0,8,0,45,1,0.9411764705882353,1.0,0.8888888888888888,1.0,1.0,0.9411764705882353,0.9814814814814815
chb13,10,2,5,2,4,5,chb13_21.edf;chb13_60.edf,148,54,28,8,0,45,1,1.0,8,0,45,1,0.9411764705882353,1.0,0.8888888888888888,1.0,1.0,0.9411764705882353,0.9814814814814815
chb13,10,2,5,3,4,5,chb13_21.edf;chb13_60.edf,148,54,16,9,0,45,0,1.0,9,0,45,0,1.0,1.0,1.0,1.0,1.0,1.0,1.0
chb14,10,1,10,0,0,5,chb14_06.edf,67,6,47,1,1,4,0,0.8,1,1,4,0,0.6666666666666666,0.8,1.0,0.8,0.5,0.6666666666666666,0.8333333333333334
chb14,10,1,10,1,0,5,chb14_06.edf,67,6,95,1,1,4,0,0.8,1,1,4,0,0.6666666666666666,0.8,1.0,0.8,0.5,0.6666666666666666,0.8333333333333334
chb14,10,1,10,2,0,5,chb14_06.edf,67,6,36,1,1,4,0,0.8,0,1,4,1,0.0,0.8,1.0,0.8,0.5,0.6666666666666666,0.8333333333333334
chb14,10,1,10,3,0,5,chb14_06.edf,67,6,40,1,1,4,0,0.8,1,1,4,0,0.6666666666666666,0.8,1.0,0.8,0.5,0.6666666666666666,0.8333333333333334
chb14,10,2,5,0,0,5,chb14_06.edf,67,6,64,1,1,4,0,0.8,1,1,4,0,0.6666666666666666,0.8,1.0,0.8,0.5,0.6666666666666666,0.8333333333333334
chb14,10,2,5,1,0,5,chb14_06.edf,67,6,95,1,1,4,0,0.8,1,1,4,0,0.6666666666666666,0.8,1.0,0.8,0.5,0.6666666666666666,0.8333333333333334
chb14,10,2,5,2,0,5,chb14_06.edf,67,6,36,1,1,4,0,0.8,1,1,4,0,0.6666666666666666,0.8,1.0,0.8,0.5,0.6666666666666666,0.8333333333333334
chb14,10,2,5,3,0,5,chb14_06.edf,67,6,67,1,1,4,0,0.8,1,1,4,0,0.6666666666666666,0.8,1.0,0.8,0.5,0.6666666666666666,0.8333333333333334
chb14,10,1,10,0,1,5,chb14_11.edf,52,24,37,2,0,20,2,1.0,2,0,20,2,0.6666666666666666,1.0,0.5,1.0,1.0,0.6666666666666666,0.9166666666666666
chb14,10,1,10,1,1,5,chb14_11.edf,52,24,53,2,0,20,2,1.0,3,0,20,1,0.8571428571428571,1.0,0.5,1.0,1.0,0.6666666666666666,0.9166666666666666
chb14,10,1,10,2,1,5,chb14_11.edf,52,24,78,2,0,20,2,1.0,2,0,20,2,0.6666666666666666,1.0,0.5,1.0,1.0,0.6666666666666666,0.9166666666666666
chb14,10,1,10,3,1,5,chb14_11.edf,52,24,61,1,0,20,3,1.0,2,0,20,2,0.6666666666666666,1.0,0.25,1.0,1.0,0.4,0.875
chb14,10,2,5,0,1,5,chb14_11.edf,52,24,85,1,0,20,3,1.0,1,0,20,3,0.4,1.0,0.25,1.0,1.0,0.4,0.875
chb14,10,2,5,1,1,5,chb14_11.edf,52,24,99,2,0,20,2,1.0,2,0,20,2,0.6666666666666666,1.0,0.5,1.0,1.0,0.6666666666666666,0.9166666666666666
chb14,10,2,5,2,1,5,chb14_11.edf,52,24,88,1,0,20,3,1.0,1,0,20,3,0.4,1.0,0.25,1.0,1.0,0.4,0.875
chb14,10,2,5,3,1,5,chb14_11.edf,52,24,62,2,0,20,2,1.0,2,0,20,2,0.6666666666666666,1.0,0.5,1.0,1.0,0.6666666666666666,0.9166666666666666
chb14,10,1,10,0,2,5,chb14_17.edf;chb14_18.edf,52,24,80,4,0,20,0,1.0,4,0,20,0,1.0,1.0,1.0,1.0,1.0,1.0,1.0
chb14,10,1,10,1,2,5,chb14_17.edf;chb14_18.edf,52,24,92,4,2,18,0,1.0,4,2,18,0,0.8,1.0,1.0,0.9,0.6666666666666666,0.8,0.9166666666666666
chb14,10,1,10,2,2,5,chb14_17.edf;chb14_18.edf,52,24,99,4,0,20,0,1.0,4,0,20,0,1.0,1.0,1.0,1.0,1.0,1.0,1.0
chb14,10,1,10,3,2,5,chb14_17.edf;chb14_18.edf,52,24,49,4,1,19,0,1.0,4,0,20,0,1.0,1.0,1.0,0.95,0.8,0.8888888888888888,0.9583333333333334
chb14,10,2,5,0,2,5,chb14_17.edf;chb14_18.edf,52,24,97,4,0,20,0,1.0,4,0,20,0,1.0,1.0,1.0,1.0,1.0,1.0,1.0
chb14,10,2,5,1,2,5,chb14_17.edf;chb14_18.edf,52,24,67,4,1,19,0,1.0,4,1,19,0,0.8888888888888888,1.0,1.0,0.95,0.8,0.8888888888888888,0.9583333333333334
chb14,10,2,5,2,2,5,chb14_17.edf;chb14_18.edf,52,24,61,4,1,19,0,1.0,4,1,19,0,0.8888888888888888,1.0,1.0,0.95,0.8,0.8888888888888888,0.9583333333333334
chb14,10,2,5,3,2,5,chb14_17.edf;chb14_18.edf,52,24,53,4,0,20,0,1.0,4,1,19,0,0.8888888888888888,1.0,1.0,1.0,1.0,1.0,1.0
chb14,10,1,10,0,3,5,chb14_27.edf,67,6,61,1,0,5,0,1.0,1,0,5,0,1.0,1.0,1.0,1.0,1.0,1.0,1.0
chb14,10,1,10,1,3,5,chb14_27.edf,67,6,62,1,0,5,0,1.0,1,0,5,0,1.0,1.0,1.0,1.0,1.0,1.0,1.0
chb14,10,1,10,2,3,5,chb14_27.edf,67,6,60,1,0,5,0,1.0,1,0,5,0,1.0,1.0,1.0,1.0,1.0,1.0,1.0
chb14,10,1,10,3,3,5,chb14_27.edf,67,6,80,1,0,5,0,1.0,1,0,5,0,1.0,1.0,1.0,1.0,1.0,1.0,1.0
chb14,10,2,5,0,3,5,chb14_27.edf,67,6,99,1,0,5,0,1.0,1,0,5,0,1.0,1.0,1.0,1.0,1.0,1.0,1.0
chb14,10,2,5,1,3,5,chb14_27.edf,67,6,77,1,0,5,0,1.0,1,0,5,0,1.0,1.0,1.0,1.0,1.0,1.0,1.0
chb14,10,2,5,2,3,5,chb14_27.edf,67,6,59,1,0,5,0,1.0,1,0,5,0,1.0,1.0,1.0,1.0,1.0,1.0,1.0
chb14,10,2,5,3,3,5,chb14_27.edf,67,6,96,1,0,5,0,1.0,1,0,5,0,1.0,1.0,1.0,1.0,1.0,1.0,1.0
chb14,10,1,10,0,4,5,chb14_03.edf;chb14_04.edf,48,30,63,5,0,25,0,1.0,5,0,25,0,1.0,1.0,1.0,1.0,1.0,1.0,1.0
chb14,10,1,10,1,4,5,chb14_03.edf;chb14_04.edf,48,30,33,5,0,25,0,1.0,5,0,25,0,1.0,1.0,1.0,1.0,1.0,1.0,1.0
chb14,10,1,10,2,4,5,chb14_03.edf;chb14_04.edf,48,30,20,5,0,25,0,1.0,5,0,25,0,1.0,1.0,1.0,1.0,1.0,1.0,1.0
chb14,10,1,10,3,4,5,chb14_03.edf;chb14_04.edf,48,30,20,5,0,25,0,1.0,5,0,25,0,1.0,1.0,1.0,1.0,1.0,1.0,1.0
chb14,10,2,5,0,4,5,chb14_03.edf;chb14_04.edf,48,30,35,5,0,25,0,1.0,5,0,25,0,1.0,1.0,1.0,1.0,1.0,1.0,1.0
chb14,10,2,5,1,4,5,chb14_03.edf;chb14_04.edf,48,30,34,5,0,25,0,1.0,5,0,25,0,1.0,1.0,1.0,1.0,1.0,1.0,1.0
chb14,10,2,5,2,4,5,chb14_03.edf;chb14_04.edf,48,30,20,5,0,25,0,1.0,5,0,25,0,1.0,1.0,1.0,1.0,1.0,1.0,1.0
chb14,10,2,5,3,4,5,chb14_03.edf;chb14_04.edf,48,30,22,5,0,25,0,1.0,5,0,25,0,1.0,1.0,1.0,1.0,1.0,1.0,1.0
chb15,10,1,10,0,0,5,chb15_62.edf,873,60,58,10,0,50,0,1.0,10,0,50,0,1.0,1.0,1.0,1.0,1.0,1.0,1.0
chb15,10,1,10,1,0,5,chb15_62.edf,873,60,56,10,0,50,0,1.0,10,0,50,0,1.0,1.0,1.0,1.0,1.0,1.0,1.0
chb15,10,1,10,2,0,5,chb15_62.edf,873,60,37,10,0,50,0,1.0,10,0,50,0,1.0,1.0,1.0,1.0,1.0,1.0,1.0
chb15,10,1,10,3,0,5,chb15_62.edf,873,60,46,10,0,50,0,1.0,10,0,50,0,1.0,1.0,1.0,1.0,1.0,1.0,1.0
chb15,10,2,5,0,0,5,chb15_62.edf,873,60,69,10,0,50,0,1.0,10,0,50,0,1.0,1.0,1.0,1.0,1.0,1.0,1.0
chb15,10,2,5,1,0,5,chb15_62.edf,873,60,76,10,0,50,0,1.0,10,0,50,0,1.0,1.0,1.0,1.0,1.0,1.0,1.0
chb15,10,2,5,2,0,5,chb15_62.edf,873,60,31,10,0,50,0,1.0,10,0,50,0,1.0,1.0,1.0,1.0,1.0,1.0,1.0
chb15,10,2,5,3,0,5,chb15_62.edf,873,60,44,10,0,50,0,1.0,10,0,50,0,1.0,1.0,1.0,1.0,1.0,1.0,1.0
chb15,10,1,10,0,1,5,chb15_06.edf;chb15_22.edf;chb15_31.edf;chb15_49.edf,643,348,95,54,0,290,4,0.999167657550535,54,0,290,4,0.9642857142857143,0.999167657550535,0.9310344827586207,1.0,1.0,0.9642857142857143,0.9885057471264368
chb15,10,1,10,1,1,5,chb15_06.edf;chb15_22.edf;chb15_31.edf;chb15_49.edf,643,348,67,56,1,289,2,0.9996432818073722,57,1,289,1,0.9827586206896551,0.9994649227110582,0.9655172413793104,0.996551724137931,0.9824561403508771,0.9739130434782609,0.9913793103448276
chb15,10,1,10,2,1,5,chb15_06.edf;chb15_22.edf;chb15_31.edf;chb15_49.edf,643,348,93,54,1,289,4,0.9989892984542211,55,1,289,3,0.9649122807017544,0.999167657550535,0.9310344827586207,0.996551724137931,0.9818181818181818,0.9557522123893806,0.985632183908046
chb15,10,1,10,3,1,5,chb15_06.edf;chb15_22.edf;chb15_31.edf;chb15_49.edf,643,348,73,54,1,289,4,0.9984542211652794,54,2,288,4,0.9473684210526315,0.9987514863258026,0.9310344827586207,0.996551724137931,0.9818181818181818,0.9557522123893806,0.985632183908046
chb15,10,2,5,0,1,5,chb15_06.edf;chb15_22.edf;chb15_31.edf;chb15_49.edf,643,348,96,55,2,288,3,0.999167657550535,55,2,288,3,0.9565217391304348,0.999167657550535,0.9482758620689655,0.993103448275862,0.9649122807017544,0.9565217391304348,0.985632183908046
chb15,10,2,5,1,1,5,chb15_06.edf;chb15_22.edf;chb15_31.edf;chb15_49.edf,643,348,96,54,1,289,4,0.999167657550535,55,1,289,3,0.9649122807017544,0.9992271105826397,0.9310344827586207,0.996551724137931,0.9818181818181818,0.9557522123893806,0.985632183908046
chb15,10,2,5,2,1,5,chb15_06.edf;chb15_22.edf;chb15_31.edf;chb15_49.edf,643,348,26,54,4,286,4,0.9928061831153389,54,5,285,4,0.9230769230769231,0.9948275862068966,0.9310344827586207,0.9862068965517241,0.9310344827586207,0.9310344827586207,0.9770114942528736
chb15,10,2,5,3,1,5,chb15_06.edf;chb15_22.edf;chb15_31.edf;chb15_49.edf,643,348,70,54,1,289,4,0.9984542211652794,54,1,289,4,0.9557522123893806,0.9985731272294887,0.9310344827586207,0.996551724137931,0.9818181818181818,0.9557522123893806,0.985632183908046
chb15,10,1,10,0,2,5,chb15_15.edf;chb15_52.edf;chb15_54.edf,628,366,69,57,4,301,4,0.996076323568933,57,4,301,4,0.9344262295081968,0.996076323568933,0.9344262295081968,0.9868852459016394,0.9344262295081968,0.9344262295081968,0.9781420765027322
chb15,10,1,10,1,2,5,chb15_15.edf;chb15_52.edf;chb15_54.edf,628,366,36,57,3,302,4,0.9962375705455523,57,4,301,4,0.9344262295081968,0.9958075786079011,0.9344262295081968,0.9901639344262295,0.95,0.9421487603305785,0.9808743169398907
chb15,10,1,10,2,2,5,chb15_15.edf;chb15_52.edf;chb15_54.edf,628,366,22,57,2,303,4,0.9968288094598227,56,1,304,5,0.9491525423728814,0.9947863477559795,0.9344262295081968,0.9934426229508196,0.9661016949152542,0.95,0.9836065573770492
chb15,10,1,10,3,2,5,chb15_15.edf;chb15_52.edf;chb15_54.edf,628,366,33,56,2,303,5,0.9958075786079011,55,2,303,6,0.9322033898305084,0.9962375705455522,0.9180327868852459,0.9934426229508196,0.9655172413793104,0.9411764705882353,0.9808743169398907
chb15,10,2,5,0,2,5,chb15_15.edf;chb15_52.edf;chb15_54.edf,628,366,80,57,2,303,4,0.9967213114754098,57,2,303,4,0.95,0.9967213114754098,0.9344262295081968,0.9934426229508196,0.9661016949152542,0.95,0.9836065573770492
chb15,10,2,5,1,2,5,chb15_15.edf;chb15_52.edf;chb15_54.edf,628,366,24,57,4,301,4,0.9950013437248051,57,4,301,4,0.9344262295081968,0.9944101048105348,0.9344262295081968,0.9868852459016394,0.9344262295081968,0.9344262295081968,0.9781420765027322
chb15,10,2,5,2,2,5,chb15_15.edf;chb15_52.edf;chb15_54.edf,628,366,40,57,5,300,4,0.9959150765923139,57,4,301,4,0.9344262295081968,0.9953775866702499,0.9344262295081968,0.9836065573770492,0.9193548387096774,0.926829268292683,0.9754098360655737
chb15,10,2,5,3,2,5,chb15_15.edf;chb15_52.edf;chb15_54.edf,628,366,24,57,2,303,4,0.9933888739586133,57,3,302,4,0.9421487603305785,0.991453910239183,0.9344262295081968,0.9934426229508196,0.9661016949152542,0.95,0.9836065573770492
chb15,10,1,10,0,3,5,chb15_10.edf;chb15_17.edf;chb15_40.edf,782,174,73,26,0,145,3,1.0,26,0,145,3,0.9454545454545454,1.0,0.896551724137931,1.0,1.0,0.9454545454545454,0.9827586206896551
chb15,10,1,10,1,3,5,chb15_10.edf;chb15_17.edf;chb15_40.edf,782,174,49,29,0,145,0,1.0,29,0,145,0,1.0,1.0,1.0,1.0,1.0,1.0,1.0
chb15,10,1,10,2,3,5,chb15_10.edf;chb15_17.edf;chb15_40.edf,782,174,32,26,0,145,3,0.9997621878715814,27,0,145,2,0.9642857142857143,1.0,0.896551724137931,1.0,1.0,0.9454545454545454,0.9827586206896551
chb15,10,1,10,3,3,5,chb15_10.edf;chb15_17.edf;chb15_40.edf,782,174,36,27,1,144,2,0.9995243757431629,27,1,144,2,0.9473684210526315,0.9995243757431629,0.9310344827586207,0.993103448275862,0.9642857142857143,0.9473684210526315,0.9827586206896551
chb15,10,2,5,0,3,5,chb15_10.edf;chb15_17.edf;chb15_40.edf,782,174,96,26,0,145,3,1.0,26,0,145,3,0.9454545454545454,1.0,0.896551724137931,1.0,1.0,0.9454545454545454,0.9827586206896551
chb15,10,2,5,1,3,5,chb15_10.edf;chb15_17.edf;chb15_40.edf,782,174,25,28,0,145,1,1.0,27,0,145,2,0.9642857142857143,1.0,0.9655172413793104,1.0,1.0,0.9824561403508771,0.9942528735632183
chb15,10,2,5,2,3,5,chb15_10.edf;chb15_17.edf;chb15_40.edf,782,174,34,26,0,145,3,1.0,26,0,145,3,0.9454545454545454,1.0,0.896551724137931,1.0,1.0,0.9454545454545454,0.9827586206896551
chb15,10,2,5,3,3,5,chb15_10.edf;chb15_17.edf;chb15_40.edf,782,174,53,28,0,145,1,1.0,29,0,145,0,1.0,1.0,0.9655172413793104,1.0,1.0,0.9824561403508771,0.9942528735632183
chb15,10,1,10,0,4,5,chb15_20.edf;chb15_28.edf;chb15_46.edf,758,204,99,32,0,170,2,0.9993079584775086,32,0,170,2,0.9696969696969697,0.9993079584775086,0.9411764705882353,1.0,1.0,0.9696969696969697,0.9901960784313726
chb15,10,1,10,1,4,5,chb15_20.edf;chb15_28.edf;chb15_46.edf,758,204,40,31,2,168,3,0.9980968858131488,32,2,168,2,0.9411764705882353,0.9980968858131488,0.9117647058823529,0.9882352941176471,0.9393939393939394,0.9253731343283582,0.9754901960784313
chb15,10,1,10,2,4,5,chb15_20.edf;chb15_28.edf;chb15_46.edf,758,204,42,31,2,168,3,0.9953287197231834,31,2,168,3,0.9253731343283582,0.995847750865052,0.9117647058823529,0.9882352941176471,0.9393939393939394,0.9253731343283582,0.9754901960784313
chb15,10,1,10,3,4,5,chb15_20.edf;chb15_28.edf;chb15_46.edf,758,204,24,31,4,166,3,0.9929065743944636,32,2,168,2,0.9411764705882353,0.9944636678200692,0.9117647058823529,0.9764705882352941,0.8857142857142857,0.8985507246376812,0.9656862745098039
chb15,10,2,5,0,4,5,chb15_20.edf;chb15_28.edf;chb15_46.edf,758,204,73,32,1,169,2,0.9982698961937716,32,1,169,2,0.9552238805970149,0.9982698961937716,0.9411764705882353,0.9941176470588236,0.9696969696969697,0.9552238805970149,0.9852941176470589
chb15,10,2,5,1,4,5,chb15_20.edf;chb15_28.edf;chb15_46.edf,758,204,48,31,2,168,3,0.9965397923875432,31,2,168,3,0.9253731343283582,0.9958477508650518,0.9117647058823529,0.9882352941176471,0.9393939393939394,0.9253731343283582,0.9754901960784313
chb15,10,2,5,2,4,5,chb15_20.edf;chb15_28.edf;chb15_46.edf,758,204,48,31,3,167,3,0.9942906574394463,31,2,168,3,0.9253731343283582,0.9951557093425606,0.9117647058823529,0.9823529411764705,0.9117647058823529,0.9117647058823529,0.9705882352941176
chb15,10,2,5,3,4,5,chb15_20.edf;chb15_28.edf;chb15_46.edf,758,204,35,31,1,169,3,0.9955017301038062,31,1,169,3,0.9393939393939394,0.9953287197231835,0.9117647058823529,0.9941176470588236,0.96875,0.9393939393939394,0.9803921568627451
chb17,10,1,10,0,0,3,chb17a_03.edf,91,54,75,9,0,45,0,1.0,9,0,45,0,1.0,1.0,1.0,1.0,1.0,1.0,1.0
chb17,10,1,10,1,0,3,chb17a_03.edf,91,54,48,9,0,45,0,1.0,9,0,45,0,1.0,1.0,1.0,1.0,1.0,1.0,1.0
chb17,10,1,10,2,0,3,chb17a_03.edf,91,54,43,9,0,45,0,1.0,9,0,45,0,1.0,1.0,1.0,1.0,1.0,1.0,1.0
chb17,10,1,10,3,0,3,chb17a_03.edf,91,54,37,8,0,45,1,1.0,9,0,45,0,1.0,1.0,0.8888888888888888,1.0,1.0,0.9411764705882353,0.9814814814814815
chb17,10,2,5,0,0,3,chb17a_03.edf,91,54,72,9,0,45,0,1.0,9,0,45,0,1.0,1.0,1.0,1.0,1.0,1.0,1.0
chb17,10,2,5,1,0,3,chb17a_03.edf,91,54,52,9,0,45,0,1.0,9,0,45,0,1.0,1.0,1.0,1.0,1.0,1.0,1.0
chb17,10,2,5,2,0,3,chb17a_03.edf,91,54,34,9,0,45,0,1.0,9,0,45,0,1.0,1.0,1.0,1.0,1.0,1.0,1.0
chb17,10,2,5,3,0,3,chb17a_03.edf,91,54,30,8,0,45,1,1.0,8,0,45,1,0.9411764705882353,1.0,0.8888888888888888,1.0,1.0,0.9411764705882353,0.9814814814814815
chb17,10,1,10,0,1,3,chb17a_04.edf,81,66,99,10,0,55,1,1.0,10,0,55,1,0.9523809523809523,1.0,0.9090909090909091,1.0,1.0,0.9523809523809523,0.9848484848484849
chb17,10,1,10,1,1,3,chb17a_04.edf,81,66,97,11,0,55,0,1.0,11,0,55,0,1.0,1.0,1.0,1.0,1.0,1.0,1.0
chb17,10,1,10,2,1,3,chb17a_04.edf,81,66,34,10,0,55,1,1.0,10,0,55,1,0.9523809523809523,1.0,0.9090909090909091,1.0,1.0,0.9523809523809523,0.9848484848484849
chb17,10,1,10,3,1,3,chb17a_04.edf,81,66,99,11,0,55,0,1.0,11,0,55,0,1.0,1.0,1.0,1.0,1.0,1.0,1.0
chb17,10,2,5,0,1,3,chb17a_04.edf,81,66,99,11,0,55,0,1.0,11,0,55,0,1.0,1.0,1.0,1.0,1.0,1.0,1.0
chb17,10,2,5,1,1,3,chb17a_04.edf,81,66,97,11,0,55,0,1.0,11,0,55,0,1.0,1.0,1.0,1.0,1.0,1.0,1.0
chb17,10,2,5,2,1,3,chb17a_04.edf,81,66,34,10,0,55,1,1.0,10,0,55,1,0.9523809523809523,1.0,0.9090909090909091,1.0,1.0,0.9523809523809523,0.9848484848484849
chb17,10,2,5,3,1,3,chb17a_04.edf,81,66,99,11,0,55,0,1.0,11,0,55,0,1.0,1.0,1.0,1.0,1.0,1.0,1.0
chb17,10,1,10,0,2,3,chb17b_63.edf,96,48,97,6,0,40,2,1.0,6,0,40,2,0.8571428571428571,1.0,0.75,1.0,1.0,0.8571428571428571,0.9583333333333334
chb17,10,1,10,1,2,3,chb17b_63.edf,96,48,84,6,0,40,2,0.9812500000000001,4,0,40,4,0.6666666666666666,0.996875,0.75,1.0,1.0,0.8571428571428571,0.9583333333333334
chb17,10,1,10,2,2,3,chb17b_63.edf,96,48,58,6,0,40,2,0.984375,6,0,40,2,0.8571428571428571,0.996875,0.75,1.0,1.0,0.8571428571428571,0.9583333333333334
chb17,10,1,10,3,2,3,chb17b_63.edf,96,48,70,6,0,40,2,0.990625,5,0,40,3,0.7692307692307693,0.990625,0.75,1.0,1.0,0.8571428571428571,0.9583333333333334
chb17,10,2,5,0,2,3,chb17b_63.edf,96,48,85,6,0,40,2,0.996875,6,0,40,2,0.8571428571428571,0.996875,0.75,1.0,1.0,0.8571428571428571,0.9583333333333334
chb17,10,2,5,1,2,3,chb17b_63.edf,96,48,97,6,0,40,2,0.978125,4,0,40,4,0.6666666666666666,0.984375,0.75,1.0,1.0,0.8571428571428571,0.9583333333333334
chb17,10,2,5,2,2,3,chb17b_63.edf,96,48,65,5,0,40,3,0.9906250000000001,5,0,40,3,0.7692307692307693,0.9875,0.625,1.0,1.0,0.7692307692307693,0.9375
chb17,10,2,5,3,2,3,chb17b_63.edf,96,48,60,6,0,40,2,0.9937499999999999,4,0,40,4,0.6666666666666666,0.9937499999999999,0.75,1.0,1.0,0.8571428571428571,0.9583333333333334
chb18,10,1,10,0,0,5,chb18_30.edf,124,18,93,1,0,15,2,0.7333333333333334,1,0,15,2,0.5,0.7333333333333334,0.3333333333333333,1.0,1.0,0.5,0.8888888888888888
chb18,10,1,10,1,0,5,chb18_30.edf,124,18,74,1,0,15,2,0.8444444444444444,1,0,15,2,0.5,0.9111111111111111,0.3333333333333333,1.0,1.0,0.5,0.8888888888888888
chb18,10,1,10,2,0,5,chb18_30.edf,124,18,96,1,0,15,2,0.8,1,0,15,2,0.5,0.8222222222222222,0.3333333333333333,1.0,1.0,0.5,0.8888888888888888
chb18,10,1,10,3,0,5,chb18_30.edf,124,18,54,1,0,15,2,0.7111111111111111,1,0,15,2,0.5,0.7555555555555555,0.3333333333333333,1.0,1.0,0.5,0.8888888888888888
chb18,10,2,5,0,0,5,chb18_30.edf,124,18,68,1,0,15,2,0.7777777777777777,1,0,15,2,0.5,0.7777777777777777,0.3333333333333333,1.0,1.0,0.5,0.8888888888888888
chb18,10,2,5,1,0,5,chb18_30.edf,124,18,98,1,0,15,2,0.8222222222222222,1,0,15,2,0.5,0.8,0.3333333333333333,1.0,1.0,0.5,0.8888888888888888
chb18,10,2,5,2,0,5,chb18_30.edf,124,18,99,1,0,15,2,0.8,1,0,15,2,0.5,0.8,0.3333333333333333,1.0,1.0,0.5,0.8888888888888888
chb18,10,2,5,3,0,5,chb18_30.edf,124,18,89,1,0,15,2,0.7333333333333333,1,0,15,2,0.5,0.8444444444444444,0.3333333333333333,1.0,1.0,0.5,0.8888888888888888
chb18,10,1,10,0,1,5,chb18_36.edf,120,24,55,4,3,17,0,1.0,4,3,17,0,0.7272727272727273,1.0,1.0,0.85,0.5714285714285714,0.7272727272727273,0.875
chb18,10,1,10,1,1,5,chb18_36.edf,120,24,80,4,3,17,0,0.9874999999999999,4,3,17,0,0.7272727272727273,0.9874999999999999,1.0,0.85,0.5714285714285714,0.7272727272727273,0.875
chb18,10,1,10,2,1,5,chb18_36.edf,120,24,83,4,3,17,0,1.0,4,3,17,0,0.7272727272727273,1.0,1.0,0.85,0.5714285714285714,0.7272727272727273,0.875
chb18,10,1,10,3,1,5,chb18_36.edf,120,24,52,4,5,15,0,1.0,4,4,16,0,0.6666666666666666,1.0,1.0,0.75,0.4444444444444444,0.6153846153846154,0.7916666666666666
chb18,10,2,5,0,1,5,chb18_36.edf,120,24,43,4,3,17,0,0.9874999999999999,4,3,17,0,0.7272727272727273,0.9874999999999999,1.0,0.85,0.5714285714285714,0.7272727272727273,0.875
chb18,10,2,5,1,1,5,chb18_36.edf,120,24,98,4,3,17,0,0.9874999999999999,4,3,17,0,0.7272727272727273,1.0,1.0,0.85,0.5714285714285714,0.7272727272727273,0.875
chb18,10,2,5,2,1,5,chb18_36.edf,120,24,33,4,4,16,0,1.0,4,4,16,0,0.6666666666666666,1.0,1.0,0.8,0.5,0.6666666666666666,0.8333333333333334
chb18,10,2,5,3,1,5,chb18_36.edf,120,24,28,4,4,16,0,1.0,4,4,16,0,0.6666666666666666,1.0,1.0,0.8,0.5,0.6666666666666666,0.8333333333333334
chb18,10,1,10,0,2,5,chb18_32.edf,115,30,77,5,0,25,0,1.0,5,0,25,0,1.0,1.0,1.0,1.0,1.0,1.0,1.0
chb18,10,1,10,1,2,5,chb18_32.edf,115,30,62,5,0,25,0,1.0,5,0,25,0,1.0,1.0,1.0,1.0,1.0,1.0,1.0
chb18,10,1,10,2,2,5,chb18_32.edf,115,30,67,5,0,25,0,1.0,5,0,25,0,1.0,1.0,1.0,1.0,1.0,1.0,1.0
chb18,10,1,10,3,2,5,chb18_32.edf,115,30,91,5,0,25,0,1.0,5,0,25,0,1.0,1.0,1.0,1.0,1.0,1.0,1.0
chb18,10,2,5,0,2,5,chb18_32.edf,115,30,61,5,0,25,0,1.0,5,0,25,0,1.0,1.0,1.0,1.0,1.0,1.0,1.0
chb18,10,2,5,1,2,5,chb18_32.edf,115,30,92,5,0,25,0,1.0,5,0,25,0,1.0,1.0,1.0,1.0,1.0,1.0,1.0
chb18,10,2,5,2,2,5,chb18_32.edf,115,30,95,5,0,25,0,1.0,5,0,25,0,1.0,1.0,1.0,1.0,1.0,1.0,1.0
chb18,10,2,5,3,2,5,chb18_32.edf,115,30,91,5,1,24,0,1.0,5,0,25,0,1.0,1.0,1.0,0.96,0.8333333333333334,0.9090909090909091,0.9666666666666667
chb18,10,1,10,0,3,5,chb18_35.edf,110,36,98,5,0,30,1,1.0,5,0,30,1,0.9090909090909091,1.0,0.8333333333333334,1.0,1.0,0.9090909090909091,0.9722222222222222
chb18,10,1,10,1,3,5,chb18_35.edf,110,36,55,4,0,30,2,1.0,4,0,30,2,0.8,1.0,0.6666666666666666,1.0,1.0,0.8,0.9444444444444444
chb18,10,1,10,2,3,5,chb18_35.edf,110,36,88,5,0,30,1,1.0,5,0,30,1,0.9090909090909091,1.0,0.8333333333333334,1.0,1.0,0.9090909090909091,0.9722222222222222
chb18,10,1,10,3,3,5,chb18_35.edf,110,36,96,3,0,30,3,1.0,4,0,30,2,0.8,1.0,0.5,1.0,1.0,0.6666666666666666,0.9166666666666666
chb18,10,2,5,0,3,5,chb18_35.edf,110,36,95,5,0,30,1,1.0,5,0,30,1,0.9090909090909091,1.0,0.8333333333333334,1.0,1.0,0.9090909090909091,0.9722222222222222
chb18,10,2,5,1,3,5,chb18_35.edf,110,36,55,3,0,30,3,1.0,3,0,30,3,0.6666666666666666,1.0,0.5,1.0,1.0,0.6666666666666666,0.9166666666666666
chb18,10,2,5,2,3,5,chb18_35.edf,110,36,30,3,0,30,3,1.0,3,0,30,3,0.6666666666666666,1.0,0.5,1.0,1.0,0.6666666666666666,0.9166666666666666
chb18,10,2,5,3,3,5,chb18_35.edf,110,36,99,3,0,30,3,1.0,3,0,30,3,0.6666666666666666,1.0,0.5,1.0,1.0,0.6666666666666666,0.9166666666666666
chb18,10,1,10,0,4,5,chb18_29.edf;chb18_31.edf,86,66,25,11,2,53,0,1.0,11,2,53,0,0.9166666666666666,1.0,1.0,0.9636363636363636,0.8461538461538461,0.9166666666666666,0.9696969696969697
chb18,10,1,10,1,4,5,chb18_29.edf;chb18_31.edf,86,66,24,11,2,53,0,1.0,11,2,53,0,0.9166666666666666,0.9983471074380165,1.0,0.9636363636363636,0.8461538461538461,0.9166666666666666,0.9696969696969697
chb18,10,1,10,2,4,5,chb18_29.edf;chb18_31.edf,86,66,29,11,1,54,0,0.9983471074380165,11,1,54,0,0.9565217391304348,0.9983471074380165,1.0,0.9818181818181818,0.9166666666666666,0.9565217391304348,0.9848484848484849
chb18,10,1,10,3,4,5,chb18_29.edf;chb18_31.edf,86,66,16,11,5,50,0,1.0,11,5,50,0,0.8148148148148148,1.0,1.0,0.9090909090909091,0.6875,0.8148148148148148,0.9242424242424242
chb18,10,2,5,0,4,5,chb18_29.edf;chb18_31.edf,86,66,55,11,1,54,0,0.9983471074380165,11,1,54,0,0.9565217391304348,0.9983471074380165,1.0,0.9818181818181818,0.9166666666666666,0.9565217391304348,0.9848484848484849
chb18,10,2,5,1,4,5,chb18_29.edf;chb18_31.edf,86,66,25,11,2,53,0,1.0,11,3,52,0,0.88,0.9983471074380165,1.0,0.9636363636363636,0.8461538461538461,0.9166666666666666,0.9696969696969697
chb18,10,2,5,2,4,5,chb18_29.edf;chb18_31.edf,86,66,34,11,1,54,0,0.9983471074380165,11,1,54,0,0.9565217391304348,0.9983471074380165,1.0,0.9818181818181818,0.9166666666666666,0.9565217391304348,0.9848484848484849
chb18,10,2,5,3,4,5,chb18_29.edf;chb18_31.edf,86,66,16,11,5,50,0,1.0,11,5,50,0,0.8148148148148148,0.9983471074380165,1.0,0.9090909090909091,0.6875,0.8148148148148148,0.9242424242424242
chb19,10,1,10,0,0,3,chb19_28.edf,72,42,99,5,1,34,2,0.9836734693877551,5,1,34,2,0.7692307692307693,0.9836734693877551,0.7142857142857143,0.9714285714285714,0.8333333333333334,0.7692307692307693,0.9285714285714286
chb19,10,1,10,1,0,3,chb19_28.edf,72,42,64,5,1,34,2,0.9836734693877551,5,0,35,2,0.8333333333333334,0.9836734693877551,0.7142857142857143,0.9714285714285714,0.8333333333333334,0.7692307692307693,0.9285714285714286
chb19,10,1,10,2,0,3,chb19_28.edf,72,42,69,5,1,34,2,0.9836734693877551,5,1,34,2,0.7692307692307693,0.9836734693877551,0.7142857142857143,0.9714285714285714,0.8333333333333334,0.7692307692307693,0.9285714285714286
chb19,10,1,10,3,0,3,chb19_28.edf,72,42,66,5,1,34,2,0.9877551020408163,5,0,35,2,0.8333333333333334,0.9918367346938776,0.7142857142857143,0.9714285714285714,0.8333333333333334,0.7692307692307693,0.9285714285714286
chb19,10,2,5,0,0,3,chb19_28.edf,72,42,99,5,1,34,2,0.9877551020408163,5,1,34,2,0.7692307692307693,0.9877551020408163,0.7142857142857143,0.9714285714285714,0.8333333333333334,0.7692307692307693,0.9285714285714286
chb19,10,2,5,1,0,3,chb19_28.edf,72,42,63,5,1,34,2,0.9795918367346939,5,1,34,2,0.7692307692307693,0.9836734693877551,0.7142857142857143,0.9714285714285714,0.8333333333333334,0.7692307692307693,0.9285714285714286
chb19,10,2,5,2,0,3,chb19_28.edf,72,42,53,5,1,34,2,0.9877551020408163,6,1,34,1,0.8571428571428571,0.9918367346938776,0.7142857142857143,0.9714285714285714,0.8333333333333334,0.7692307692307693,0.9285714285714286
chb19,10,2,5,3,0,3,chb19_28.edf,72,42,66,6,1,34,1,0.9836734693877551,5,1,34,2,0.7692307692307693,0.9795918367346939,0.8571428571428571,0.9714285714285714,0.8571428571428571,0.8571428571428571,0.9523809523809523
chb19,10,1,10,0,1,3,chb19_29.edf,72,42,31,7,0,35,0,1.0,7,0,35,0,1.0,1.0,1.0,1.0,1.0,1.0,1.0
chb19,10,1,10,1,1,3,chb19_29.edf,72,42,28,7,1,34,0,1.0,7,0,35,0,1.0,1.0,1.0,0.9714285714285714,0.875,0.9333333333333333,0.9761904761904762
chb19,10,1,10,2,1,3,chb19_29.edf,72,42,23,7,0,35,0,1.0,7,0,35,0,1.0,1.0,1.0,1.0,1.0,1.0,1.0
chb19,10,1,10,3,1,3,chb19_29.edf,72,42,22,7,2,33,0,1.0,7,1,34,0,0.9333333333333333,1.0,1.0,0.9428571428571428,0.7777777777777778,0.875,0.9523809523809523
chb19,10,2,5,0,1,3,chb19_29.edf,72,42,31,7,1,34,0,1.0,7,1,34,0,0.9333333333333333,1.0,1.0,0.9714285714285714,0.875,0.9333333333333333,0.9761904761904762
chb19,10,2,5,1,1,3,chb19_29.edf,72,42,28,7,1,34,0,1.0,7,2,33,0,0.875,1.0,1.0,0.9714285714285714,0.875,0.9333333333333333,0.9761904761904762
chb19,10,2,5,2,1,3,chb19_29.edf,72,42,22,7,1,34,0,1.0,7,0,35,0,1.0,1.0,1.0,0.9714285714285714,0.875,0.9333333333333333,0.9761904761904762
chb19,10,2,5,3,1,3,chb19_29.edf,72,42,23,7,3,32,0,1.0,7,3,32,0,0.8235294117647058,1.0,1.0,0.9142857142857143,0.7,0.8235294117647058,0.9285714285714286
chb19,10,1,10,0,2,3,chb19_30.edf,67,48,60,7,2,38,1,0.965625,7,2,38,1,0.8235294117647058,0.965625,0.875,0.95,0.7777777777777778,0.8235294117647058,0.9375
chb19,10,1,10,1,2,3,chb19_30.edf,67,48,66,7,2,38,1,0.96875,7,2,38,1,0.8235294117647058,0.96875,0.875,0.95,0.7777777777777778,0.8235294117647058,0.9375
chb19,10,1,10,2,2,3,chb19_30.edf,67,48,72,6,2,38,2,0.96875,6,2,38,2,0.75,0.96875,0.75,0.95,0.75,0.75,0.9166666666666666
chb19,10,1,10,3,2,3,chb19_30.edf,67,48,42,6,1,39,2,0.9656250000000001,6,1,39,2,0.8,0.9656250000000001,0.75,0.975,0.8571428571428571,0.8,0.9375
chb19,10,2,5,0,2,3,chb19_30.edf,67,48,70,8,2,38,0,0.965625,8,2,38,0,0.8888888888888888,0.965625,1.0,0.95,0.8,0.8888888888888888,0.9583333333333334
chb19,10,2,5,1,2,3,chb19_30.edf,67,48,70,6,2,38,2,0.96875,6,1,39,2,0.8,0.96875,0.75,0.95,0.75,0.75,0.9166666666666666
chb19,10,2,5,2,2,3,chb19_30.edf,67,48,68,6,2,38,2,0.96875,6,2,38,2,0.75,0.96875,0.75,0.95,0.75,0.75,0.9166666666666666
chb19,10,2,5,3,2,3,chb19_30.edf,67,48,42,6,2,38,2,0.9656250000000001,6,1,39,2,0.8,0.9625,0.75,0.95,0.75,0.75,0.9166666666666666
chb20,10,1,10,0,0,5,chb20_15.edf,81,42,44,7,0,35,0,1.0,7,0,35,0,1.0,1.0,1.0,1.0,1.0,1.0,1.0
chb20,10,1,10,1,0,5,chb20_15.edf,81,42,34,7,0,35,0,1.0,7,0,35,0,1.0,1.0,1.0,1.0,1.0,1.0,1.0
chb20,10,1,10,2,0,5,chb20_15.edf,81,42,51,5,0,35,2,1.0,5,0,35,2,0.8333333333333334,1.0,0.7142857142857143,1.0,1.0,0.8333333333333334,0.9523809523809523
chb20,10,1,10,3,0,5,chb20_15.edf,81,42,41,6,0,35,1,1.0,6,0,35,1,0.9230769230769231,1.0,0.8571428571428571,1.0,1.0,0.9230769230769231,0.9761904761904762
chb20,10,2,5,0,0,5,chb20_15.edf,81,42,49,7,0,35,0,1.0,7,0,35,0,1.0,1.0,1.0,1.0,1.0,1.0,1.0
chb20,10,2,5,1,0,5,chb20_15.edf,81,42,37,6,0,35,1,1.0,5,0,35,2,0.8333333333333334,1.0,0.8571428571428571,1.0,1.0,0.9230769230769231,0.9761904761904762
chb20,10,2,5,2,0,5,chb20_15.edf,81,42,73,5,0,35,2,1.0,5,0,35,2,0.8333333333333334,1.0,0.7142857142857143,1.0,1.0,0.8333333333333334,0.9523809523809523
chb20,10,2,5,3,0,5,chb20_15.edf,81,42,99,5,0,35,2,1.0,5,0,35,2,0.8333333333333334,1.0,0.7142857142857143,1.0,1.0,0.8333333333333334,0.9523809523809523
chb20,10,1,10,0,1,5,chb20_14.edf,100,18,38,3,0,15,0,1.0,3,0,15,0,1.0,1.0,1.0,1.0,1.0,1.0,1.0
chb20,10,1,10,1,1,5,chb20_14.edf,100,18,30,3,0,15,0,1.0,3,0,15,0,1.0,1.0,1.0,1.0,1.0,1.0,1.0
chb20,10,1,10,2,1,5,chb20_14.edf,100,18,18,3,0,15,0,1.0,3,0,15,0,1.0,1.0,1.0,1.0,1.0,1.0,1.0
chb20,10,1,10,3,1,5,chb20_14.edf,100,18,32,3,0,15,0,1.0,3,0,15,0,1.0,1.0,1.0,1.0,1.0,1.0,1.0
chb20,10,2,5,0,1,5,chb20_14.edf,100,18,39,3,0,15,0,1.0,3,0,15,0,1.0,1.0,1.0,1.0,1.0,1.0,1.0
chb20,10,2,5,1,1,5,chb20_14.edf,100,18,30,3,0,15,0,1.0,3,0,15,0,1.0,1.0,1.0,1.0,1.0,1.0,1.0
chb20,10,2,5,2,1,5,chb20_14.edf,100,18,42,3,0,15,0,1.0,3,0,15,0,1.0,1.0,1.0,1.0,1.0,1.0,1.0
chb20,10,2,5,3,1,5,chb20_14.edf,100,18,35,3,0,15,0,1.0,3,0,15,0,1.0,1.0,1.0,1.0,1.0,1.0,1.0
chb20,10,1,10,0,2,5,chb20_12.edf;chb20_16.edf,91,30,64,5,3,22,0,1.0,5,3,22,0,0.7692307692307693,1.0,1.0,0.88,0.625,0.7692307692307693,0.9
chb20,10,1,10,1,2,5,chb20_12.edf;chb20_16.edf,91,30,48,5,3,22,0,1.0,5,3,22,0,0.7692307692307693,1.0,1.0,0.88,0.625,0.7692307692307693,0.9
chb20,10,1,10,2,2,5,chb20_12.edf;chb20_16.edf,91,30,51,5,2,23,0,1.0,5,1,24,0,0.9090909090909091,1.0,1.0,0.92,0.7142857142857143,0.8333333333333334,0.9333333333333333
chb20,10,1,10,3,2,5,chb20_12.edf;chb20_16.edf,91,30,32,5,3,22,0,1.0,5,3,22,0,0.7692307692307693,1.0,1.0,0.88,0.625,0.7692307692307693,0.9
chb20,10,2,5,0,2,5,chb20_12.edf;chb20_16.edf,91,30,64,5,2,23,0,1.0,5,2,23,0,0.8333333333333334,1.0,1.0,0.92,0.7142857142857143,0.8333333333333334,0.9333333333333333
chb20,10,2,5,1,2,5,chb20_12.edf;chb20_16.edf,91,30,45,5,3,22,0,1.0,5,3,22,0,0.7692307692307693,1.0,1.0,0.88,0.625,0.7692307692307693,0.9
chb20,10,2,5,2,2,5,chb20_12.edf;chb20_16.edf,91,30,36,5,1,24,0,1.0,5,1,24,0,0.9090909090909091,1.0,1.0,0.96,0.8333333333333334,0.9090909090909091,0.9666666666666667
chb20,10,2,5,3,2,5,chb20_12.edf;chb20_16.edf,91,30,31,5,3,22,0,1.0,5,2,23,0,0.8333333333333334,1.0,1.0,0.88,0.625,0.7692307692307693,0.9
chb20,10,1,10,0,3,5,chb20_13.edf,86,36,99,6,1,29,0,1.0,6,1,29,0,0.9230769230769231,1.0,1.0,0.9666666666666667,0.8571428571428571,0.9230769230769231,0.9722222222222222
chb20,10,1,10,1,3,5,chb20_13.edf,86,36,97,6,1,29,0,1.0,6,1,29,0,0.9230769230769231,1.0,1.0,0.9666666666666667,0.8571428571428571,0.9230769230769231,0.9722222222222222
chb20,10,1,10,2,3,5,chb20_13.edf,86,36,94,6,1,29,0,1.0,6,1,29,0,0.9230769230769231,1.0,1.0,0.9666666666666667,0.8571428571428571,0.9230769230769231,0.9722222222222222
chb20,10,1,10,3,3,5,chb20_13.edf,86,36,51,6,1,29,0,1.0,6,1,29,0,0.9230769230769231,1.0,1.0,0.9666666666666667,0.8571428571428571,0.9230769230769231,0.9722222222222222
chb20,10,2,5,0,3,5,chb20_13.edf,86,36,81,6,1,29,0,1.0,6,1,29,0,0.9230769230769231,1.0,1.0,0.9666666666666667,0.8571428571428571,0.9230769230769231,0.9722222222222222
chb20,10,2,5,1,3,5,chb20_13.edf,86,36,99,6,1,29,0,1.0,6,1,29,0,0.9230769230769231,1.0,1.0,0.9666666666666667,0.8571428571428571,0.9230769230769231,0.9722222222222222
chb20,10,2,5,2,3,5,chb20_13.edf,86,36,99,6,1,29,0,1.0,6,1,29,0,0.9230769230769231,1.0,1.0,0.9666666666666667,0.8571428571428571,0.9230769230769231,0.9722222222222222
chb20,10,2,5,3,3,5,chb20_13.edf,86,36,63,6,1,29,0,1.0,6,1,29,0,0.9230769230769231,1.0,1.0,0.9666666666666667,0.8571428571428571,0.9230769230769231,0.9722222222222222
chb20,10,1,10,0,4,5,chb20_68.edf,100,18,55,1,1,14,2,0.9333333333333333,1,1,14,2,0.4,0.9333333333333333,0.3333333333333333,0.9333333333333333,0.5,0.4,0.8333333333333334
chb20,10,1,10,1,4,5,chb20_68.edf,100,18,99,1,1,14,2,0.9111111111111111,1,1,14,2,0.4,0.9111111111111111,0.3333333333333333,0.9333333333333333,0.5,0.4,0.8333333333333334
chb20,10,1,10,2,4,5,chb20_68.edf,100,18,66,0,1,14,3,0.888888888888889,1,1,14,2,0.4,0.888888888888889,0.0,0.9333333333333333,0.0,0.0,0.7777777777777778
chb20,10,1,10,3,4,5,chb20_68.edf,100,18,91,1,1,14,2,0.888888888888889,1,1,14,2,0.4,0.888888888888889,0.3333333333333333,0.9333333333333333,0.5,0.4,0.8333333333333334
chb20,10,2,5,0,4,5,chb20_68.edf,100,18,55,2,1,14,1,0.9555555555555556,2,1,14,1,0.6666666666666666,0.9555555555555556,0.6666666666666666,0.9333333333333333,0.6666666666666666,0.6666666666666666,0.8888888888888888
chb20,10,2,5,1,4,5,chb20_68.edf,100,18,99,1,1,14,2,0.9333333333333333,1,1,14,2,0.4,0.9333333333333333,0.3333333333333333,0.9333333333333333,0.5,0.4,0.8333333333333334
chb20,10,2,5,2,4,5,chb20_68.edf,100,18,66,2,1,14,1,0.9333333333333333,2,1,14,1,0.6666666666666666,0.9333333333333333,0.6666666666666666,0.9333333333333333,0.6666666666666666,0.6666666666666666,0.8888888888888888
chb20,10,2,5,3,4,5,chb20_68.edf,100,18,84,2,1,14,1,0.9333333333333333,2,1,14,1,0.6666666666666666,0.9111111111111111,0.6666666666666666,0.9333333333333333,0.6666666666666666,0.6666666666666666,0.8888888888888888
chb21,10,1,10,0,0,4,chb21_19.edf,67,30,67,4,0,25,1,1.0,4,0,25,1,0.8888888888888888,1.0,0.8,1.0,1.0,0.8888888888888888,0.9666666666666667
chb21,10,1,10,1,0,4,chb21_19.edf,67,30,89,5,0,25,0,1.0,5,0,25,0,1.0,1.0,1.0,1.0,1.0,1.0,1.0
chb21,10,1,10,2,0,4,chb21_19.edf,67,30,91,5,0,25,0,1.0,5,0,25,0,1.0,1.0,1.0,1.0,1.0,1.0,1.0
chb21,10,1,10,3,0,4,chb21_19.edf,67,30,71,4,0,25,1,1.0,4,0,25,1,0.8888888888888888,1.0,0.8,1.0,1.0,0.8888888888888888,0.9666666666666667
chb21,10,2,5,0,0,4,chb21_19.edf,67,30,99,5,0,25,0,1.0,5,0,25,0,1.0,1.0,1.0,1.0,1.0,1.0,1.0
chb21,10,2,5,1,0,4,chb21_19.edf,67,30,99,5,0,25,0,1.0,5,0,25,0,1.0,1.0,1.0,1.0,1.0,1.0,1.0
chb21,10,2,5,2,0,4,chb21_19.edf,67,30,92,4,0,25,1,1.0,4,0,25,1,0.8888888888888888,1.0,0.8,1.0,1.0,0.8888888888888888,0.9666666666666667
chb21,10,2,5,3,0,4,chb21_19.edf,67,30,71,4,0,25,1,1.0,4,0,25,1,0.8888888888888888,1.0,0.8,1.0,1.0,0.8888888888888888,0.9666666666666667
chb21,10,1,10,0,1,4,chb21_20.edf,67,30,91,5,0,25,0,1.0,5,0,25,0,1.0,1.0,1.0,1.0,1.0,1.0,1.0
chb21,10,1,10,1,1,4,chb21_20.edf,67,30,98,5,1,24,0,1.0,5,1,24,0,0.9090909090909091,1.0,1.0,0.96,0.8333333333333334,0.9090909090909091,0.9666666666666667
chb21,10,1,10,2,1,4,chb21_20.edf,67,30,81,5,4,21,0,1.0,5,4,21,0,0.7142857142857143,1.0,1.0,0.84,0.5555555555555556,0.7142857142857143,0.8666666666666667
chb21,10,1,10,3,1,4,chb21_20.edf,67,30,57,5,4,21,0,0.96,5,4,21,0,0.7142857142857143,0.984,1.0,0.84,0.5555555555555556,0.7142857142857143,0.8666666666666667
chb21,10,2,5,0,1,4,chb21_20.edf,67,30,91,5,4,21,0,1.0,5,4,21,0,0.7142857142857143,1.0,1.0,0.84,0.5555555555555556,0.7142857142857143,0.8666666666666667
chb21,10,2,5,1,1,4,chb21_20.edf,67,30,91,5,3,22,0,1.0,5,3,22,0,0.7692307692307693,1.0,1.0,0.88,0.625,0.7692307692307693,0.9
chb21,10,2,5,2,1,4,chb21_20.edf,67,30,64,4,3,22,1,0.968,4,4,21,1,0.6153846153846154,0.968,0.8,0.88,0.5714285714285714,0.6666666666666666,0.8666666666666667
chb21,10,2,5,3,1,4,chb21_20.edf,67,30,63,5,4,21,0,0.992,5,4,21,0,0.7142857142857143,1.0,1.0,0.84,0.5555555555555556,0.7142857142857143,0.8666666666666667
chb21,10,1,10,0,2,4,chb21_21.edf,52,48,48,7,0,40,1,1.0,7,0,40,1,0.9333333333333333,1.0,0.875,1.0,1.0,0.9333333333333333,0.9791666666666666
chb21,10,1,10,1,2,4,chb21_21.edf,52,48,39,8,1,39,0,0.996875,8,1,39,0,0.9411764705882353,0.996875,1.0,0.975,0.8888888888888888,0.9411764705882353,0.9791666666666666
chb21,10,1,10,2,2,4,chb21_21.edf,52,48,35,8,2,38,0,0.996875,8,2,38,0,0.8888888888888888,0.996875,1.0,0.95,0.8,0.8888888888888888,0.9583333333333334
chb21,10,1,10,3,2,4,chb21_21.edf,52,48,35,8,2,38,0,0.996875,8,2,38,0,0.8888888888888888,0.996875,1.0,0.95,0.8,0.8888888888888888,0.9583333333333334
chb21,10,2,5,0,2,4,chb21_21.edf,52,48,39,7,0,40,1,0.996875,7,0,40,1,0.9333333333333333,0.996875,0.875,1.0,1.0,0.9333333333333333,0.9791666666666666
chb21,10,2,5,1,2,4,chb21_21.edf,52,48,40,8,1,39,0,0.99375,8,1,39,0,0.9411764705882353,0.996875,1.0,0.975,0.8888888888888888,0.9411764705882353,0.9791666666666666
chb21,10,2,5,2,2,4,chb21_21.edf,52,48,30,8,4,36,0,0.996875,8,4,36,0,0.8,0.996875,1.0,0.9,0.6666666666666666,0.8,0.9166666666666666
chb21,10,2,5,3,2,4,chb21_21.edf,52,48,41,8,2,38,0,1.0,8,2,38,0,0.8888888888888888,1.0,1.0,0.95,0.8,0.8888888888888888,0.9583333333333334
chb21,10,1,10,0,3,4,chb21_22.edf,86,6,78,1,0,5,0,1.0,1,0,5,0,1.0,1.0,1.0,1.0,1.0,1.0,1.0
chb21,10,1,10,1,3,4,chb21_22.edf,86,6,45,1,0,5,0,1.0,1,0,5,0,1.0,1.0,1.0,1.0,1.0,1.0,1.0
chb21,10,1,10,2,3,4,chb21_22.edf,86,6,72,1,0,5,0,1.0,1,0,5,0,1.0,1.0,1.0,1.0,1.0,1.0,1.0
chb21,10,1,10,3,3,4,chb21_22.edf,86,6,40,1,0,5,0,1.0,1,0,5,0,1.0,1.0,1.0,1.0,1.0,1.0,1.0
chb21,10,2,5,0,3,4,chb21_22.edf,86,6,71,1,0,5,0,1.0,1,0,5,0,1.0,1.0,1.0,1.0,1.0,1.0,1.0
chb21,10,2,5,1,3,4,chb21_22.edf,86,6,51,1,0,5,0,1.0,1,0,5,0,1.0,1.0,1.0,1.0,1.0,1.0,1.0
chb21,10,2,5,2,3,4,chb21_22.edf,86,6,80,1,0,5,0,1.0,1,0,5,0,1.0,1.0,1.0,1.0,1.0,1.0,1.0
chb21,10,2,5,3,3,4,chb21_22.edf,86,6,98,1,0,5,0,1.0,1,0,5,0,1.0,1.0,1.0,1.0,1.0,1.0,1.0
chb22,10,1,10,0,0,3,chb22_20.edf,67,30,70,5,0,25,0,1.0,5,0,25,0,1.0,1.0,1.0,1.0,1.0,1.0,1.0
chb22,10,1,10,1,0,3,chb22_20.edf,67,30,89,5,0,25,0,1.0,5,0,25,0,1.0,1.0,1.0,1.0,1.0,1.0,1.0
chb22,10,1,10,2,0,3,chb22_20.edf,67,30,58,5,0,25,0,1.0,5,0,25,0,1.0,1.0,1.0,1.0,1.0,1.0,1.0
chb22,10,1,10,3,0,3,chb22_20.edf,67,30,81,5,0,25,0,1.0,5,0,25,0,1.0,1.0,1.0,1.0,1.0,1.0,1.0
chb22,10,2,5,0,0,3,chb22_20.edf,67,30,97,5,0,25,0,1.0,5,0,25,0,1.0,1.0,1.0,1.0,1.0,1.0,1.0
chb22,10,2,5,1,0,3,chb22_20.edf,67,30,94,5,0,25,0,1.0,5,0,25,0,1.0,1.0,1.0,1.0,1.0,1.0,1.0
chb22,10,2,5,2,0,3,chb22_20.edf,67,30,96,5,0,25,0,1.0,5,0,25,0,1.0,1.0,1.0,1.0,1.0,1.0,1.0
chb22,10,2,5,3,0,3,chb22_20.edf,67,30,85,5,0,25,0,1.0,5,0,25,0,1.0,1.0,1.0,1.0,1.0,1.0,1.0
chb22,10,1,10,0,1,3,chb22_25.edf,57,42,51,7,0,35,0,1.0,7,0,35,0,1.0,1.0,1.0,1.0,1.0,1.0,1.0
chb22,10,1,10,1,1,3,chb22_25.edf,57,42,63,7,0,35,0,1.0,7,0,35,0,1.0,1.0,1.0,1.0,1.0,1.0,1.0
chb22,10,1,10,2,1,3,chb22_25.edf,57,42,99,7,0,35,0,1.0,7,0,35,0,1.0,1.0,1.0,1.0,1.0,1.0,1.0
chb22,10,1,10,3,1,3,chb22_25.edf,57,42,65,7,0,35,0,1.0,7,0,35,0,1.0,1.0,1.0,1.0,1.0,1.0,1.0
chb22,10,2,5,0,1,3,chb22_25.edf,57,42,60,7,0,35,0,1.0,7,0,35,0,1.0,1.0,1.0,1.0,1.0,1.0,1.0
chb22,10,2,5,1,1,3,chb22_25.edf,57,42,71,7,0,35,0,1.0,7,0,35,0,1.0,1.0,1.0,1.0,1.0,1.0,1.0
chb22,10,2,5,2,1,3,chb22_25.edf,57,42,59,7,0,35,0,1.0,7,0,35,0,1.0,1.0,1.0,1.0,1.0,1.0,1.0
chb22,10,2,5,3,1,3,chb22_25.edf,57,42,69,6,0,35,1,1.0,6,0,35,1,0.9230769230769231,1.0,0.8571428571428571,1.0,1.0,0.9230769230769231,0.9761904761904762
chb22,10,1,10,0,2,3,chb22_38.edf,57,42,97,6,0,35,1,0.9959183673469387,6,0,35,1,0.9230769230769231,0.9959183673469387,0.8571428571428571,1.0,1.0,0.9230769230769231,0.9761904761904762
chb22,10,1,10,1,2,3,chb22_38.edf,57,42,96,6,0,35,1,0.9918367346938776,6,0,35,1,0.9230769230769231,0.9918367346938776,0.8571428571428571,1.0,1.0,0.9230769230769231,0.9761904761904762
chb22,10,1,10,2,2,3,chb22_38.edf,57,42,76,6,0,35,1,0.983673469387755,6,0,35,1,0.9230769230769231,0.983673469387755,0.8571428571428571,1.0,1.0,0.9230769230769231,0.9761904761904762
chb22,10,1,10,3,2,3,chb22_38.edf,57,42,67,6,0,35,1,0.9877551020408163,6,0,35,1,0.9230769230769231,0.9877551020408163,0.8571428571428571,1.0,1.0,0.9230769230769231,0.9761904761904762
chb22,10,2,5,0,2,3,chb22_38.edf,57,42,99,6,0,35,1,1.0,6,0,35,1,0.9230769230769231,1.0,0.8571428571428571,1.0,1.0,0.9230769230769231,0.9761904761904762
chb22,10,2,5,1,2,3,chb22_38.edf,57,42,95,6,0,35,1,0.9959183673469387,6,0,35,1,0.9230769230769231,0.9959183673469387,0.8571428571428571,1.0,1.0,0.9230769230769231,0.9761904761904762
chb22,10,2,5,2,2,3,chb22_38.edf,57,42,72,6,0,35,1,0.9877551020408163,6,0,35,1,0.9230769230769231,0.9877551020408163,0.8571428571428571,1.0,1.0,0.9230769230769231,0.9761904761904762
chb22,10,2,5,3,2,3,chb22_38.edf,57,42,57,6,0,35,1,0.9877551020408163,6,0,35,1,0.9230769230769231,0.9877551020408163,0.8571428571428571,1.0,1.0,0.9230769230769231,0.9761904761904762
chb23,10,1,10,0,0,3,chb23_06.edf,139,66,70,11,1,54,0,1.0,11,1,54,0,0.9565217391304348,1.0,1.0,0.9818181818181818,0.9166666666666666,0.9565217391304348,0.9848484848484849
chb23,10,1,10,1,0,3,chb23_06.edf,139,66,33,10,2,53,1,0.996694214876033,11,2,53,0,0.9166666666666666,1.0,0.9090909090909091,0.9636363636363636,0.8333333333333334,0.8695652173913043,0.9545454545454546
chb23,10,1,10,2,0,3,chb23_06.edf,139,66,37,11,0,55,0,1.0,11,0,55,0,1.0,1.0,1.0,1.0,1.0,1.0,1.0
chb23,10,1,10,3,0,3,chb23_06.edf,139,66,40,11,0,55,0,1.0,11,1,54,0,0.9565217391304348,1.0,1.0,1.0,1.0,1.0,1.0
chb23,10,2,5,0,0,3,chb23_06.edf,139,66,70,11,0,55,0,1.0,11,0,55,0,1.0,1.0,1.0,1.0,1.0,1.0,1.0
chb23,10,2,5,1,0,3,chb23_06.edf,139,66,33,10,0,55,1,0.9983471074380165,10,0,55,1,0.9523809523809523,1.0,0.9090909090909091,1.0,1.0,0.9523809523809523,0.9848484848484849
chb23,10,2,5,2,0,3,chb23_06.edf,139,66,49,10,0,55,1,1.0,10,0,55,1,0.9523809523809523,1.0,0.9090909090909091,1.0,1.0,0.9523809523809523,0.9848484848484849
chb23,10,2,5,3,0,3,chb23_06.edf,139,66,35,10,0,55,1,1.0,10,0,55,1,0.9523809523809523,1.0,0.9090909090909091,1.0,1.0,0.9523809523809523,0.9848484848484849
chb23,10,1,10,0,1,3,chb23_08.edf,163,36,27,6,0,30,0,1.0,6,0,30,0,1.0,1.0,1.0,1.0,1.0,1.0,1.0
chb23,10,1,10,1,1,3,chb23_08.edf,163,36,18,6,0,30,0,1.0,6,0,30,0,1.0,1.0,1.0,1.0,1.0,1.0,1.0
chb23,10,1,10,2,1,3,chb23_08.edf,163,36,13,6,0,30,0,1.0,6,0,30,0,1.0,1.0,1.0,1.0,1.0,1.0,1.0
chb23,10,1,10,3,1,3,chb23_08.edf,163,36,14,6,0,30,0,1.0,6,0,30,0,1.0,1.0,1.0,1.0,1.0,1.0,1.0
chb23,10,2,5,0,1,3,chb23_08.edf,163,36,29,6,0,30,0,1.0,6,0,30,0,1.0,1.0,1.0,1.0,1.0,1.0,1.0
chb23,10,2,5,1,1,3,chb23_08.edf,163,36,23,6,0,30,0,1.0,6,0,30,0,1.0,1.0,1.0,1.0,1.0,1.0,1.0
chb23,10,2,5,2,1,3,chb23_08.edf,163,36,32,6,0,30,0,1.0,6,0,30,0,1.0,1.0,1.0,1.0,1.0,1.0,1.0
chb23,10,2,5,3,1,3,chb23_08.edf,163,36,16,6,0,30,0,1.0,6,0,30,0,1.0,1.0,1.0,1.0,1.0,1.0,1.0
chb23,10,1,10,0,2,3,chb23_09.edf,81,138,84,23,3,112,0,0.9916824196597354,23,3,112,0,0.9387755102040817,0.9916824196597354,1.0,0.9739130434782609,0.8846153846153846,0.9387755102040817,0.9782608695652174
chb23,10,1,10,1,2,3,chb23_09.edf,81,138,41,22,3,112,1,0.9905482041587902,22,3,112,1,0.9166666666666666,0.991304347826087,0.9565217391304348,0.9739130434782609,0.88,0.9166666666666666,0.9710144927536232
chb23,10,1,10,2,2,3,chb23_09.edf,81,138,31,22,3,112,1,0.987523629489603,22,3,112,1,0.9166666666666666,0.9897920604914934,0.9565217391304348,0.9739130434782609,0.88,0.9166666666666666,0.9710144927536232
chb23,10,1,10,3,2,3,chb23_09.edf,81,138,48,21,3,112,2,0.9879017013232515,23,3,112,0,0.9387755102040817,0.9905482041587902,0.9130434782608695,0.9739130434782609,0.875,0.8936170212765957,0.9637681159420289
chb23,10,2,5,0,2,3,chb23_09.edf,81,138,85,21,3,112,2,0.9920604914933838,21,3,112,2,0.8936170212765957,0.9920604914933838,0.9130434782608695,0.9739130434782609,0.875,0.8936170212765957,0.9637681159420289
chb23,10,2,5,1,2,3,chb23_09.edf,81,138,47,22,3,112,1,0.9867674858223062,23,3,112,0,0.9387755102040817,0.9916824196597354,0.9565217391304348,0.9739130434782609,0.88,0.9166666666666666,0.9710144927536232
chb23,10,2,5,2,2,3,chb23_09.edf,81,138,31,22,3,112,1,0.9871455576559546,22,3,112,1,0.9166666666666666,0.9886578449905482,0.9565217391304348,0.9739130434782609,0.88,0.9166666666666666,0.9710144927536232
chb23,10,2,5,3,2,3,chb23_09.edf,81,138,40,22,3,112,1,0.9886578449905482,22,3,112,1,0.9166666666666666,0.9901701323251418,0.9565217391304348,0.9739130434782609,0.88,0.9166666666666666,0.9710144927536232
chb24,10,1,10,0,0,5,chb24_01.edf;chb24_13.edf;chb24_14.edf,168,42,49,7,0,35,0,1.0,7,0,35,0,1.0,1.0,1.0,1.0,1.0,1.0,1.0
chb24,10,1,10,1,0,5,chb24_01.edf;chb24_13.edf;chb24_14.edf,168,42,44,7,3,32,0,1.0,7,2,33,0,0.875,1.0,1.0,0.9142857142857143,0.7,0.8235294117647058,0.9285714285714286
chb24,10,1,10,2,0,5,chb24_01.edf;chb24_13.edf;chb24_14.edf,168,42,44,7,3,32,0,1.0,7,4,31,0,0.7777777777777778,1.0,1.0,0.9142857142857143,0.7,0.8235294117647058,0.9285714285714286
chb24,10,1,10,3,0,5,chb24_01.edf;chb24_13.edf;chb24_14.edf,168,42,25,7,3,32,0,1.0,7,3,32,0,0.8235294117647058,1.0,1.0,0.9142857142857143,0.7,0.8235294117647058,0.9285714285714286
chb24,10,2,5,0,0,5,chb24_01.edf;chb24_13.edf;chb24_14.edf,168,42,44,7,1,34,0,1.0,7,1,34,0,0.9333333333333333,1.0,1.0,0.9714285714285714,0.875,0.9333333333333333,0.9761904761904762
chb24,10,2,5,1,0,5,chb24_01.edf;chb24_13.edf;chb24_14.edf,168,42,56,7,3,32,0,1.0,7,3,32,0,0.8235294117647058,1.0,1.0,0.9142857142857143,0.7,0.8235294117647058,0.9285714285714286
chb24,10,2,5,2,0,5,chb24_01.edf;chb24_13.edf;chb24_14.edf,168,42,45,7,3,32,0,1.0,7,3,32,0,0.8235294117647058,1.0,1.0,0.9142857142857143,0.7,0.8235294117647058,0.9285714285714286
chb24,10,2,5,3,0,5,chb24_01.edf;chb24_13.edf;chb24_14.edf,168,42,32,7,4,31,0,1.0,7,3,32,0,0.8235294117647058,1.0,1.0,0.8857142857142857,0.6363636363636364,0.7777777777777778,0.9047619047619048
chb24,10,1,10,0,1,5,chb24_03.edf;chb24_04.edf,153,60,68,10,6,44,0,0.99,10,6,44,0,0.7692307692307693,0.99,1.0,0.88,0.625,0.7692307692307693,0.9
chb24,10,1,10,1,1,5,chb24_03.edf;chb24_04.edf,153,60,41,10,6,44,0,0.99,10,6,44,0,0.7692307692307693,0.994,1.0,0.88,0.625,0.7692307692307693,0.9
chb24,10,1,10,2,1,5,chb24_03.edf;chb24_04.edf,153,60,21,10,5,45,0,0.994,10,5,45,0,0.8,0.996,1.0,0.9,0.6666666666666666,0.8,0.9166666666666666
chb24,10,1,10,3,1,5,chb24_03.edf;chb24_04.edf,153,60,39,10,2,48,0,0.996,10,2,48,0,0.9090909090909091,0.996,1.0,0.96,0.8333333333333334,0.9090909090909091,0.9666666666666667
chb24,10,2,5,0,1,5,chb24_03.edf;chb24_04.edf,153,60,52,10,7,43,0,0.988,10,7,43,0,0.7407407407407407,0.988,1.0,0.86,0.5882352941176471,0.7407407407407407,0.8833333333333333
chb24,10,2,5,1,1,5,chb24_03.edf;chb24_04.edf,153,60,37,10,9,41,0,0.992,10,5,45,0,0.8,0.996,1.0,0.82,0.5263157894736842,0.6896551724137931,0.85
chb24,10,2,5,2,1,5,chb24_03.edf;chb24_04.edf,153,60,17,10,6,44,0,0.996,10,7,43,0,0.7407407407407407,0.998,1.0,0.88,0.625,0.7692307692307693,0.9
chb24,10,2,5,3,1,5,chb24_03.edf;chb24_04.edf,153,60,39,10,2,48,0,0.996,10,2,48,0,0.9090909090909091,0.996,1.0,0.96,0.8333333333333334,0.9090909090909091,0.9666666666666667
chb24,10,1,10,0,2,5,chb24_06.edf;chb24_09.edf,187,18,33,3,0,15,0,1.0,3,0,15,0,1.0,1.0,1.0,1.0,1.0,1.0,1.0
chb24,10,1,10,1,2,5,chb24_06.edf;chb24_09.edf,187,18,24,3,0,15,0,1.0,3,0,15,0,1.0,1.0,1.0,1.0,1.0,1.0,1.0
chb24,10,1,10,2,2,5,chb24_06.edf;chb24_09.edf,187,18,12,3,0,15,0,1.0,3,0,15,0,1.0,1.0,1.0,1.0,1.0,1.0,1.0
chb24,10,1,10,3,2,5,chb24_06.edf;chb24_09.edf,187,18,10,3,0,15,0,1.0,3,0,15,0,1.0,1.0,1.0,1.0,1.0,1.0,1.0
chb24,10,2,5,0,2,5,chb24_06.edf;chb24_09.edf,187,18,28,3,0,15,0,1.0,3,0,15,0,1.0,1.0,1.0,1.0,1.0,1.0,1.0
chb24,10,2,5,1,2,5,chb24_06.edf;chb24_09.edf,187,18,12,3,0,15,0,1.0,3,0,15,0,1.0,1.0,1.0,1.0,1.0,1.0,1.0
chb24,10,2,5,2,2,5,chb24_06.edf;chb24_09.edf,187,18,11,3,0,15,0,1.0,3,0,15,0,1.0,1.0,1.0,1.0,1.0,1.0,1.0
chb24,10,2,5,3,2,5,chb24_06.edf;chb24_09.edf,187,18,11,3,0,15,0,1.0,3,0,15,0,1.0,1.0,1.0,1.0,1.0,1.0,1.0
chb24,10,1,10,0,3,5,chb24_07.edf;chb24_15.edf,187,18,37,3,1,14,0,1.0,3,1,14,0,0.8571428571428571,1.0,1.0,0.9333333333333333,0.75,0.8571428571428571,0.9444444444444444
chb24,10,1,10,1,3,5,chb24_07.edf;chb24_15.edf,187,18,38,3,2,13,0,1.0,3,1,14,0,0.8571428571428571,1.0,1.0,0.8666666666666667,0.6,0.75,0.8888888888888888
chb24,10,1,10,2,3,5,chb24_07.edf;chb24_15.edf,187,18,37,3,0,15,0,1.0,3,1,14,0,0.8571428571428571,1.0,1.0,1.0,1.0,1.0,1.0
chb24,10,1,10,3,3,5,chb24_07.edf;chb24_15.edf,187,18,32,3,2,13,0,1.0,3,1,14,0,0.8571428571428571,1.0,1.0,0.8666666666666667,0.6,0.75,0.8888888888888888
chb24,10,2,5,0,3,5,chb24_07.edf;chb24_15.edf,187,18,36,3,2,13,0,1.0,3,2,13,0,0.75,1.0,1.0,0.8666666666666667,0.6,0.75,0.8888888888888888
chb24,10,2,5,1,3,5,chb24_07.edf;chb24_15.edf,187,18,51,3,2,13,0,1.0,3,2,13,0,0.75,1.0,1.0,0.8666666666666667,0.6,0.75,0.8888888888888888
chb24,10,2,5,2,3,5,chb24_07.edf;chb24_15.edf,187,18,40,3,2,13,0,1.0,3,2,13,0,0.75,1.0,1.0,0.8666666666666667,0.6,0.75,0.8888888888888888
chb24,10,2,5,3,3,5,chb24_07.edf;chb24_15.edf,187,18,50,3,2,13,0,1.0,3,2,13,0,0.75,1.0,1.0,0.8666666666666667,0.6,0.75,0.8888888888888888
chb24,10,1,10,0,4,5,chb24_11.edf;chb24_17.edf;chb24_21.edf,110,114,21,10,0,95,9,0.8803324099722992,10,0,95,9,0.6896551724137931,0.8803324099722992,0.5263157894736842,1.0,1.0,0.6896551724137931,0.9210526315789473
chb24,10,1,10,1,4,5,chb24_11.edf;chb24_17.edf;chb24_21.edf,110,114,33,10,0,95,9,0.8709141274238227,10,0,95,9,0.6896551724137931,0.8764542936288089,0.5263157894736842,1.0,1.0,0.6896551724137931,0.9210526315789473
chb24,10,1,10,2,4,5,chb24_11.edf;chb24_17.edf;chb24_21.edf,110,114,15,10,0,95,9,0.9102493074792243,10,0,95,9,0.6896551724137931,0.9124653739612189,0.5263157894736842,1.0,1.0,0.6896551724137931,0.9210526315789473
chb24,10,1,10,3,4,5,chb24_11.edf;chb24_17.edf;chb24_21.edf,110,114,18,10,0,95,9,0.8709141274238228,10,0,95,9,0.6896551724137931,0.8891966759002771,0.5263157894736842,1.0,1.0,0.6896551724137931,0.9210526315789473
chb24,10,2,5,0,4,5,chb24_11.edf;chb24_17.edf;chb24_21.edf,110,114,26,10,0,95,9,0.8587257617728532,10,0,95,9,0.6896551724137931,0.8587257617728532,0.5263157894736842,1.0,1.0,0.6896551724137931,0.9210526315789473
chb24,10,2,5,1,4,5,chb24_11.edf;chb24_17.edf;chb24_21.edf,110,114,34,10,0,95,9,0.8847645429362881,10,0,95,9,0.6896551724137931,0.8825484764542936,0.5263157894736842,1.0,1.0,0.6896551724137931,0.9210526315789473
chb24,10,2,5,2,4,5,chb24_11.edf;chb24_17.edf;chb24_21.edf,110,114,15,8,0,95,11,0.9052631578947368,9,0,95,10,0.6428571428571429,0.9024930747922437,0.42105263157894735,1.0,1.0,0.5925925925925926,0.9035087719298246
chb24,10,2,5,3,4,5,chb24_11.edf;chb24_17.edf;chb24_21.edf,110,114,22,10,0,95,9,0.8831024930747923,10,0,95,9,0.6896551724137931,0.8903047091412742,0.5263157894736842,1.0,1.0,0.6896551724137931,0.9210526315789473
